Time (s),Voltage 1 (V),Current 1 (A),Voltage 2 (V),Current 2 (A),Voltage 3 (V),Current 3 (A),Peak (A),Signal Angle (deg),Delta t (s),PMU1 Voltage DFT Real,PMU1 Voltage DFT Imag,PMU1 Voltage Magnitude,PMU1 Voltage Phase,PMU1 Voltage DFT RMS,PMU1 Current DFT Real,PMU1 Current DFT Imag,PMU1 Current Magnitude,PMU1 Current Phase,PMU1 Current DFT RMS,PMU1 Sync Offset,PMU1 Mag Noise,PMU1 Phase Noise,PMU1 Clock Drift,PMU1 Packet Loss,PMU1 Bad Data,PMU2 Voltage DFT Real,PMU2 Voltage DFT Imag,PMU2 Voltage Magnitude,PMU2 Voltage Phase,PMU2 Voltage DFT RMS,PMU2 Current DFT Real,PMU2 Current DFT Imag,PMU2 Current Magnitude,PMU2 Current Phase,PMU2 Current DFT RMS,PMU2 Sync Offset,PMU2 Mag Noise,PMU2 Phase Noise,PMU2 Clock Drift,PMU2 Packet Loss,PMU2 Bad Data,PMU3 Voltage DFT Real,PMU3 Voltage DFT Imag,PMU3 Voltage Magnitude,PMU3 Voltage Phase,PMU3 Voltage DFT RMS,PMU3 Current DFT Real,PMU3 Current DFT Imag,PMU3 Current Magnitude,PMU3 Current Phase,PMU3 Current DFT RMS,PMU3 Sync Offset,PMU3 Mag Noise,PMU3 Phase Noise,PMU3 Clock Drift,PMU3 Packet Loss,PMU3 Bad Data
0.0,0.0,2.2872453577253893,-11.348980615163521,1.1637348473402656,-22.62551225890704,-3.4509802050656186,10,0.0,,,,,,,,,,,,,,,,False,False,,,,,,,,,,,,,,,False,False,,,,,,,,,,,,,,,False,False
0.001,101.03305582900218,4.5196726399323355,89.63460470403929,1.803203498907164,78.4673618976219,-6.32287613883959,10,18.0,0.001,,,,,,,,,,,,,,,False,False,,,,,,,,,,,,,,,False,False,,,,,,,,,,,,,,,False,False
0.002,192.17619619251573,6.309646589115682,181.84410466233396,2.266189228088942,171.87929171176395,-8.575835817204654,10,36.0,0.001,,,,,,,,,,,,,,,False,False,,,,,,,,,,,,,,,False,False,,,,,,,,,,,,,,,False,False
0.003,264.50770982101045,7.481942755814145,256.2534144852112,2.507378669866693,248.4664681969487,-9.989321425680837,10,54.0,0.001,,,,,,,,,,,,,,,False,False,,,,,,,,,,,,,,,False,False,,,,,,,,,,,,,,,False,False
0.004,310.9473065336364,7.921803759869519,305.5788382009455,2.503166088097967,300.73200749505463,-10.424969847967485,10,72.0,0.001,,,,,,,,,,,,,,,False,False,,,,,,,,,,,,,,,False,False,,,,,,,,,,,,,,,False,False
0.005,326.94918318596376,7.586173018745157,324.9920669911297,2.2539637195561464,323.55979784872915,-9.840136738301304,10,90.0,0.001,,,,,,,,,,,,,,,False,False,,,,,,,,,,,,,,,False,False,,,,,,,,,,,,,,,False,False
0.006,310.94699579915334,6.507909418592549,312.5928069813356,1.7841614322948482,314.7152999349391,-8.292070850887372,10,108.0,0.001,,,,,,,,,,,,,,,False,False,,,,,,,,,,,,,,,False,False,,,,,,,,,,,,,,,False,False
0.007,264.5071811679364,4.792570367369989,269.59479244099634,1.139739646261123,275.06427876625474,-5.932310013631089,10,126.0,0.001,,,,,,,,,,,,,,,False,False,,,,,,,,,,,,,,,False,False,,,,,,,,,,,,,,,False,False
0.008,192.17562005911202,2.608078175137846,200.2069762032514,0.38376914389411537,208.48805619423814,-2.9918473190319403,10,144.0,0.001,,,,,,,,,,,,,,,False,False,,,,,,,,,,,,,,,False,False,,,,,,,,,,,,,,,False,False
0.009000000000000001,101.03265197400275,0.16828137875886923,111.22152729385914,-0.4097617873153349,121.50357972806732,0.24148040855658293,10,162.00000000000003,0.001,,,,,,,,,,,,,,,False,False,,,,,,,,,,,,,,,False,False,,,,,,,,,,,,,,,False,False
0.01,4.003962703642322e-14,-2.287979732666512,11.348965504488016,-1.163188730969437,22.625498014390395,3.4511684636360225,10,180.0,0.001,,,,,,,,,,,,,,,False,False,,,,,,,,,,,,,,,False,False,,,,,,,,,,,,,,,False,False
0.011,-101.03255101030878,-4.520254033577414,-89.63448537069308,-1.802772309178944,-78.4673124963229,6.323026342756347,10,198.0,0.001,,,,,,,,,,,,,,,False,False,,,,,,,,,,,,,,,False,False,,,,,,,,,,,,,,,False,False
0.012,-192.17523597039866,-6.310018078890315,-181.8438625904149,-2.265915200233965,-171.8791835003959,8.575933279124282,10,216.0,0.001,,,,,,,,,,,,,,,False,False,,,,,,,,,,,,,,,False,False,,,,,,,,,,,,,,,False,False
0.013000000000000001,-264.50638818880543,-7.482067962643343,-256.25307339133957,-2.5072886628764377,-248.46631176799747,9.989356625519816,10,234.00000000000003,0.001,,,,,,,,,,,,,,,False,False,,,,,,,,,,,,,,,False,False,,,,,,,,,,,,,,,False,False
0.014,-310.9457528620066,-7.921670410692273,-305.57843148931465,-2.5032689521285625,-300.73181816087884,10.424939362820863,10,252.0,0.001,,,,,,,,,,,,,,,False,False,,,,,,,,,,,,,,,False,False,,,,,,,,,,,,,,,False,False
0.015,-326.94754955918125,-7.585794149546956,-324.99163448214864,-2.2542494257315764,-323.5595941426797,9.840043575278498,10,270.0,0.001,,,,,,,,,,,,,,,False,False,,,,,,,,,,,,,,,False,False,,,,,,,,,,,,,,,False,False
0.016,-310.9454421280143,-6.507322100031001,-312.59239101288193,-1.784602050471802,-314.7151017971846,8.291924150502775,10,288.0,0.001,,,,,,,,,,,,,,,False,False,,,,,,,,,,,,,,,False,False,,,,,,,,,,,,,,,False,False
0.017,-264.5058595365658,-4.791832077574964,-269.59443372400153,-1.1402920754291797,-275.06410559189817,5.9321241530040885,10,306.0,0.001,,,,,,,,,,,,,,,False,False,,,,,,,,,,,,,,,False,False,,,,,,,,,,,,,,,False,False
0.018000000000000002,-192.17465983790444,-2.607261174590894,-200.20670983731205,-0.3843793282923252,-208.48792493478985,2.9916405028831754,10,324.00000000000006,0.001,,,,,,,,,,,,,,,False,False,,,,,,,,,,,,,,,False,False,,,,,,,,,,,,,,,False,False
0.019,-101.0321471559473,-0.16746563775738946,-111.22137933282437,0.40915356878297116,-121.50350323211242,-0.24168793102569427,10,342.0,0.001,0.002513892735294121,-3269.483663726146,1.0060183447630904,-89.29900781268927,231.18740696000788,22.8796463364925,-75.85870554009969,0.7926784520948545,-72.42564305692069,5.602687490259709,0.9208266426734221,0.0033878864851862767,-0.13061819631565635,0.00038,False,False,-113.48900461321861,-3249.9184841910746,1.0005821119761287,-90.79340365453645,229.94401392572618,11.631992914652614,-22.54190661534682,0.253724319868747,-61.677521360013905,1.7936566185052611,1.1339184252594956,0.0006296825570645596,-0.10629471741882868,0.00038,False,False,-226.25468091706273,-3235.5969380370047,0.9980085746553762,-95.05567159713301,229.3499370620289,-34.51163925114561,98.40061215544634,1.0428812054253427,108.43881491688893,7.373511279020256,-0.866844100983034,0.0010924011519936763,-0.021808855279354264,0.00038,False,False
0.02,-8.007885395007931e-14,2.2887143617309373,-11.348950408073959,1.1626420195960208,-22.625483769879335,-3.451356381327029,10,0.0,0.001,1010.3284057767123,-3109.4629664717268,1.0060080658717099,-71.04726581712826,231.18740696000793,45.20286302785745,-65.07526273115987,0.7931790320787943,-54.31528807446058,5.602717485936948,0.9208266426734221,0.008351266031020004,-0.0213002254908278,0.0004,False,False,896.345613311708,-3125.926173583667,1.0005830772756203,-72.88499659301534,229.94401385118258,18.02747554778729,-17.844481389510687,0.2542844875613714,-43.39493289991549,1.7936211844849823,1.1339184252594956,0.006281470755356725,0.178467380707155,0.0004,False,False,784.6734792672003,-3147.152084681399,0.9980116743302133,-76.97037566378972,229.34993692150613,-63.23033857564526,82.9197441206702,1.0434065012181974,126.19088398436823,7.373520082507457,-0.866844100983034,0.006332909069545303,-0.26995483180525004,0.0004,False,False
0.021,101.03204619249256,4.5208356329269215,89.6343661499966,1.8023406376807276,78.46726309504567,-6.323176270607648,10,18.0,0.001,1921.7553537099557,-2645.066681151482,1.005981430205981,-53.14887997200675,231.18738489859902,63.100945607250054,-47.92144041547813,0.7924770605558104,-35.95297929847535,5.602764401625037,0.9208266426734221,0.0012652019987983271,0.3402978582473974,0.00042,False,False,1818.4394203131042,-2695.9465032148223,1.0006020117167802,-55.01696419464641,229.94400920164114,22.658575467448863,-11.400580634239402,0.25335205462529653,-25.365457597047747,1.793577822415116,1.1339184252594956,-0.0029815353780945054,0.20929383863724668,0.00042,False,False,1718.7922097033227,-2750.642088310914,0.9980139969586467,-58.52443732083042,229.34993523134312,-85.75952107469924,59.32202104971708,1.0430249808031604,144.54422766261976,7.37353295116556,-0.866844100983034,0.0024995058883566044,0.08323771342605096,0.00042,False,False
0.022,192.17427575010092,6.310389705880782,181.84362074705186,2.2656408509465265,171.87907528907886,-8.576030556827334,10,36.0,0.001,2645.0666811524266,-1921.7534332662408,1.0060259690847377,-35.07826210924588,231.1873050798129,74.82181173351222,-26.076503987911735,0.7934804574351457,-17.87254058787575,5.602806248353018,0.9208266426734221,0.011239990581897619,0.4203915776520664,0.00043999999999999996,False,False,2562.5314853650707,-2002.0689548855585,1.0005722135049424,-36.24416830977192,229.94399006718862,25.072037472349955,-3.8408810718290844,0.2539777033205214,-7.5689424441822,1.7935431837885243,1.1339184252594956,0.003323937989662319,0.006345750044273019,0.00043999999999999996,False,False,2484.6634760965535,-2084.880146364496,0.9980293132348026,-40.93781573831705,229.34992712177882,-99.89384920586232,29.91738505974029,1.0425849775684284,162.47205470811727,7.373544275983,-0.866844100983034,-0.001916542169379282,0.01098388784713463,0.00043999999999999996,False,False
0.023,264.50506655931315,7.482193224851127,256.25273261957744,2.507198526187516,248.4661553391262,-9.989391751038657,10,54.0,0.001,3109.459859131619,-1010.3263865021866,1.006003339112141,-17.11934210641359,231.18715386903952,79.21809270652655,-1.6789402651328986,0.7924673310912331,-0.42056987603321416,5.60282297260663,0.9208266426734221,0.0010850754764953551,-0.12771731562228217,0.00046,False,False,3055.7849498453234,-1112.2151587255235,1.0005720532169124,-18.868025866196103,229.9439520731087,25.031650812623,4.094735023425578,0.2537552910267386,10.806942714402696,1.7935305925982385,1.1339184252594956,0.0011176216839030547,0.3822725286581641,0.00046,False,False,3007.3184886582812,-1215.0357061561656,0.9980112118848702,-22.98394153265363,229.3499101750461,-104.24974351914952,-2.415794758293234,1.0416262759583375,-179.8914646057544,7.373549039683215,-0.866844100983034,-0.011510295159737914,-0.35256651203676964,0.00046,False,False
0.024,310.9441991938117,7.921537029727826,305.5780251618319,2.503371890814519,300.7316288268079,-10.424908920542363,10,72.0,0.001,3269.4771292241553,-0.0025138902532404472,1.0060130065590789,1.0820885640285616,231.18694490094097,75.85945067604274,22.882887404515124,0.7915895544272852,17.838161418562937,5.602804116171953,0.9208266426734221,-0.007666024137327515,0.13099806581388748,0.00048,False,False,3249.9168011485226,-113.49024481365957,1.0005978442192578,-0.6330075751740099,229.943898049669,22.541367639283823,11.629593521427758,0.25371502954032343,28.484666521023897,1.793544954166171,1.1339184252594956,0.000694696495604002,0.06005138489761987,0.00048,False,False,3235.5961670530673,-226.25522239263668,0.9980150626970822,-4.929739434010792,229.34988534887526,-98.4008183153264,-34.512480925943414,1.0425019674690956,-161.9133486958446,7.373544732619951,-0.866844100983034,-0.0027472889448756877,-0.3744713776819573,0.00048,False,False
0.025,326.94591593626836,7.585415164599495,324.9912023817586,2.2545354035334593,323.55939043675096,-9.839950568132952,10,90.0,0.001,3109.4551981223017,1010.3205951630928,1.0060077371249065,18.605181708024375,231.18671387149942,65.07470303753401,45.20454443074744,0.7920781220129741,35.357444795131386,5.602752811169996,0.9208266426734221,-0.0027077920508512417,-0.349896821636571,0.0005,False,False,3125.924143200221,896.3436178146078,1.000572898155089,16.98473868189551,229.94383694979754,17.8449162475235,18.026243037474366,0.2528632958915856,46.386947387136445,1.7935808790339247,1.1339184252594956,-0.007873445426977975,-0.037095669576701566,0.0005,False,False,3147.1511400890336,784.672573054288,0.9979818218572266,12.867734480843684,229.34985661067398,-82.91961928505718,-63.23078746822226,1.043134582195771,-143.56761155948314,7.3735323103076995,-0.866844100983034,0.003596426124340161,-0.0287880966465227,0.0005,False,False
0.026000000000000002,310.94388846080057,6.506734593171872,312.59197543746734,1.7850431105899198,314.714903659555,-8.291777703761761,10,108.00000000000006,0.001,2645.058439375257,1921.7455248240094,1.0059516917977753,37.00892414337436,231.18650490341534,47.919630592368556,63.100902648496756,0.7932188178754511,53.6328644265294,5.602684584716566,0.9208266426734221,0.008795653349670847,-0.07498186503090484,0.0005200000000000001,False,False,2695.944324285464,1818.436864976784,1.000580206760651,35.31141625692492,229.94378042853867,11.401946962523642,22.65863074236926,0.2535685550331365,64.33414881130412,1.7936247400937069,1.1339184252594956,-0.0008828829170726262,-0.08849892275728476,0.0005200000000000001,False,False,2750.6410625734184,1718.7910274595397,0.9979875496934753,31.320134957093156,229.34982942211275,-59.321577554891746,-85.75953339086634,1.0429697679079122,-125.34221994245802,7.373515827276752,-0.866844100983034,0.001971593771665796,0.19648585139615515,0.0005200000000000001,False,False
0.027,264.50453790874366,4.791093545431851,269.59407534601485,1.14084507353936,275.06393241765807,-5.931938618971242,10,126.0,0.001,1921.745524825827,2645.0557961147438,1.0060054694091725,55.121489043542866,231.18635369273306,26.073621113416404,74.82004850209391,0.79243500787655,71.52143362286809,5.6026214292158265,0.9208266426734221,0.0010468687263441101,-0.18728315806650134,0.00054,False,False,2002.066840707042,2562.5286204058575,1.0005864307450094,53.35776753128741,229.9437383911315,3.8430453123173676,25.073375394052615,0.2539795497221583,82.5402275304205,1.7936598770720267,1.1339184252594956,0.0031773727818639043,0.11979020683934252,0.00054,False,False,2084.8791398882104,2484.6621335481846,0.99796908219012,49.08513152648873,229.3498086529529,-29.91666642573329,-99.89342389614671,1.043321092716837,-107.97433214332004,7.373500887544482,-0.866844100983034,0.005505969832910713,-0.43581417666526595,0.00054,False,False
0.028,192.17369961942669,2.6064439014105334,200.20644372315147,0.3849901529075959,208.487793675435,-2.9914340543180953,10,144.0,0.001,1010.3195855305639,3109.4489834458755,1.0060056075656536,72.58180981801509,231.18627387411263,1.6752664695429536,79.21478168801977,0.7926660835506493,89.8955349781261,5.6025834021568155,0.9208266426734221,0.003411403849927913,0.18568221872986979,0.0005600000000000001,False,False,1112.2133162166165,3055.782055737457,1.0005915224294484,70.8322080817111,229.9437152102293,-4.091984567829201,25.0341406782228,0.25345850888604937,100.25300695326861,1.7936729596004979,1.1339184252594956,-0.002051537068419114,-0.16472427550646151,0.0005600000000000001,False,False,1215.0348174619949,3007.3171172233288,0.9980025504169729,66.82860342811968,229.34979672096216,2.416718098286776,-104.2489223662426,1.0427353736203462,-89.5042521711657,7.373492503857809,-0.866844100983034,-0.0003393648086027245,0.03402826963578725,0.0005600000000000001,False,False
0.029,101.03164233940637,0.16664962053939325,111.2212315116738,-0.40854470143925065,121.50342673621451,0.24189508089990822,10,162.0,0.001,-0.0025138867804486154,3269.4673274780903,1.0059824912577333,90.80807445575114,231.18625181282997,-22.886992549197544,75.85491587946396,0.7924874454570748,107.85573926255242,5.602580963728938,0.9208266426734221,0.0016284713719583396,0.14468678516187128,0.00058,False,False,113.48885426359338,3249.9141611662385,1.0005556985621449,89.28372352799188,229.94370805689508,-11.626525979503846,22.544765949913444,0.2539873573434558,118.04898665088055,1.793659078655214,1.1339184252594956,0.003256578126723836,-0.36605149297849066,0.00058,False,False,226.25453847213976,3235.5949009771393,0.998010851348689,84.93935056249133,229.34979266840975,34.51351852870184,-98.3996818293773,1.0424696606330017,-71.75579077829143,7.37349318347611,-0.866844100983034,-0.002997455807465519,-0.21775812124906946,0.00058,False,False
0.03,1.201176807428638e-13,-2.289449243571478,11.348935325935072,-1.162094714314676,22.62546952537924,3.4515439578862224,10,180.0,0.001,-1010.323357592775,3109.447429778402,1.0060032299604749,108.42395302033414,231.18625181283,-45.208679103871305,65.06938828850701,0.7922484011165914,125.8642796948514,5.6026109799616215,0.9208266426734221,-0.0008044213962286996,0.15218986703382886,0.0006,False,False,-896.3444203874176,3125.9220156909555,1.0005879562371167,107.4293679822919,229.94370798242187,-18.02315863574249,17.848890521544206,0.2535256392455209,136.1980980170767,1.7936236228083218,1.1339184252594956,-0.0013104607130842805,-0.21476382969218194,0.0006,False,False,-784.6729852542398,3147.1501033044433,0.997998461052433,102.95800621786618,229.34979252788705,63.231837739614186,-82.91827881005099,1.0430054177761146,-53.47294986193614,7.3735019715025,-0.866844100983034,0.0023476874775562886,0.06486810560239041,0.0006,False,False
0.031,-101.03154137634986,-4.521417436911016,-89.63424704205462,-1.8019084852790406,-78.46721369380911,6.323325922190095,10,198.0,0.001,-1921.7457515018787,2645.053464851893,1.0060071193594908,126.99974456657759,231.1862297514768,-63.104662111885695,47.91405609538296,0.7922215949990217,143.56589721176252,5.602657919133903,0.9208266426734221,-0.0011388645859723814,-0.14690351589162576,0.00062,False,False,-1818.4370011295475,2695.94291738809,1.000587893906151,125.25547977038815,229.94370333727372,-22.65583142129031,11.406108264658618,0.25398865094694323,154.39731404046125,1.7935802228155824,1.1339184252594956,0.003381033159477428,-0.014194786012685477,0.00062,False,False,-1718.7911275899855,2750.6403565678297,0.9980017973205998,120.85114417381803,229.3497908377251,85.76049353317634,-59.320164360041204,1.0424959113631338,-35.693424911973985,7.373514816814395,-0.866844100983034,-0.0027655426665467524,-0.15575783446112246,0.00062,False,False
0.032,-192.17331553313917,-6.3107614693991145,-181.8433791324597,-2.2653661807801364,-171.8789670778562,8.576127650179295,10,216.0,0.001,-2645.0534648535913,1921.7438310622808,1.006003467050859,144.7533741660703,231.18614993290495,-74.8230647194082,26.068332534483268,0.791483109042113,161.7002075292719,5.602699784538319,0.9208266426734221,-0.00858293077777786,-0.012938271552935879,0.00064,False,False,-2562.52807693833,2002.0662919891884,1.0005743582083106,142.92293840689172,229.94368422090434,,,,,,1.1339184252594956,0.008217647801541359,-0.1504824570319199,0.00064,True,False,-2484.661911807708,2084.8788337703177,0.9980026793736414,139.2648434558779,229.34978272816628,99.894199969642,-29.915318850623237,1.0426141891878422,-17.634359511751562,7.37352612035425,-0.866844100983034,-0.0015987500388312782,-0.09677318850690442,0.00064,False,False
0.033,-264.50374493462164,-7.482318542198987,-256.25239217022846,-2.5071082599856522,-248.46599891039773,9.989426802184658,10,234.0,0.001,-3109.444322447429,1010.3213383221607,1.0059898127650444,162.8892648227635,231.18599872256138,-79.21675935405909,1.6707815230144396,0.7922377443744391,180.0202736777047,5.602716516769591,0.9208266426734221,-0.0010602404029119556,0.3070482618832982,0.00066,False,False,-3055.780885971605,1112.2136792231968,1.0005782526314448,161.22234151192046,229.94364626273767,-25.032679126122183,-4.088649708972234,0.2539496566682079,-169.35142136701498,1.7935329390257546,1.1339184252594956,0.0030579597489794547,0.2376492925843582,0.00066,False,False,-3007.3165953174853,1215.0349411966874,0.997992655421016,157.02496844840817,229.34976578144557,104.24943848018134,2.4178681859583095,1.0430371035515102,0.45045431168115485,7.373530874010695,-0.866844100983034,0.002623670912436184,-0.011990426937080242,0.00066,False,False
0.034,-310.94264553150515,-7.921403617210319,-305.5776192188581,-2.5034749039560524,-300.7314394929164,10.424878521166377,10,252.0,0.001,-3269.4607929948625,0.0025138823141332978,1.0059731773272444,180.74283232937464,231.18578975508976,-75.85566133228257,-22.890234781226507,0.792665456016371,-162.4566185441218,5.602697655816178,0.9208266426734221,0.003243549432522675,-0.16985989184261047,0.00068,False,False,-3249.9124797146164,113.49009329184453,1.0005944295745701,178.7627445869825,229.94359229037238,-22.544226230933145,-11.624123855887806,0.2537495595376005,-151.5614733847772,1.793547311570724,1.1339184252594956,0.0010366625948839258,0.027652267005285593,0.00068,False,False,-3235.5941299937576,226.25507994733445,0.9980089489986932,175.25004127308017,229.3497409552934,,,,,,-0.866844100983034,0.005407446920845957,0.18363391356559614,0.00068,True,False
0.035,-326.9442823198047,-7.585036064586744,-324.9907706903437,-2.2548216523960445,-323.5591867310233,9.839857716982737,10,270.0000000000001,0.001,-3109.439661452342,-1010.3155470013567,1.0059848686427604,-161.08696583584566,231.18555872637788,-65.06882847367284,-45.21036115830144,0.7929654260262906,-144.41262605570552,5.602646336777072,0.9208266426734221,0.00631582561283143,-0.12604577249725632,0.0007000000000000001,False,False,-3125.9199872270806,-896.3424267765422,1.0005726916414386,-162.7856129148513,229.94353124827643,-17.849325665470563,-18.021924597519806,0.25290366266558245,-133.38963281079702,1.7935832750540404,1.1339184252594956,-0.007473166171152923,0.20006520214386314,0.0007000000000000001,False,False,-3147.1491587127894,-784.6720790419752,0.9980040878997255,-166.87397332983403,229.34971221711479,82.91815413914311,63.23228575582169,1.0425901667233957,36.360014352706926,7.373514171597076,-0.866844100983034,-0.0018220765888466875,-0.10250496165988217,0.0007000000000000001,False,False
0.036000000000000004,-310.94233479996603,-6.506146899081777,-312.59156025546156,-1.7854846117728915,-314.71470552212895,8.291631510854634,10,288.0000000000001,0.001,-2645.045223101617,-1921.7359226450258,1.0059971920529378,-143.2650857726737,231.1853497589868,-47.91224572531329,-63.104619229028145,0.7921054109629269,-126.06889179258415,5.6025780933796145,0.9208266426734221,-0.0021878142825782847,0.21718358008961536,0.00072,False,False,-2695.940740519087,-1818.4344482089673,1.0005674864761365,-144.99896131836562,229.94347478047354,-11.407475879319033,-22.655886519855063,0.2535495220776734,-115.45818375520899,1.793627190831188,1.1339184252594956,-0.0010766783378878496,0.13291065461016502,0.00072,False,False,-2750.639330831143,-1718.7899453470804,0.9980200498675355,-148.82266050646413,229.34968502857612,59.31972160463192,85.76050574888355,1.0425194026224278,54.47930403594347,7.373497717350743,-0.866844100983034,-0.0025064477802033695,0.016667218882878806,0.00072,False,False
0.037,-264.50321628655627,-4.79035477228589,-269.59371730735404,-1.1413986394903985,-275.06375924360253,5.931753411776207,10,306.0,0.001,-1921.7359226478836,-2645.0425798495316,1.0059968092837064,-125.25991436907762,231.1851985488299,-26.0654487412423,-74.8213009814417,0.7927837475453539,-108.50908842993451,5.602514925744428,0.9208266426734221,0.004684884068074133,-0.22388390744842704,0.00074,False,False,-2002.064179810137,-2562.5252146879793,1.0005970264324409,-127.01673793421276,229.94343278283148,-3.849152717201775,-25.072474363883845,0.25264717468959585,-97.39873974564655,1.7936623809512684,1.1339184252594956,-0.010149918563742413,0.19456709175644898,0.00074,False,False,-2084.877827294861,-2484.660569260379,0.9979898253364443,-130.48391545216592,229.34966425943432,29.914601458443563,99.89377534532574,1.0417785473933396,72.20802744352035,7.37348280433335,-0.866844100983034,-0.00989390987963072,-0.2547969081862222,0.00074,False,False
0.038,-192.17273940519445,-2.6056263570890357,-200.20617786100513,-0.38560161652099506,-208.48766241622516,2.991227973610036,10,324.0,0.001,-1010.314537373847,-3109.433446796713,1.0059948512523262,-107.23230946460859,231.18511873049937,-1.6671065271692873,-79.21344729674328,0.7918966083837025,-90.20014387593851,5.602476897233426,0.9208266426734221,-0.004132727112423332,0.08392423563199326,0.00076,False,False,-1112.2118384571136,-3055.777994600594,1.000601326047577,-109.02019737197779,229.94340962386136,4.085896430375694,-25.035171434809453,0.2541354615367392,-79.54301191876488,1.7936754979790188,1.1339184252594956,0.004714399629148811,0.053003763755424343,0.00076,False,False,-1215.0340525032796,-3007.31522388364,0.9979840258374065,-113.00015164055944,229.3496523274545,-2.4187899032069073,104.24861873155277,1.043782227983836,90.6132066452419,7.373474436123215,-0.866844100983034,0.01015473046159929,0.15014515295975192,0.00076,False,False
0.039,-101.03113752517724,-0.16583332859761496,-111.2210838305387,0.40793518650068733,-121.5033502404044,-0.2421018579030727,10,342.0,0.001,0.0025138768553603086,-3269.450991281629,1.0059800645177128,-89.10615720181794,231.1850966693003,22.894341289958387,-75.85112506682869,0.7920905921016117,-72.73133350086918,5.602474469823481,0.9208266426734221,-0.002189457057266576,-0.44846553059507355,0.00078,False,False,-113.48870405729639,-3249.9098422292545,1.0005801867384165,-90.8989289110005,229.9434024772964,11.621053105053365,-22.547627996230666,0.25271931237944417,-61.415822930912114,1.793661622947421,1.1339184252594956,-0.009427469685937691,0.1828888305583612,0.00078,False,False,-226.2543960274466,-3235.5928639188924,0.9980000467368975,-94.78888688608158,229.3496482749059,-34.51539439501213,98.39875306305926,1.0429613783514955,108.29956600065759,7.373475115102833,-0.866844100983034,0.0019452739160112325,-0.16374286634367818,0.00078,False,False
0.04,-1.601561074179359e-13,2.2901843768409327,-11.348920258084602,1.1615468162208469,-22.625455280896308,-3.4517311930618044,10,0.0,0.001,1010.3183094210058,-3109.431893135372,1.0059753779109704,-71.06666188377804,231.18509666930024,45.21449722565916,-65.0635119698579,0.7913641999764496,-54.22413938631847,5.602504506567122,0.9208266426734221,-0.009495856679113299,0.057690896639548905,0.0008,False,False,896.3432285900037,-3125.9178617303214,1.0005792507774358,-73.07491005609381,229.94340240289367,18.01883691514602,-17.853304067274195,0.25375936523218884,-43.751970927057435,1.7936261454009559,1.1339184252594956,0.0010232316688793992,-0.15108021318256207,0.0008,False,False,784.6724912415498,-3147.148121929101,0.9980093939393622,-76.95745226287382,229.34964813438327,-63.23333414080547,82.91681603713192,1.0436245083265172,126.50858676079275,7.373483887653899,-0.866844100983034,0.008564167405532988,0.04506355904561368,0.0008,False,False
0.041,101.03103656267922,4.521999444459756,89.63412804697444,1.8014758528407482,78.46716429263358,-6.323475297300526,10,18.0,0.001,1921.7361493224332,-2645.040248595885,1.0059952321735977,-52.8663688777236,231.18507460803772,63.108379980418235,-47.906669359591596,0.7927142305420202,-36.34167083561287,5.602551469144252,0.9208266426734221,0.003938033863091007,-0.060551658753653974,0.0008200000000000001,False,False,1818.4345842329951,-2695.9393349526963,1.00057361694587,-55.0374177584065,229.9433977621429,22.653084167483126,-11.41164157814115,0.25434562336743405,-25.834444542516728,1.793582707609318,1.1339184252594956,0.006947243335385097,-0.2321989449137179,0.0008200000000000001,False,False,1718.7900454774415,-2750.6386248261842,0.9979918113964688,-58.83699577685308,229.34964644422314,-85.76146414790159,59.31831093773247,1.04321835830246,144.88676473982574,7.373496709600311,-0.866844100983034,0.0044845341944486595,0.42309089121589705,0.0008200000000000001,False,False
0.042,192.17235532103015,6.311133368757437,181.8431377468536,2.2650911902881496,171.87885886677046,-8.576224559045583,10,36.0,0.001,2645.040248598338,-1921.7342288899847,1.0059938355020983,-34.96410538815626,231.18499478980624,74.82431825464754,-26.060158362549032,0.7925397772326008,-18.655093620292593,5.602593353150804,0.9208266426734221,0.002134267838785337,-0.3743195979271746,0.00084,False,False,2562.524671735049,-2002.0636316113164,1.0005842805906486,-36.95851885523801,229.94337866387357,25.07023173467786,-3.8530979562420855,0.2549011704736355,-7.737034210209531,1.793547996417779,1.1339184252594956,0.012551803435240491,-0.13425001251582055,0.00084,False,False,2484.660347520143,-2084.877521177236,0.9979908507668331,-40.696456772143684,229.34963833467293,-99.8945499893255,29.913256318790793,1.0424621827399434,162.21995308180482,7.373507991846054,-0.866844100983034,-0.0030931769356602142,-0.24380140418983745,0.00084,False,False
0.043000000000000003,264.50242331681693,7.4824439144483055,256.2520520435943,2.507017864456863,248.46584248187247,-9.989461778905197,10,54.000000000000114,0.001,3109.428785818443,-1010.3162901574915,1.0059788224035002,-17.211413541035498,231.18484358013126,79.21542568352996,-1.6626200258343684,0.7922631225854614,-0.1308890263441853,5.602610093328449,0.9208266426734221,-0.0006559528188706163,0.14980537128117796,0.0008600000000000001,False,False,3055.7768259424156,-1112.2122011198132,1.0006270340951848,-18.778026110863376,229.94334074165405,25.03370818624893,4.082557912180999,0.25370339894107125,10.281471716351565,1.793535369961488,1.1339184252594956,0.000591944615329472,-0.11570209249070018,0.0008600000000000001,False,False,3007.3147019783632,-1215.0341762378184,0.9979697933961136,-22.732088513149044,229.34962138797096,,,,,,-0.866844100983034,-0.0004772329884103885,-0.15104734125653752,0.0008600000000000001,True,False
0.044,310.94109187754003,7.921270173373883,305.5772136607536,2.5035779913533864,300.7312501592787,-10.42484816472728,10,72.0,0.001,3269.4444568274844,-0.002513870404712293,1.0059592668306765,1.0353539571056523,231.1846346136166,75.85187083511224,22.897584680015427,0.7931423403886807,17.640551762712207,5.602591227889568,0.9208266426734221,0.00816290497284859,-0.07876979032604581,0.0008799999999999999,False,False,3249.908162370056,-113.48994191225646,1.0005728789055268,-0.8208941842070012,229.943286820411,22.54708753544005,11.618648255875298,0.2535726047199142,28.795422460594153,1.7935497534561877,1.1339184252594956,-0.0007363389295192879,0.39830358606725264,0.0008799999999999999,False,False,3235.59209293637,-226.25493750204828,0.9979909542680406,-4.678233023491493,229.3495965618472,-98.3989583705522,-34.51623293589107,1.0423481341743668,-161.59333530802482,7.373508440523532,-0.866844100983034,-0.004234297117202942,-0.05714160642520272,0.0008799999999999999,False,False
0.045,326.9426487123701,7.584656850192638,324.99033940828735,2.2551081717532475,323.55898302557694,-9.83976502194585,10,90.0,0.001,3109.424124844946,1010.3104988641232,1.0059822579251125,19.133451080670348,231.18440358599915,65.06295203478956,45.21617992849307,0.7931790017867784,35.87854830516956,5.602539894908016,0.9208266426734221,0.008602114752530692,0.15904827823971515,0.0009,False,False,3125.9158351878195,896.3412368671251,,,229.94322583614473,17.853739496274937,18.0176013515158,0.2539497329130723,46.72976298557198,1.793585755495108,1.1339184252594956,0.0029840284303474123,0.3332167518889306,0.0009,False,False,3147.147177338532,784.6715850302905,0.9979722071852368,13.401079966810922,229.34956782370267,-82.91669153106426,-63.233781280009154,1.0435094576464337,-143.52887178692717,7.373496060019867,-0.866844100983034,0.007396446279661026,0.0072681688180454285,0.0009,False,False
0.046,310.9407811479641,6.505559018827687,312.5911454672334,1.7859265531436905,314.7145073849846,-8.291485571971359,10,108.0,0.001,2645.032006884575,1921.726320510195,1.0060328493756927,37.12856788013793,231.1841946196311,47.904858445825454,63.108337173468996,0.7921243513872801,53.91626901088087,5.602471634696076,0.9208266426734221,-0.0018478547249534997,0.19626383848121368,0.00092,False,False,2695.937160145982,1818.4320337304234,1.0005885247414628,35.09105955443506,229.94316942184807,11.413010476474565,22.653139089622304,0.2539972978919384,64.29590890900964,1.7936297259327136,1.1339184252594956,0.003397494629803171,-0.09923985757825951,0.00092,False,False,2750.637599090711,1718.7888632358804,0.9980017316107819,31.161217206845294,229.34954063519726,-59.31786892229972,-85.76147626309151,1.0432236067487248,-125.35350221074356,7.373479634578216,-0.866844100983034,0.004561166384921298,0.18252040873784134,0.00092,False,False
0.047,264.5018946720909,4.789615759482333,269.59335960833727,1.1419527721802736,275.0635860697999,-5.93156853166253,10,126.0,0.001,1921.7263205140923,2645.0293636450906,1.0059708997888468,55.32653492570214,231.18404341023825,26.057273655796088,74.82255401329321,0.7929330870358752,71.45017404037523,5.602408455050928,0.9208266426734221,0.0063288512720309454,-0.27070234154385914,0.00094,False,False,2002.0615214336065,2562.5218121961047,1.0005811112501604,53.20441999829339,229.94312746400854,,,,,,1.1339184252594956,-0.0008461617340901933,-0.149835682040791,0.00094,True,False,2084.8765147030053,2484.6590049743827,0.9980123163862483,48.94874436850412,229.3495198660817,-29.91254016936945,-99.89412605093368,1.0429494492757976,-107.34005027496637,7.373464748293019,-0.866844100983034,0.0018406440420690353,0.1957851026570096,0.00094,False,False
0.048,192.1717791967237,2.6048085431182666,200.20591225110917,0.3862137179137053,208.48753115721195,-2.9910222610319486,10,144.0,0.001,1010.309489243225,3109.417910219927,1.0059836430814153,73.26195386813062,231.18396359232358,1.658943836425541,79.21211259340402,0.7922219096935638,89.66380507504552,5.602370425169389,0.9208266426734221,-0.0007291397768357582,-0.05820814824476039,0.00096,False,False,1112.210362098188,3055.773937310825,1.0005857559137177,71.07294015631523,229.9431043269909,-4.079801816065576,25.036202933080833,0.25291945962626056,100.68574930681324,1.7936781207406993,1.1339184252594956,-0.007449328620777675,0.2955265687423761,0.00096,False,False,1215.0332875455238,3007.313330546165,0.9979868925861428,67.24776150500603,229.34950793411736,2.4208579796404646,-104.24831552648479,1.042614546923619,-89.47257702814258,7.373456395567522,-0.866844100983034,-0.0014965669420379608,0.06302159448023488,0.00096,False,False
0.049,101.03063271405652,0.1650167634250153,111.2209362895497,-0.40732502518447133,121.50327374471158,0.24230826175950793,10,162.0,0.001,-0.002513862962331359,3269.4346551625586,1.0059993331808645,90.68378267712444,231.183941531243,-22.901692545302247,75.84733310903363,0.7930518208405829,107.61894383405998,5.602368008794255,0.9208266426734221,0.007573388963840981,-0.10426995166951386,0.00098,False,False,113.48855399445895,3249.905527383959,1.000570944670887,89.04645681411967,229.9430971872015,-11.615574302253972,22.55049274863869,0.2537793717558566,118.30182772850029,1.7936642517171224,1.1339184252594956,0.0011694064364218652,-0.08569594196623319,0.00098,False,False,226.25425358303892,3235.5908268630665,0.9980018765013658,85.24257664046497,229.3495038815742,34.5172668475566,-98.3978258576721,1.042991921188332,-71.65915084920096,7.37345707390441,-0.866844100983034,0.00227621639186759,-0.12379919195177563,0.00098,False,False
0.05,-3.8057122522471026e-13,-2.2909197601916365,11.348905204535363,-1.1609983264104418,22.625441036435287,3.4519180866021086,10,180.0,0.001,-1010.3132612693785,3109.4163565671724,1.0059827309881597,109.1736476636624,231.183941531243,-45.22031738252077,65.057633785881,0.792615758406134,125.71801809007474,5.602398066004286,0.9208266426734221,0.0031702573052796654,-0.006233717956958909,0.001,False,False,-896.3420379205284,3125.9137117054543,1.0005825388100422,107.42482233322836,229.94309711286937,-18.014510394666836,17.857722017932872,0.25273310260570325,136.32958319636649,1.7936287525981007,1.1339184252594956,-0.00924308172953899,-0.055758870135234055,0.001,False,False,-784.671997229326,3147.146140556153,0.9979906610201895,103.10261596611703,229.34950374105185,63.234827777187874,-82.91535580381355,1.042661597062484,-53.50481283732842,7.373465830965656,-0.866844100983034,-0.0010394092213954983,0.030324840189028403,0.001,False,False
0.051000000000000004,-101.03053175227645,-4.522581654502769,-89.63400916486036,-1.8010427412332009,-78.46711489153745,6.32362439573605,10,198.0000000000001,0.001,-1921.7265471867838,2645.0270324043267,1.0060052524414729,127.20635107775901,231.18391947010588,-63.11209920596737,47.89928022155709,0.7918363698505022,143.50175619285616,5.602445051906853,0.9208266426734221,-0.004690076351689784,-0.22320692620917468,0.00102,False,False,-1818.4321696255959,2695.935755911821,1.0005681622385583,125.1443902960782,229.9430924765201,-22.65033371156337,11.417180563669246,0.2532437666908476,154.30447986742212,1.793585277131549,1.1339184252594956,-0.004074957283667001,-0.07950545372149971,0.00102,False,False,-1718.7889633661173,2750.63689308666,0.9979999736649737,121.39177007711515,229.349502050894,85.76243291753096,-59.316460785225956,1.0432554945364314,-35.37469607629821,7.37347862952733,-0.866844100983034,0.0048814656185807,0.16029119768778485,0.00102,False,False
0.052000000000000005,-192.1713951152896,-6.311505403267532,-181.842896590447,-2.2648158800243565,-171.87875065586414,8.576321283291945,10,216.0000000000001,0.001,-2645.027032407538,1921.7246267645137,1.0059806840385745,145.1428296330959,231.18383965234074,-74.82557233684363,26.05198148702987,0.7921586966371306,161.84583423541108,5.602486954441201,0.9208266426734221,-0.0015260676177770197,0.12052588118138914,0.0010400000000000001,False,False,-2562.521269758254,2002.060973754304,1.0006036481999645,142.6506683746602,229.94307339636788,-25.069326927543564,3.859215979944703,0.2527075689822888,172.2729269049042,1.7935505297871055,1.1339184252594956,-0.009387794203486313,-0.11051889578376635,0.0010400000000000001,False,False,-2484.6587832344753,2084.876208585768,,,229.34949394135572,99.8948992643873,-29.911197466974137,1.043237847482432,-17.377739910346346,7.373489890462455,-0.866844100983034,0.0046890697114097355,0.15716684321330265,0.0010400000000000001,False,False
0.053,-264.5011017079865,-7.482569341360427,-256.25171223997694,-2.506927339787344,-248.46568605361279,9.989496681147758,10,234.0,0.001,-3109.4132492691942,1010.3112420161483,1.0059730412345094,163.2956462189853,231.18368844357315,-79.21409169728005,1.6544557885207638,0.7918103005907107,179.60891386773133,5.602503702533923,0.9208266426734221,-0.005033713461847885,-0.1164741208458477,0.00106,False,False,-3055.772769761358,1112.2107244166846,1.0005655007425187,160.94663972597596,229.943035510129,-25.03473799100662,-4.0764596452197495,0.2537425570035004,-169.7137998271287,1.7935378857407154,1.1339184252594956,0.0009799673905175545,-0.09720344726013141,0.00106,False,False,-3007.312808641661,1215.0334112798605,0.9980029020362188,156.90150692967637,229.3494769946791,104.24882968828658,2.4220038566994138,1.042622611688137,0.6056170031224398,7.373494624009448,-0.866844100983034,-0.001469982477897033,0.1404927431548136,0.00106,False,False
0.054,-310.9395382343703,-7.921136698452694,-305.5768084878791,-2.503681152806721,-300.73106082597,10.424817851259416,10,252.0,0.001,-3269.4281207478157,0.0025138545234995036,1.0059652547410922,180.58946417160558,231.18347947834545,,,,,,0.9208266426734221,0.001756288288444619,-0.13561054228693467,0.00108,True,False,-3249.9038491186757,113.48979067502836,1.0005778962431522,179.23773437929137,229.94298164005625,-22.549951547145525,-11.613166732345574,0.25327581930013143,-151.46420762114363,1.7935522801578283,1.1339184252594956,-0.0037077664230755177,0.1524436347405131,0.00108,False,False,-3235.5900558817075,226.2547950568346,0.9980165745086228,174.95517478355373,229.34945216859361,,,,,,-0.866844100983034,0.0005507677094696511,-0.10492863409746543,0.00108,True,False
0.055,-326.9410151165441,-7.58427752210133,-324.9899085359726,-2.2553949610387756,-323.55877932049265,9.839672483140049,10,270.0,0.001,-3109.408588324646,-1010.3054507593656,1.0059920098220034,-161.11295430024006,231.1832484521873,-65.05707373155272,-45.22200073062132,0.792558935343785,-144.22265557362996,5.602433485813554,0.9208266426734221,0.0025519355071458695,0.05176188986011509,0.0011,False,False,-3125.9116870861244,-896.3400480874147,1.0005925010589374,-163.16049212235316,229.94292071367374,-17.85815773116869,-18.013273308132582,0.25285916333147856,-133.5847047537064,1.7935883206923235,1.1339184252594956,-0.007925295122282681,0.03251942064773552,0.0011,False,False,-3147.1451959670403,-784.6710910194287,0.9980055990968993,-166.91482517798025,229.3494234304944,82.9152314627211,63.2352740387542,1.0425475922549827,36.37500558180041,7.373477975580098,-0.866844100983034,-0.0021966323748610714,-0.09019314347930352,0.0011,False,False
0.056,-310.9392275072478,-6.504970953476645,-312.5907310731509,-1.786368933825,-314.71430924820004,8.2913398873016,10,288.0,0.001,-2645.0187907449963,-1921.716718434681,1.0059722451167288,-143.38430766279802,231.1830394871722,-47.89746876735864,-63.112056474938925,0.792767011323495,-126.52048139825361,5.602365208916667,0.9208266426734221,0.004729253417820939,-0.24656931436115626,0.0011200000000000001,False,False,-2695.9335831693274,-1818.429621543297,1.0005726329199731,-144.85731343046737,229.9428643529334,-11.41855074297122,-22.650388457207136,0.2535283495543105,-115.56225010485696,1.7936323457333596,1.1339184252594956,-0.0012956937040808681,0.05637260279879508,0.0011200000000000001,False,False,-2750.635867352805,-1718.7877811263666,0.9980091249573206,-148.54162403043892,229.34939624203304,59.316019510329454,85.76244493214622,1.0432590862832656,54.706399293760526,7.373461578963167,-0.866844100983034,0.004941496226008786,0.24108339878801943,0.0011200000000000001,False,False
0.057,-264.5005730674342,-4.788876508367003,-269.59300224928216,-1.142507470506114,-275.06341289631825,5.931383978873052,10,306.0,0.001,-1921.716718439614,-2645.0161475222903,1.0060008426865714,-124.8402091696434,231.1828882787822,-26.049095871999604,-74.82380759526238,0.7910732346976066,-108.161378893892,5.60230201738601,0.9208266426734221,-0.012119146521380242,0.11166162263189078,0.0011400000000000002,False,False,-2002.0588655798097,-2562.5184129332542,1.0005577088465998,-126.2558052291267,229.9428224349336,-3.8613866892414626,-25.07066841718191,0.2533838133774503,-97.13081695762592,1.7936676420788407,1.1339184252594956,-0.0027909720431638003,0.49002219520416856,0.0011400000000000002,False,False,-2084.8752021131604,-2484.657440690812,0.9980070058750817,-131.06413519593377,229.34937547295186,29.91048256124064,99.89447601244433,1.0430105903799922,72.83267266567285,7.373446719427453,-0.866844100983034,0.002477551750210241,0.36716982186446734,0.0011400000000000002,False,False
0.058,-192.17081899553216,-2.603990460990835,-200.20564689370107,-0.38682645586574094,-208.48739989844825,2.990816916856565,10,324.0,0.001,-1010.3044411466697,-3109.402373740052,1.0059505621237146,-107.27411723583876,231.1828084614095,-1.650778412240896,-79.21077758034389,0.7926268028008148,-90.2480239200183,5.602263986215319,0.9208266426734221,0.0034703187080857845,0.023879326677788137,0.00116,False,False,-1112.208887141152,-3055.769883871756,1.0005963482286964,-108.71294253568448,229.94279931988916,4.073700737069776,-25.037235171037693,0.2532778040888949,-79.72408898255397,1.7936808282203522,1.1339184252594956,-0.0038697129488792044,-0.10053550217131123,0.00116,False,False,-1215.0325225890301,-3007.3114372116515,0.9980093774034834,-112.8525355969957,229.3493635410078,,,,,,-0.866844100983034,0.012115622557013282,0.04966769295937578,0.00116,True,False
0.059000000000000004,-101.03012790684252,-0.16419992651473353,-111.22078888883948,0.40671421870818936,-121.50319724916729,-0.24251429219353393,10,342.0,0.001,0.0025138451005091156,-3269.418319146677,1.0059641367844592,-89.01231755512985,231.18278640048226,22.90904630175392,-75.84354001291958,0.7918957062221457,-72.48441158053971,5.602261580891791,0.9208266426734221,-0.0038372454374518516,-0.21370931526588235,0.00118,False,False,-113.48840407521645,-3249.9012166341845,1.000577885286589,-90.93182866838818,229.94279218688172,11.610089582064129,-22.553360201474757,0.25406832325692724,-61.39218335696444,1.793666965299048,1.1339184252594956,0.00405508386276653,0.234072174291898,0.00118,False,False,-226.25411113897457,-3235.5887898104656,0.9980083431311125,-94.67064738456298,229.3493594884717,-34.51913588381851,98.3969002143941,1.0422893370551642,108.33897843642856,7.373439059884795,-0.866844100983034,-0.004724149268958841,-0.12700733223136212,0.00118,False,False
0.06,-2.4023176043389855e-13,2.291655392275965,-11.34889016530303,1.1604492459796856,-22.62542679200354,-3.4521046382557006,10,0.0,0.001,1010.3082131458624,-3109.400820098338,,,231.18278640048229,45.226139563753975,-65.05175374724647,0.792693338414794,-54.30115583475852,5.602291658523567,0.9208266426734221,0.004096540294249847,-0.03149192486983462,0.0012,False,False,896.3408483800446,-3125.9095656200407,1.0005798360563922,-72.7037178241389,229.94279211262014,18.010179082977906,-17.862144364748033,0.2540314092394135,-43.67230512830883,1.7936314447344455,1.1339184252594956,0.0037361773518330256,-0.043865345285604006,0.0012,False,False,784.671503217761,-3147.1441591863822,0.9980066041022766,-76.8232586289763,229.3493593479496,-63.23631864673227,82.91389811199411,1.0432217335997112,126.43132664418775,7.3734478014417375,-0.866844100983034,0.004587453748123783,-0.034872748933768724,0.0012,False,False
0.061,101.03002694593926,4.523164065969846,89.63389039581803,1.8006091513240203,78.46706549054076,-6.323773217293953,10,18.0,0.001,1921.7169451100908,-2645.013816298091,1.005964641295394,-52.89889267301217,231.18276433950535,63.11581978165179,-47.89188869473464,0.7928814197838098,-36.19478651384787,5.6023386676720985,0.9208266426734221,0.005910873009000671,0.07416588139978582,0.00122,False,False,1818.429757309489,-2695.9321802686472,1.0005878920582663,-54.914549660421166,229.94278748067651,22.647580059069483,-11.422725210219717,0.2542609209746448,-25.929797010955877,1.7935879317169687,1.1339184252594956,0.006092831403602084,-0.2999986227516728,0.00122,False,False,1718.787881256438,-2750.6351613499423,0.9979943571649607,-58.91701678821093,229.34935765779483,-85.76339984072158,59.31461390495385,1.0429126849090116,144.16338451699818,7.373460576599438,-0.866844100983034,0.0014789000398470783,-0.30296503615549675,0.00122,False,False
0.062,192.17043491743254,6.3118775722411815,181.84265566345363,2.2645402505430576,171.8786424451785,-8.576417822784272,10,36.0,0.001,2645.0138163020574,-1921.7150247010331,1.0059593572556165,-35.195326498658034,231.18268452233252,74.82682696360958,-26.043801922848935,0.7936237732198358,-18.321069614988172,5.60238058865986,0.9208266426734221,0.013275122139820609,-0.05246253492311981,0.00124,False,False,2562.5178710109617,-2002.058318420517,1.0005784682338514,-36.99467057919368,229.9427684186583,25.068420830692595,-3.865340375052851,0.25417220024152265,-7.828585727151372,1.7935531483060605,1.1339184252594956,0.0052548152438324286,-0.19824689840294785,0.00124,False,False,2484.6572189513186,-2084.874895996435,0.9980197883823988,-40.77103579268152,229.34934954827153,-99.89524779430235,29.909142297901205,1.0432160684351441,162.69463598909616,7.373471816207468,-0.866844100983034,0.004496840095061887,0.2282060325495778,0.00124,False,False
0.063,264.4997801102173,7.482694822696634,256.25137275967893,2.506836686163205,248.4655296256804,-9.989531508859862,10,54.0,0.001,3109.397712824215,-1010.3061939061073,1.005986209281382,-17.10719212503371,231.18253331471115,79.21275739765062,-1.6462888260040636,0.7915566415619429,0.046799719014676014,5.602397344636347,0.9208266426734221,-0.007419890968307871,0.31532715526083466,0.00126,False,False,3055.7687174320345,-1112.2092491151275,1.000573340368885,-18.840081590596487,229.94273056843366,25.035768538397527,4.07035492026243,0.25346070335217996,10.273433524300067,1.7935404866981954,1.1339184252594956,-0.0018422474320297375,-0.09618527905315007,0.00126,False,False,3007.310915308125,-1215.0326463231181,0.9979936615494239,-22.26982560032263,229.34933260162708,-104.24852593604811,-2.4240660942589747,1.0423564458057888,-179.36081705891934,7.373476539688803,-0.866844100983034,-0.004106066209856519,0.17272199519300963,0.00126,False,False
0.064,310.9379846044492,7.921003192680991,305.5764037005945,2.5037843881160358,300.73087149306497,-10.424787580797018,10,72.0,0.001,3269.4117847816538,-0.0025138346747297646,1.005990900662302,0.8203551996703542,231.1823243511004,75.84428640789989,22.91229198992754,0.7921318056273318,17.79981827347258,5.602378470326352,0.9208266426734221,-0.00164155800924304,0.0683297214531293,0.00128,False,False,3249.8995399643068,-113.48963958030043,1.0005997485480531,-0.7113331083574784,229.94267674957902,22.552818260387447,11.607679296259342,0.2542653385413382,28.74710033636826,1.7935548920103799,1.1339184252594956,0.006183732271690938,0.3775363502993038,0.00128,False,False,3235.588018830573,-226.2546526117527,0.9979967432051944,-4.485578051397154,229.34930777558958,-98.39710466828711,-34.51997128618745,1.042778387343341,-161.30787247382497,7.373472256915684,-0.866844100983034,0.0001194059214937555,0.2256458064491656,0.00128,False,False
0.065,326.9393815349065,7.583898080997022,324.98947807378215,2.2556820196860796,323.5585756158506,-9.839580100683081,10,90.0,0.001,3109.3930519159785,1010.3004026950509,1.005985060049471,18.94175814651166,231.18209332676642,65.05119357463269,45.227823553983484,0.7922311187913006,35.6768923258984,5.602327109744037,0.9208266426734221,-0.0005757915374751998,-0.054774908957870155,0.0013000000000000002,False,False,3125.9075429256823,896.3388604384613,1.0005832084409474,17.370899427109116,229.94261588113451,17.862580361379326,18.00894047604458,0.2529616621702936,46.21378258827307,1.7935909709803557,1.1339184252594956,-0.006904054807411298,-0.1552082037583694,0.0013000000000000002,False,False,3147.1432145990993,784.6705970095817,0.9979875379722459,13.131455377996392,229.34927903754706,-82.91377393601164,-63.23676403002854,1.0432740314126892,-143.69963804691028,7.3734599182817675,-0.866844100983034,0.005093296078402139,-0.16617340280612564,0.0013000000000000002,False,False
0.066,310.93767388027044,6.504382704096023,312.5903170735819,1.7868117529389909,314.71411111185313,-8.291194457034951,10,108.0,0.001,2645.005574703755,1921.707116433643,1.0059942741564736,37.077732450973734,231.18188436343416,47.89007670336865,63.11577712655649,0.7920304070551493,53.486419314268524,5.60225881629173,0.9208266426734221,-0.0024863273725153965,-0.24575353350487794,0.00132,False,False,2695.9300095923036,1818.4272116497261,1.0005935889324664,35.12525846051945,229.9425595740005,11.42409666778456,22.64763462814831,0.25292379206643106,64.12583751429239,1.7936350505676857,1.1339184252594956,-0.0073450937962627975,-0.24175368224205307,0.00132,False,False,2750.63413561811,1718.7866990189632,0.9979943175157516,31.26436050306118,229.3492518491405,-59.31417337115266,-85.76341175470512,1.0433818953137493,-125.52125892918487,7.373443550509575,-0.866844100983034,0.006195082614423194,0.012088711938468827,0.00132,False,False
0.067,264.4992514746739,4.788137020285536,269.5926452305063,1.1430627333653263,275.0632397232267,-5.931199753650833,10,126.0,0.001,1921.7071164396148,2645.0029315019992,1.0059438362223538,54.524273229515195,231.1817331562858,26.040915404776925,74.82506172496277,0.792978485931709,71.7658553142722,5.602195612999976,0.9208266426734221,0.007083844345468662,0.0328105427645513,0.00134,False,False,2002.0562122511105,2562.515016902445,1.0005621169108907,53.09348213587569,229.94251769587768,3.867513232007766,25.06976350436913,0.25261424145656725,82.46788534965367,1.7936703999965455,1.1339184252594956,-0.010490591536616453,0.1025125987758163,0.00134,False,False,2084.873889525848,2484.6558764102842,0.998018845439448,49.0045567008068,229.3492310801019,-29.908428636784116,-99.89482522933206,1.0432519255538062,-107.60382322108396,7.373428717740617,-0.866844100983034,0.004916361718020552,-0.0706622355403747,0.00134,False,False
0.068,192.16985880313388,2.603172112199397,200.20538178901356,0.3874398291566409,208.4872686399838,-2.9906119413559984,10,144.0,0.001,1010.299393092155,3109.3868373816213,1.0059815433267054,73.1484688998747,231.18165333958123,1.6426102695471707,79.2094422599053,0.7917100861164712,89.9395266980975,5.6021575806214585,0.9208266426734221,-0.005546367901399645,0.20534423030539337,0.00136,False,False,1112.207413587318,3055.7658342869836,1.000569024018908,70.76780784628997,229.94249460282688,-4.067593205564885,25.038268146680128,0.2529630432779409,100.38995486184837,1.7936836207522975,1.1339184252594956,-0.007021270294969258,0.027299170638281564,0.00136,False,False,1215.0317576341026,3007.309543880846,0.99801768689764,67.17833209834696,229.3492191481828,2.4249829360183215,-104.24771040658538,1.0426952428836755,-89.61692556064823,7.373420396008651,-0.866844100983034,-0.0006386962770755401,-0.0840005580648504,0.00136,False,False
0.069,101.02962310433183,0.1633828193600977,111.22064162853741,-0.4061027682901904,121.50312075380114,0.24271994893011356,10,162.0,0.001,-0.0025138232668240335,3269.4019832597787,1.0059894615722724,90.9440495580449,231.18163127884202,-22.916402545835904,75.83974578532862,0.7930074498303914,107.56748952173882,5.602155186366255,0.9208266426734221,0.007430655225982315,-0.16789434429829886,0.0013800000000000002,False,False,113.48825429970458,3249.8969099837586,1.0005910607172699,88.96092039979374,229.9424874766077,-11.604598955447564,22.55623034907372,0.25335752034538545,118.61039083948857,1.793669764027438,1.1339184252594956,-0.0030569032522972423,0.25044017703169924,0.0013800000000000002,False,False,226.25396869531167,3235.586752761893,0.9979964637799944,85.30783533529109,229.34921509565527,34.521001501284005,-98.39597613440213,1.0429927575832096,-71.79599864699105,7.37342107304794,-0.866844100983034,0.002335493240120264,-0.26331979017497525,0.0013800000000000002,False,False
0.07,-8.812501243280644e-13,-2.292391271745963,11.348875140396924,-1.1598995760254822,22.6254125476038,3.4522908477714243,10,180.00000000000023,0.001,-1010.3031650584282,3109.385283753401,1.0059689990560312,109.23330599459831,231.18163127884202,-45.23196375865496,65.04587186462638,0.7931267607685469,125.36605502295158,5.602185284375048,0.9208266426734221,0.00858119959530057,-0.3703675296502339,0.0014000000000000002,False,False,-896.3396599696094,3125.9054234777627,1.0005752067449258,107.14240394966387,229.94248740241682,-18.005842988756672,17.866571098943535,0.2538343149127094,136.31724179577134,1.7936342221441948,1.1339184252594956,0.0017613062342566933,-0.040521970879775805,0.0014000000000000002,False,False,-784.6710092070491,3147.14217782057,0.9979850560687482,103.2778906167916,229.34921495513353,63.23780674741203,-82.91244296356956,1.0426680153470123,-53.422504124569535,7.373429799086111,-0.866844100983034,-0.0009242696033814672,0.10996146331085764,0.0014000000000000002,False,False
0.07100000000000001,-101.02952214446478,-4.523746677790356,-89.63377173995406,-1.8001750839814734,-78.46701608966308,6.3239217617718655,10,198.00000000000023,0.001,-1921.707343107517,2645.0006002980463,1.0059661413508239,126.83283665993744,231.1816092180602,-63.119541700589124,47.8844947925817,0.7921898212466171,143.7778729063065,5.602232316690015,0.9208266426734221,-0.0008547093616934182,0.04073863678358311,0.0014200000000000003,False,False,-1818.4273472868203,2695.9286080263473,1.0005791148852792,125.13786182549758,229.9424827748829,-22.6448232155431,11.428275506764184,0.25354719717045865,154.18947958582385,1.793590671699797,1.1339184252594956,-0.0010482815591359668,-0.16692371763458874,0.0014200000000000003,False,False,-1718.786799148831,2750.633429616713,0.9980069615476056,121.26794038187701,229.34921326498247,85.76436491613245,-59.31277029934544,1.0426767765705394,-35.40153504555108,7.37344255082063,-0.866844100983034,-0.0008546910440103346,0.1307806259642296,0.0014200000000000003,False,False
0.07200000000000001,-192.16947472897843,-6.312249874990085,-181.8424149660904,-2.2642643023985096,-171.8785342347597,8.57651417738859,10,216.00000000000023,0.001,-2645.0006003027693,1921.705422714705,1.0059595264446133,145.27780331926064,231.1815294016059,-74.82808213255831,26.03561968493186,0.7922900572403028,161.71977430321994,5.602274256056776,0.9208266426734221,8.833935389259437e-05,-0.017705360851636508,0.00144,False,False,-2562.5144754961957,2002.05566561231,1.0005845846418286,143.2342097203292,229.9424637310157,-25.06751344598783,3.8714711293653155,0.2539304818544339,172.11049201337119,1.7935558523088846,1.1339184252594956,0.002833807335478512,-0.2453699297330165,0.00144,False,False,-2484.6556546712936,2084.8735834097524,0.9980100827587562,139.1446754795564,229.34920515547742,99.89559557854616,-29.9070908142967,1.042996175960973,-17.539980830034185,7.373453769085096,-0.866844100983034,0.002323437838569095,-0.007745444803541653,0.00144,False,False
0.073,-264.49845852559554,-7.482820358218212,-256.2510336030009,-2.5067459037708844,-248.46537319813632,9.989566261989081,10,234.0,0.001,-3109.382176508041,1010.3011458353376,1.0059539570067453,162.84879976789182,231.18137819536935,-79.21142278698369,1.6381191532170085,0.7919545137432962,179.4518823869409,5.60229101988571,0.9208266426734221,-0.0032908032504089225,-0.2856769302850848,0.00146,False,False,-3055.7646689580465,1112.2077752164473,1.0005745703520985,161.00713045110322,229.942425916839,-25.036799826423216,-4.064243749488822,0.25377458835206723,-169.368230870682,1.7935431731681908,1.1339184252594956,0.0012928033245402063,0.2759497417027847,0.00146,False,False,-3007.3090219785026,1215.0318813678912,0.9980010637641571,156.87516532166106,229.3491882088718,104.2482226134068,2.42612459627227,1.0423585670014308,0.29898906742359943,7.373458482493495,-0.866844100983034,-0.004059317522934338,-0.16880651248828737,0.00146,False,False
0.074,-310.93643099022995,-7.920869656292983,-305.575999299259,-2.503887697081408,-300.7306821606383,10.42475735337437,10,252.0,0.001,-3269.395448954794,0.0025138108558167005,1.005979277686796,180.70820484031634,231.18116923370553,-75.84049249154029,-22.919649374096423,0.7929026797321296,-161.98157886890021,5.602272141190081,0.9208266426734221,0.00621755514532408,0.2808458067706685,0.00148,False,False,-3249.8952349107776,113.48948862820114,,,229.94237214925033,-22.55568766950131,-11.60218595858267,0.253216506264995,-151.59861405344262,1.7935575893480897,1.1339184252594956,-0.004308405103313108,0.04562131706423097,0.00148,False,False,-3235.5859817837727,226.25451016685577,0.998001547883127,175.43367458722543,229.34916338289213,98.39618016104133,34.52183533267949,1.0421330220649991,18.660405014945933,7.373454205805018,-0.866844100983034,-0.006308718736404665,0.19258866163486987,0.00148,False,False
0.075,-326.9377479700369,-7.5835185275640296,-324.9890480220983,-2.2559693471283437,-323.5583719117313,9.839487874692342,10,270.0,0.001,-3109.3775156434754,-1010.2953546791532,1.005965410735303,-161.04873895457155,231.18093821156046,-65.04531157470163,-45.23364838787543,0.7922240800991069,-144.35239853208242,5.602220766949459,0.9208266426734221,-0.0004957870370579122,-0.09015264337204774,0.0015,False,False,-3125.9034027101725,-896.3376739213256,1.0005625841579278,-162.73473244929758,229.94231133879785,-17.86700737813039,-18.004602863930547,0.25328141427742346,-133.21847439204905,1.7935937066933831,1.1339184252594956,-0.0037104026185788863,0.42633444600463827,0.0015,False,False,-3147.1412332354894,-784.6701030009476,0.9980037576393037,-167.1742818443593,229.34913464491765,82.91231895283164,63.23825125180627,1.0434469345443602,35.877199776068345,7.373441888128862,-0.866844100983034,0.0068478258818840875,-0.5906701584909302,0.0015,False,False
0.076,-310.9361202694865,-6.503794271753166,-312.5899034688951,-1.7872550096075193,-314.7139129760231,8.291049281360666,10,288.0,0.001,-2644.9923587817193,-1921.6975145222464,1.0059562306208536,-142.86044944629126,231.18072925024117,-47.88268226731338,-63.119499121439446,0.7925867657840675,-125.89099871764624,5.602152457071247,0.9208266426734221,0.0032276745687602423,0.37074132563644613,0.00152,False,False,-2695.9264394180827,-1818.424804051856,1.0005785374692528,-144.9443025978282,229.94225508532017,-11.429648239885001,-22.644877607987496,0.2539684329968314,-115.72036435025011,1.7936378407697577,1.1339184252594956,0.003097369566128795,-0.07415485851547471,0.00152,False,False,-2750.6324038873086,-1718.7856169140998,0.9979831603335405,-148.5530064749116,229.3491074565765,59.31233050719796,85.76437672942711,1.0429744607358766,54.3986081383602,7.373425549221401,-0.866844100983034,0.0021461945015732336,-0.06937863232702703,0.00152,False,False
0.077,-264.4979298958965,-4.78739729658413,-269.5922885523267,-1.1436185596541055,-275.06306655059313,5.931015856238201,10,306.0,0.001,-1921.6975145292572,-2644.9897156050883,1.0059704014792086,-124.84486956199804,231.18057804457334,-26.032732269054353,-74.82631640000778,0.7930810743630288,-108.56069852329313,5.602089242142765,0.9208266426734221,0.00826015976757468,-0.2998307586261304,0.00154,False,False,-2002.0535614498622,-2562.511624106697,1.0005895793796866,-127.24774903668471,229.9422132471115,-3.8736461296696,-25.068857301063883,0.25365253827673484,-97.87179850613765,1.7936732432622844,1.1339184252594956,-0.00011164431991018411,-0.22336857380871653,0.00154,False,False,-2084.872576941584,-2484.654312133418,0.997978849847879,-131.08119411652552,229.34908668758888,29.906378398723536,99.89517370107171,1.0424008893629584,72.34771715382956,7.3734107432364455,-0.866844100983034,-0.003568580402880366,-0.12045597894761106,0.00154,False,False
0.078,-192.1688986210483,-2.602353498236887,-200.20511693728574,-0.3880538365655489,-208.48713738187348,2.9904073348024043,10,324.0,0.001,-1010.2943450876527,-3109.3713011691707,1.0059575705560133,-107.59053370154494,231.18049822866277,-1.634439423277946,-79.20810663443108,0.7923649772314089,-89.7471487962313,5.602051208637676,0.9208266426734221,0.0011529759500966148,0.5125808476953527,0.00156,False,False,-1112.2059414379924,-3055.761788560108,1.0005981259121248,-108.94980177998036,229.9421901760749,4.061479233732916,-25.039301858007597,0.25331447036301125,-79.85437701320474,1.7936864986703593,1.1339184252594956,-0.0035110694350206154,-0.20322729516606697,0.00156,False,False,-1215.030992681042,-3007.3076505544964,0.9980338681273936,-113.2470663255288,229.34907475569943,-2.427039810455398,104.24740849243858,1.0422144134294025,90.19112531978308,7.373402437013354,-0.866844100983034,-0.005421592965091914,-0.27728340948970476,0.00156,False,False
0.079,-101.02911830732158,-0.1625654434548614,-111.2204945087747,0.4054906751493234,-121.50304425864337,-0.24292523169446445,10,342.0,0.001,0.0025137974631803672,-3269.3856475276634,1.0059636986757676,-89.12157865490136,231.18047616814658,22.9237612640689,-75.83595043310382,0.792340021934104,-72.0426020188554,5.602048825467431,0.9208266426734221,0.000906793288730864,0.21592581216439513,0.00158,False,False,-113.48810466805142,-3249.8926074365086,1.0005762611218993,-91.09352759348674,229.9421830566503,11.599102433373051,-22.559103185768112,0.25386030780841384,-61.43627132989279,1.7936726482360346,1.1339184252594956,0.001966892491072359,0.21758638938345914,0.00158,False,False,-226.2538262521044,-3235.584715718155,0.9979758535680734,-94.63432826850558,229.3490707031822,-34.52286369744226,98.39505361887171,1.0428601151628414,108.55220143251668,7.37340311339778,-0.866844100983034,0.0010344678172687733,0.08354696773655287,0.00158,False,False
0.08,-3.203058130485146e-13,2.2931273972532957,-11.348860129835009,1.1593493176452792,-22.625398303245735,-3.4524767148985904,10,0.0,0.001,1010.2981170150476,-3109.369747556898,1.005977514860475,-71.40332656753853,231.18047616814658,45.2377899565181,-65.03998814869445,0.7929648205852184,-54.29485193185467,5.602078943808434,0.9208266426734221,0.007112186033553304,-0.037363116675297924,0.0016,False,False,896.3384726902816,-3125.9012852823,1.000583531503918,-72.50924918891035,229.9421829825302,18.001502120684883,-17.871002211739366,0.253276135135886,-43.650494167421066,1.7936370851610641,1.1339184252594956,-0.0038245404512634576,0.0055530879312205555,0.0016,False,False,784.6705151973863,-3147.1401964594997,0.9979942536167563,-76.82635621655481,229.3490705626608,-63.239292077203174,82.91099036043354,1.043659104311281,126.42136732277856,7.37341182390273,-0.866844100983034,0.00901204078743143,-0.047500055155980075,0.0016,False,False
0.081,101.02901734865023,4.524329488893539,89.6336531973732,1.7997405400740005,78.46696668892383,-6.324070028967532,10,18.0,0.001,1921.6977411942257,-2644.987384425065,1.0059675259618825,-53.058022176534784,231.18045410759464,63.12326495589556,-47.87709852855794,0.7932679519759983,-36.243212659190505,5.6021259992102275,0.9208266426734221,0.010076953553952108,0.013564238115089736,0.0016200000000000001,False,False,1818.4249395597326,-2695.925039188096,1.0005974335191048,-54.72532758459119,229.9421783594101,22.64206318652866,-11.433831442269305,0.25358330845615495,-25.877795680416362,1.793593497413757,1.1339184252594956,-0.0006911648651786813,-0.22038610567480404,0.0016200000000000001,False,False,1718.7857170437242,-2750.631697887658,0.9980124846044965,-58.83193491115996,229.34906887251415,-85.76532814242424,59.31092997082695,1.0432454877253896,144.6675219282514,7.373424552194877,-0.866844100983034,0.00485787440513513,0.1985048777864887,0.0016200000000000001,False,False
0.082,192.16851455144075,6.312622310825706,181.84217449856817,2.263988036145341,171.87842602464747,-8.576610346971073,10,36.0,0.001,2644.987384430543,-1921.6958208206943,1.005940331198301,-34.881007435370144,231.18037429198492,74.82933784130194,-26.027434788206858,0.7925322166732748,-17.968697191808378,5.602167956881542,0.9208266426734221,0.0026602634188991983,0.2877342322346296,0.0016400000000000002,False,False,2562.511083216972,-2002.0530153320383,1.0006014524247264,-37.12316064469109,229.9421593337108,25.06660477529318,-3.877608230675337,0.2539367972360618,-7.448203001858059,1.7935586421293173,1.1339184252594956,0.0028930157498649775,0.20974885276717142,0.0016400000000000002,False,False,2484.654090395018,-2084.8722708262408,0.9979937458440168,-40.712433177899925,229.34906076303062,-99.89594261659502,29.905043018881912,1.0420588191120466,162.5937056213613,7.373435749099338,-0.866844100983034,-0.007024646542439509,0.12460840179478483,0.0016400000000000002,False,False
0.083,264.49713695621045,7.482945947686322,256.2506947702461,2.5066549927967117,248.46521677104454,-9.989600940483069,10,54.0,0.001,3109.366640345209,-1010.2960978118119,1.0059587175736355,-17.177958222333842,231.1802230873721,79.2100878676212,-1.6299467850951381,0.793272068398265,-0.1857952124424575,5.602184728531589,0.9208266426734221,0.010035061973840107,0.07055654924646165,0.00166,False,False,3055.7606243429927,-1112.206302721953,1.0005864832674956,-18.551773022627042,229.94212155561578,25.037831853084473,4.058126145084292,0.2531072192236981,10.313199676307955,1.7935459454844587,1.1339184252594956,-0.005384808606416252,-0.02880572573895578,0.00166,False,False,3007.307128653545,-1215.0311164144823,0.99801198755023,-23.02679152562924,229.3490438164704,-104.24791972070553,-2.4281793599894,1.0430870944951462,-179.67839793029188,7.37344045242753,-0.866844100983034,0.0032514557780391833,-0.14752609079010273,0.00166,False,False
0.084,310.9348773941665,7.920736089522929,305.57559528423263,2.5039910795027422,300.7304928287652,-10.424727169025672,10,72.0,0.001,3269.3791132930373,-0.0025137830673145345,1.0059571381663703,0.7334619276238475,231.18001412798517,75.83669744913504,22.927009226433633,0.7924030550193317,17.796332303001016,5.60216584548361,0.9208266426734221,0.001371632847059541,0.05266803872503496,0.00168,False,False,3249.890933961912,-113.4893378188635,1.0005773464994134,-0.6578074905315631,229.9420678393407,22.558559768820203,11.596686730286716,0.25426619496688474,28.306566264320665,1.7935603725047025,1.1339184252594956,0.006184545937756516,-0.035384439196814214,0.00168,False,False,3235.583944742112,-226.2543677222005,0.9979984021958547,-4.934237303186454,229.34901899055836,-98.39525721795502,-34.52369595672053,1.0414655284587875,-161.7224067018052,7.373436181828526,-0.866844100983034,-0.012958165046518286,-0.19155563525963173,0.00168,False,False
0.085,326.936114424515,7.5831388624867335,324.98861838130324,2.256256942798699,323.558168208215,-9.839395805285399,10,90.0,0.001,3109.361979531675,1010.2903067196451,1.0059655963901715,19.13374323464341,231.17978310839393,65.03942774243322,45.239475221590645,0.7929559542722049,35.6383642907999,5.602114457679397,0.9208266426734221,0.00697329870544959,-0.10547886432716719,0.0017000000000000001,False,False,3125.8992664432735,896.3364885370629,1.000600444963745,17.26113328556119,229.9420070869343,17.87143877264173,18.0002604804734,0.2534543766072622,46.57863644356939,1.7935965281650925,1.1339184252594956,-0.0019847694837490703,0.2372594790507324,0.0017000000000000001,False,False,3147.1392518769962,784.669608993722,0.9979524237233335,12.856007097075855,229.3489902526634,-82.91086651507467,-63.23973570206415,1.042809144599208,-143.38378778341865,7.373423885125368,-0.866844100983034,0.0004953865220675626,0.14700975685346604,0.0017000000000000001,False,False
0.08600000000000001,310.9345666773478,6.5032056575154895,312.5894902594569,1.7876987029523626,314.713714840787,-8.290904360467826,10,108.00000000000023,0.001,2644.979142999762,1921.6879127156546,1.005946146650003,36.94448125350853,231.1795741494175,47.87528547265265,63.123222452703644,0.7925552013032657,53.88263320195624,5.602046131504762,0.9208266426734221,0.003062396818890181,0.13828396970059675,0.0017200000000000002,False,False,2695.922872649837,1818.4223987518276,1.000566404559726,35.265941099650796,229.94195088716305,11.435205448238587,22.642117402269307,0.25471320687175936,64.39422549659004,1.7936407166731745,1.1339184252594956,0.010541041173791947,0.054250239924956124,0.0017200000000000002,False,False,2750.630672161087,1718.7845348122057,0.9980046450106215,31.342050999786995,229.3489630643985,-59.310490920890985,-85.76533985497298,1.042361219701785,-125.53690296781888,7.373407575102609,-0.866844100983034,-0.003960796596776172,-0.006222096681250823,0.0017200000000000002,False,False
0.08700000000000001,264.4966083331884,4.786657338608829,269.5919322150596,1.1441749482685861,275.0628933784854,-5.930832286877453,10,126.00000000000023,0.001,1921.6879127237034,2644.976499852429,1.005966388588175,54.71216336588278,231.17942294546881,26.024546479760655,74.82757161800969,0.7933193017499117,71.79965107441741,5.601982905063882,0.9208266426734221,0.010792816975544834,0.05442921014973471,0.0017400000000000002,False,False,2002.050913178418,2562.508234549026,1.0005854799643732,52.93283685434313,229.94190908890556,3.879785370018465,25.06794980912933,0.25463386348726036,82.15227099220746,1.7936761722095165,1.1339184252594956,0.0096974656284455,-0.18548183447276134,0.0017400000000000002,False,False,2084.871264360887,2484.6527478608323,0.997941336588854,48.91257391409321,229.3489422954698,-29.904331849778927,-99.89552142713899,1.0423665767423318,-107.68806960037448,7.373392795918881,-0.866844100983034,-0.0038863252692389327,-0.1575747976036156,0.0017400000000000002,False,False
0.088,192.1679384507889,2.601534620596375,200.20485233875004,0.3886684768709697,208.48700612416647,-2.990203097467371,10,144.0,0.001,1010.2892971411331,3109.355765127235,1.0059367921420612,73.09268748898114,231.1793431304784,1.6262658883695642,79.20677070626368,0.7926805938980311,89.73215269638428,5.601944870513411,0.9208266426734221,0.004459527433852757,-0.014207711078198574,0.0017599999999999998,False,False,1112.2044706944812,3055.7577466947255,1.0005529072980526,71.50879626160462,229.94188603990378,-4.055358833761574,25.040336303019128,0.2532680814564483,100.33451889167844,1.7936894623078787,1.1339184252594956,-0.003979149717023642,-0.0005114293271256445,0.0017599999999999998,False,False,1215.0302277301503,3007.3057572333523,0.9980009261957399,67.27434584384734,229.34893036361484,2.4290929453921204,-104.24710700928273,1.0421718514749347,-89.62258749167596,7.373384505212717,-0.866844100983034,-0.0058218531141107635,-0.09232789864022384,0.0017599999999999998,False,False
0.089,101.02861351661005,0.16174780029291,111.22034752968328,-0.4048779405048097,121.50296776372525,0.24313014021187346,10,162.0,0.001,-0.002513767689379165,3269.3693119761274,1.005955459377193,90.79470289017014,231.17932107022003,-22.931122442970945,75.83215396308873,0.7922785820747422,108.14071343132066,5.601942498444678,0.9208266426734221,0.0004427638127374669,0.393150798451083,0.00178,False,False,113.48795518039104,3249.888308996258,1.0005829904748391,89.26051986248096,229.94187892728004,,,,,,1.1339184252594956,0.0013569267152506118,0.3444436877231179,0.00178,True,False,226.25368380940952,3235.5826786800562,0.9979942940914034,85.52708258918648,229.34892631110944,34.524722469785274,-98.39413266897705,1.0426090511305692,-71.80643123448947,7.373385180938247,-0.866844100983034,-0.0014508121779760064,-0.2764169663968918,0.00178,False,False
0.09,3.6034223922664213e-13,-2.2938637674497597,11.348845133627153,-1.1587984719369913,22.6253840589315,3.45266223938679,10,180.0,0.001,-1010.293069023693,3109.3542115333635,1.0059524855234245,109.04461341481195,231.17932107022003,-45.24361814663581,65.03410261012549,0.792251642133498,125.68281320788566,5.6019726370730005,0.9208266426734221,0.00013074194336984928,-0.06578876819611004,0.0018,False,False,-896.3372865431147,3125.8971510373303,1.0005607077732033,107.24579298258061,229.9418788532308,-17.997156487448116,17.875437694352126,0.2530261471191654,136.34612161564723,1.7936400341182737,1.1339184252594956,-0.00632859107375013,0.015994435536888015,0.0018,False,False,-784.6700211889676,3147.138215103955,0.9979799105703054,103.21410434179512,229.34892617058844,63.240774634084,-82.9095403044775,1.042622376749342,-53.53507742263544,7.373393875895545,-0.866844100983034,-0.0013298525167794706,-0.005275711661068801,0.0018,False,False
0.091,-101.0285125592927,-4.52491249820853,-89.63353476818087,-1.7993055204705755,-78.46691728834259,6.324218018679163,10,198.0,0.001,-1921.6881393853805,2644.974168700017,1.0059744676218045,127.13360361856833,231.17929900993286,-63.12698954068608,47.869699916124674,0.7920265215634298,143.51246392069496,5.60201971548196,0.9208266426734221,-0.0021870426817589285,-0.23685017288594756,0.00182,False,False,-1818.4225341303631,2695.9214737570646,1.0005771952207076,124.9774562195527,229.9418742345286,-22.639299977573092,11.439393005697356,0.2523579308140852,154.31873902145395,1.7935964091920715,1.1339184252594956,-0.012949059162258794,-0.010023984889483101,0.00182,False,False,-1718.784634941545,2750.629966163461,0.9979907540197097,121.60691023714419,229.34892448044687,85.76628951825923,-59.30909292182189,1.042101405695785,-35.50608526113378,7.373406580726158,-0.866844100983034,-0.006557530396113235,0.023567021312391405,0.00182,False,False
0.092,-192.1675543863358,-6.3129948790595485,-181.8419342611006,-2.263711452338579,-171.87831781488458,8.576706331398164,10,216.0,0.001,-2644.974168706246,1921.6862190341644,1.005985987554957,144.71079443393162,231.17921919529354,-74.83059408745196,26.019247247604035,0.7930081210833012,161.76735706091063,5.602061691383338,0.9208266426734221,0.007569589627934932,0.017697416005132638,0.00184,False,False,-2562.507694176302,2002.050367582061,1.0005777516049916,143.25028613981775,229.94185522701397,-25.065694820473976,3.883751666771081,0.253679518993543,172.36464410743184,1.7935615181006244,1.1339184252594956,0.0003161660870494905,0.03642430021851859,0.00184,False,False,-2484.6525261231072,2084.8709582464194,,,229.3489163709879,99.89628890792596,-29.902998914374958,1.0423442310898976,-17.34582069219219,7.373417756254192,-0.866844100983034,-0.004145081038298149,0.1837515384100573,0.00184,False,False
0.093,-264.4958154041467,-7.483071590862158,-256.2503562617134,-2.5065639534273316,-248.4650603444646,9.989635544289518,10,234.0,0.001,-3109.351104360249,1010.2910498435044,1.0059663698971346,163.16546354674816,231.17906799254325,-79.20875264190512,1.6217717365759206,0.791919213642935,179.80661948547473,5.602078470823158,0.9208266426734221,-0.003343214487089429,0.056880169151189125,0.00186,False,False,-3055.7565835904625,1112.2048316329574,1.0005907369885707,161.00441490826455,229.9418174850341,-25.038864616381865,-4.052002119239464,0.25348788936133465,-169.62605779647535,1.7935488039802832,1.1339184252594956,-0.001582149753614113,0.045765327725806375,0.00186,False,False,-3007.305235333997,1215.030351463197,0.9979819504925544,157.2212052386413,229.34889942448,104.24761725828702,2.4302303826637206,1.0423619086792582,0.6006187568820384,7.3734224494949165,-0.866844100983034,-0.003974942389376569,0.13016007077553216,0.00186,False,False
0.094,-310.9333238187111,-7.9206024926051235,-305.57519165587286,-2.504094535179963,-300.7303034975191,10.42469702778509,10,252.0,0.001,-3269.3627778221767,0.0025137513127759803,1.0059703072363335,180.66734686191447,231.17885903576325,-75.8329012875275,-22.934371533456535,0.7912479899940971,-162.26863717656704,5.60205958345612,0.9208266426734221,-0.010028740204847134,-0.018392537741270296,0.00188,False,False,-3249.886637121531,113.48918715242753,1.0005944458359084,179.12181645025143,229.94176382012046,-22.56143455267528,-11.591181622347548,0.2533131905715519,-151.88824879707087,1.7935632418134821,1.1339184252594956,-0.003349555830963119,-0.21637103436269306,0.00188,False,False,-3235.5819077063943,226.254225277847,0.9979913728969793,174.70488783172755,229.34887459864535,98.39433584020279,34.52555315580427,1.0431588590884595,18.811304972344818,7.373418184990215,-0.866844100983034,0.0040005926230216576,0.340825513729086,0.00188,False,False
0.095,-326.9344809009202,-7.582759086449608,-324.98818915177844,-2.2565448061297566,-323.5579645053824,9.839303892579343,10,270.0,0.001,-3109.346443605108,-1010.285258824493,1.005945134128868,-161.1745016645131,231.17862801909055,-65.03354208850246,-45.245304044421154,0.7921431362969431,-143.96022593771858,5.6020081821830345,0.9208266426734221,-0.0010045847988655878,0.2898397065991705,0.0019,False,False,-3125.89513412866,-896.3353042867199,1.000575916479986,-162.90638158814272,229.94170312581403,-17.875874536129643,-17.995913334360072,0.253684593787729,-133.80275970669828,1.7935994357286786,1.1339184252594956,0.0003132904050621934,-0.13030793559617485,0.0019,False,False,-3147.1372705244003,-784.669114988095,0.9979682580996029,-166.74540775806335,229.3488458608411,82.90941662463207,63.24121737878141,1.0435003820242155,36.201548285266796,7.373405909275272,-0.866844100983034,0.007433182463141536,-0.26898464459465066,0.0019,False,False
0.096,-310.93301310630886,-6.502616862450936,-312.5890774456349,-1.7881428320943809,-314.7135167062239,8.290759694545226,10,288.0,0.001,-2644.965927378752,-1921.6783110290262,1.0059830143231259,-143.20210778241716,231.17841906278701,-47.8678863328485,-63.126947113464155,0.79218277193292,-126.60439029494172,5.601939839841465,0.9208266426734221,-0.0005115777727638648,-0.3548309586430498,0.00192,False,False,-2695.919309290735,-1818.4199957517708,1.0005642117459965,-145.127290026662,229.941646979799,-11.440768281806161,-22.63935401654086,0.2531717089194179,-115.76982191928444,1.7936436786110093,1.1339184252594956,-0.004878127162279002,-0.09596739016818717,0.00192,False,False,-2750.6289404401286,-1718.7834527137024,0.9979979164868884,-148.9575589536589,229.34881867266307,59.308654614654486,85.76630113000516,1.0432952442038324,54.69685245715462,7.373389628157154,-0.866844100983034,0.005404829237364139,0.22620302529257993,0.00192,False,False
0.097,-264.4952867886386,-4.785917147706284,-269.5915762190235,-1.14473189810438,-275.06272020697367,5.930649045810631,10,306.0,0.001,-1921.6783110381198,-2644.963284264887,1.0059556402540006,-125.05355308659131,231.1782678607963,,,,,,0.9208266426734221,-0.0029738769025687353,-0.50585618747282,0.00194,True,False,-2002.0482674391365,-2562.5048482324382,1.0005648224117074,-127.01369833437458,229.9416052215301,-3.885930940840783,-25.067041030429635,0.2535724854149677,-97.7648776438101,1.793679187171199,1.1339184252594956,-0.0009205788941820987,-0.08879870086699584,0.00194,False,False,-2084.869951784279,-2484.6511835931406,0.9979947484490156,-130.87362359242246,229.34879790380168,29.90228899266755,99.89586840701034,1.0423460665036333,72.08305754365,7.373374875791863,-0.866844100983034,-0.004066084769555969,-0.38777766262245567,0.00194,False,False
0.098,-192.16697829387198,-2.6007154807712465,-200.20458799364158,-0.3892837488509301,-208.4868748669146,2.9899992296221183,10,324.0,0.001,-1010.2842492605694,-3109.340229280344,1.0059414007335585,-107.0424214543681,231.178188046852,-1.6180896797606934,-79.20543447774625,0.7922819588845724,-90.43875438145126,5.601838566497745,0.9208266426734221,0.0006235138799556404,-0.19120699272199645,0.00196,False,False,-1112.2030013580948,-3055.7537086944217,1.0005728087304389,-108.91183747659022,229.94158219458336,4.049232017843783,-25.04137147971309,0.25323724397715347,-79.47237371313275,1.7936925119976936,1.1339184252594956,-0.004291837422669447,0.20643044936916952,0.00196,False,False,-1215.0294627817311,-3007.3038639181577,0.9979950929113813,-112.78255288158365,229.34878597198576,-2.4311423380833306,104.24680595745934,1.0434434975099396,90.52742952157456,7.373366600610674,-0.866844100983034,0.006919928166976913,0.05635949262288906,0.00196,False,False
0.099,-101.02810873299106,-0.16092989136830146,-111.22020069139033,0.40426456557662965,-121.50289126907374,-0.24333467420839908,10,342.0,0.001,0.0025137339458325414,-3269.3529766309643,1.005926377057882,-89.29958801464178,231.17816598688623,22.9384860690583,-75.82835638212823,0.7924791513069614,-72.57794309466699,5.601836205546994,0.9208266426734221,0.002598776992417558,-0.3315983416830695,0.00198,False,False,-113.48780583685696,-3249.884014666821,1.0005497086712798,-90.53154670012685,229.94157508876683,11.58809174674997,-22.564856903762788,0.25342444677029263,-61.376263151107736,1.7936786744263669,1.1339184252594956,-0.0024002402102370588,0.3052549413970524,0.00198,False,False,-226.253541367283,-3235.5806416483983,0.9980082952562598,-94.9955448991123,229.34878191949375,-34.526577815808565,98.39321328589094,1.041725784421011,108.677674765374,7.373367275673274,-0.866844100983034,-0.010258157404993843,0.20635982234705696,0.00198,False,False
0.1,7.611234353469577e-13,2.294600380986729,-11.348830151786677,1.1582470399989861,-22.625369814666733,-3.45284742098576,10,0.0,0.001,1010.2880210923388,-3109.3386757073267,1.0059652012389482,-71.65085701552451,231.17816598688623,45.2494483182992,-65.02821525959618,0.7927660548922579,-54.29505782411056,5.60186636441767,0.9208266426734221,0.005425161761447769,-0.04975273980647135,0.002,False,False,896.3361015291648,-3125.8930207465214,1.000571972376627,-72.93588258647115,229.94157501478844,17.992806097735937,-17.879877537994695,0.2532877296786976,-43.982002953182125,1.7936430693485406,1.1339184252594956,-0.0037170579422363243,-0.29829005538625725,0.002,False,False,784.669527181991,-3147.136233754714,0.9979664404189369,-76.92921035644214,229.34878177897323,-63.24225441603542,82.90809279759068,1.04242951369756,126.6851222286734,7.373375955068498,-0.866844100983034,-0.0032331391579425916,0.21359508481924727,0.002,False,False
0.101,101.02800777718933,4.52549570466428,89.63341645248221,1.7988700260406936,78.4668678879388,-6.324365730705,10,18.000000000000227,0.001,1921.6785376961452,-2644.960953143767,1.005953351635065,-52.91680617243258,231.1781439268987,63.13071544807491,-47.862298968745286,0.7930290590705358,-36.011512521566885,5.6019134657540715,0.9208266426734221,0.007988592195480619,0.23308024694006158,0.00202,False,False,1818.4201310008502,-2695.9179117364156,1.0005812288832168,-54.485211509557445,229.94157040050828,22.636533594226286,-11.444960186005751,0.25350388047591543,-25.51999665341146,1.7935994073674757,1.1339184252594956,-0.0014938026042753691,0.16508227070583512,0.00202,False,False,1718.7835528427227,-2750.628234444802,,,229.3487800888374,-85.76724904230144,59.30725915475077,1.0422954795465211,144.35161616883894,7.3733886364184436,-0.866844100983034,-0.004591414805413735,-0.12006015937409534,0.00202,False,False
0.10200000000000001,192.16659423518252,6.313367579002871,181.84169425390485,2.263434551533448,171.87820960551673,-8.57680213053632,10,36.00000000000023,0.001,2644.960953150753,-1921.676617370271,1.0059228788126613,-35.38415595046533,231.17806411335602,74.83185086861985,-26.011057078055735,0.7921702031342756,-18.224412778267908,5.601955459810991,0.9208266426734221,-0.0006593557319562953,0.019834361504165152,0.00204,False,False,2562.5043083772007,-2002.0477223647217,1.0005962014016656,-36.78685636634632,229.94155141119543,25.06478358339669,-3.8899014254352284,0.2544268839948063,-7.769070152348015,1.7935644805555713,1.1339184252594956,0.00778562655571858,-0.08344711013968142,0.00204,False,False,2484.650961856183,-2084.8696456707994,0.9979930696898017,-41.003261935173136,229.34877197940628,-99.89663445201666,29.900958503490635,1.0427219896272586,162.6270902927717,7.373399790553647,-0.866844100983034,-0.0003420883273196529,0.1553340300470381,0.00204,False,False
0.10300000000000001,264.49449387149264,7.483197287506809,256.2500180777057,2.506472785849467,248.46490391845902,-9.989670073356265,10,54.00000000000023,0.001,3109.335568577697,-1010.2860019383784,1.0059410536061144,-16.95067217749498,231.17791291270697,79.20741711217812,-1.6135940225989795,0.7929264899776319,-0.1872477715413325,5.601972247009233,0.9208266426734221,0.006879772018179576,0.056919687884373064,0.00206,False,False,3055.7525467040477,-1112.2033619507579,1.000574937799956,-18.762743605190778,229.94151370536423,25.039898114315534,4.045871684150597,0.25406203810187594,10.328131700213415,1.7935517489884618,1.1339184252594956,0.004155172781291286,0.013797862170008278,0.00206,False,False,3007.3033420206057,-1215.0295865143275,0.997993131261359,-22.67605822822046,229.3487550329572,-104.24731522649364,-2.4322776615519506,1.0436586281558702,-179.37731523960946,7.373404473699655,-0.866844100983034,0.009017673990194555,0.150897605192335,0.00206,False,False
0.10400000000000001,310.9317702663186,7.920468865773877,305.5747884145404,2.5041980639128627,300.73011416697636,-10.424666929686758,10,72.00000000000023,0.001,3269.3464425680086,-0.0025137155833476754,1.0059342017902548,0.8856054283910381,231.17770395886376,75.82910401356233,22.941736281680633,0.7919551478860678,17.513089218501925,5.601953355356431,0.9208266426734221,-0.002806932065853939,-0.2427593858327855,0.0020800000000000003,False,False,3249.8823443934516,-113.48903662901657,1.000576794779253,-1.107554400573741,229.94146009185968,22.564312015395615,11.585670645746472,0.25358216592171434,28.273693688941005,1.7935661976072115,1.1339184252594956,-0.0006639824529179088,-0.04058557104693325,0.0020800000000000003,False,False,3235.5798706774212,-226.25408283384292,0.9979949895210245,-4.8731420151491776,229.3487302072098,-98.39341602895783,-34.52740692742742,1.0428236889291078,-161.41817065102686,7.373400215294074,-0.866844100983034,0.0006743040174989843,0.11002142171660884,0.0020800000000000003,False,False
0.105,326.93284740183225,7.582379200137319,324.9877603339054,2.256832936554182,323.5577608033137,-9.839212136691492,10,90.0,0.001,3109.3309078883067,1010.2802110016771,1.0059425768416992,19.29600987905104,231.17747294547442,65.02765462358622,45.251134845657646,0.7919331154904301,35.79204066484286,5.601901940709202,0.9208266426734221,-0.0029545447308142376,0.03601296257728142,0.0021,False,False,3125.891005770001,896.3341211713587,1.0005770897398785,16.859972439921876,229.94139945570717,17.880314659806896,17.991561434281827,0.2535071809993365,46.340936059158395,1.7936024297168573,1.1339184252594956,-0.0014650716175505754,0.02723107490324574,0.0021,False,False,3147.1352891784804,784.66862098427,0.997970015293561,12.983058190117251,229.3487014695077,-82.90796928339293,-63.24269627993975,1.0424315211019568,-143.6461915066866,7.373387960582546,-0.866844100983034,-0.003230043474764909,-0.11805285010827077,0.0021,False,False
0.106,310.9314595588225,6.502027887627192,312.58866502779546,1.788587396154448,314.71331857241194,-8.290615283781676,10,108.0,0.001,2644.952711939554,1921.6687094775307,1.0059487493318227,36.915756277156056,231.17726399217378,47.860484861364796,63.13067309683522,0.7919839347983791,53.71728662333612,5.601833582330165,0.9208266426734221,-0.0023496783045874074,-0.039247617027979,0.00212,False,False,2695.915749343939,1818.41759505383,1.000570791413927,35.256862322967315,229.9413433634983,11.446336729543951,22.63658745635238,0.2540179991071076,64.63565650365854,1.793646726915862,1.1339184252594956,0.003580463760552413,0.3233553235653129,0.00212,False,False,2750.627208725112,1718.7823706190247,0.9979971653732069,30.70799996213983,229.34867428142738,-59.306821590908555,-85.76726055318781,1.0430474402421714,-125.48488242556557,7.373371708388999,-0.866844100983034,0.002952131999913002,0.043139896286439425,0.00212,False,False
0.107,264.4939652643326,4.785176725223018,269.59122056453265,1.145289408056232,275.0625470361257,-5.930466133279221,10,126.0,0.001,1921.668709487662,2644.950068863337,1.0059556827914957,55.08025454035846,231.17711279237994,26.008167000186482,74.83008367333258,0.7925261048584146,71.8530656654287,5.601770333237317,0.9208266426734221,0.0031614700206800965,0.09565809071870067,0.00214,False,False,2002.045624234359,2562.5014651599477,1.0006048359563955,53.07926651620813,229.9413016452549,3.8920828299168746,25.06613096683023,0.253518369145067,82.4848489997433,1.7936822884797898,1.1339184252594956,-0.0014661275058600002,0.1747742117675317,0.00214,False,False,2084.8686392122713,2484.6496193309654,0.9980028780570791,48.84002557995735,229.34865351264153,-29.900249830103036,-99.89621464016294,1.042713641544621,-107.90814054465945,7.373356982859328,-0.866844100983034,-0.00036502993181767766,-0.38030370302859895,0.00214,False,False
0.108,192.1660181518165,2.599896080255089,200.2043239021969,0.38989965128289367,208.4867436101732,-2.9897957315379173,10,144.0,0.001,1010.2792014539295,3109.3246936530363,1.0059288126106938,73.24738231249862,231.17703297960784,1.6099108123920791,79.20409795122244,0.7924700087851843,89.81719723322293,5.601732296839387,0.9208266426734221,0.0026543008781929316,0.05865027641677513,0.00216,False,False,1112.201533430132,3055.7496745627886,,,229.94127864038384,-4.04309879817859,25.042407386087202,0.25349687630420165,100.15898123183713,1.7936956480721415,1.1339184252594956,-0.0016999492312048364,-0.1483656287802851,0.00216,False,False,1215.028697836084,3007.3019706096647,0.997964581328512,66.89655516213064,229.34864158086938,2.43318798578694,-104.24650533730963,1.0424702360825904,-89.9499094534971,7.3733487232111505,-0.866844100983034,-0.002787403645650071,-0.4223070471944128,0.00216,False,False
0.109,101.027603957265,0.16011171817529463,111.22005399402853,-0.4036505515854496,121.50281477472339,0.24353883341017118,10,162.0,0.001,-0.0025136962352974024,3269.3366415179735,1.0059523587858354,91.0727861838491,231.17701091996952,,,,,,0.9208266426734221,-0.009089129107313363,-0.020787044562782128,0.00218,True,False,113.48765663757537,3249.8797244520165,1.000559070747639,89.17117289534036,229.94127154138076,-11.582577604164719,22.567737773716797,0.25286523251923143,118.25440457183542,1.7936818170731146,1.1339184252594956,-0.007996827094501115,-0.050225402508853545,0.00218,False,False,226.25339892578057,3235.5786046239896,0.997995264209288,85.29866913484125,229.34863752839246,34.5284297330105,-98.39229547078496,1.0416055857164226,-71.72570482776744,7.373349397606793,-0.866844100983034,-0.011434861046792944,-0.19834692436884152,0.00218,False,False
0.11,-7.210820059936805e-13,-2.2953372365154077,11.348815184328046,-1.157695022930317,22.625355570460492,3.4530322594457226,10,180.0,0.001,-1010.2829732289547,3109.3231401033254,1.0059504609070773,108.81776556776923,231.17701091996952,-45.25528046079764,65.0223261077849,0.7932259370207387,126.19464204221883,5.601760126090985,0.9208266426734221,0.010174226728696341,0.4338520492486617,0.0022,False,False,-896.3349176494875,3125.888894413545,1.0005695458603396,107.0199779470714,229.94127146747329,-17.9884509602429,17.88432173387557,0.2532456241879525,136.54109318921007,1.7936461911840889,1.1339184252594956,-0.004142527791859138,0.23866064909159737,0.0022,False,False,-784.669033176647,3147.1342524125644,0.9979970673406242,103.27269079837916,229.34863738787251,63.24373142104088,-82.90664784166023,1.0428925643703855,-53.58096112827212,7.373358061425546,-0.866844100983034,0.0014226730028534824,-0.053815069155279296,0.0022,False,False
0.111,-101.02750300313832,-4.52607910718958,-89.63329825038451,-1.7984340576540092,-78.466818487732,6.324513164843657,10,198.0,0.001,-1921.6689361416834,2644.9477377771877,1.0059612397799418,126.84753311302794,231.1769888603164,-63.13444267117511,47.85489569988542,0.79237783673366,143.9924508886355,5.601807250275043,0.9208266426734221,0.0016265801976998674,0.23094838289742353,0.00222,False,False,-1818.4177301733343,2695.9143531293134,1.0005781976344346,124.99706288737107,229.94126685761935,-22.633764042041193,11.450532972146288,0.253138834854017,154.14227825953526,1.7936024922721956,1.1339184252594956,-0.005148621537353511,-0.15878640353433465,0.00222,False,False,-1718.7824707476816,2750.62650273237,0.9980041373411688,121.09251400439562,229.3486356977431,85.76820671321654,-59.30542867203135,1.0421744406504798,-35.478355349765984,7.373370719275697,-0.866844100983034,-0.005776465099556118,0.04864176932828155,0.00222,False,False
0.112,-192.16563409949347,-6.313740409966818,-181.84145447718836,-2.2631573342854554,-171.8781013965816,8.576897744252276,10,216.0,0.001,-2644.947737784932,1921.667015844182,1.0059468380182288,144.500399146403,231.1769090479963,-74.83310818241654,26.002864294496813,0.7928790932428669,161.8506147741581,5.601849262412937,0.9208266426734221,0.006579731154573457,0.08876656292654143,0.0022400000000000002,False,False,-2562.5009258226773,2002.0450796823716,1.000558182326628,143.39609040110412,229.94124788652505,-25.063871065928872,3.896057494444213,0.2534641822964321,172.36353879876938,1.793567529826409,1.1339184252594956,-0.0018457027481975478,0.06301917246423476,0.0022400000000000002,False,False,-2484.6493975948597,2084.8683330999093,0.997987728222624,139.2197947546545,229.34862758834302,99.89697924834549,-29.89892178894062,1.0430338119005946,-17.304447057040914,7.3733818520016845,-0.866844100983034,0.0028015033495135087,0.22247024494847878,0.0022400000000000002,False,False
0.113,-264.4931723603331,-7.483323037381321,-256.2496802185197,-2.5063814902498107,-248.4647474930887,9.989704527631142,10,234.0,0.001,-3109.3200330220866,1010.2809541044105,1.0059649340853474,163.3531504552882,231.17675784968725,-79.206081280783,1.6054136581065377,0.7922044082587381,179.96617043759903,5.601866057338231,0.9208266426734221,-0.00019087029784396894,0.20424253722834995,0.0022600000000000003,False,False,-3055.7485136873347,1112.2018936766617,1.000561487805232,161.09352996582467,229.94121021687596,-25.040932344884382,-4.039734852020111,0.25363800782478263,-170.06811594209537,1.7935547808412526,1.1339184252594956,-8.941767697732081e-05,-0.36859226007178125,0.0022600000000000003,False,False,-3007.30144871412,1215.028821568188,0.9979747980015433,157.35466091942504,229.34861064195945,104.24701362566734,2.4343211939139895,1.042679732328256,0.6242165552893036,7.373386525045737,-0.866844100983034,-0.0007459010561465271,0.15110298905257563,0.0022600000000000003,False,False
0.114,-310.9302167394404,-7.920335209263525,-305.57438556059066,-2.5043016655012242,-300.7299248372103,10.42463687476476,10,252.0,0.001,-3269.3301075563295,0.002513675884486588,1.0059633391690086,181.11233085433287,231.17654889911086,-75.82530563408511,-22.949103457619024,0.7922800751432341,-162.17825715730015,5.601847161432969,0.9208266426734221,0.0005925213926118232,0.05979885963524208,0.0022800000000000003,False,False,-3249.878055781486,113.48888624876665,1.000572313903405,179.47742659937572,229.94115665482812,-22.567192151307154,-11.580153811470261,0.253241821002338,-152.2473408198522,1.7935692402181305,1.1339184252594956,-0.004071734548308133,-0.5477626206533878,0.0022800000000000003,False,False,-3235.5778336560006,226.25394039025446,0.9979946955568938,175.27061308498128,229.34858581630905,98.3924977853921,34.52925726908967,1.043072969712402,18.38981703700098,7.3733822727440925,-0.866844100983034,0.003192486447968395,-0.08331730083927512,0.0022800000000000003,False,False
0.115,-326.93121392983056,-7.581999204234465,-324.9873319280647,-2.2571213335041405,-323.55755710208956,9.839120537738564,10,270.0,0.001,-3109.3153724058056,-1010.275163259164,1.005926722452308,-161.10709621144045,231.1763178893697,-65.02176535836281,-45.25696761458876,0.7925854769613693,-143.9721648571446,5.601795733506322,0.9208266426734221,0.003719269645311222,0.2657119586715774,0.0023,False,False,-3125.8868813709623,-896.3329391920281,1.0005665367494707,-162.79027855523563,229.94109607688338,-17.884759134881612,-17.9872047889342,0.2533171143774849,-133.64066082171777,1.7936055104618025,1.1339184252594956,-0.0033700946673506055,0.059491918497152865,0.0023,False,False,-3147.133307840025,-784.6681269824334,0.9980099449431203,-166.69397914502838,229.34855707872046,82.9065244932441,63.244172403523265,1.0424895614481238,36.539773294675584,7.373370039051159,-0.866844100983034,-0.002624295140350744,0.06658559580358735,0.0023,False,False
0.116,-310.92990603734245,-6.501438734112414,-312.5882530063057,-1.789032394252924,-314.7131204394292,8.29047112836535,10,288.0,0.001,-2644.9394967030403,-1921.6591080763274,1.0059240715265287,-143.36110782235502,231.17610893940184,-47.85308107166749,-63.13440039592956,0.7926906325189272,-126.22749564128544,5.601727359219266,0.9208266426734221,0.004867521064963118,0.009874407164588235,0.00232,False,False,-2695.91219281261,-1818.415196660135,1.0005602666825175,-144.7686134750132,229.94104003853045,-11.451910780402859,-22.633817727256805,0.25333353334206377,-115.74448672470815,1.793649861919811,1.1339184252594956,-0.003268627454988412,-0.04292913819615127,0.00232,False,False,-2750.625477016729,-1718.781288528593,0.9979803660015939,-148.751666862291,229.34852989074855,59.30499185207006,85.7682181231866,1.0428525145673941,54.41314138646424,7.373353815802076,-0.866844100983034,0.0010281791912320959,-0.06016247971963276,0.00232,False,False
0.117,-264.4926437623558,-4.7844360725057395,-269.59086525190287,-1.145847477018726,-275.0623738660075,5.930283549524436,10,306.0,0.001,-1921.6591080874928,-2644.9368536686457,1.0059441878419457,-125.3605380705093,231.17595774204347,-25.999973339774392,-74.8313405058766,0.7923418987362856,-108.07986890367776,5.601664098986758,0.9208266426734221,0.001469646717318753,0.15662746149033094,0.00234,False,False,-2002.0429835664324,-2562.4980853345587,1.0005798817240275,-126.79810275313109,229.94099836034962,-3.898241025021485,-25.0652196201976,0.2539357877982421,-97.85790842713347,1.7936854764672363,1.1339184252594956,0.002703550530808472,-0.15412247576707508,0.00234,False,False,-2084.867326645387,-2484.64805507492,,,229.3485091220462,29.898214364795535,99.89656012607432,1.0425306986683462,72.430896757484,7.373339117125173,-0.866844100983034,-0.002169192731021095,-0.042592294499413645,0.00234,False,False
0.11800000000000001,-192.16505802613491,-2.599076420541659,-200.2040600646489,-0.3905161829435553,-208.48661235398873,2.9895926034851916,10,324.0,0.001,-1010.2741537291836,-3109.309158269841,1.0059615302749867,-107.18317584035873,231.17587793056964,-1.6017293012065092,-79.20276112903551,0.7923363679821952,-90.31400460522318,5.601626061786615,0.9208266426734221,0.0014681319007311744,-0.07864803859655664,0.00236,False,False,-1112.2000669118954,-3055.745644303407,1.0005824974596742,-108.95656801260584,229.94097537757455,4.036959186970946,-25.04344402013838,0.25370941341512265,-79.38499374948522,1.793698870863047,1.1339184252594956,0.0004208641633983399,0.32152283095021117,0.00236,False,False,-1215.0279328935126,-3007.3000773086164,0.9980001698842936,-112.58440395712093,229.34849719032272,-2.4352298857647594,104.2462051491739,1.0429964819148416,90.15891943822625,7.373330873018033,-0.866844100983034,0.0025002986620591416,-0.3148036614394081,0.00236,False,False
0.11900000000000001,-101.02709919022682,-0.15929328220852093,-111.21990743772811,0.40303589975221027,-121.50273828070003,-0.24374261754371984,10,342.0,0.001,0.002513654556608458,-3269.3203066629467,1.0059333935709627,-88.94971378306298,231.17585587129358,22.953220608844173,-75.82075791475532,0.7921672890503526,-72.46306523432067,5.601623723120914,0.9208266426734221,-0.00021935004494157934,-0.22891211762766916,0.00238,False,False,-113.4875075826816,-3249.8754383556516,1.0005483263308916,-90.70370125231904,229.94096828539136,11.577057610048051,-22.570621310073566,0.2530080290538637,-61.961704323195605,1.7936850465300735,1.1339184252594956,-0.006573428890009009,-0.2524679056315509,0.00238,False,False,-226.25325648496045,-3235.57656760763,0.9980063683777725,-94.86396527266983,229.34849313786233,-34.530278218892505,98.39137922482881,1.0437008524605231,108.60918993712723,7.373331546742692,-0.866844100983034,0.009543051328323601,0.13522274603166115,0.00238,False,False
0.12,-4.804491173769871e-13,2.296074332686659,-11.348800231266857,1.1571424218304132,-22.625341326316114,-3.453216754517072,10,0.0,0.001,1010.2779254415098,-3109.30760474589,1.0059453518056694,-71.0814365733565,231.17585587129358,45.26111456341857,-65.01643516537109,0.7917502958962618,-54.38196801009919,5.601653922341065,0.9208266426734221,-0.004431989732560215,-0.1488552073075159,0.0024,False,False,896.3337349051286,-3125.8847720420663,1.0005787945223443,-72.68751807721046,229.94096821155486,17.98409108366743,-17.88877027319944,0.25273391321315464,-43.232758151964376,1.7936493999566225,1.1339184252594956,-0.009264175429473463,0.47867832497151136,0.0024,False,False,784.6685391731297,-3147.132271078285,0.9979944069977105,-77.04813239524884,229.34849299734302,,,,,,-0.866844100983034,0.0032227259992578354,0.12898000717400093,0.0024,True,False
0.121,101.02699823793353,4.526662704712886,89.63318016198724,1.7979976161808606,78.46676908774056,-6.324660320893779,10,18.0,0.001,1921.6593347371513,-2644.934522621148,1.0059518832677354,-53.201529573723406,231.17583381200973,63.13817120309806,-47.84749012301231,0.7924398903371745,-36.04118302945235,5.601701069292917,0.9208266426734221,0.0023972788178339625,0.19121706492804402,0.00242,False,False,1818.4153316499373,-2695.9107979389228,1.0005619248397832,-54.791650012249725,229.94096360613122,22.6309913265734,-11.45611135306591,0.2536324198266332,-25.86630983290228,1.7936056642379425,1.1339184252594956,-0.0002172576481701597,-0.15350363002101172,0.00242,False,False,1718.7813886568456,-2750.6247710268476,0.9979983413945444,-58.990748032824605,229.34849130722066,-85.76916252967163,59.30360147607804,1.0432621489590121,144.59854389665037,7.373352829301849,-0.866844100983034,0.005125918229413674,0.12421652255314325,0.00242,False,False
0.122,192.1646739807885,6.314113371262607,181.841214931169,2.262879801150288,171.87799318812793,-8.576993172412909,10,36.0,0.001,2644.934522629647,-1921.6574144710598,1.0059435019636733,-35.03891002604462,231.1757540010383,74.8343660264521,-25.994668911864103,0.79150834983365,-18.3794188801263,5.6017430994371935,0.9208266426734221,-0.006977565817476113,-0.14736456734653594,0.00244,False,False,2562.4975465157263,-2002.0424395373636,1.0005489978158588,-37.027872694320216,229.94094465327217,25.06295726993905,-3.9022198615690398,0.2543646079297021,-7.36219600818848,1.7935706662448718,1.1339184252594956,0.007154118018975545,0.35115614984086213,0.00244,False,False,2484.647833339752,-2084.8670205342623,0.9979809480566584,-40.9895899713216,229.34848319785482,-99.89732329639126,29.896888773432913,1.0425628916235417,162.48194928862387,7.373363940602259,-0.866844100983034,-0.001882368877027362,0.007542214902871575,0.00244,False,False
0.123,264.49185087275634,7.483448840246748,256.2493426844577,2.5062900668152737,248.4645910684163,-9.989738907062025,10,54.0,0.001,3109.3044977179457,-1010.2759063495739,1.0059518787092396,-16.823192499048695,231.17560280530796,79.20474515006256,-1.5972306580428741,0.791965702004607,-0.028645748511493502,5.601759902058171,0.9208266426734221,-0.002427806602375181,0.20332886647183201,0.00246,False,False,3055.744484543899,-1112.2004268119804,1.0005449110389453,-19.279419695915077,229.9409070198386,25.0419673060867,4.033591635055936,0.2530569813588735,10.394994877377725,1.7935578998704063,1.1339184252594956,-0.005904093309399442,0.10839053256236963,0.00246,False,False,3007.299555415284,-1215.0280566250763,0.9979660403716883,-22.72039202105052,229.34846625154344,-104.24671245614931,-2.43636097701332,1.0431463826735383,-179.43334970716614,7.37336860353712,-0.866844100983034,0.00394594723721874,0.09221237514637691,0.00246,False,False
0.124,310.92866324053074,7.920201523308416,305.57398309438287,2.5044053397447166,300.7297355082962,-10.424606863053146,10,72.0,0.001,3269.313772812931,-0.002513632219915962,1.0059244980586586,1.1844536650363509,231.17539385832828,75.82150615594205,22.95647304778281,0.7917952043869518,17.888029555235686,5.601741001933745,0.9208266426734221,-0.004106053966634992,0.11998806856793086,0.00248,False,False,3249.873771289439,-113.48873601182096,1.0005692460829925,-1.331387769432079,229.94085350929493,22.570074954733588,11.574631130510747,0.2541139886028221,28.393703233300258,1.7935723699779733,1.1339184252594956,0.004645515307715888,0.10715334435188428,0.00248,False,False,3235.5757966429333,-226.25379794713598,0.9979846374573995,-4.9426879240552335,229.34844142599985,-98.39158111067557,-34.531104178293816,1.0425971598176949,-161.68688582671925,7.373364357344219,-0.866844100983034,-0.001540276297626786,-0.16134451555149437,0.00248,False,False
0.125,326.92958048749466,7.581619099425862,324.98690393463704,2.2574099964117895,323.55735340179007,-9.839029095837613,10,90.0,0.001,3109.299837182136,1010.2701156049199,1.0059506889748702,18.87032494672249,231.17516285260004,65.01587430351178,45.26280234050142,0.7920474997654864,35.843719322090884,5.601689560822407,0.9208266426734221,-0.00151035146397051,0.07549853135044263,0.0025,False,False,3125.8827609352065,896.3317583497669,1.000548721568134,17.520538925070685,229.94079298961174,17.88920795255816,17.98284340701681,0.25289910193281806,46.2514569943157,1.7936086782951823,1.1339184252594956,-0.007554699106948063,-0.03451809038824851,0.0025,False,False,3147.1313265098115,784.6676329827803,0.9979884527890532,13.192087029379065,229.34841268853603,-82.90508225606979,-63.24564574751845,1.0423633355171575,-143.32088131382778,7.373352144685039,-0.866844100983034,-0.0038612479947534506,0.2046066914944134,0.0025,False,False
0.126,310.9283525443209,6.500849402974699,312.58784138153044,1.7894778255097612,314.7129223073532,-8.290327228484436,10,108.0,0.001,2644.926281690079,1921.6495068405713,1.0059396840961747,36.79223133505205,231.17495390629492,47.84567497722431,63.138129003858765,0.7922841487735732,53.63895705279175,5.601621170756775,0.9208266426734221,0.0009528567752457787,-0.1297707337699655,0.00252,False,False,2695.9086396999096,1818.4128005728053,,,229.94073700516455,11.457490423328519,22.63104483480969,0.2531349574080805,64.17846106833731,1.7936530839544071,1.1339184252594956,-0.005258943439845172,-0.10610813194779606,0.00252,False,False,2750.6237453156573,1718.780206442833,,,229.34838550068326,-59.303165400552565,-85.76917383866859,1.0433461310203611,-125.45568593260452,7.373335950400284,-0.866844100983034,0.005989609214415007,0.06968607296010774,0.00252,False,False
0.127,264.49132228479647,4.783695190901586,269.5905102814506,1.1464061038861062,275.062200696689,-5.93010129478768,10,126.0,0.001,1921.6495068527774,2644.923638701675,1.005959528648427,55.08402407629348,231.17480271161074,25.99177708552852,74.83259787182332,0.7919192707342122,71.93484336727646,5.60155789950877,0.9208266426734221,-0.002606444561327765,0.16524154998528567,0.00254,False,False,2002.04034543771,2562.494708759262,1.0005787493537524,53.17952406045743,229.94069536708326,3.9044055139240585,25.06430699239923,0.25297095370620337,81.92979641964214,1.793688751464971,1.1339184252594956,-0.006949421935792178,-0.3525424486063215,0.00254,False,False,2084.8660140841425,2484.646490825619,0.9980105244760503,49.19279050815228,229.34836473207258,-29.896182599452295,-99.89690486422262,1.0422513713800645,-107.8330809603313,7.373321278593296,-0.866844100983034,-0.004937238120124954,-0.30789384591214153,0.00254,False,False
0.128,192.16409791834707,2.598256503125016,200.2037964812346,0.3911333426095192,208.48648109841756,-2.989389845734451,10,144.0,0.001,1010.2691060943074,3109.2936231552867,1.0059450866242552,73.27735445331055,231.1747229015612,1.5935451611494988,79.20142401352928,0.7923786378125779,89.57202600460255,5.601519861587333,0.9208266426734221,0.0020410199667099884,-0.19871602567086433,0.00256,False,False,1112.1986018046978,3055.74161791985,1.0005734685413232,71.29063624928214,229.94067240642474,-4.030813196430701,25.044481379862997,0.2539513488218818,100.31921505139111,1.7937021807017244,1.1339184252594956,0.002835537412243142,0.03960950783018913,0.00256,False,False,1215.0271679543184,3007.2981840157563,0.9979774179588855,67.11972719627745,229.3483528004023,2.437268035281507,-104.24590539339223,1.0424381927294764,-89.62766524245042,7.373313050035204,-0.866844100983034,-0.0030573876875530748,-0.10271178777327948,0.00256,False,False
0.129,101.02659443267692,0.15847458496275443,111.21976102262151,-0.4024206112983641,121.50266178703819,0.24394602633568235,10,162.0,0.001,-0.002513608903967679,3269.3039720916768,1.0059369381110106,90.72678446585357,231.17470084268234,-22.96059149556459,75.8169570420369,0.7926217856792623,107.45474059615165,5.6015175340885355,0.9208266426734221,0.00447579021391926,-0.3172052879041615,0.0025800000000000003,False,False,113.4873586723198,3249.871156381532,1.0005487095807846,89.11132594817715,229.9406653210677,-11.571531775393828,22.57350750715423,0.2535730499627512,118.09950836459072,1.793688363128469,1.1339184252594956,-0.0009279101795660593,-0.17737439640505198,0.0025800000000000003,False,False,226.25311404487906,3235.57453060012,,,229.3483487479601,34.53212327095875,-98.390464549191,1.0430547176424034,-71.21197129148536,7.373313723084858,-0.866844100983034,0.0031069096057678744,0.3127384835388061,0.0025800000000000003,False,False
0.13,-6.410003477250355e-13,-2.2968116681514146,11.348785292611781,-1.1565892377992206,22.625327082236925,3.453400905950702,10,180.0,0.001,-1010.2728777379743,3109.2920696595493,1.0059709884960355,108.68235823671186,231.1747008426823,-45.2669506154478,65.010542443036,0.7918774090211844,125.70038730134765,5.601547753415647,0.9208266426734221,-0.0030107129491053707,-0.07259921636288891,0.0026000000000000003,False,False,-896.3325532971322,3125.8806536357456,1.0005696945322502,107.32085069108751,229.94066524730238,-17.979726476711285,17.893223147167834,0.25357779415437076,136.18872746617168,1.7936526959973267,1.1339184252594956,-0.0008300273227778823,-0.08595261409966962,0.0026000000000000003,False,False,-784.6680451716384,3147.1302897526525,0.9979651182303535,103.04357015556049,229.3483486074414,63.246677092159416,-82.90376559020358,1.0421344631648504,-53.6516460684592,7.373322355707535,-0.866844100983034,-0.006107843541831351,-0.12714742386400232,0.0026000000000000003,False,False
0.131,-101.02649348237638,-4.527246496162812,-89.6330621874009,-1.7975607024917628,-78.46671968798732,6.324807198654657,10,198.0,0.001,-1921.649733497712,2644.921307696513,1.0059678722253949,127.17152015390965,231.17467878380253,,,,,,0.9208266426734221,0.0032271043189175015,0.08017765525661784,0.0026200000000000004,True,False,-1818.412935432786,2695.907246168401,1.000562175952224,125.5571456654278,229.940660646313,-22.62821545338072,11.461695317707516,0.2539244153572937,154.44085339032944,1.793608923595911,1.1339184252594956,0.0026980882301913555,0.1675448830648263,0.0026200000000000004,False,False,-1718.7803065706476,2750.6230393289097,0.9979827933043285,120.97132286406766,229.3483469173268,85.7701164903355,-59.30177756930259,1.0424330038128833,-35.697893506964114,7.37333496650083,-0.866844100983034,-0.0031402714164128005,-0.17354331321859712,0.0026200000000000004,False,False
0.132,-192.163713880582,-6.314486462201125,-181.8409756160576,-2.2626019526840757,-171.8778849801954,8.577088414885198,10,216.0,0.001,-2644.921307705768,1921.6478132660623,1.005924485471196,145.04655181907364,231.17459897430587,-74.83562439833652,25.986470945096798,0.7930832543412799,161.58016770179253,5.601636971131413,0.9208266426734221,0.008921567348208998,-0.19387757570195008,0.00264,False,False,-2562.494170459351,2002.0398019320428,1.000571938474185,143.69129974604746,229.9406417117062,-25.06204219729679,3.9083885145761252,0.2539086165536469,172.31089419967063,1.7935738901421867,1.1339184252594956,0.00258964497911628,0.03813256564558882,0.00264,False,False,-2484.646269091484,2084.865707974369,0.9980011240980662,139.01418268824477,229.34833880799857,99.89766659563344,-29.894859459672503,1.0432604045649836,-17.1807806210611,7.3733460563593205,-0.866844100983034,0.005118052676308783,0.3434899906161131,0.00264,False,False
0.133,-264.49052941085057,-7.483574695864066,-256.2490054758211,-2.506198515732874,-248.46443464450496,9.989773211596946,10,234.0,0.001,-3109.2889626898104,1010.2708586818346,,,231.1744477813931,-79.20340872236014,1.5890450373545968,0.7927669237903834,179.91799836319584,5.601653781416688,0.9208266426734221,0.005734488505821829,0.14387337938299447,0.00266,False,False,-3055.7404592773246,1112.1989613580158,1.000576842798963,161.26876062164308,229.94060411452176,-25.043002995920453,-4.0274420454707265,0.2538084850385843,-169.73746515407743,1.7935611064071753,1.1339184252594956,0.001606408759921326,-0.01018310187497969,0.00266,False,False,-3007.29766212485,1215.0272916852841,0.998021989958351,157.3167216863195,229.34832186176624,104.2464117182806,2.438397008116564,1.0434043710753345,0.6219673289984212,7.373350709177769,-0.866844100983034,0.006551137700863347,0.1462071209809045,0.00266,False,False
0.134,-310.92710977204337,-7.920067808142964,-305.57358101627517,-2.504509086442993,-300.7295461803099,10.424576894585948,10,252.0,0.001,-3269.297438363612,0.0025135845823456293,1.0059259540523857,180.90410190101562,231.17423883834024,-75.8177055859806,-22.963845038681093,0.7919336473885511,-161.9570984020618,5.601634877106412,0.9208266426734221,-0.002571540780523349,0.26876049349359393,0.00268,False,False,-3249.8694909211235,113.48858591830857,1.0005525853310824,179.22513375457476,229.94055065552988,-22.572960419996832,-11.569102613864153,0.2537919641536202,-151.71523198718992,1.7935755872179764,1.1339184252594956,0.0014207209512516025,0.012104459143773113,0.00268,False,False,-3235.5737596390263,226.2536555045317,0.9979970731126016,175.2115446236365,229.3482970363393,98.39066600597727,34.53294765254565,1.042967820796326,18.288550725921265,7.37334646909842,-0.866844100983034,0.002191631288500782,-0.18723025277835892,0.00268,False,False
0.135,-326.9279470774039,-7.581238886396379,-324.9864763540027,-2.257698924708854,-323.5571497024961,9.83893781110522,10,270.0,0.001,-3109.284302241831,-1010.2650680469242,1.0059506892375971,-160.79926926130213,231.1740078369898,-65.00998146971466,-45.26863901268108,0.792409114768976,-143.78806968166808,5.601583422905114,0.9208266426734221,0.002255900253042321,0.4376098070965701,0.0027,False,False,-3125.8786444664,-896.3305786456312,1.0005615879057126,-163.17773615691414,229.94049019416212,-17.893661104037918,-17.978477297232928,0.25400549369510805,-133.84240320842954,1.7936119335481675,1.1339184252594956,0.0035046148930315247,-0.11449169667739033,0.0027,False,False,-3147.1293451886218,-784.6671389855189,0.9980005848292005,-166.61379329669765,229.3482682990116,82.90364257375232,63.24711630991435,1.0430435992001637,36.03397454584851,7.373334277488141,-0.866844100983034,0.002966656867480679,-0.4418596834578581,0.0027,False,False
0.136,-310.92679908221163,-6.500259895282335,-312.5874301538358,-1.7899236890446746,-314.7127241762628,8.29018358432699,10,288.0,0.001,-2644.9130669215383,-1921.639905785434,1.005921706699593,-143.2339962663934,231.1737988946774,-47.83826659150511,-63.14185891373347,0.7925654584943469,-126.03760227415532,5.601515017190321,0.9208266426734221,0.003916077796355611,0.187569991146118,0.00272,False,False,-2695.905090008997,-1818.410406793978,1.0005699222233329,-144.82601745200742,229.94043426367028,-11.463075647262883,-22.628268784569208,0.2535504844434054,-116.08386779963946,1.793656393350717,1.1339184252594956,-0.0011083532797414213,-0.3545493693601254,0.00272,False,False,-2750.622013622578,-1718.7791243621843,0.9979864830459849,-148.5860362971141,229.34824111128867,59.30134223876762,85.77012769830291,1.0430376028269617,54.008298309706205,7.373318112187563,-0.866844100983034,0.00292955432278029,-0.4676517516634479,0.00272,False,False
0.137,-264.4900008337428,-4.78295408175777,-269.5901556534923,-1.1469652875518055,-275.0620275282401,5.929919369309572,10,306.0,0.001,-1921.6399057986769,-2644.910423983303,1.0059435434045212,-125.02843766609647,231.17364770290627,-25.983578252388835,-74.8338557687832,0.7919463267113648,-108.3129989314168,5.60145173505095,0.9208266426734221,-0.00218574557371015,-0.08870104280302991,0.0027400000000000002,False,False,-2002.0377098505367,-2562.4913354370683,1.0005279918261298,-126.88707370119,229.94039266572577,-3.9105762843890988,-25.0633930853038,0.25397580801529773,-97.66244950636033,1.7936921138039281,1.1339184252594956,0.0030943660897972797,0.06910121758072565,0.0027400000000000002,False,False,-2084.8647015290526,-2484.6449265836923,0.9980049096437728,-130.8486347555848,229.3482203427782,29.894154536777528,99.89724885408711,1.0427438502497994,72.30006415277633,7.373303467267622,-0.866844100983034,1.273959555608535e-05,-0.1760705048526781,0.0027400000000000002,False,False
0.138,-192.16313782996554,-2.5974363294992435,-200.20353315218446,-0.3917511290563846,-208.4863498435079,2.989187458555635,10,324.0,0.001,-1010.264058557269,-3109.2780883339137,1.0059434831581717,-107.51833331415955,231.173567894407,-1.5853584071685338,-79.20008660704795,0.7923231545852824,-90.02638836297594,5.601413696489073,0.9208266426734221,0.0016363278155650022,0.19676890022015853,0.0027600000000000003,False,False,-1112.197138109838,-3055.7375954157037,1.000557942700741,-108.83231752015664,229.94036972720406,4.0246608387729985,-25.045519463256944,0.2538773421534493,-79.87868111677211,1.793705577918984,1.1339184252594956,0.0020906663371949223,-0.14439437862099488,0.0027600000000000003,False,False,-1215.0264030187982,-3007.2962907318442,0.9979898561113273,-113.03659252975856,229.34820841116579,-2.4393024316048595,104.24560607030489,1.0434976986519646,90.74520911830469,7.3732952542665835,-0.866844100983034,0.007562838554666244,0.26884118916806565,0.0027600000000000003,False,False
0.139,-101.02608968540794,-0.15765562793300064,-111.21961474883435,0.40180468744637937,-121.50258529376377,-0.24414905951343194,10,342.0,0.001,0.002513559285077349,-3269.2876378299648,1.005908165265271,-89.20764812450624,231.1735458359601,22.967964775514712,-75.8131550857617,0.7917088260889962,-72.09328967661641,5.601411380173322,0.9208266426734221,-0.00450368138214668,0.12866333111271322,0.0027800000000000004,False,False,-113.48720990661286,-3249.8668785334667,1.0005942812071362,-90.93379956908257,229.9403626486795,11.566000111201483,-22.576396359277616,0.25373018314586676,-62.02904619864504,1.7936917671990307,1.1339184252594956,0.0006386075688338445,-0.29203373791711557,0.0027800000000000004,False,False,-226.25297160558432,-3235.5724936022743,0.997996503295221,-94.74597938357779,229.34820435874354,-34.53396488671659,98.38955144503916,1.042868862777945,108.47189125634632,7.373295926637211,-0.866844100983034,0.0012735289388085358,-0.004719940364125238,0.0027800000000000004,False,False
0.14,1.7624386068883644e-12,2.297549241560302,-11.348770368378398,1.1560354719371233,-22.625312838230833,-3.453584713497456,10,4.547473508864641e-13,0.001,1010.2678301263268,-3109.2765348688417,1.0059363707383275,-70.98052381616412,231.1735458359601,45.27278860616988,-65.00464795146239,0.7908389192608407,-54.315268026745976,5.601441619562106,0.9208266426734221,-0.013245514617438338,-0.09435597051985388,0.0028000000000000004,False,False,896.3313728265588,-3125.8765391982442,1.000554534893107,-72.82113107370903,229.94036257498524,17.97535714808089,-17.897680346978312,0.2534974119642833,-43.74741208014046,1.7936560796368914,1.1339184252594956,-0.0016386344126145147,-0.008194321133866953,0.0028000000000000004,False,False,784.6675511723744,-3147.1283084364577,0.9980202686549018,-76.83260544029818,229.34820421822545,-63.24814575425113,82.90232829844044,1.0427395544081448,126.45336391250227,7.373304543640318,-0.866844100983034,-3.174104185589044e-05,-0.02345805733032839,0.0028000000000000004,False,False
0.14100000000000001,101.02598873726183,4.527830480467523,89.63294432672792,1.7971233174579688,78.46667028848957,-6.324953797925543,10,18.000000000000455,0.001,1921.6401324385372,-2644.9080930241535,1.0059557909722943,-52.95846609846186,231.17352377751934,63.14563216585436,-47.83267209910593,0.7916976920246209,-36.32933927804992,5.6014888118097526,0.9208266426734221,-0.0047245268962977476,-0.10914031754018683,0.0028200000000000005,False,False,1818.4105415240233,-2695.9036978209024,1.0006026260886458,-55.05328511004751,229.94035797843435,22.62543642802421,-11.46728485500878,0.2533053067239467,-25.702126926698377,1.7936122706768018,1.1339184252594956,-0.0034977315904692326,0.038464250537220475,0.0028200000000000005,False,False,1718.7792244895227,-2750.621307639247,0.9979934257407196,-58.977447096132366,229.3482025281193,-85.77106859387885,59.299956954114336,1.0431683679527624,144.51428013400115,7.373317130876607,-0.866844100983034,0.004238593364048196,0.037309958154870766,0.0028200000000000005,False,False
0.14200000000000002,192.16275380038812,6.314859682093216,181.84073653206474,2.2623237894429957,171.87777677282483,-8.577183471536259,10,36.000000000000455,0.001,2644.9080930341684,-1921.6382122443526,1.005908119194698,-34.95782136110465,231.1734439696233,74.83688329567937,-25.978270409136012,0.7930065776397438,-18.2531170405608,5.601530877742854,0.9208266426734221,0.008304839041825789,-0.03326401191218937,0.0028400000000000005,False,False,2562.4907976565573,-2002.037166868749,1.0005836921836286,-36.90084511997834,229.94033906209657,25.06112584987298,-3.9145634412259627,0.2535207268875153,-7.846072687884411,1.7935772018490796,1.1339184252594956,-0.0012939351430015004,-0.10493371961220077,0.0028400000000000005,False,False,2484.6447048506743,-2084.864395420753,0.9979986455902716,-41.079809834100594,229.34819441883158,-99.89800914555255,29.89283385036153,1.042896516934137,162.45466238113292,7.373328199276845,-0.866844100983034,0.0015044300960659746,-0.022387259151996738,0.0028400000000000005,False,False
0.14300000000000002,264.489207976701,7.483700603994191,256.2486685929077,2.50610683718973,248.46427822141484,-9.989807441183956,10,54.000000000000455,0.001,3109.2734279622155,-1010.2658111091638,1.0059323027522995,-17.17688644032916,231.17329277976685,79.20207200001923,-1.5808568109902863,0.7919748035934553,-0.07155981609934595,5.601547695661033,0.9208266426734221,-0.0020366855490385003,0.14821349784419474,0.0028600000000000006,False,False,3055.7364378911893,-1112.197497316065,1.0005900964482466,-18.79838397712086,229.94030150119454,25.044039412382958,4.02128609548315,0.2540784694011343,10.102018032991792,1.7935644007823042,1.1339184252594956,0.00430159343543477,-0.15679912319134015,0.0028600000000000006,False,False,3007.2957688435663,-1215.0265267491195,0.9979925978822028,-22.799993815479723,229.34817747268502,,,,,,-0.866844100983034,0.008380005450837415,0.0672206929525542,0.0028600000000000006,True,False
0.14400000000000002,310.92555633643093,7.91993406400156,305.5731793266241,2.5046129053955872,300.72935685332516,-10.424546969397138,10,72.00000000000045,0.001,3269.2811042341673,-0.002513532972102439,1.005953264712533,1.209375867674822,231.1730838409707,75.81390393104897,22.971219416821114,0.791250428000165,17.897918118008892,5.601528787198215,0.9208266426734221,-0.00925370087738101,0.11767529231659841,0.00288,False,False,3249.865214680341,-113.48843596835863,1.000588809800776,-0.6916181805241818,229.940248093802,22.57584854141631,11.563568272532219,0.25318117524027467,28.196562061583013,1.793578892268866,1.1339184252594956,-0.004691842229996229,-0.06220076263148888,0.00288,False,False,3235.5717226450847,-226.25351306250317,0.9980346724333655,-5.054118973722782,229.3481526473846,-98.38975247246518,-34.53478768935382,1.0422366525752005,-161.4998314004246,7.373328608010669,-0.866844100983034,-0.0050947915302194105,0.023067393664174984,0.00288,False,False
0.145,326.9263137021378,7.580858565830931,324.9860491865412,2.2579881178270806,323.5569460042874,-9.838846683658012,10,90.0,0.001,3109.268767609424,1010.2600205931474,1.005943667640261,19.083329667052833,231.17285284436286,65.00408686765407,45.274477620411616,0.7921892278603498,35.956698954704564,5.601477320001693,0.9208266426734221,0.0002070833318068035,0.17627661973928002,0.0029,False,False,3125.8745319681966,896.3294000806719,1.00053432952937,16.51128570430933,229.9401876908033,17.898118580518236,17.97410646829031,0.2534995453164621,46.34095391398805,1.7936152765514233,1.1339184252594956,-0.0015595966139712834,0.08276641431249067,0.0029,False,False,3147.127363877241,784.666644990839,0.9979812667493946,13.269236958652968,229.34812391020438,-82.90220544817208,-63.24858408870236,1.0424674780291914,-143.06906159234487,7.373316437464415,-0.866844100983034,-0.0027693252387337,0.4537840064286598,0.0029,False,False
0.146,310.9252456534692,6.4996702121039025,312.5870193235885,1.7903699839767804,314.7125260462374,-8.290040196080662,10,108.0,0.001,2644.899852418287,1921.6303049260769,1.0059375949087523,36.853733368121546,231.17264390637317,47.830855927981574,63.14559011866333,0.7926908070038299,54.04005099003479,5.601408898767149,0.9208266426734221,0.0053196370044530684,0.2591212047782567,0.00292,False,False,2695.901543743025,1818.408015325782,1.0005779624260973,35.24367056056669,229.94013181431674,11.468666441142489,22.625489582096495,0.25359831217279555,64.4154609782006,1.793659790439292,1.1339184252594956,-0.0006348801945745883,0.1586814271465351,0.00292,False,False,2750.6202819381797,1718.778042287071,0.9979595512238445,31.166812094385918,229.3480967226221,-59.29952236912373,-85.77107970076017,1.0431780696000967,-125.36735997208297,7.373300301167842,-0.866844100983034,0.004359410639778166,0.15536996246119217,0.00292,False,False
0.147,264.48867941128015,4.782212746421673,269.58980136834157,1.1475250269088322,275.0618543607278,-5.9297377733304595,10,126.0,0.001,1921.6303049403523,2644.897209534399,1.005936823569822,54.99908424477295,231.17249271775393,25.975376855297164,74.8351141943661,0.7923891182421132,71.90764570534944,5.601345605860489,0.9208266426734221,0.002392259074287819,0.12584119893717974,0.00294,False,False,2002.0350768072497,2562.4879653709745,1.0005631265753083,53.29872150195733,229.9400902565458,3.9167533241749637,25.062477900781076,0.2531259977411144,82.15962178557515,1.7936955638145164,1.1339184252594956,-0.005408615703800699,-0.09492351575179069,0.00294,False,False,2084.863388980639,2484.643362349754,0.9979750961751939,49.084770729053545,229.3480759542199,-29.892130179471664,-99.89759209514742,1.0422493017965038,-107.83048359026022,7.373285683152032,-0.866844100983034,-0.004907594399936672,-0.3079379568576087,0.00294,False,False
0.148,192.16217776251005,2.59661590115904,200.203270077736,0.39236954105937344,208.48621858931506,-2.9889854422183912,10,144.0,0.001,1010.2590111260388,3109.2625538302545,1.0059458549712754,72.39000931151698,231.17241291093106,1.5771690542133152,79.19874891193584,0.7923579621916829,89.93411822608022,5.60130756673896,0.9208266426734221,0.002134494011549863,0.1511726838210316,0.00296,False,False,1112.1956758286126,3055.7335767945415,1.000584065104496,71.4342591281286,229.94006734018132,-4.018502126219439,25.046558268315184,0.25404955912709415,100.47951030217757,1.7937090628451118,1.1339184252594956,0.003807907643850171,0.22770369848272543,0.00296,False,False,1215.0256380872565,3007.2943974576247,0.9979739599808347,67.08496256855304,229.34806402267014,2.441333072006571,-104.2453071802511,1.0423594127408295,-89.66198989088646,7.373277485716032,-0.866844100983034,-0.0037948920315130294,-0.13967714046346466,0.00296,False,False
0.149,101.02558494922137,0.1568364126142409,111.21946861650102,-0.40118812941853244,121.50250880091126,0.24435171680429846,10,162.0,0.001,-0.002513505699653251,3269.271303903606,1.005927045838629,90.90352068546385,231.17239085295094,-22.97534043520078,75.80935205277906,0.792495944580551,107.36189537779711,5.601305261622317,0.9208266426734221,0.0035175778274516133,-0.4222548194489809,0.00298,False,False,113.48706128569118,3249.862604815257,1.0005864953574293,89.27201400450078,229.9400602684955,-11.560462628475642,22.57928786075987,0.25410971221286704,118.25216920350054,1.7936952590719526,1.1339184252594956,0.004428959984792447,0.0030912569650519994,0.00298,False,False,226.25282916713593,3235.570456614895,0.9979701883784821,84.73104593939851,229.34805997026936,34.53580306367681,-98.3886399135389,1.0427499905697517,-71.7795943418535,7.373278157403628,-0.866844100983034,0.00010993634800061605,-0.25752444662328816,0.00298,False,False
0.15,-5.609202899981663e-13,-2.298287051563549,11.348755458582266,-1.1554811253451978,22.625298594305768,3.453768176908756,10,180.0,0.001,-1010.262782614532,3109.261000398301,1.0059246416621883,108.9971548676225,231.17239085295094,-45.27862852486741,64.99875170133438,0.792585756082231,125.68620031125478,5.601335521027399,0.9208266426734221,0.004372899583195236,-0.09899115343707864,0.003,False,False,-896.3301934944523,3125.872428733219,1.0005797907126208,106.95728131860142,229.94006019487247,-17.970983106486923,17.902141863824255,0.2544487091995886,136.1384984679194,1.793659551205478,1.1339184252594956,0.007869428401059957,-0.10837156658679095,0.003,False,False,-784.6670571755249,3147.1263271304833,0.9979906505246112,103.09761736670269,229.34805982975203,63.24961163135464,-82.90089356515851,1.042227013632019,-53.54824274978145,7.373286758772824,-0.866844100983034,-0.005131997202297431,-0.026383270113337322,0.003,False,False
0.151,-101.02548400338246,-4.528414656555061,-89.63282658006865,-1.7966854619507586,-78.46662088926236,6.325100118505823,10,198.0,0.001,-1921.6305315747745,2644.894878624943,1.0059384832949552,127.27749255687601,231.1723687949838,-63.14936458290575,47.82525967901712,0.7915044773583877,143.9653649043987,5.601382735802908,0.9208266426734221,-0.006506659431105978,0.17946015232881216,0.00302,False,False,-1818.4081499257622,2695.900152899585,1.0005659049347284,124.9257963868793,229.940055602764,-22.622654256067555,11.472879953902115,0.25250114634949467,154.4733827057242,1.7936157058107798,1.1339184252594956,-0.01154419334804997,0.22788793282609304,0.00302,False,False,-1718.778142413883,2750.619575958549,0.9980031378777986,121.18987460380102,229.3480581396549,85.77201883897348,-59.29813963291903,1.0426989268723423,-35.3429219793237,7.373299322433066,-0.866844100983034,-0.00043063249777380424,0.17878953933303798,0.00302,False,False
0.152,-192.16179374172486,-6.3152330302496935,-181.84049767940485,-2.2620453119838433,-171.87766856606086,8.577278342233539,10,216.0,0.001,-2644.8948786357087,1921.6286114211007,1.0059331795434938,144.7844010254315,231.1722889888144,-74.83814271608958,25.970067318925345,0.7914556264487767,162.40261501942575,5.601424819518382,0.9208266426734221,-0.007054683888395025,0.6163642613410683,0.00304,False,False,-2562.4874281103334,2002.0345343498307,1.0005614160316443,142.84109749780623,229.94003670471193,-25.060208229539562,3.9207446292731736,0.25370697365215666,172.44391321852694,1.7935806016957485,1.1339184252594956,0.0005637243941423845,0.1989671541656908,0.00304,False,False,-2484.6431406179336,2084.8630828739415,0.9979985309474179,139.28478329365853,229.34805003041106,99.89835094562925,-29.89081194819827,1.0433270199252318,-17.61019868904079,7.373310369358752,-0.866844100983034,0.00583467531899502,-0.08856651711893458,0.00304,False,False
0.153,-264.4878865723932,-7.48382656439801,-256.2483320360156,-2.5060150313731278,-248.46412179920645,9.989841595771118,10,234.0,0.001,-3109.2578935596857,1010.2607636395439,1.005917591676663,162.61641814573335,231.172137802253,-79.20073498538349,1.572665993901051,0.792015260559682,179.68047208509483,5.601441645038053,0.9208266426734221,-0.0014821376574553902,-0.10585839594641927,0.0030600000000000002,False,False,-3055.7324203890585,1112.1960346874403,1.0005605147773757,161.1419211179908,229.93999918012568,-25.045076553470775,-4.015123797317798,0.2539245738482166,-169.99085082915562,1.7935677833260155,1.1339184252594956,0.002757854267065732,-0.23575282841054235,0.0030600000000000002,False,False,-3007.2938755721734,1215.0257618168953,0.997982146638235,157.0135307944026,229.34803308435664,104.24581153885427,2.4424578034170046,1.0428744028923536,0.3871844922510351,7.373315001922743,-0.866844100983034,0.0013019535553899406,-0.09121410694184971,0.0030600000000000002,False,False
0.154,-310.9240029361457,-7.919800291118621,-305.57277802578574,-2.5047167964020223,-300.7291675274158,10.424517087520643,10,252.0,0.001,-3269.264770450388,0.0025134774030988183,1.0059202827381286,181.00556384538004,231.17192886804344,-75.81010119799629,-22.978596168707757,0.7922453002273313,-162.2090360103668,5.601422732456009,0.9208266426734221,0.0008450054490630995,0.00461734992881526,0.00308,False,False,-3249.8609425708855,113.48828616211799,1.0005757456317623,178.90757075832138,229.93994582437972,-22.57873931330891,-11.55802811752208,0.25433028063651575,-151.91088416352156,1.7935822854608485,1.1339184252594956,0.006794413034293281,-0.15573189339677618,0.00308,False,False,-3235.5696856619074,226.25337062112044,0.9979811434900259,175.12473499271496,229.34800825919234,98.38884051130512,34.53662428623008,1.0430255878221923,18.214767393941194,7.373310774084887,-0.866844100983034,0.002819781919413483,-0.26365197499667875,0.00308,False,False
0.155,-326.92468036427556,-7.580478138414636,-324.9856224326322,-2.2582775751976807,-323.55674230724503,9.838755713612317,10,270.0,0.001,-3109.253233309445,-1010.2549732515461,1.0059321265095322,-161.23093792239177,231.17169787654282,-64.99819050801435,-45.280318152974985,0.7916050794140803,-144.3447041023689,5.601371252358997,0.9208266426734221,-0.005484398832059641,-0.13123035359224675,0.0031,False,False,-3125.8704234442484,-896.328222655922,1.0005718788802298,-162.70346310903983,229.93988547980373,-17.90258037319225,-17.969730928901015,0.2541267187188584,-133.59861050792827,1.7936187076350845,1.1339184252594956,0.004707285124943932,0.15711734380300751,0.0031,False,False,-3147.1253825764506,-784.6661509989211,0.9979808684487328,-166.8385779640413,229.34797952217096,82.90077088120645,63.25004908187621,1.0431347023574822,36.072228133396905,7.373298624617764,-0.866844100983034,0.0039281092134899566,-0.4062443755121714,0.0031,False,False
0.156,-310.92369226054393,-6.499080354507878,-312.5866088911508,-1.7908167094250391,-314.71232791735275,8.289897063932912,10,288.0,0.001,-2644.8866382011956,-1921.6207042776473,,,231.1714889432058,-47.82344300012736,-63.14932261175656,0.7920436397708488,-125.7803102668582,5.601302815734094,0.9208266426734221,-0.0010020112612747142,0.4326558056138097,0.00312,False,False,-2695.898000905144,-1818.4056261703274,1.0005483888704747,-144.82435980796706,229.93982965737206,-11.474262793898617,-22.622707232955523,0.25468934057415427,-115.49920208532032,1.793663275550158,1.1339184252594956,0.010270475127959212,0.2579347411124928,0.00312,False,False,-2750.618550263148,-1718.7769602179048,0.99797930192315,-148.88154243386714,229.34795233474009,59.2977057940258,85.77202984471225,1.0420146874889393,54.44518491044143,7.373282517344989,-0.866844100983034,-0.007249260348325477,-0.033403094723648157,0.00312,False,False
0.157,-264.4873580194939,-4.781471186240757,-269.5894474263122,-1.148085320849975,-275.0616811942192,5.9295565070907275,10,306.0,0.001,-1921.6207042929686,-2644.8839953758156,1.0059114645907388,-124.9866590704312,231.17133775797706,-25.967172909197622,-74.8363731461813,0.7928784591829913,-108.23856478476694,5.601239512184178,0.9208266426734221,0.007435707598987669,-0.02647377642789472,0.00314,False,False,-2002.0324463101915,-2562.4845985639613,1.0005782342903196,-127.18993649864913,229.93978813981147,-3.922936621034709,-25.061561440702093,0.2535940046702756,-97.53204772464,1.7936991018266428,1.1339184252594956,-0.0007335499169218037,0.22732530202419976,0.00314,False,False,-2084.8620764394223,-2484.6417981244094,0.9980006202609254,-131.0118922590494,229.34793156645424,29.89010953023211,99.8979345868835,1.0420154927819156,72.61316043031864,7.373267926250383,-0.866844100983034,-0.007220572494681549,0.13438841936131143,0.00314,False,False
0.158,-192.161217717493,-2.5957952195989367,-200.20300725811936,-0.39298857739320275,-208.4860873358874,2.988783796992066,10,324.0,0.001,-1010.2539638085946,-3109.2470196688278,1.0059134810002066,-107.24790135763222,231.17125795295644,-1.5689771172357667,-79.19741093053733,0.7918083453378121,-90.00396631482806,5.6012014725837185,0.9208266426734221,-0.0032116347339250007,0.20698324924180783,0.00316,False,False,-1112.1942149623283,-3055.729562059921,1.0005457727543199,-108.63493721314963,229.93976524562459,4.012337070996576,-25.04759779303238,0.2538689742831853,-79.55317123658865,1.793712635809892,1.1339184252594956,0.001997006269511104,0.20894316502596533,0.00316,False,False,-1215.0248731600043,-3007.2925041938333,0.9979891512267154,-112.70850761449118,229.34791963497187,-2.4433599537611346,104.24500872356973,1.0427250320118515,90.3880530703526,7.373259744387407,-0.866844100983034,-0.0001136092937368137,-0.09095143476296949,0.00316,False,False
0.159,-101.02508022490987,-0.1560169405021652,-111.21932262574686,0.4005709384386596,-121.5024323085066,-0.2445539979364231,10,342.0,0.001,0.0025134481366961836,-3269.254970338384,1.0059302704043835,-88.64553364728309,231.17123589547796,22.982718461126463,-75.80554794993924,0.7920009261744734,-71.82614798110285,5.601199178682159,0.9208266426734221,-0.0012825823006173233,0.38359653062552374,0.00318,False,False,-113.48691280969801,-3249.8583352306887,1.0005713631717394,-90.63253209981302,229.93975818078374,11.554919338226071,-22.582182005915186,0.25298727789948733,-61.669289747420954,1.793698839076937,1.1339184252594956,-0.0068004460406070845,0.09555624050089007,0.00318,False,False,-226.25268672960152,-3235.5684196387774,0.9979723791359946,-94.98256052526601,229.3479155825941,-34.53763779935272,98.38772995585437,1.0425368064332936,108.62494501995435,7.373260415387958,-0.866844100983034,-0.001996814017395175,0.14569807232847684,0.00318,False,False
0.16,-6.405860212120859e-13,2.299025096811458,-11.348740563234324,1.154926199124898,-22.62528435046506,-3.453951295936346,10,0.0,0.001,1010.2577352105518,-3109.2454662724513,1.0059352957457457,-71.18853626305845,231.17123589547796,45.284470360821146,-64.99285370333766,0.7915761919339214,-54.21091765671536,5.6012294580580875,0.9208266426734221,-0.005572746210235727,-0.002214726469827395,0.0032,False,False,896.3290153018509,-3125.868322244314,1.0005832199459916,-72.73581580358503,229.93975810723194,17.966604360644304,-17.906607688895598,0.2539402914436851,-43.57439692623384,1.7936631110327517,1.1339184252594956,0.0027802164860143276,0.19265958365924218,0.0032,False,False,784.6665631812754,-3147.124345835505,0.9980178889945858,-76.8961771904308,229.34791544207755,-63.251074721465585,82.89946139223315,1.0430109403874475,126.37456225546093,7.373269001108931,-0.866844100983034,0.0027323834811009075,-0.10489474991421771,0.0032,False,False
0.161,101.02497928154418,4.528999023353631,89.63270894753663,1.7962471368418227,78.46657149033408,-6.325246160195469,10,18.0,0.001,1921.6209309215856,-2644.8816645197435,1.0059263936973437,-53.140420911435754,231.17121383801955,63.153098281216174,-47.817845004804084,0.7915522577711338,-36.130255254138014,5.601276695281361,0.9208266426734221,-0.00587889135991214,0.07773419839488697,0.00322,False,False,1818.4057606401275,-2695.89661140759,1.0005775421188394,-54.522602606079495,229.93975351957005,22.619868943077087,-11.478480603315463,0.25382773083388666,-25.924277820337934,1.7936192293274968,1.1339184252594956,0.0017166684907416188,-0.1558442073042652,0.00322,False,False,1718.7770603441556,-2750.6178442874916,0.9979985576143026,-58.750606921210604,229.34791375199018,-85.77296722429332,59.29632560811942,1.0432342946401099,144.46556786558966,7.373281541174124,-0.866844100983034,0.004948191677455371,-0.014036855628599848,0.00322,False,False
0.162,192.1608337061102,6.3156065059812745,181.8402590582919,2.2617665208633535,171.8775603599482,-8.577373026844612,10,36.0,0.001,2644.8816645312572,-1921.6190108114602,1.0059421922126097,-35.40447038790894,231.1711340337029,74.83940265717581,-25.961861689410284,0.7919539768851172,-18.185984894544934,5.60131879670447,0.9208266426734221,-0.001921240623635988,0.021658478470358594,0.0032400000000000003,False,False,2562.484061823675,-2002.0319043776199,1.0005574611700472,-36.8155461781749,229.93973463982078,25.05928933816952,-3.926932066467335,0.2530478628054357,-7.877595559717916,1.7935840900118765,1.1339184252594956,-0.006032317297045509,-0.10861232094626486,0.0032400000000000003,False,False,2484.6415763938794,-2084.8617703344444,0.9980097081459282,-41.058415439095405,229.34790564279342,-99.89869199534527,29.888793755877504,1.042435710104329,162.61608429073203,7.373292566608978,-0.866844100983034,-0.0030532459998548066,0.13640034055661404,0.0032400000000000003,False,False
0.163,264.4865652000164,7.483952576836359,256.2479958054463,2.5059230984703573,248.46396537794436,-9.98987567530668,10,54.0,0.001,3109.242359506755,-1010.2557162809369,1.0059259919060748,-16.95108822331198,231.17098285067524,79.19939768079702,-1.5644726010398804,0.7915287564823922,-0.23243845415134468,5.60133562979422,0.9208266426734221,-0.006197250234706485,-0.0248748122090102,0.0032600000000000003,False,False,3055.728406774504,-1112.1945734734313,1.0005648395213733,-18.853987244224815,229.93969715158357,25.046114417179773,4.008955163204347,0.25427781254418885,10.107779981403247,1.7935712543680045,1.1339184252594956,0.006285332432132333,-0.12319252491320641,0.0032600000000000003,False,False,3007.291982311422,-1215.0249968889048,0.998009866200938,-22.634400322591066,229.34788869683806,-104.24551209797664,-2.444482562164539,1.0437409352177833,-179.5888974254692,7.373297189034944,-0.866844100983034,0.00999246803719491,-0.06861212245119466,0.0032600000000000003,False,False
0.164,310.9224495736421,7.91966648972862,305.572377114118,2.5048207592617873,300.72897820265854,-10.424487248990399,10,72.0,0.001,3269.248437038067,-0.002513417864960843,1.0059210008917248,0.7819000227350309,231.17077392138225,75.80629739367271,22.98597528084428,0.7927166900813134,17.690397749742907,5.601316713126268,0.9208266426734221,0.005708837962878271,-0.10205478602834767,0.0032800000000000004,False,False,3249.856674596555,-113.48813649970928,1.000590407644925,-0.4893620459428973,229.93964384753184,22.581632729989366,11.552482159845528,0.253494873266369,28.049075899145002,1.7935857671236082,1.1339184252594956,-0.0015645844818687926,-0.18184240080630726,0.0032800000000000004,False,False,3235.567648690303,-226.2532281804293,0.9979778259955552,-4.983104269631344,229.34786387181984,-98.38793012366193,-34.53845744068983,1.0421431055428214,-161.49189732821753,7.373292967325022,-0.866844100983034,-0.005979858312994815,0.02836720552995331,0.0032800000000000004,False,False
0.165,326.92304706639646,7.5800976048325195,324.98519609265486,2.2585672962520356,323.556538611449,-9.838664901084561,10,90.0,0.001,3109.237699366426,1010.249926030101,1.0059106761075727,19.106849998108085,231.1705429353538,64.99229240148124,45.28616059965186,0.7925643306502255,35.5010497483026,5.601265220223506,0.9208266426734221,0.00425806561345139,-0.29158250099694527,0.0033000000000000004,False,False,3125.8663188982064,896.3270463724378,1.0005547279287876,16.743063685393928,229.93958356143207,17.90704647324979,17.965350687780937,0.2544152630819508,45.9986708092583,1.7936222271287765,1.1339184252594956,0.0075877514401560065,-0.23167165407120863,0.0033000000000000004,False,False,3147.1234012870327,784.6656570099713,0.9979976894535758,12.912621879780579,229.34783513496865,-82.89933887473086,-63.25151128743278,1.0428285060148075,-143.5783458340241,7.3732808389521205,-0.866844100983034,0.0008912985163118002,-0.058134384851225344,0.0033000000000000004,False,False
0.166,310.92213890589017,6.498490323563077,312.58619885688864,1.7912638645078887,314.71212978968845,-8.289754188070916,10,108.0,0.001,2644.873424291127,1921.6111038553145,1.005905377046797,36.90397224828524,231.17033400699913,47.81602782141788,63.15305638612062,0.7923775850754555,53.90370334401544,5.601196768337612,0.9208266426734221,0.0024874154511529485,0.11056319321310681,0.00332,False,False,2695.8944614984975,1818.4032393297466,1.0005518384476892,34.88178383068595,229.93952779310465,11.4798646944583,22.619921742712883,0.2534114780319641,63.876250926818514,1.7936668490128331,1.1339184252594956,-0.0025132039333223975,-0.3526815397438834,0.00332,False,False,2750.6168185981624,1718.7758781551238,0.9979962943464276,31.261059885659964,229.34780794769975,-59.29589251587601,-85.77297812883343,1.043683926525572,-125.62548838837262,7.373264760722911,-0.866844100983034,0.009468241673766057,-0.10539226734307541,0.00332,False,False
0.167,264.48603666047194,4.780729402562955,269.58909382771947,1.1486461682670557,275.061508028784,-5.929375570829998,10,126.0,0.001,1921.6111038716813,2644.870781528428,1.005919888168895,54.69063983312968,231.1701828253996,25.95896642903652,74.83763262183786,0.7917699948216848,71.84221634941645,5.601133454268436,0.9208266426734221,-0.003498947471236629,0.04820079299577288,0.00334,False,False,2002.0298183616944,2562.4812350190277,1.0005575788723644,52.764884507777715,229.93948631579136,3.929126162716007,25.060643706938883,0.25327066414004334,82.7763080551497,1.793702728169686,1.1339184252594956,-0.003972083642757597,0.5496137337593824,0.00334,False,False,2084.8607639059173,2484.640233908283,0.9979942469089491,49.325168773838186,229.34778717953844,-29.888092591752425,-99.89827632877662,1.0428718616142176,-107.82630943190175,7.373250196566564,-0.866844100983034,0.0013681893876524446,-0.3063970210839986,0.00334,False,False
0.168,192.16025769643224,2.5949742863135934,200.2027446935697,0.3936082368322493,208.4859560832784,-2.9885825231458245,10,144.0,0.001,1010.248916612898,3109.23148587417,1.0059158844298206,72.94338530059014,231.17010302230733,1.5607826111894578,79.1960726651972,0.7914824774179587,89.95439125533007,5.60109541426969,0.9208266426734221,-0.006320324826357407,0.15923384822536826,0.00336,False,False,1112.1927555122743,3055.725551215416,1.0005767290867127,70.9029580446338,229.9394634438024,-4.006165685336362,25.048638035402504,0.25451242536649105,100.09244914518386,1.7937162971425828,1.1339184252594956,0.008426339196220796,-0.1315011300447223,0.00336,False,False,1215.0241082373338,3007.2906109412243,0.9979759037706855,67.18816861499297,229.34777524812807,2.445383074146963,-104.24471070059957,1.043020062746591,-89.48814902404584,7.373242030284582,-0.866844100983034,0.0028617495781193525,0.03153128172807533,0.00336,False,False
0.169,101.02457551327265,0.15519721309227066,111.21917677670376,-0.39995311573005876,121.50235581658211,0.24475590263779298,10,162.0,0.001,-0.002513386608669066,3269.2386371600937,1.0059429922858751,91.13420012013333,231.17008096536526,-22.99009883979415,75.80174278409328,0.7916341848125786,107.73814606596314,5.601093131599109,0.9208266426734221,-0.004800022696464775,-0.05821678867172053,0.00338,False,False,113.48676447875279,3249.8540697835583,1.000555462460958,88.79625874057142,229.93945638581266,-11.54937025146712,22.585078789055515,0.25339129907891444,118.43886660433701,1.793702507543153,1.1339184252594956,-0.0027654222410116863,0.21765083912410899,0.00338,False,False,226.25254429302476,3235.5663826747286,0.9979900033955909,85.30022743784465,229.34777119577487,,,,,,-0.866844100983034,0.0030868612835771095,-0.17450311149550315,0.00338,True,False
0.17,-4.808418327448583e-13,-2.299763375954151,11.3487256823455,-1.1543706943781094,22.62527010671202,3.4541340703322563,10,180.0,0.001,-1010.2526879223736,3109.229932515819,1.0059380910353963,108.95334211740582,231.17008096536532,-45.29031410331109,64.98695396815899,0.7919230709537054,125.71642421379617,5.601123430900356,0.9208266426734221,-0.0019540109679511103,-0.08098053445282055,0.0034000000000000002,False,False,-896.3278382498186,3125.8642197351764,1.000577743613886,107.27741287962705,229.9394563123323,-17.96222091927137,17.911077813378817,0.25379647798336563,136.30922620674795,1.7936667594478368,1.1339184252594956,0.0013369222447257643,0.09022356963486917,0.0034000000000000002,False,False,-784.6660691898383,3147.122364552304,0.9979573151455952,103.28617137631602,229.34777105525922,63.252535022582414,-82.89803178153767,1.0424830361870498,-53.24251907620786,7.373251270652534,-0.866844100983034,-0.002521583870972107,0.2767095003554312,0.0034000000000000002,False,False
0.171,-101.02447457253959,-4.52958357979081,-89.63259142923174,-1.7958083430037808,-78.4665220917198,6.325391922794623,10,198.00000000000045,0.001,-1921.611330494146,2644.868450729412,1.0059290299641668,126.77066207237169,231.17005890845036,-63.15683325389227,47.81042808994334,0.7909333121490684,143.46494455255177,5.601170690491228,0.9208266426734221,-0.01191843416868543,-0.3331738624173451,0.0034200000000000003,False,False,-1818.4033736692568,2695.8930733480574,1.0005800613199989,124.92015610698677,229.93945172912117,-22.617080494622197,11.484086792172132,0.2537047703143379,154.35024603769105,1.793622841556109,1.1339184252594956,0.0004819548325603604,0.13262234339965717,0.0034200000000000003,False,False,-1718.7759782807834,2750.6161126267516,0.9979841190199562,121.23877115709469,229.34776936518227,85.7739137485144,-59.29451488211535,1.0431348156056874,-35.47072767236501,7.373263787103709,-0.866844100983034,0.003978509380398558,0.048353433689020654,0.0034200000000000003,False,False
0.17200000000000001,-192.1598736950583,-6.315980108598352,-181.84002066893595,-2.2614874166386714,-171.8774521545276,8.577467525237058,10,216.00000000000045,0.001,-2644.8684507416897,1921.6094104305796,1.0059152942096314,145.08159293190516,231.16997910611258,-74.84066311654622,25.953653535538084,0.7923047613776848,161.8540520120479,5.601212809547193,0.9208266426734221,0.001736492777298118,0.05558744470907365,0.0034400000000000003,False,False,-2562.4806987995794,2002.0292769544412,1.0005271429741476,143.1864971201618,229.9394328676913,-25.058369177637083,3.9331257405527538,0.25281856478375136,172.4309226807359,1.7935876671266322,1.1339184252594956,-0.008330356318090112,0.21384952908235755,0.0034400000000000003,False,False,-2484.6400121791385,2084.8604578027703,0.9979815762979727,139.51643226385298,229.3477612560359,99.89903229418323,-29.886779276090728,1.042719409272988,-17.588127569110796,7.373274791031469,-0.866844100983034,-0.00019111585047344238,-0.06912557416230422,0.0034400000000000003,False,False
0.17300000000000001,-264.4852438616561,-7.484078641070027,-256.2476599014974,-2.5058310386688403,-248.46380895768885,9.989909679738911,10,234.00000000000045,0.001,-3109.226825827957,1010.2506690412991,1.0059042121448611,162.82109155867695,231.16982792685755,-79.19806008860388,1.55627664736161,0.7908260667053829,179.83608794204602,5.60122965017559,0.9208266426734221,-0.013074270190797477,0.03754363565285296,0.0034600000000000004,False,False,-3055.7243970510963,1112.1931136753237,1.000552267910665,161.2131029249833,229.93939541583666,-25.047153001505365,-4.002780205377871,0.25391242836361927,-169.59616800218464,1.7935748142374548,1.1339184252594956,0.002626456210779251,0.18680329112271887,0.0034600000000000004,False,False,-3007.290089062064,1215.0242319654371,0.9979906868275723,157.00126835912266,229.3477443101863,104.24521309010919,2.446503558016366,1.0431986084332794,0.5519155058838954,7.373279403312226,-0.866844100983034,0.004594353002440001,0.07088677834610395,0.0034600000000000004,False,False
0.17400000000000002,-310.92089625137237,-7.919532660066025,-305.5719765919761,-2.5049247937741828,-300.72878887912697,10.424457453840214,10,252.00000000000045,0.001,-3269.2321040229995,0.0025133543438613515,1.005903286522202,181.15369996693315,231.16961900281106,-75.80249252492891,-22.993356739732146,0.7921097623613093,-161.9240373004312,5.6012107294550555,0.9208266426734221,-0.00021055569194434873,0.27740219638862723,0.0034800000000000005,False,False,-3249.8524107611397,113.48798698125184,1.0005819966299985,179.14120700477886,229.93934216352633,-22.584528785770154,-11.546930410519291,0.25399162134433556,-151.60015506927894,1.7935893375863048,1.1339184252594956,0.003397846901027748,0.18287036695384193,0.0034800000000000005,False,False,-3235.5656117310746,226.25308574047227,0.9980044650393575,175.0852881310139,229.34771948532398,98.387021310699,34.54028715025153,1.0429660460244619,18.6653295802666,7.3732751877350164,-0.866844100983034,0.002274690640729875,0.184280083936607,0.0034800000000000005,False,False
0.17500000000000002,-326.9214138110798,-7.579716965769909,-324.9847701669876,-2.258857280420777,-323.5563349169801,9.83857424619067,10,270.00000000000045,0.001,-3109.222165804891,-1010.2448789367958,1.0059146752313575,-161.09700106411077,231.1693880226195,-64.98639255874156,-45.29200494972142,0.7914241060689386,-144.47784900751526,5.601159223841279,0.9208266426734221,-0.006994278678109958,-0.27658932599589586,0.0035000000000000005,False,False,-3125.8622183337106,-896.3258712312775,1.0005761205076156,-163.07746786171242,229.93928193595647,-17.911516871876785,-17.96096575364988,0.25311277839470503,-134.07166756298264,1.7936258353615875,1.1339184252594956,-0.005442198244079349,-0.2880660371643073,0.0035000000000000005,False,False,-3147.121420009765,-784.6651630241975,0.9980136766575272,-166.55607173928124,229.34769074865432,82.89790943061823,63.25297070337137,1.0443826300433336,36.71341464181937,7.373263080471406,-0.866844100983034,0.016457653085848303,0.23231211636380922,0.0035000000000000005,False,False
0.176,-310.92058559196164,-6.49790012033836,-312.5857892211669,-1.7917114483436711,-314.7119316633231,8.289611568681961,10,288.0,0.001,-2644.860210708942,-1921.6015036742524,1.0058923667766255,-142.71163047798888,231.16917909957738,-47.80861040533021,-63.156791434861944,0.7920632537983231,-126.03595190007728,5.601090756823754,0.9208266426734221,-0.0005059743995062616,0.16479965555720147,0.0035199999999999997,False,False,-2695.8909255262242,-1818.4008548061713,1.0005564176506274,-145.10265067773508,229.939226221783,-11.485472131743698,-22.617133116937726,0.25318752111577547,-116.1808204097243,1.7936705111563027,1.1339184252594956,-0.004757952148170786,-0.39580786908785776,0.0035199999999999997,False,False,-2750.6150869439016,-1718.774796099167,0.9979630329470174,-148.74443771407968,229.34766356155825,59.29408253707372,85.77392455179967,1.042531903830347,54.53465993320064,7.37324703130552,-0.866844100983034,-0.0020269120959572427,0.053442247853686856,0.0035199999999999997,False,False
0.177,-264.48471533630243,-4.779987396736205,-269.5887405728791,-1.1492075680520355,-275.06133486449164,5.929194964788196,10,306.0,0.001,-1921.6015036916453,-2644.8575680131135,1.0059425160018347,-124.72968284470423,231.1690279218459,-25.950757429762,-74.8388926189444,0.7910140624398245,-108.05485618182695,5.60102743235928,0.9208266426734221,-0.010908333668002564,0.14501962819646957,0.0035399999999999997,False,False,-2002.027192964087,-2562.4778747391724,1.0005670482911042,-126.88932629052992,229.939184784754,-3.935321936961466,-25.059724701364527,0.25457035056779953,-97.79387006267794,1.7937064431725018,1.1339184252594956,0.009019526827437884,-0.006617437494026406,0.0035399999999999997,False,False,-2084.8594513806365,-2484.6386697020043,0.9979834720259554,-131.24361864164464,229.3476427935299,29.88607936672325,99.89861732030884,1.0428142705523054,72.59002312518723,7.373232494104466,-0.866844100983034,0.0008173138305165698,0.10862202543985133,0.0035399999999999997,False,False
0.178,-192.15929770084756,-2.5941531027983737,-200.20248238432401,-0.39422851814992105,-208.4858248315436,2.988381620948254,10,324.0,0.001,-1010.2438695469176,-3109.2159524708222,1.0059234415862675,-107.13478691664939,231.16894812080807,-1.552585551030694,-79.1947341182606,0.7915545321140642,-90.41273978002546,5.600989392042829,0.9208266426734221,-0.005449839794162892,-0.21400622509243605,0.00356,False,False,-1112.1912974797442,-3055.7215442645984,1.0005564490191652,-108.66821722071205,229.93916193498333,3.999987981476327,-25.049678993418826,0.25363458622128404,-79.76761373533795,1.7937200471719155,1.1339184252594956,-0.000357355598190339,0.022385601107758803,0.00356,False,False,-1215.0233433195451,-3007.288717700556,0.9979923228490065,-112.7108567164873,229.34763086219638,-2.447402430445783,104.24441311167931,1.0431419027694466,90.45912545832145,7.3732243434114375,-0.866844100983034,0.004105162822551704,-0.022507357062669334,0.00356,False,False
0.179,-101.02407081511114,-0.1543772318805956,-111.21903106950565,0.3993346625173113,-121.50227932517222,-0.244957430636834,10,342.0,0.001,0.002513321112644462,-3269.222304394541,1.005889591863032,-89.14795218431057,231.16892606443744,22.997481557703917,-75.79793656209345,0.7911104482587764,-72.34763221637832,5.60098712061904,0.9208266426734221,-0.009887466068713206,-0.1501045019976401,0.00358,False,False,-113.48661629299029,-3249.849808477666,,,229.93915488385133,11.543815379217964,-22.587978204490504,0.2549784413760766,-61.80961826467932,1.7937062647992386,1.1339184252594956,0.013100687168096268,-0.016881499952981698,0.00358,False,False,-226.2524018574646,-3235.5643457235656,0.9980033472292202,-95.28679442560248,229.34762680986952,-34.541296936922166,98.38591476658374,1.0419009803460075,108.93574390211685,7.373225013025885,-0.866844100983034,-0.008305008389672922,0.4538694704905082,0.00358,False,False
0.18,-7.20652073285793e-13,2.3005018876412975,-11.34871081593362,1.1538146122073225,-22.62525586305688,-3.4543164998486007,10,0.0,0.001,1010.2476407579622,-3109.21439915295,1.005886544312026,-70.99717911192384,231.16892606443744,45.296159741614915,-64.98105250648715,0.7921748767473175,-54.364833828222174,5.601017439799993,0.9208266426734221,0.0007139410197939948,-0.16834831768084774,0.0036,False,False,896.3266623393949,-3125.8601212094627,1.0005669229133949,-72.82758345536294,229.93915481044237,17.957832791090546,-17.91555222845662,0.2540664644862459,-43.919671466114686,1.7936704967793329,1.1339184252594956,0.004031501888640072,-0.12471897097839471,0.0036,False,False,784.6655752014033,-3147.1203832816755,0.9979642414689428,-76.93556942699105,229.3476266693548,-63.253992532705645,82.89660473494348,1.043115189030671,126.40706782389667,7.373233567407531,-0.866844100983034,0.003824980734418984,-0.07501594909596143,0.0036,False,False
0.181,101.0239698771635,4.530168324794231,89.63247402525626,1.7953690813089995,78.46647269343678,-6.325537406103313,10,18.0,0.001,1921.6017303076044,-2644.855237274835,1.0059153106525511,-53.24388610086864,231.16890400810078,63.16056949403895,-47.80300894791409,0.792752350521366,-36.28072982701044,5.6010647216782266,0.9208266426734221,0.006421812086826111,-0.0849581708694567,0.00362,False,False,1818.4009890152588,-2695.8895387241464,1.0005853085923848,-55.0659434884924,229.9391502316859,22.61428891627434,-11.489698509390802,0.2537848507169853,-25.650119553584375,1.7936265428252134,1.1339184252594956,0.0012775244740692404,0.14621372219949477,0.00362,False,False,1718.7748962241824,-2750.614380977032,0.9979600354924859,-58.664701696713344,229.34762497928892,-85.77485841031346,59.29270745730454,1.0427061958997228,144.40769515423383,7.373246060225719,-0.866844100983034,-0.00028261808797477357,-0.07453584376854512,0.00362,False,False
0.182,192.15891371008325,6.316353837411435,181.8397825115468,2.261207999867357,171.8773439498398,-8.577561837278845,10,36.0,0.001,2644.8552372878644,-1921.5998102936433,1.0059101880515164,-34.948593252751444,231.16882420786774,74.84192409180825,-25.945442872258965,0.7919322007104288,-18.103301922677964,5.601106858292226,0.9208266426734221,-0.0018392761935363306,0.09212350889177903,0.00364,False,False,2562.4773390410255,-2002.0266520826513,1.000532958317792,-36.93717594229876,229.93913138859207,25.057447749817513,-3.93932563926853,0.2532389185227573,-7.649257731805935,1.7935913333686595,1.1339184252594956,-0.004132003777228671,0.14762700321174513,0.00364,False,False,2484.6384479743197,-2084.859145279458,0.9979612374566503,-40.94122054588865,229.34761687019585,-99.89937184162586,29.884768511527085,1.0427638289581833,162.1137067567742,7.37325704263014,-0.866844100983034,0.00027818103134968404,-0.3686032344082783,0.00364,False,False
0.183,264.48392255939586,7.484204756859801,256.24732432446416,2.505738852156221,248.46365253849876,-9.989943609015983,10,54.0,0.001,3109.2112925478164,-1010.2456219286279,1.0058821670742764,-16.957420622708643,231.1686730326238,,,,,,0.9208266426734221,-0.0038236047106073195,0.37654925113326937,0.00366,True,False,3055.720391222389,-1112.19165529444,1.0005624789925445,-18.565232722328386,229.939093973153,25.048192304442544,3.9965989360787706,0.25433956480837183,10.040728513616777,1.7935784632630387,1.1339184252594956,0.006892660156834561,-0.16234211611288255,0.00366,False,False,3007.288195824841,-1215.0234670468199,0.99799066393569,-22.335699492462236,229.34759992445856,,,,,,-0.866844100983034,0.005068083071605423,-0.09043757997588697,0.00366,True,False
0.184,310.91934297178807,7.919398802365343,305.57157645971444,2.50502889973864,300.72859955689427,-10.424427702103955,10,72.0,0.001,3269.215771430975,-0.0025132868675967757,1.005876419575405,1.0340153561780094,231.16846411415358,75.7986865986168,23.000740531870058,0.7927470172695934,17.579006167298445,5.601104781688046,0.9208266426734221,0.006311826159904432,-0.2256643639159453,0.00368,False,False,3249.848151068427,-113.48783760690633,1.0005521312506784,-0.9550822922434955,229.93904077263136,22.587427474961842,11.541372880565081,0.2538097491897657,28.597283230679487,1.7935929971775981,1.1339184252594956,0.001573949911688935,0.39426668001110043,0.00368,False,False,3235.5635747850256,-226.25294330133318,0.9980012381337364,-4.747256141947655,229.3475750997617,-98.38611407357845,-34.542113412435526,1.0429314119286732,-161.5628594052299,7.373257435318784,-0.866844100983034,0.0019534553906448223,-0.045220862876224004,0.00368,False,False
0.185,326.9197806009046,7.579336221911985,324.984344656009,2.2591475271348784,323.55613122391827,-9.83848374904685,10,90.0,0.001,3109.206632649379,1010.2398319795739,1.005921385841372,19.108056754820726,231.16823314016366,64.98049099048416,45.29785119246058,0.7920305422710803,35.68688655341806,5.601053263457997,0.9208266426734221,-0.000780066045580856,-0.11796389463142519,0.0037,False,False,3125.858121754412,896.3246972334578,1.0005734300545406,16.83097860192789,229.93898060364486,17.91599156025598,17.956576135231863,0.25266641947709795,46.2669393200919,1.7936295326621128,1.1339184252594956,-0.009911016192696919,0.06449910992196184,0.0037,False,False,3147.1194387454375,784.6646690417679,0.9980044449972523,13.235140618822204,229.34754636328495,-82.89648255073982,-63.254427327692746,1.0435743063956358,-143.50298632699622,7.373245349179515,-0.866844100983034,0.00839949244233855,0.014599241733320332,0.0037,False,False
0.186,310.9190323212098,6.497309745902769,312.58537998434804,1.79215946004985,314.7117335383339,-8.289469205952575,10,108.0,0.001,2644.8469974755203,1921.5919037495964,1.0059188093124158,37.08241559121245,231.16802422276393,47.80119076534385,63.16052775108537,0.7915116331160832,53.37880175490004,5.6009847814381795,0.9208266426734221,-0.0058723093943471765,-0.42655704259971716,0.00372,False,False,2695.8873929914794,1818.3984726016963,1.0005637119001007,34.92264331579984,229.93892494367472,11.49108509467231,22.61434136120209,0.25345573429730234,64.24984131379622,1.79367426230904,1.1339184252594956,-0.002081125263977858,0.04881313248010914,0.00372,False,False,2750.6133553010623,1718.7737140504373,0.997972153338374,30.95435332962434,229.34751917637243,-59.29227586001578,-85.77486911228766,1.043000700229022,-125.4563899146255,7.373229329096678,-0.866844100983034,0.0026860865946205714,0.06108066260357581,0.00372,False,False
0.187,264.4833940490691,4.779245170108472,269.588387662102,1.149769519095828,275.0611617014082,-5.929014689204302,10,126.0,0.001,1921.591903768037,2644.84435485072,1.0059034962215418,54.826207456044386,231.1678730491392,25.9425459263246,74.84015313510864,0.7924661548645979,71.64161030450823,5.600921446702306,0.9208266426734221,0.003762476933241416,-0.16462457710200923,0.0037400000000000003,False,False,2002.0245701197166,2562.4745177273608,1.0005425083167332,53.09389048719932,229.93888354696676,3.9415239315082773,25.058804425853392,0.253397406903348,82.3776515602234,1.7937102471634345,1.1339184252594956,-0.0027152894726458292,0.17886539726300899,0.0037400000000000003,False,False,2084.858138864113,2484.6371055061704,0.9979805551744677,49.17361041278424,229.3474984084851,-29.884069857832465,-99.89895756096212,1.042084339358706,-107.67843722015263,7.373214818867928,-0.866844100983034,-0.006457001546249487,-0.16114976128193242,0.0037400000000000003,False,False
0.188,192.15833773224745,2.5933316705484093,200.20222033060793,0.3948494201192184,208.48569358072754,-2.9881810906676027,10,144.0,0.001,1010.2388226186358,3109.2004194832984,1.0058997951701774,72.8426470400777,231.1677932502818,1.544385951717985,79.19339529207241,0.7920064616111144,89.9429665886367,5.600883406148667,0.9208266426734221,-0.000780658134717905,0.13558904953894516,0.00376,False,False,1112.1898408660468,3055.717541211012,1.0005508115614994,71.16761635187127,229.93886071943464,-3.9938039716596165,25.050720665074124,0.25308406912120085,100.22986866530893,1.7937238862261047,1.1339184252594956,-0.005867955841523538,0.0338318725946772,0.00376,False,False,1215.022578406953,3007.286824472558,0.9979761452316648,67.36436981789004,229.34748647723308,2.4494180199420525,-104.24411595714649,1.0431103698816768,-89.48473614976187,7.373206683771798,-0.866844100983034,0.003814808446739567,0.03231998317131866,0.00376,False,False
0.189,101.0235661312135,0.15355699836275843,111.21888550427323,-0.3987155800252957,121.5022028342986,0.2451585816625612,10,162.0,0.001,-0.002513251641985903,3269.205972067503,1.0059379379383366,91.28272351853674,231.16777119451734,-23.004866601353875,75.79412929079237,0.7932515591993192,107.64971456928902,5.600881145987405,0.9208266426734221,0.01167351409804183,-0.15886920121656153,0.00378,False,False,113.48646825254916,3249.845551316783,1.0005567195334928,88.99578730440443,229.93885367516648,-11.53825473250377,22.59088024652734,0.25464466782146367,118.38216534642773,1.7937101111733256,1.1339184252594956,0.009757512027567316,0.18886889480949526,0.00378,False,False,226.25225942298442,3235.562308786076,0.9980094521391517,85.40195049116704,229.34748242493401,34.54312133385805,-98.3850095373195,1.0425181849832128,-71.30886854292093,7.373207352687191,-0.866844100983034,-0.0021079865271220943,0.20794638735489418,0.00378,False,False
0.19,-4.007649758766797e-13,-2.301240630522654,11.348695964007275,-1.1532579537155476,22.625241619500663,3.454498584238235,10,180.0,0.001,-1010.242593725279,3109.1988662083613,1.005894715219882,108.82497106680233,231.1677711945173,-45.30200726500877,64.97514932901177,0.792727083581185,126.14954055415082,5.600911485002367,0.9208266426734221,0.006385852070270139,0.3399142714870933,0.0038,False,False,-896.3254875716156,3125.8560266708014,1.000557279466274,107.36364395411864,229.93885360182898,-17.953439984829277,17.92003092530753,0.25380986640212544,136.09144496598998,1.7936743233553365,1.1339184252594956,0.0014601094517530258,-0.09963315673182704,0.0038,False,False,-784.6650812161558,3147.118402024388,0.9979888883806936,103.22126399721644,229.3474822844203,63.255447249838404,-82.89518025431899,1.0425125894474583,-53.220827847862495,7.373215891377767,-0.866844100983034,-0.002176017416684786,0.2957780996165729,0.0038,False,False
0.191,-101.02346519621726,-4.530753257291589,-89.63235673571891,-1.7949293526306964,-78.466423295509,6.3256826099223264,10,198.0,0.001,-1921.5921303771174,2644.8420241768663,1.005907283616937,126.79417584525648,231.16774913879368,-63.16430699476066,47.7955875921966,0.7918627249023357,143.62603889506372,5.60095878908768,0.9208266426734221,-0.0023246327972289713,-0.18430142835368235,0.00382,False,False,-1818.3986066802477,2695.886007538987,1.0005809741612488,124.79074938697839,229.93884902753126,-22.61149421360841,11.495315743884628,0.2533456273013959,154.01265371456418,1.7936303334629022,1.1339184252594956,-0.0031200704530545604,-0.17704179154304342,0.00382,False,False,-1718.7738141747745,2750.612649339003,0.9980043120483169,120.9614082196632,229.34748059436615,85.77580120836932,-59.2909033360808,1.042531098531967,-35.89347068384753,7.373228360544034,-0.866844100983034,-0.0020085606356437654,-0.3770117157134002,0.00382,False,False
0.192,-192.15795375270466,-6.316727691730933,-181.83954458633988,-2.2609282711069274,-171.87723574593144,8.577655962837888,10,216.0,0.001,-2644.8420241906447,1921.590210415799,1.0059301898870519,144.79601832906795,231.16766934079146,,,,,,0.9208266426734221,0.005404769908826906,0.0665932546241296,0.00384,True,False,-2562.4739825509964,2002.0240297645696,1.0005498537490363,143.19683870893888,229.9388302027903,-25.05652505658715,3.9455317503475964,0.2527920393852447,171.8815880936554,1.7935950890660644,1.1339184252594956,-0.008606106510560738,-0.3075550369281096,0.00384,False,False,-2484.636883780039,2084.8578327650157,0.9979899840973361,139.13604565879402,229.3474724853298,99.89971063715676,-29.882761464871407,1.0430171387440903,-17.38363198644221,7.373239321408893,-0.866844100983034,0.002836340481850112,0.13274810651099317,0.00384,False,False
0.193,-264.4826012953279,-7.484330923966391,-256.24698907465046,-2.5056465391201264,-248.46349612044173,9.989977463086472,10,234.0,0.001,-3109.1957596908637,1010.24057495088,1.0059139426909351,163.40985995872725,231.1675181697975,-79.19538405077552,1.5398771173862378,0.7918106775053686,179.6007140287962,5.601017798796251,0.9208266426734221,-0.002928559097071829,-0.2100523453562156,0.00386,False,False,-3055.7163892919425,1112.190198332062,1.000546558751279,161.27582551941254,229.93879282380018,-25.049232323985287,-3.9904113675536097,0.2531131921672108,-169.9069165379541,1.7935822017728797,1.1339184252594956,-0.0053763533060960725,-0.09601484275094406,0.00386,False,False,-3007.2863026004998,1215.0227021333421,0.9980078331591483,157.0439157048661,229.34745553971155,104.24461637476065,2.4505342501678213,1.0425490966711317,0.427142792716254,7.373243913377701,-0.866844100983034,-0.0018505742723010476,-0.05650778814002336,0.00386,False,False
0.194,-310.9177897373449,-7.919264916861086,-305.57117671769174,-2.5051330769543227,-300.72841023603854,10.424397993815397,10,252.0,0.001,-3269.199439287787,0.002513215422723647,1.005934292467174,180.88143179729158,231.16730925723363,-75.79487962158902,-23.008126643755865,0.7913553606158281,-162.56755683083023,5.6009988700705335,0.9208266426734221,-0.007454958731848968,-0.3783394399848867,0.00388,False,False,-3249.8438955222005,113.48768837679113,1.0005587940821343,179.3224669175268,229.93873967511456,-22.590328791872068,-11.535809581010133,0.25397347865091513,-151.84052515873861,1.7935967462255966,1.1339184252594956,0.0032059425686582262,-0.02956944876225503,0.00388,False,False,-3235.5615378529606,226.2528008630543,0.9980141990401232,174.90585103079508,229.34743071519017,98.3852084134608,34.543936224766384,1.0425077224947057,18.703995327147005,7.373239710080245,-0.866844100983034,-0.0022583716762952814,0.22032397846696694,0.00388,False,False
0.195,-326.91814743844986,-7.578955373944201,-324.9839195600969,-2.2594380358245956,-323.5559275323444,9.838393409768786,10,270.0,0.001,-3109.1910999244146,-1010.2347851664183,1.0059122468895303,-161.04715923112593,231.16707828981,-64.9745877073988,-45.30369931714563,0.7916101545124106,-144.23081285965682,5.600947339318948,0.9208266426734221,-0.0048341442782520345,-0.041775486943200935,0.0039000000000000003,False,False,-3125.854029163945,-896.3235243800352,1.0005419461221474,-162.58926093437213,229.9386795647648,-17.920470529565655,-17.952181841255253,0.2537614042313493,-134.07368819949698,1.7936333193583995,1.1339184252594956,0.001033476152571657,-0.26215590015930257,0.0039000000000000003,False,False,-3147.117457494828,-784.6641750628912,0.9979709062897812,-167.17696610524425,229.34740197891753,82.89505823696409,63.255881158401166,1.0435229002273279,36.52122988599479,7.373227645080355,-0.866844100983034,0.00791046813640236,0.037505619244403515,0.0039000000000000003,False,False
0.196,-310.9174790960882,-6.496719201325503,-312.5849711467962,-1.7926078987439007,-314.71153541479964,8.289327100069402,10,288.0,0.001,-2644.83378461172,-1921.582304096518,1.0058889908959345,-142.9627249304271,231.16686937838256,-47.79376891493952,-63.16426532789548,0.7917609539024404,-126.40266994648061,5.600878842426167,0.9208266426734221,-0.0032292811432030016,-0.2141411459652044,0.00392,False,False,-2695.883863897392,-1818.396092718449,1.0005615192582444,-145.07589393001064,229.93862395904753,-11.496703572156143,-22.611546481080822,0.2533200822813419,-115.94188828551721,1.7936781027989754,1.1339184252594956,-0.0034430766965349822,-0.1289429473056396,0.00392,False,False,-2750.6116236703197,-1718.7726320093743,0.9980166683360071,-148.7868618196209,229.3473747921993,59.290472487095286,85.77581180897647,1.0434702284327046,54.67892593223923,7.373211654100252,-0.866844100983034,0.007406364851109115,0.19508684251805838,0.00392,False,False
0.197,-264.4820728008597,-4.778502724028198,-269.58803509570305,-1.15033202028932,-275.0609885396031,5.928834744317445,10,306.0,0.001,-1921.5823041160043,-2644.8311420621194,1.0058968435325895,-124.95308373707208,231.16671820910324,-25.934331933676507,-74.84141416793858,0.7921489785617667,-107.9646897254023,5.600815497542759,0.9208266426734221,0.000740548643282375,0.22296265399739817,0.00394,False,False,-2002.0219498309025,-2562.4711639865823,1.0005707881754549,-126.71363937715286,229.93858260269715,-3.9477321340873885,-25.05788288228076,0.2537799780861295,-98.0324945084836,1.7937141404702779,1.1339184252594956,0.0011049163878295541,-0.21730522367748895,0.00394,False,False,-2084.856826356854,-2484.635541321408,0.9979654260848935,-131.1905603116335,229.34735402446108,29.88206406776345,99.89929705021939,1.0436516200267414,72.67077527564281,7.373197170860783,-0.866844100983034,0.009240763185159302,0.18675336383556893,0.00394,False,False
0.198,-192.15737779215152,-2.5925099910591127,-200.20195853265784,-0.3954709415130612,-208.4855623308857,2.987980932572175,10,324.0,0.001,-1010.2337758360093,-3109.1848869361306,,,231.16663841255206,-1.5361838282109237,-79.19205618897826,0.7927634564382864,-90.32021364570004,5.6007774568323745,0.9208266426734221,0.006939125097027998,-0.13370432417514694,0.00396,False,False,-1112.1883856724617,-3055.7135420582163,1.0005801744161935,-108.91000528823835,229.9385597974238,3.98761366813475,-25.051763048360403,0.25365596101660826,-79.76953572976537,1.793727814632826,1.1339184252594956,-0.00015459249351328438,0.04840557815313575,0.00396,False,False,-1215.0218134998465,-3007.2849312579833,0.9979867342718252,-112.82775682023973,229.3473420932951,-2.4514298399242174,104.24381923733857,1.0427390858856143,90.65878622978497,7.373189051369493,-0.866844100983034,0.00012690446858979918,0.17453338203146374,0.00396,False,False
0.199,-101.0230614623811,-0.15273651403537036,-111.21874008114015,0.39809586947925224,-121.50212634399576,-0.2453593554439823,10,342.0,0.001,0.002513178210833189,-3269.1896402047687,1.0059177138466182,-89.15826216090773,231.16661635742838,23.012253957240883,-75.79032097704372,0.7929476312908507,-72.18746999108075,5.6007752079492805,0.9208266426734221,0.008784054023642055,-0.0021672896518099625,0.00398,False,False,-113.48632035754648,-3249.8412983046906,1.000582767024861,-90.68128407863833,229.93855276002554,11.532688322353689,-22.59378490947112,0.2540568292366429,-61.60532049544719,1.7937140469929953,1.1339184252594956,0.003873560089803781,0.21536406092930643,0.00398,False,False,-226.2521169896267,-3235.5602718630653,0.9980084751743841,-94.85014594171096,229.34733804102547,,,,,,-0.866844100983034,0.010101543918390861,0.04915686687455162,0.00398,True,False
0.2,1.5221708207936945e-12,2.301979603247502,-11.348681126581967,1.1527007200063126,-22.625227376051292,-3.4546803232538665,10,0.0,0.001,1010.2375468323096,-3109.1833337065764,1.0059178043128496,-70.71314526741344,231.16661635742847,45.30785666276796,-64.96924444642396,0.7924381758664564,-54.1737161370778,5.600805566752482,0.9208266426734221,0.00364656594847445,0.010543745780740008,0.004,False,False,896.3243139475397,-3125.851936122825,1.000565569921747,-72.74107104822879,229.93855268675955,17.949042509218085,-17.924513895106834,0.25346748601241315,-44.083421841738996,1.7936782395033897,1.1339184252594956,-0.001969232715058935,-0.26051636180843474,0.004,False,False,784.6645872343066,-3147.1164207812217,0.997966976840653,-76.88532924768336,229.3473379005127,-63.25689917198637,82.89375834153047,1.0434010312322266,126.45475577132785,7.3731982425670965,-0.866844100983034,0.006733359618408724,-0.029946489173817877,0.004,False,False
0.201,101.02296053049571,4.531338376210029,89.6322395607216,1.7944891578423168,78.4663738979537,-6.325827534052392,10,18.0,0.001,1921.582530717858,-2644.828811456361,1.0059077290985377,-52.94525513692533,231.16659430235282,63.168045749160825,-47.788164036272946,0.7928806448740057,-36.07278775445184,5.60085289296452,0.9208266426734221,0.008004326653046697,0.11075790262671892,0.00402,False,False,1818.3962266663525,-2695.882479795705,1.0005429701982578,-54.67512995126186,229.9385481169248,22.60869639220164,-11.500938484562596,0.2528841654677546,-26.034017462361472,1.7936342137967323,1.1339184252594956,-0.007740176410196146,-0.20972753171277958,0.00402,False,False,1718.7727321330015,-2750.61091771334,0.9979615752806552,-58.868907838368415,229.34733621047098,-85.77674214136263,59.28910252083516,1.043146773612977,144.37103518463135,7.373210688062534,-0.866844100983034,0.004173182837471916,-0.1138138093853526,0.00402,False,False
0.202,192.15699382443484,6.31710167086701,181.83930689352275,2.260648230915312,171.87712754284138,-8.577749901782305,10,36.000000000000455,0.001,2644.828811470904,-1921.5806108121933,1.0058940322547123,-35.12850772039764,231.16651450670744,74.84444758043682,-25.929014077287505,0.7923945751083419,-17.952846209791712,5.600895064470021,0.9208266426734221,0.0030839894813835577,0.23035308026340223,0.00404,False,False,2562.470629332481,-2002.0214100025132,1.00058334671973,-36.89618627469903,229.93852931055355,25.055601099823328,-3.9517440615182013,0.25388535348948177,-7.719441719932276,1.7935989345464225,1.1339184252594956,0.0023215962013340492,0.10540150222189154,0.00404,False,False,2484.6353195969223,-2084.856520259948,0.9979654435867868,-40.71688343476772,229.34732810149455,-99.90004868026014,29.88075813880531,1.0425702413826514,162.23447713833698,7.373221627371622,-0.866844100983034,-0.0016076099850582577,-0.2504506127878163,0.00404,False,False
0.203,264.48128007153576,7.484457142150452,256.2466541523512,2.5055540997482733,248.46333970357654,-9.990011241898744,10,54.000000000000455,0.001,3109.1802272816303,-1010.2355281160111,1.0059063733479405,-17.512393044979966,231.1663633402023,79.19404560982987,-1.5316735710092106,0.7913645425840743,-0.10840272081351783,5.600911927525706,0.9208266426734221,-0.007240183723344256,0.07471680705203598,0.00406,False,False,3055.712391263315,-1112.18874278947,1.0005525663184336,-19.044881545528504,229.93849196804553,25.05027305812692,3.9842175120536636,0.25367491407699827,10.267400640034765,1.793586030094562,1.1339184252594956,0.00023545172733441543,0.09228887875135261,0.00406,False,False,3007.2844093897934,-1215.021937225292,0.9979744516187269,-22.926171828181285,229.34731115600226,-104.24431866795669,-2.4525439410448415,1.0439235023742368,-179.61479917377116,7.3732262091737235,-0.866844100983034,0.01191852028412468,-0.09975757434899153,0.00406,False,False
0.20400000000000001,310.9162365504941,7.919131003787804,305.57077736626024,2.505237325220458,300.7282209166338,-10.424368329008265,10,72.00000000000045,0.001,3269.1831076192243,-0.002513139994320568,1.0058981966739338,0.8547321383847469,231.1661544338747,75.79107160069887,23.015515061885218,0.792436897468251,17.71472057139609,5.6008929948473964,0.9208266426734221,0.0035101399688600285,-0.10217615488214785,0.00408,False,False,3249.8396441262385,-113.48753929102438,1.0005467578411456,-1.1969869224043777,229.93843887124316,22.593232730806324,11.530240522885947,0.25316962253129943,27.864232510613665,1.7936005850578596,1.1339184252594956,-0.0048380475561489965,-0.31082530060792873,0.00408,False,False,3235.5595009356844,-226.25265842567728,0.9979652442806444,-4.815389361146368,229.34728633166625,-98.38430433150504,-34.54575558477151,1.0428964008329957,-161.57632241539213,7.373222012023295,-0.866844100983034,0.0016534405387731038,-0.06130158330360544,0.00408,False,False
0.20500000000000002,326.91651432629476,7.578574422552041,324.98349487962884,2.259728805920254,323.55572384233875,-9.838303228472258,10,90.00000000000045,0.001,3109.1755676545195,1010.2297385053124,1.0058929148122373,19.043887072587122,231.16592347338215,64.96868272017673,45.30954931305108,0.79206432820085,35.629181612228486,5.600841451669024,0.9208266426734221,-0.00014265964324803573,-0.18789523323965063,0.0041,False,False,3125.8499405659395,896.3223526720651,1.0005619019102863,16.64919057777006,229.93837881958365,17.92495377098048,17.947782880451726,0.2534404260503678,46.457782028552,1.7936371957779302,1.1339184252594956,-0.0021817877423172256,0.2833010535050407,0.0041,False,False,3147.1154762587157,784.6636810877768,0.9979726525279772,13.26378704526902,229.34725759560916,-82.89363649115691,-63.25733219350306,1.0421766471404372,-143.96640799243528,7.373209968177786,-0.866844100983034,-0.005527063817151096,-0.4514400228110857,0.0041,False,False
0.20600000000000002,310.9159259190495,6.496128487675802,312.58456270887524,1.793056763543018,314.71133729279785,-8.289185251218804,10,108.00000000000045,0.001,2644.8205721383965,1921.572704730188,1.005913794812759,36.73244827358394,231.16571456825696,,,,,,0.9208266426734221,-0.009575945590620501,0.10694568400183724,0.00412,True,False,2695.8803382470883,1818.3937151585549,1.0005657660341636,35.06143874192973,229.93832326816866,11.502327553103314,22.608748482150983,0.2537801441234665,64.15367693292627,1.7936820329535053,1.1339184252594956,0.001151983646873186,-0.01938999724201118,0.00412,False,False,2750.609892052352,1718.7715499764176,0.99799823928016,31.11605482909449,229.3472304090959,-59.28867242070272,-85.7767526405467,1.0420701702755146,-125.64837228783657,7.373194006320101,-0.866844100983034,-0.006569258990756446,-0.13351897251474926,0.00412,False,False
0.20700000000000002,264.48075159376083,4.777760059843832,269.5876828739968,1.1508950705226346,275.06081537914366,-5.9286551303663515,10,126.00000000000045,0.001,1921.5727047506973,2644.8179296681874,1.0058823159923695,54.9728201463486,231.16556340356175,25.926115466772032,74.84267571504151,0.7921068318028612,71.6697503580326,5.600709585125468,0.9208266426734221,0.00046886383118372474,-0.1487120381894276,0.0041400000000000005,False,False,2002.0193320999651,2562.467813519827,1.0005518369457829,53.47284587052565,229.93828195221295,,,,,,1.1339184252594956,-0.00374031931423149,-0.33925525597822526,0.0041400000000000005,True,False,2084.8555138593692,2484.633977148344,0.9979911759074447,49.35994307056373,229.34720964151504,-29.880061999197174,-99.89963578756445,1.043009472925174,-107.48853706703964,7.373179550086887,-0.866844100983034,0.002844211706909274,0.0261337226985304,0.0041400000000000005,False,False
0.20800000000000002,192.15641788207378,2.591688065826118,200.20169699070644,0.39609308110326635,208.4854310820663,-2.9877811469292817,10,144.00000000000045,0.001,1010.2287292070016,3109.169354853855,1.0059051587977792,72.96256750457964,231.165483609443,1.5279791954717625,79.19071681132378,0.7920715727851844,89.77110757835084,5.600671544338711,0.9208266426734221,0.0001700714509703484,-0.04849827412271385,0.0041600000000000005,False,False,1112.1869319002794,3055.709546809773,1.0005772155783537,71.17462401282803,229.93825916921855,-3.9814170831551268,25.052806141269123,0.25377204888944427,100.20494522354619,1.7937318327192213,1.1339184252594956,0.0010006038025724535,0.03687883249686883,0.0041600000000000005,False,False,1215.0210485985187,3007.283038057588,0.9979697699741276,67.20221641379386,229.3471977104399,2.453437887683911,-104.24352295259276,1.0426560618745682,-89.3864431120912,7.373171446208359,-0.866844100983034,-0.0006784381842281039,0.12799713198348522,0.0041600000000000005,False,False
0.209,101.02255680941308,0.1519157803946794,111.21859480023996,-0.39747553210548575,121.50204985429389,0.24555975171084282,10,162.0,0.001,-0.002513100816941005,3269.1733088321394,1.0058818339376003,91.06892981665966,231.16546155499518,-23.01964361185925,75.78651162770217,0.792858358488351,107.71816038742077,5.600669306749349,0.9208266426734221,0.008041092911858153,-0.10265247166881941,0.00418,False,False,113.48617260812088,3249.8370494451774,1.0005540675623132,88.8587810531225,229.93825213869673,-11.527116159802082,22.596692187624637,0.2535096432814414,118.21555869038797,1.7937180725853026,1.1339184252594956,-0.0016039925094493074,0.050238449699439,0.00418,False,False,226.25197455744492,3235.5582349553447,0.9979927849034816,85.08501453912469,229.34719365820118,34.546759771661826,-98.38320381532648,1.0431532904772993,-71.55650211083791,7.373172113713672,-0.866844100983034,0.004292903848018758,-0.042302241351137665,0.00418,False,False
0.21,-3.206897192849827e-13,-2.3027188044651883,11.348666303675495,-1.1521429121833417,22.62521313271438,3.4548617166486184,10,180.0,0.001,-1010.2325000870173,3109.167801672133,1.0058892268502573,108.77811599601189,231.16546155499515,-45.31370792416564,64.96333786941648,0.7923499642345366,126.22186431088082,5.600699685294933,0.9208266426734221,0.002914188622544821,0.4000083287154077,0.0042,False,False,-896.323141468198,3125.8478495691825,1.0005985703309745,107.50732779933,229.93825206550233,-17.944640372991415,17.929001129026158,0.25382010553583517,136.2943679064615,1.793682245550497,1.1339184252594956,0.0015512971130104839,0.13127118015139552,0.0042,False,False,-784.664093256051,3147.114439552964,0.9979871675164173,102.9114781861599,229.3471935176896,63.25834829715747,-82.89233899844217,1.043046253452477,-53.52876506117244,7.373180620979368,-0.866844100983034,0.003210502509267481,-0.014773456588897123,0.0042,False,False
0.211,-101.02245588079346,-4.531923680476777,-89.63212250036405,-1.7940484978176183,-78.4663245007904,6.325972178294521,10,198.0,0.001,-1921.5729313449765,2644.8155991342,1.0059112304699196,127.1885204225018,231.16543950060233,-63.17178575034144,47.78073829362752,0.7923121123398642,143.84912494907167,5.600747033553276,0.9208266426734221,0.002468709126718935,0.026554557427007887,0.00422,False,False,-1818.3938489756733,2695.878955497456,1.0005457692797717,125.02968716309795,229.93824750013445,-22.60589545763339,11.506566720329168,0.2534779974090232,154.08144454997142,1.7936381841537004,1.1339184252594956,-0.0018074719301823567,-0.0802658933839474,0.00422,False,False,-1718.7716500992885,2750.6091861007353,0.9979666432843101,121.02332574228774,229.34719182766096,85.77768120797516,-59.28730501395609,1.0432449649011186,-35.485433303343946,7.3731930427850845,-0.866844100983034,0.005180049909571111,0.028411813719381496,0.00422,False,False
0.212,-192.15603392679327,-6.317475774129856,-181.8390694333083,-2.2603678798507927,-171.8770193406181,8.577843653980638,10,216.0,0.001,-2644.8155991495028,1921.5710114980025,1.005898162817657,145.02196523252329,231.1653597074397,-74.8457100890165,25.92079597550473,0.7919966346227006,161.8425390567529,5.600789222392167,0.9208266426734221,-0.000745732073056957,0.01962222783385437,0.00424,False,False,-2562.4672793884492,2002.0187927988345,1.0005607042628584,142.91871235401769,229.93822871214937,-25.054675881404343,3.957962560503506,0.2523387288646199,172.22689669991206,1.7936028701367703,1.1339184252594956,-0.013150215812530747,0.06574046373311059,0.00424,False,False,-2484.6337554255883,2084.8552077647814,,,229.3471837187476,99.90038597042094,-29.878758536007574,1.0428081701858531,-17.270609257722843,7.373203960522225,-0.866844100983034,0.0007966627449823406,0.24315722037871154,0.00424,False,False
0.213,-264.4799588901032,-7.484583411172624,-256.2463195578597,-2.505461534228653,-248.46318328796346,9.990044945401264,10,234.0,0.001,-3109.164695344638,1010.2304814320098,1.005905415368605,162.67165820590782,231.1652085456618,-79.19270689065655,1.5234675236568131,0.7924890701949016,179.7987420655037,5.600806092860687,0.9208266426734221,0.004154765203568077,-0.024254533047271352,0.00426,False,False,-3055.7083971400484,1112.187288667988,1.0005292224813915,161.14402377439,229.9381914061565,-25.051314504860404,-3.9780173818354396,0.2533070279184285,-170.01806988352928,1.793589948555151,1.1339184252594956,-0.003448951398471303,-0.1791809121289154,0.00426,False,False,-3007.2825161934666,1215.0211723229804,0.997980655422511,156.649963502736,229.34716677338764,104.24402139551687,2.4545498581792926,1.042839380792016,0.4039554156510904,7.37320853215046,-0.866844100983034,0.0011023035479590746,-0.08230873133184254,0.00426,False,False
0.214,-310.914683413687,-7.918997063380034,-305.57037840577493,-2.505341644336245,-300.7280315987512,10.424338707716288,10,252.0,0.001,-3269.166776451073,0.002513060604343309,1.0058833670870735,180.7854757424392,231.16499964590025,-75.78726254280072,-23.022905772751372,0.7916667676275508,-161.96544918122666,5.600787156263124,0.9208266426734221,-0.004041480076841104,0.21153794691461425,0.00428,False,False,-3249.835396884315,113.48739034977197,1.0005490355713766,179.31584808170803,229.93813836128444,-22.596139286068365,-11.524665717228952,0.2534552610138753,-151.81888175026995,1.7936045140014485,1.1339184252594956,-0.0019872190957001975,0.02006110605816222,0.00428,False,False,-3235.5574640339955,226.2525159892692,0.9979738847949675,175.34968145570642,229.3471419492466,98.38340182886883,34.547571489980946,1.0419006820677221,18.443747451028585,7.373204341151821,-0.866844100983034,-0.008278756727865476,-0.04253746279404059,0.00428,False,False
0.215,-326.9148812670181,-7.578193368421023,-324.983070614982,-2.2600198368519413,-323.5555201539812,9.838213205272993,10,270.0,0.001,-3109.160035864226,-1010.2246920042037,1.005879009906931,-161.29302047509304,231.16476869270352,-64.96277603951071,-45.315401169449345,0.7920869336495522,-143.81855313476072,5.600735600752707,0.9208266426734221,0.00023309064521836082,0.3582537733713506,0.0043,False,False,-3125.845855964034,-896.3211821105554,1.0005658536799102,-162.57000348587906,229.9380783683684,-17.929441275672396,-17.94337926155727,0.25345257056088755,-133.8190622044355,1.7936411622477175,1.1339184252594956,-0.002065952072487413,0.02045773283204387,0.0043,False,False,-3147.11349503788,-784.663187116607,0.997962752096811,-166.7512908167519,229.34711321341643,82.8922173151827,63.25878043100713,1.0430679104599534,36.208908918529914,7.373192318475711,-0.866844100983034,0.003410529826057186,-0.27742880209870874,0.0043,False,False
0.216,-310.91437279254797,-6.4955376060232135,-312.584154670948,-1.7935060535638316,-314.711139172409,8.289043659587042,10,288.0,0.001,-2644.807360076426,-1921.5631056657458,1.0059051204803706,-142.8565575066313,231.16455979421045,-47.77891863680925,-63.1717442356874,0.7918340973590741,-126.25798792891416,5.600667074501904,0.9208266426734221,-0.002198361506297486,-0.08169003602121545,0.00432,False,False,-2695.876816043717,-1818.3913399240969,1.0005525057496258,-144.81298530909717,229.9380228713051,-11.507957026417468,-22.605947369992705,0.2528449654194055,-116.06377560189755,1.7936860530995262,1.1339184252594956,-0.008205488738762796,-0.22284061776208489,0.00432,False,False,-2750.608160447843,-1718.7704679519816,0.9979672117335281,-148.88288450219122,229.34708602711896,59.28687566322617,85.77769160568046,1.043152427175074,54.00644016295124,7.373176385760096,-0.866844100983034,0.004278229239772813,-0.48001204317281465,0.00432,False,False
0.217,-264.4794304298615,-4.777017178904017,-269.587330997296,-1.1514586686856152,-275.060642220103,5.928475847589599,10,306.0,0.001,-1921.5631056872928,-2644.8047176897726,1.0058922255912586,-125.31405808701538,231.16440863433834,-25.917896540567764,-74.84393777402397,0.7922388399118203,-107.86788183778295,5.600603709694852,0.9208266426734221,0.0019386753906746666,0.3075389644699571,0.00434,False,False,-2002.0167169292524,-2562.464466330047,1.0005587029928469,-126.90251103056862,229.93798159578066,-3.9601671142444097,-25.056035998457574,0.25444983537055305,-98.11063989782147,1.7937221963402596,1.1339184252594956,0.007792096511479629,-0.2674571273289254,0.00434,False,False,-2084.854201372186,-2484.6324129875875,0.9980156531545648,-131.1281379107903,229.3470652597039,29.87806365481158,99.89997377248173,1.0424016966733682,72.26611790395494,7.373161956550091,-0.866844100983034,-0.0032086697928036464,-0.22051653102040558,0.00434,False,False
0.218,-192.15545800353763,-2.590865896345574,-200.20143570498954,-0.39671583766131735,-208.48529983433178,2.987581734006852,10,324.0,0.001,-1010.2236827396068,-3109.153823260992,1.0058952691674787,-107.13588683271034,231.16432884277816,-1.5197720684653926,-79.18937716145474,0.792043432538579,-90.08211368401304,5.600565668912034,0.9208266426734221,3.839944924619249e-05,0.09216326562318976,0.00436,False,False,-1112.1854795508198,-3055.705555469217,1.000533243111112,-108.9983362022383,229.9379588350858,3.9752142289800156,-25.05384994179138,0.253959516777839,-80.04806428537418,1.7937359408119202,1.1339184252594956,0.0028694729661087404,-0.2021242044075099,0.00436,False,False,-1215.0202837032903,-3007.281144872114,0.9980011274607794,-113.12111386177966,229.34705332872446,-2.4554421605152856,104.24322710324611,1.043368976846508,90.4637091902333,7.3731538682922455,-0.866844100983034,0.006475570462536597,-0.023155399831479555,0.00436,False,False
0.219,-101.02205217310197,-0.15109479893730618,-111.21844966169297,0.39685456913004424,-121.50197336522314,-0.24575977019280723,10,342.0,0.001,0.002513019442957898,-3269.156977975401,1.0058831021362897,-88.72613657073975,231.16430678904095,23.02703555170139,-75.7827012496231,0.791739782699328,-72.50481202453008,5.600563442631886,0.9208266426734221,-0.0029949505076847477,-0.3317424658616756,0.00438,False,False,-113.48602500442318,-3249.83280474201,1.000594414185077,-91.16706827489263,229.93795181144654,11.521538255888188,-22.599602075288747,0.25351049848471746,-62.21517111986802,1.7937221882767835,1.1339184252594956,-0.0016012609433992122,-0.36648199210114096,0.00438,False,False,-226.25183212651038,-3235.55619806372,0.9979900378171148,-94.73059856496558,229.34704927651845,-34.548573807590174,98.38230332491162,1.0431581320997458,108.72802666168177,7.373154535086533,-0.866844100983034,0.004366180005388684,0.24092211151287002,0.00438,False,False
0.22,1.4420847607114075e-12,2.3034582328249087,-11.348651495291788,1.1515845313513822,-22.625198889495564,-3.4550427641763317,10,0.0,0.001,1010.2274534973612,-3109.1522701295617,1.0058817185100533,-70.92262769915511,231.16430678904104,45.31956103847365,-64.9574296086833,0.7920163869629431,-54.178284876729194,5.600593840873922,0.9208266426734221,-0.0002718974776947244,-0.006258743735236057,0.0044,False,False,896.3219701346213,-3125.8437670134986,1.0005405553625069,-73.09822975257433,229.93795173832382,17.940233584888226,-17.9334926182336,0.2533052353445863,-44.003129624478625,1.7936863418231608,1.1339184252594956,-0.0036031978038341263,-0.15221439534759137,0.0044,False,False,784.6635992815725,-3147.1124583404026,0.9979885489839979,-76.83336773399611,229.34704913600794,-63.25979462336237,82.89092222691652,1.0428702924876307,126.29089511319395,7.373163026618464,-0.866844100983034,0.0014757750446156377,-0.19641734255486634,0.0044,False,False
0.221,101.02195124791191,4.532509169019079,89.63200555475906,1.793607373430932,78.4662751040386,-6.326116542450026,10,18.0,0.001,1921.5633322736285,-2644.802387231248,1.005882082045634,-52.89973267093761,231.16428473536564,63.175526991404126,-47.77331037774601,0.7926104865927124,-36.31044981794626,5.600641211098102,0.9208266426734221,0.005602107206510553,-0.13913827680402685,0.00442,False,False,1818.391473610321,-2695.875434647365,1.0005737590783135,-54.9861917989269,229.93794717742693,22.60309141548655,-11.512200440083943,0.25345719844768966,-26.10170801115093,1.793642244860316,1.1339184252594956,-0.0020212042498864986,-0.2494046686997936,0.00442,False,False,1718.770568074055,-2750.607454501879,0.9979793554705889,-58.77552383504174,229.34704744599304,-85.77861840689098,59.28551081782945,1.0422764456639635,144.53197728613085,7.3731754247155905,-0.866844100983034,-0.00448022674915834,0.04451858902138072,0.00442,False,False
0.222,192.15507406129396,6.317850000829519,181.83883220590963,2.260087218471805,171.8769111392985,-8.577937219301333,10,36.0,0.001,2644.802387247305,-1921.5614124883873,1.0059072487552454,-35.29858303199957,231.16420494481198,74.84697310391499,-25.912575424133337,0.7928647101389603,-18.061197138969387,5.6006834171954285,0.9208266426734221,0.008084654233737124,0.10976789529738432,0.00444,False,False,2562.463932721879,-2002.0161781558522,1.0005649161408867,-36.75473105953163,229.9379284078449,25.053749403210094,-3.964187235021038,0.2538159962049268,-7.990893256465482,1.7936068961636409,1.1339184252594956,0.001616763928735335,-0.13803479148006384,0.00444,False,False,2484.632191266649,-2084.853895280044,0.9979943095170426,-40.725526806883515,229.34703933714604,-99.90072250712527,29.87676265915379,1.0426739525656412,162.50076897352506,7.373186320864628,-0.866844100983034,-0.0005205672141287484,0.01323175567353064,0.00444,False,False
0.223,264.47863775312203,7.4847097307934956,256.24598529148153,2.5053688427491774,248.46302687366727,-9.9900785735427,10,54.0,0.001,3109.1491639044216,-1010.2254349068467,1.0059111544025205,-17.399186681112102,231.16405378800025,79.19136789560116,-1.515258990294035,0.7923417107440486,-0.5324689782431157,5.600700295045307,0.9208266426734221,0.002830791400416288,-0.36158372091611185,0.00446,False,False,3055.704406925701,-1112.1858359688956,1.0005764687541738,-18.931996876771105,229.93789113840046,25.052356662178333,3.971810989161243,0.25368790458676227,9.773432113602821,1.7935939574811983,1.1339184252594956,0.0003541458072793278,-0.3736640225750846,0.00446,False,False,3007.2806230122696,-1215.0204074267187,,,229.3470223919253,-104.2437245577795,-2.456551998867822,1.0429643753075226,-179.5746174776905,7.373190882311859,-0.866844100983034,0.0023772093441471608,-0.06218529624599849,0.00446,False,False
0.224,310.9131303293791,7.918863095872393,305.56997983659267,2.505446034100758,300.72784228246985,-10.424309129973128,10,72.0,0.001,3269.150445809134,-0.002512977249480741,1.0058886719770315,0.9848806791621405,231.16384489513462,75.78345245474989,23.030298762846634,0.7919025862614458,17.78925251284848,5.600681354561833,0.9208266426734221,-0.0015336675370030805,-0.039878522318591535,0.0044800000000000005,False,False,3249.8311538002145,-113.48724155315018,1.000533738028195,-0.45602162515933814,229.9378381455059,22.59904845195963,11.519085175080928,0.2539820905094152,28.537111266937167,1.7936085333828953,1.1339184252594956,0.0032753915959451924,0.3900689501309378,0.0044800000000000005,False,False,3235.555427148708,-226.2523735538935,0.9979905037008782,-4.971658100390978,229.34699756798898,-98.38250090670928,-34.54938393792814,1.043321982878148,-161.66674643670987,7.373186697469764,-0.866844100983034,0.005959203310848704,-0.15433502160716617,0.0044800000000000005,False,False
0.225,326.9132482631986,7.577812212236714,324.9826467665338,2.2603111280494805,323.55531646735307,-9.83812334028619,10,90.0,0.001,3109.14450457807,1010.2196456710683,1.005895183967389,18.626362019160403,231.1636139495984,64.9568676760947,45.321254875612325,0.7917105695223927,35.838749865138574,5.600629786814109,0.9208266426734221,-0.0033809071193217012,0.009438509382320645,0.0045000000000000005,False,False,3125.841775361864,896.3200126965646,1.0005207979673396,17.377866128576976,229.93777821138679,17.933933034809172,17.93897099331212,0.2534602489747897,46.25513815658476,1.7936452190942243,1.1339184252594956,-0.0019949051808166,0.10867316343500284,0.0045000000000000005,False,False,3147.111513833115,784.6626931495737,0.9979816596454524,13.273323599491206,229.34696883239707,-82.89080071090352,-63.26022586892493,1.042509024386012,-143.651324179561,7.373174695978023,-0.866844100983034,-0.002153408938121746,-0.1389655155538622,0.0045000000000000005,False,False
0.226,310.9128197190332,6.494946557437175,312.5837470333749,1.7939557679224791,314.71094105370867,-8.288902325359658,10,108.0,0.001,2644.794148446676,1921.553506918358,1.0058781488174295,36.86146710947525,231.16340505806733,47.77149023605401,63.17548555287266,0.7923672568067975,54.01984037085819,5.600561246078211,0.9208266426734221,0.0032828969630080977,0.19001977957125982,0.004520000000000001,False,False,2695.8732972904054,1818.3889670172039,1.000565260135277,35.081738967474394,229.9377227687242,11.513591980996768,22.603143150188817,0.25300004767718914,63.971182321183825,1.7936901635633742,1.1339184252594956,-0.006660479234647509,-0.17386662712524548,0.004520000000000001,False,False,2750.606428857489,1718.7693859364945,0.9979847554829343,31.44993425786592,229.34694164632612,-59.285082217050295,-85.77862870306184,1.04253055844625,-125.82195919733074,7.373158792424099,-0.866844100983034,-0.0019155773140918787,-0.30971484987375575,0.004520000000000001,False,False
0.227,264.47810931124263,4.776274082557481,269.5869794659093,1.1520228136675157,275.06046906254335,-5.928296896224937,10,126.0,0.001,1921.5535069409455,2644.791506147747,1.0058926615178014,54.95121516194624,231.16325390325676,25.90967517002159,74.84520034249269,0.7916740531526563,71.98168097671068,5.600497871494954,0.9208266426734221,-0.0035595143832531195,0.15098296226600677,0.004540000000000001,False,False,2002.014104321075,2562.461122420232,1.0005614866916372,53.25914867212215,229.93768153366761,3.96639386725922,25.055110661963415,0.25455564588914553,82.1217379172382,1.7937263595563624,1.1339184252594956,0.008844314020728954,-0.021061333194016638,0.004540000000000001,False,False,2084.8528888958276,2484.6308488397567,0.9979907322264692,48.97608049628242,229.34692087908493,-29.876069037280303,-99.90031100445631,1.0419463254879842,-107.54154760515408,7.373144390254213,-0.866844100983034,-0.007737539152770629,-0.029485189586648863,0.004540000000000001,False,False
0.228,192.1544981580494,2.5900434841131355,200.20117467573195,0.3973392099582419,208.48516858772336,-2.987382694071284,10,144.0,0.001,1010.218636441781,3109.138292182071,1.0058882350951175,72.82180495874047,231.16317411438112,1.5115624621571864,79.18803724171727,0.7916773931174705,90.09740971658556,5.600459830796309,0.9208266426734221,-0.0034723170631649623,0.2655674551711567,0.004560000000000001,False,False,1112.1840286253496,3055.7015680401023,1.0005678101326865,70.91020815212451,229.93765879529232,-3.96900511787395,25.05489444791752,0.2534357263079875,100.37705914906839,1.7937401392370047,1.1339184252594956,-0.0023743692021011287,0.23701984359814282,0.004560000000000001,False,False,1215.0195188144617,3007.2792517023113,0.997972524300864,67.02977737814581,229.346908948206,2.4574426557173044,-104.24293168963484,1.0425471817906158,-89.65760237228463,7.3731363176249545,-0.866844100983034,-0.0017175597046755165,-0.14576972094175528,0.004560000000000001,False,False
0.229,101.02154755424684,0.15027357116024173,111.21830466563249,-0.396232981780288,121.50189687681375,0.24595941062012766,10,162.0,0.001,-0.0025129341026399743,3269.1406476603424,1.005920472288381,91.07455780765113,231.16315206138927,-23.034429763258665,75.77888984966256,0.7919801315666829,107.87926935892594,5.600457615840775,0.9208266426734221,-0.00044180015088414606,0.04621932436095622,0.00458,False,False,113.48587754655885,3249.8285641989596,1.0005506159467832,89.16860546999236,229.93765177854175,-11.51595462165626,22.602514566761883,0.2536271538974273,118.20101245941387,1.7937263943934278,1.1339184252594956,-0.00044065516350398474,0.0637250917150116,0.00458,False,False,226.25168969687724,3235.554161188995,,,229.34690489603418,34.550384384915496,-98.38140441642429,1.042894712342956,-71.14541009879618,7.373136983704236,-0.866844100983034,0.001756803840374875,0.36618300722538744,0.00458,False,False
0.23,-2.5634685991709318e-12,-2.3041978869754356,11.348636701448616,-1.1510255786149863,22.62518464640046,3.455223465590453,10,180.0,0.001,-1010.2224070713235,3109.1367391033837,1.0058777289918566,108.94287986061275,231.16315206138933,-45.325415994962626,64.95151967491947,0.7911508599442238,125.95133409735733,5.600488033733249,0.9208266426734221,-0.008777533771552085,0.11724033642647469,0.0046,False,False,-896.3207999478755,3125.839688459393,1.0005188640300997,107.4901024602495,229.93765170549074,-17.935822153651138,17.937988353893523,0.25353006972081815,136.22142062595756,1.7936905286473233,1.1339184252594956,-0.0013607751050299355,0.08636194276508263,0.0046,False,False,-784.6631053110676,3147.1104771443206,0.997986186636653,102.95841057813142,229.34690475552486,63.26123814861421,-82.8895080288127,1.0423533406504768,-53.396210318758236,7.373145459488199,-0.866844100983034,-0.0036688996530485564,0.1151752412574326,0.0046,False,False
0.231,-101.02144663264576,-4.533094840763529,-89.63188872400606,-1.7931657855569143,-78.46622570771781,6.326260626320449,10,198.0,0.001,-1921.5537335189827,2644.789175768362,1.0058758177065388,126.9862780526564,231.16313000846648,-63.179269465448996,47.765880302115775,0.7916647156331672,143.80228188423058,5.600535425842724,0.9208266426734221,-0.003705999446085373,-0.032526649597551055,0.00462,False,False,-1818.3891005724267,2695.871917248545,1.0005497639989618,125.15972680892733,229.93764714906894,-22.600284271346325,11.51783963272184,0.25368237603792676,154.17968560085984,1.7936463962425289,1.1339184252594956,0.00022470071145675903,0.04601685947748427,0.00462,False,False,-1718.7694860577303,2750.6057229174553,,,229.34690306552446,85.77955373679555,-59.28371993483724,1.0434029746150042,-35.6230935923223,7.373157833857897,-0.866844100983034,0.006809939990771945,-0.11185402734328272,0.00462,False,False
0.232,-192.15411422944885,-6.3182243502757895,-181.8385952115314,-2.2598062473370883,-171.87680293892342,8.578030597612972,10,216.0,0.001,-2644.7891757851744,1921.5518137984973,1.0058705002049948,144.96699494302882,231.1630502206475,,,,,,0.9208266426734221,0.007416698280155909,0.15172904263703657,0.00464,True,False,-2562.460589335751,2002.0135660758706,1.0005703534347727,143.35614411594938,229.9376283979065,-25.052821667121215,3.970418072783172,0.25347365462652965,172.39845001873124,1.7936110129530056,1.1339184252594956,-0.0018124738745891337,0.2653373149256246,0.00464,False,False,-2484.630627120716,2084.8525828062557,0.9979913946884343,138.89013441836718,229.34689495674667,99.90105828985897,-29.874770510915617,1.0418401645404667,-17.468458208068714,7.373168708402674,-0.866844100983034,-0.008833539683309974,0.04270295446134677,0.00464,False,False
0.233,-264.4773166626757,-7.484836100773647,-256.2456513535096,-2.5052760254980426,-248.46287046074815,9.990112126271683,10,234.0,0.001,-3109.133632985506,1010.2203885484814,1.0058890534462868,162.9766427923629,231.1628990690407,-79.19002862700893,1.5070479858883017,0.7927776333233847,179.90489411796116,5.600594534323236,0.9208266426734221,0.007339585441296327,0.06965922419306844,0.00466,False,False,-3055.70042062382,1112.1843846934644,1.000532068638804,161.0638746480137,229.93759116504384,-25.053399528072397,-3.9655983462985147,0.2525293557575937,-170.1652783947527,1.793598057198691,1.1339184252594956,-0.011237140360485804,-0.29834550822426686,0.00466,False,False,-3007.2787298469448,1215.0196425368122,0.9979919993071542,157.17254665245673,229.3468780116718,104.24342815508138,2.458550360410708,1.0434692164266695,0.7189535002121746,7.373173259661775,-0.866844100983034,0.007450542726369919,0.23008408643080924,0.00466,False,False
0.234,-310.91157730002146,-7.918729101499468,-305.5695816590658,-2.5055504943129687,-300.7276529678628,10.42427959581241,10,252.0,0.001,-3269.1341157191914,0.002512889922329009,1.0058713840126092,180.83471776664217,231.16269018340105,-75.77964134340198,-23.03769401866085,0.7926262769928567,-162.40572575878912,5.600575589987193,0.9208266426734221,0.005852813472979901,-0.24097696425976556,0.00468,False,False,-3249.826914877701,113.4870929012729,1.0005370111047887,178.65715763845552,229.93753822417398,-22.60196022277904,-11.513498907488227,0.25340554172074164,-152.09253190899142,1.793612643528165,1.1339184252594956,-0.0024959089139738235,-0.22554526906885833,0.00468,False,False,-3235.5533902806246,226.2522311196101,0.9979903607192729,174.93540508493567,229.3468531879503,98.38160156618089,34.551192926149554,1.0428120872124507,18.301389117356322,7.373169080980978,-0.866844100983034,0.0008851601312366493,-0.18750106226506957,0.00468,False,False
0.23500000000000001,-326.9116153174152,-7.57743095468489,-324.9822233346599,-2.2606026789423073,-323.5551127825342,9.838033633627182,10,270.0,0.001,-3109.128973820571,-1010.2145995138808,1.0058829235031155,-160.8550496374383,231.16245924589,-64.95095764062395,-45.32711042080966,0.7920885233217365,-144.2215087600438,5.600524010096912,0.9208266426734221,0.0005482217421578114,-0.05694038644383849,0.0047,False,False,-3125.8376987630427,-896.3188444311476,1.0005712158346247,-162.59772319464767,229.9374783489049,-17.938429039554627,-17.93455808446007,0.2532091550310808,-133.96917974040025,1.7936493666433369,1.1339184252594956,-0.004511710138111011,-0.10161553615151438,0.0047,False,False,-3147.1095326452028,-784.6621991868674,0.9979515296220265,-166.68788097589203,229.34682445260796,82.88938668017826,63.26166850527012,1.0414876664573787,36.529994130187035,7.37315710068855,-0.866844100983034,-0.012342104727447765,0.04105125523261094,0.0047,False,False
0.23600000000000002,-310.9112667009593,-6.494355342987332,-312.5833397965196,-1.7944059057352402,-314.7107429367761,8.288761248722555,10,288.0,0.001,-2644.7809372700017,-1921.5439085031858,1.0058730939988538,-143.0452221216516,231.16225036165062,-47.76405967882169,-63.179228103051216,0.792947673202981,-126.39552457228878,5.600455455005162,0.9208266426734221,0.009236672095126429,-0.2314656536909404,0.00472,False,False,-2695.8697819902645,-1818.386596439996,1.0005284480366279,-144.93523632798573,229.9374229606924,-11.519232405735199,-22.60033582832451,0.25328016557565597,-116.07924892350907,1.7936943646708439,1.1339184252594956,-0.0038652415131399383,-0.21026768046274125,0.00472,False,False,-2750.604697281973,-1718.768303930378,0.9979854285648272,-148.82929369687102,229.34679726677416,59.28329208455644,85.779563931376,1.0425733394169976,54.48103273933272,7.3731412263159095,-0.866844100983034,-0.0014629253781785656,-0.008024283088494802,0.00472,False,False
0.23700000000000002,-264.4767882399931,-4.775530772153352,-269.58662828015173,-1.152587504357133,-275.06029590653566,5.928118276510501,10,306.0,0.001,-1921.543908526804,-2644.7782950629744,1.0058810783460732,-125.05218105140467,231.1620992121403,-25.901451370093785,-74.84646341805333,0.7918980081721803,-107.88109496773896,5.600392070769389,0.9208266426734221,-0.001170339367010721,0.28208619668102697,0.00474,False,False,-2002.0114942777393,-2562.457781793361,1.0005291985615934,-127.11533506193723,229.9373817661402,-3.9726267791807053,-25.054184064919994,0.25390957692934557,-97.83668363531368,1.7937306133942668,1.1339184252594956,0.0023776085874725526,0.03454921155223965,0.00474,False,False,-2084.851576430812,-2484.6292847054647,0.9979936506456522,-131.2069647972091,229.34677649971482,29.874078149274034,99.90064748297348,1.0425029337273286,72.470394632531,7.373126851203045,-0.866844100983034,-0.0021466527952956915,-0.018844024588800534,0.00474,False,False
0.23800000000000002,-192.15353834712863,-2.589220830625077,-200.20091390316927,-0.3979631967646507,-208.48503734229632,2.9871840273897763,10,324.0,0.001,-1010.2135903214806,-3109.122761641616,1.0058818804211136,-107.32998649810932,231.16201942607492,-1.5033503915152182,-79.18669705445721,0.7920980929682684,-90.34132096196016,5.600354030235075,0.9208266426734221,0.0008843060334169718,-0.17928443685042314,0.00476,False,False,-1112.182579125141,-3055.697584525975,1.0005843128419625,-108.71820574023073,229.93735905010445,3.962789762106456,-25.05593965763723,0.2536628519689263,-79.8259454424976,1.7937444283200072,1.1339184252594956,-0.00010917827206545334,0.04804997768516045,0.00476,False,False,-1215.0187539323283,-3007.277358548919,0.9979826127709227,-113.1180660302896,229.3467645689408,-2.459439370591631,104.24263671209445,1.0424146558587244,90.05354932603426,7.373118794210262,-0.866844100983034,-0.003018037172869444,-0.4359187041548503,0.00476,False,False
0.23900000000000002,-101.0210429536446,-0.14945209856028518,-111.21815981218731,0.3956107712836237,-121.5018203890959,-0.2461586727233485,10,342.0,0.001,0.002512844802524228,-3269.1243179127478,1.005860427494401,-89.15873771816726,231.16199737386333,23.041826233020338,-75.77507743467703,0.7914630382094074,-71.93034213487184,5.600351826619469,0.9208266426734221,-0.005463125172114962,0.23048623707399485,0.00478,False,False,-113.48573023465109,-3249.8243278197942,1.000571168803267,-90.80793853524975,229.93735204024887,11.510365268155379,-22.605429656340206,0.25362084382752437,-61.87851263017716,1.7937306912606796,1.1339184252594956,-0.0005098325504764817,-0.0017623867255819924,0.00478,False,False,-226.25154726859807,-3235.5521243319654,0.997956705905318,-94.72545844862786,229.34676051680484,-34.55219150117604,98.38050709101717,1.04313250324498,108.99232116160165,7.373119459570563,-0.866844100983034,0.004159495728123967,0.5026140011725685,0.00478,False,False
0.24,-9.608406322542945e-13,2.304937765565446,-11.34862192216374,1.1504660550797083,-22.62517040343929,-3.45540382064524,10,0.0,0.001,1010.2173608168689,-3109.1212086181204,1.0058852400244742,-70.83233356672756,231.16199737386336,45.33127278290136,-64.94560807882112,0.7926231755229045,-54.09863650601592,5.600382264116283,0.9208266426734221,0.006095202842055415,0.061147840780111276,0.0048,False,False,896.3196309089938,-3125.8356139104917,1.0005718043127096,-72.45777724437696,229.9373519672697,17.93140608802664,-17.942488327166657,0.2542178151550508,-43.78747362705886,1.7936948063483802,1.1339184252594956,0.00551062965444608,0.09150788019329176,0.0048,False,False,784.6626113447284,-3147.108495965491,0.9980043403695565,-77.02243205422289,229.34676037629683,-63.262678870928326,82.8880964059876,1.0426448778491566,126.14117793881756,7.373127919592369,-0.866844100983034,-0.0007287225076866551,-0.34873640779294024,0.0048,False,False
0.241,101.0209420357874,4.533680694637036,89.63177200820446,1.792723735070459,78.46617631184303,-6.326404429707513,10,18.0,0.001,1921.5441350961833,-2644.775964766404,1.0058740060755822,-53.184555330947354,231.16197532172762,63.18301316557505,-47.75844808022567,0.7919672146494712,-35.837768936447624,5.600429678030445,0.9208266426734221,-0.0005314592927305893,0.321300457732417,0.00482,False,False,1818.3867298640816,-2695.868403304129,1.0005704426590505,-55.117229262599935,229.93734741532683,22.597474030800164,-11.52348428713322,0.2536619274229803,-26.11226387348406,1.7936506386257245,1.1339184252594956,1.4214926140150511e-05,-0.23189059781087806,0.00482,False,False,1718.7684040507313,-2750.603991348142,0.9979966201086994,-58.71769957522383,229.34675868631135,-85.78048719637547,59.2819323673586,1.0420386446928356,144.32596597643746,7.373140270215812,-0.866844100983034,-0.006808520490071742,-0.16409411872136992,0.00482,False,False
0.242,192.15315443278124,6.318598821778751,181.83835845039206,2.2595249670056403,171.87669473954324,-8.578123788784415,10,36.0,0.001,2644.77596478397,-1921.5422154434923,1.0058865478116297,-35.02527482253341,231.16189553676946,74.84950064308924,-25.896127032464598,0.7916891888910943,-18.120848904028986,5.6004719184196246,0.9208266426734221,-0.0033714538077570934,0.0378738460225032,0.00484,False,False,2562.4572492330285,-2002.0109565612215,1.0005475805390198,-37.04029843539626,229.93732868260076,25.051892675019158,-3.9766550614972216,0.2534336720769374,-7.723899533402719,1.793615220830279,1.1339184252594956,-0.0022182502076206526,0.1570306945719233,0.00484,False,False,2484.629062988409,-2084.8512703439283,0.9979892578901509,-40.88275683768847,229.34675057760631,-99.90139331810857,29.87278209396146,1.042996933704512,162.62806787432083,7.373151123140206,-0.866844100983034,0.00275902127382054,0.1379294950794013,0.00484,False,False
0.243,264.4759956208505,7.484962520873539,256.24531774424025,2.5051830826634145,248.46271404926787,-9.990145603536963,10,54.0,0.001,3109.118102612408,-1010.2153423648881,1.0058735800597605,-16.92739766251138,231.16174439060617,,,,,,0.9208266426734221,0.0020075038691818874,-0.3037875717572166,0.00486,True,False,3055.696438237934,-1112.1829348429992,1.0005523013366102,-18.897766981319098,229.9372914863527,25.054443100533554,3.959379465519767,0.25498797061466216,10.081097234337584,1.7936022480330651,1.1339184252594956,0.01334308147538857,-0.03792675561696786,0.00486,False,False,3007.276836698236,-1215.0188776535574,0.9979749158271812,-22.985452494139196,229.346733632684,-104.24313218775882,-2.460544940111497,1.043221126189966,-179.52009937080047,7.373155664204055,-0.866844100983034,0.004994524094279912,-0.010268301948790678,0.00486,False,False
0.244,310.91002432806664,7.918595080495905,305.56918387354796,2.5056550247718383,300.7274636550047,-10.424250105267738,10,72.0,0.001,3269.1177862070235,-0.0025127986307182937,1.005909542019406,1.2685167622499836,231.16153551252233,75.77582921561338,23.045091526682402,0.7910181606696388,17.847941650716344,5.600469862782486,0.9208266426734221,-0.010078828912389924,0.0065682786825054145,0.00488,False,False,3249.82268012053,-113.48694439429178,1.0005693934292696,-0.8450100489478561,229.93723859755448,22.604874592823364,11.507906925501844,0.25377034622518335,28.009088401868148,1.7936168447626777,1.1339184252594956,0.0011461946876159081,-0.1098819010907209,0.00488,False,False,3235.55135343054,-226.2520886864724,0.9979819397874188,-4.8872192596504975,229.34670880918688,-98.38070380843668,-34.552998452184625,1.0429362964730704,-161.45291281369722,7.373151491689297,-0.866844100983034,0.002152127752282314,0.05689748982011076,0.00488,False,False
0.245,326.9099824322465,7.57704959645133,324.98180031973703,2.260894488959933,323.5549090996051,-9.83794408541124,10,90.0,0.001,3109.1134436162483,1010.2095535405995,1.0058622016478949,18.813481713918996,231.16130458340112,64.9450459437947,45.332967794309845,0.7917358461545454,36.26939271619295,5.600418270844392,0.9208266426734221,-0.0028290120447634743,0.4278388231296658,0.0049,False,False,3125.8336261711893,896.3176773153206,1.0005256522607437,17.404070772083223,229.93717878118863,17.942929281069432,17.930140543748728,0.2542399839767354,46.09854208334032,1.793653605220418,1.1339184252594956,0.005790585065241486,-0.019850416669010017,0.0049,False,False,3147.1075514749155,784.6617052286831,0.9979866932566261,13.254552500338805,229.34668007410554,-82.88797522486392,-63.2631083380589,1.0431255108148916,-143.44605126278876,7.373139532611136,-0.866844100983034,0.004061183861024231,0.06370640121010199,0.0049,False,False
0.246,310.90971374078,6.493763963743822,312.58293296074476,1.794856466117373,314.7105448216906,-8.28862042986118,10,108.0,0.001,2644.7677265672664,1921.5343104353763,1.005867910392692,36.89774106657901,231.16109570678353,47.75662697860198,63.18297187932234,0.7917107602591433,53.63329662751677,5.600349701526044,0.9208266426734221,-0.0029828993388130204,-0.20876693919905415,0.00492,False,False,2695.8662701464245,1818.384228194559,1.0005736003138446,35.007067821403936,229.9371234474755,11.524878289522048,22.597525409987497,0.2540406029374805,64.21530562484223,1.7936986567471795,1.1339184252594956,0.0037330621925402703,0.09833115357091457,0.00492,False,False,2750.602965721972,1718.767221934057,0.997972010180091,30.815827192269502,229.3466528885196,-59.28150526812371,-85.78049728931006,1.0428994985987328,-125.35273234739887,7.373123687439371,-0.866844100983034,0.001823470156244385,0.1569113383547034,0.00492,False,False
0.247,264.47546721820174,4.774787249040774,269.5862774403377,1.1531527396430596,275.06012275215056,-5.92793998868377,10,126.0,0.001,1921.534310460038,2644.7650844563086,1.0058961772079151,54.88247937145691,231.1609445628123,25.89322515574662,74.8477269983116,0.7923254283304046,72.06668391618712,5.6002863077614045,0.9208266426734221,0.0032534336955223394,0.22374226577162465,0.00494,False,False,2002.0088868015828,2562.454444452385,1.0005230680465176,52.85014881608473,229.93708229346453,3.9788658377146247,25.053256209207937,0.2533873253025206,82.18747975927933,1.7937349581790902,1.1339184252594956,-0.002851052134399944,0.0727587921919891,0.00494,False,False,2084.85026397766,2484.627720585327,0.9980042310249213,49.120458950076,229.3466321216507,-29.872090993460866,-99.90098320751966,1.0429227052700856,-107.38049257514014,7.373109339400416,-0.866844100983034,0.0020758280610558557,0.1289697733349,0.00494,False,False
0.248,192.15257857229463,2.5883979373782973,200.20065338753665,0.39858779685035206,208.48490609810614,-2.9869857342285706,10,144.0,0.001,1010.2085443867006,3109.107231664152,1.0058864787958604,73.2307883260054,231.16086477968352,,,,,,0.9208266426734221,-0.004080140142972369,0.08726068078202365,0.00496,True,False,1112.1811310515152,3055.6936049303667,1.0005733541398643,71.20528473393027,229.93705959978885,-3.9565681739523546,25.05698556893957,0.2528722768166962,100.00449217954905,1.7937488083859159,1.1339184252594956,-0.008021124142978196,-0.10746359200356569,0.00496,False,False,1215.0179890572094,3007.2754654126893,0.9979849559392381,67.42537004364083,229.34662019098664,2.4614323024422156,-104.24234217096101,1.0427921732634307,-89.66502546301095,7.373101298052003,-0.866844100983034,0.0007818801784921563,-0.1557920961595981,0.00496,False,False
0.249,101.02053837209644,0.14863038263511405,111.21801510149035,-0.394987938868132,121.50174390210405,0.24635755623315553,10,162.0,0.001,-0.002512751516235312,3269.107988758411,1.0059078264476038,90.72458293970782,231.16084272828707,-23.049224947472666,75.77126401152506,0.7915899944863625,107.77296875737773,5.600246075211085,0.9208266426734221,-0.004044007326588969,-0.07232645368167838,0.00498,False,False,113.48558306886356,3249.8200956082815,1.000557411343468,88.88354352946601,229.93705259683463,-11.504770206438867,22.608347338317856,0.2541404757553837,118.03680875618204,1.7937350792034306,1.1339184252594956,0.004680281239966704,-0.07238931208216465,0.00498,False,False,226.25140484174796,3235.5500874934455,0.9979742772087647,84.78579192839076,229.34661613888824,34.55399515391196,-98.3796113498428,1.042510449223237,-71.59938658691313,7.3731019626893435,-0.866844100983034,-0.0020363001625847903,-0.09039193492220456,0.00498,False,False
0.25,-1.6054400639536847e-13,-2.3056778672437326,11.348607157441057,-1.1499059618514935,22.625156160608483,3.455583829095213,10,180.0,0.001,-1010.2123147419546,3109.10567869831,1.0058754197992037,108.94941991994655,231.16084272828707,-45.337131391556944,64.93969483108708,0.7921721822582222,125.94429898102351,5.6002765322660695,0.9208266426734221,0.0017347976117795623,0.09795944793782174,0.005,False,False,-896.3184630189985,3125.8315433704233,1.0005510646413946,107.04516831665642,229.93705252392732,-17.926985396765176,17.946992529210313,0.2530766025660249,136.22535657689681,1.793699175251194,1.1339184252594956,-0.005907674797424579,0.11839234787340712,0.005,False,False,-784.6621173827434,3147.106514804708,0.997982914404678,102.98375953974092,229.3466159983814,63.264116788322454,-82.88668736029715,1.0434073676365159,-53.6061223793177,7.373110406934831,-0.866844100983034,0.0069209420037094896,-0.09733455343380903,0.005,False,False
0.251,-101.02043745814251,-4.534266729566311,-89.63165540746672,-1.7922812228471885,-78.46612691644272,6.326547952413508,10,198.0,0.001,-1921.534537020392,2644.7627542462483,1.0058899668364667,127.34286369872282,231.16082067697343,-63.18675808488089,47.751013725567475,0.7916436150911035,144.04770298398563,5.600323967904265,0.9208266426734221,-0.0036179581822828135,0.20064831989186382,0.00502,False,False,-1818.3843614873917,2695.86489281725,1.0005358412457233,125.15108828497725,229.93704797646765,-22.59466069943863,11.52913439220385,0.254461258021757,153.98780294642808,1.7936549723347774,1.1339184252594956,0.008001392123788753,-0.11776768944683612,0.00502,False,False,-1718.7673220534916,2750.602259794633,0.9979740357614091,120.75032335020978,229.34661430841172,85.78141878431975,-59.280148117771,1.0425857346632266,-35.50158029550996,7.373122733793232,-0.866844100983034,-0.0013128205395152167,0.00706202847795323,0.00502,False,False
0.252,-192.15219467280295,-6.318973414648077,-181.83812192269795,-2.259243378036803,-171.8765865411969,8.578216792684884,10,216.0,0.001,-2644.762754264562,1921.53261743854,1.0058814418200952,144.67771780193252,231.16074089500228,-74.85076516257556,25.887899222092546,0.7929809433858044,161.86519976877906,5.600366225326811,0.9208266426734221,0.009695563744649482,0.01779839290424467,0.00504,False,False,-2562.4539124166836,2002.0083496142327,1.0005558156240233,142.9225040332756,229.93702926219467,-25.050962428786935,3.982898188865165,0.25388128375606733,172.11024543830288,1.7936195201203626,1.1339184252594956,0.0022517864693340833,0.0052326691339221534,0.00504,False,False,-2484.6274988703517,2084.8499578935885,0.9979886685775532,139.17023675086386,229.34660619978266,99.90172759136253,-29.87079741095735,1.042684109386022,-17.975457572218588,7.373133565081153,-0.866844100983034,-0.0003443910658369722,-0.4668934138738219,0.00504,False,False
0.253,-264.47467462973236,-7.4850889908536695,-256.24498446397,-2.505090014433555,-248.46255763928824,9.990179005287224,10,234.0,0.001,-3109.1025728096656,1010.2102963640425,1.0058704582136566,162.39437825742695,231.16058975452114,-79.18734927859684,1.4906186238267924,0.7914395843900129,179.6806166621063,5.600383125131793,0.9208266426734221,-0.005741926146670839,-0.16686451182564413,0.00506,False,False,-3055.6924597715943,1112.181486418795,1.0005579800871807,161.47900149857253,229.93699210259425,-25.05548737755243,-3.953154359103023,0.25359804725646196,-169.67974514068783,1.793606530309232,1.1339184252594956,-0.0005622081596459662,0.2152880641897196,0.00506,False,False,-3007.274943566902,1215.0181127772619,0.9979970672256281,157.61753437146646,229.3465892550196,104.24283665614922,2.4625357352765866,1.0422736377176605,0.29746849621111665,7.373138095942637,-0.866844100983034,-0.004455515355211144,-0.19399787293455295,0.00506,False,False
0.254,-310.9084714159668,-7.918461033096324,-305.56878648039253,-2.5057596252763306,-300.72727434397035,10.424220658372645,10,252.0,0.001,-3269.101457298432,0.002512703377277603,1.0058576749923567,180.7916023389079,231.16038088432285,-75.77201607824252,-23.05249127339755,0.7915271178651526,-162.2446865293441,5.600364173190665,0.9208266426734221,-0.004839789303097687,-0.09218405346149378,0.00508,False,False,-3249.8184495324795,113.48679603234031,1.0005884667978284,179.01033936082348,229.93693926591456,-22.607791556387436,-11.502309240177937,0.2539957229207962,-151.75581132674054,1.7936211374113342,1.1339184252594956,0.003393890921795787,0.13927549831401445,0.00508,False,False,-3235.549316599273,226.2519462545381,0.9979824123347616,175.15073787783143,229.34656443175678,98.3798076346298,34.55480051357581,1.0430671766747137,18.737396381586652,7.373133929598657,-0.866844100983034,0.003485766315483161,0.2459092476161985,0.00508,False,False
0.255,-326.908349610271,-7.57666813822191,-324.9813777221407,-2.26118655753148,-323.554705418646,9.837854695753371,10,270.0,0.001,-3109.0979139896417,-1010.2045077591953,1.005859247636059,-161.24521213091455,231.16014996395614,-64.93913259630583,-45.338826985379946,0.7917747768885036,-144.32114116020014,5.600312569299505,0.9208266426734221,-0.0022902201468390404,-0.16881930520632912,0.0051,False,False,-3125.8295575899374,-896.3165113501233,1.000547238549741,-162.7251728468462,229.9368795085051,-17.94743375051081,-17.92571837993005,0.2537177163989053,-133.52537964964682,1.7936579351503128,1.1339184252594956,0.0005617858413589173,0.37028521493516614,0.0051,False,False,-3147.105570323048,-784.6612112752188,0.9979815413282802,-166.94006497663096,229.34653569694757,82.88656634681638,63.264545365310255,1.0417035840964464,36.62580376171491,7.373121991749693,-0.866844100983034,-0.010133276799279526,0.1342640440925848,0.0051,False,False
0.256,-310.90816084094473,-6.493172420776257,-312.58252652640925,-1.7953074481843248,-314.7103467085281,8.288479868960504,10,288.0,0.001,-2644.7545163593422,-1921.5247127300922,1.0058726523265833,-143.28132242441876,231.15994109529015,-47.749192148886685,-63.18671687478451,0.7925792160402031,-125.84451510441743,5.600243985883775,0.9208266426734221,0.005851162966835647,0.30729685909496235,0.00512,False,False,-2695.8627617620155,-1818.3818622830026,1.0005306586858351,-144.98426155827894,229.93682422934046,-11.530529621242055,-22.594711900768537,0.2533871226063522,-115.96349759124298,1.7937030401171088,1.1339184252594956,-0.002807940139945243,-0.06641371199927705,0.00512,False,False,-2750.6012341781798,-1718.7661399479657,0.9979998622047666,-149.20442109513996,229.3465085116204,59.27972177012837,85.78142877555318,1.0420635845813269,54.3141732351826,7.373106175798345,-0.866844100983034,-0.006510904817575642,-0.17748029132573942,0.00512,False,False
0.257,-264.4741462479493,-4.774043514568893,-269.5859269467736,-1.1537185184128769,-275.0599495994516,5.9277620329817315,10,306.0,0.001,-1921.5247127558036,-2644.751874348618,1.0058587267664436,-124.8781847518424,231.15978995709656,-25.884996541944282,-74.84899108087293,0.791277345895208,-108.07512111781946,5.600180582713857,0.9208266426734221,-0.007077872860318813,0.07581243397043579,0.0051400000000000005,False,False,-2002.0062818949216,-2562.451110400277,1.0005482801247134,-127.23482311064494,229.9367831159071,-3.985111030560936,-25.052327096709192,0.25384005407369925,-97.33530824436085,1.7937393942354172,1.1339184252594956,0.001669962046366032,0.5640310338504454,0.0051400000000000005,False,False,-2084.84895153689,-2484.626156479969,0.9980005287951683,-130.86283885577825,229.34648774494994,29.870107572504764,99.90131817758214,1.0425825302659915,72.14601200149697,7.373091854850145,-0.866844100983034,-0.001301195091761927,-0.34582256464133315,0.0051400000000000005,False,False
0.258,-192.15161883505561,-2.587574805868725,-200.20039312905834,-0.3992130089848382,-208.48477485519743,2.986787814853593,10,324.0,0.001,-1010.2034986453964,-3109.0917022742055,1.0058718730447103,-107.14840698276808,231.15971017703015,-1.4869189171145147,-79.1840158867567,0.7926618626156118,-90.14651040864295,5.600142542748448,0.9208266426734221,0.006821090978711766,0.003277725197865747,0.0051600000000000005,False,False,-1112.1796844057455,-3055.689629256817,1.0005645907461624,-108.96811784033373,229.93676044461145,3.9503403656923,-25.058032179813132,0.25339053678799767,-79.82687686539037,1.7937532797591875,1.1339184252594956,-0.0028448479066870975,0.07523022443266136,0.0051600000000000005,False,False,-1215.0172241893947,-3007.2735722943717,0.9979815177663393,-112.52506558422527,229.3464758144002,-2.463421448578239,104.24204806656968,1.0430573178450908,90.59796186524984,7.373083829153965,-0.866844100983034,0.003458030747618162,0.10589870922308231,0.0051600000000000005,False,False
0.259,-101.02003381039033,-0.1478084248814813,-111.2178705336616,0.3943644857625315,-121.50166741585988,-0.24655606088111945,10,342.0,0.001,0.0025126542650610872,-3269.0916602231164,1.0058662396077578,-88.94976101774475,231.15968812648373,23.05662589310224,-75.76744958706493,0.7927267745062496,-72.15554913820166,5.6001403618583065,0.9208266426734221,0.007473294129505616,-0.006969911040949849,0.005180000000000001,False,False,-113.48543604930589,-3249.8158675681784,1.0005528520356581,-90.41568132490876,229.9367534485648,11.499169447566008,-22.611267606986523,0.25265234148270477,-62.30960264636276,1.793739558546047,1.1339184252594956,-0.010207396233900852,-0.4047349787149724,0.005180000000000001,False,False,-226.25126241636244,-3235.548050674236,0.9979825502049684,-94.9920311143897,229.34647176234094,-34.55579534066868,98.37871719405116,1.0433136503507674,108.36982027068623,7.373084493064378,-0.866844100983034,0.0060204168932734515,-0.12248118452366002,0.005180000000000001,False,False
0.26,1.281917443107016e-12,2.306418190658481,-11.348592407298291,1.1493453000366551,-22.62514191791826,-3.4557634906951558,10,0.0,0.001,1010.2072688545684,-3109.0901493684673,1.0058717522930112,-71.04831594971289,231.15968812648373,45.342991810196224,-64.93377994241595,0.79203853173315,-54.35249893784629,5.60017083842521,0.9208266426734221,0.0005477660242617659,-0.20496432768062534,0.005200000000000001,False,False,896.3172962789464,-3125.8274768427955,1.0005510288039807,-72.75938712973202,229.93675337572935,17.92256008862151,-17.95150095117782,0.2537066191113579,-43.86677876313834,1.793703635680079,1.1339184252594956,0.0003861826568816764,0.040325315331995105,0.005200000000000001,False,False,784.6616234253265,-3147.1045336627453,0.998010659836904,-76.60990526412591,229.34647162183546,-63.265551898818,82.88528089359339,1.0430055936613072,126.9882306114355,7.3730929215194045,-0.866844100983034,0.0029279303632627645,0.49572269044261125,0.005200000000000001,False,False
0.261,101.01993290050348,4.534852944477667,89.63153892189202,1.7918382497629264,78.46607752153194,-6.326691194240629,10,18.0,0.001,1921.52493930678,-2644.7495442287423,1.0058687314730936,-52.90904490706502,231.15966607602707,63.19050421646418,-47.743577251633134,0.7917560396785877,-36.08906091685438,5.600218295706712,0.9208266426734221,-0.0023442692524967314,0.05775838523782428,0.005220000000000001,False,False,1818.3819954444757,-2695.8613857910113,1.0005412392370598,-54.70988365146659,229.93674883275688,22.5918442828551,-11.534789936814398,0.2526847819490291,-25.916700956782588,1.7936593976940096,1.1339184252594956,-0.009769627006534812,-0.008201462323940515,0.005220000000000001,False,False,1718.7662400664535,-2750.6005282575984,0.9979822179433797,-58.64942764335286,229.34646993188227,-85.78234849931944,59.27836718844708,1.0423684725911095,144.2673891696855,7.373105224593995,-0.866844100983034,-0.003460679513655789,-0.22526400638729138,0.005220000000000001,False,False
0.262,192.1512349510296,6.319348128193426,181.83788562865914,2.2589614809899095,171.87647834392706,-8.578309609183359,10,36.0,0.001,2644.749544247813,-1921.52301979878,1.0058752812502119,-34.70015929289358,231.1595862971687,74.85203017880079,-25.87966902198142,0.7924129589468116,-17.727300500703127,5.600260570087524,0.9208266426734221,0.004165138427058311,0.41917202260476866,0.005240000000000001,False,False,2562.4505788896813,-2002.0057452372037,1.0005131476717866,-36.72565529419216,229.93673013695349,25.050030930308427,-3.9891474425833255,0.2535379976177908,-7.861768123706596,1.7936239111475933,1.1339184252594956,-0.0011872847636944044,0.04729015154012381,0.005240000000000001,False,False,2484.6259347671657,-2084.8486454557387,0.9979675719818802,-40.50316476432618,229.34646182333225,-99.90206110910924,29.86881646456426,1.0415541872364906,162.80382133410623,7.373116034229362,-0.866844100983034,-0.011618820192787009,0.31109011090282723,0.005240000000000001,False,False
0.263,264.47335369140745,7.485215510474459,256.2446515129948,2.504996820996952,248.46240123087097,-9.99021233147143,10,54.0,0.001,3109.087043601799,-1010.2052505538958,1.00587026163007,-17.002875967350583,231.15943516260842,79.18600920346964,-1.482400296115288,0.7921883768245649,0.02480997538560499,5.600277477147851,0.9208266426734221,0.0018954070105765798,0.17120269386565534,0.00526,False,False,3055.68848522833,-1112.1800394221211,1.00055439396557,-18.695515699463947,229.93669301403375,25.05653235711896,3.946923039332022,0.25320829750956453,9.933216059257152,1.7936109043515531,1.1339184252594956,-0.0044658914585934935,-0.1576794992358511,0.00526,False,False,3007.273050453688,-1215.0173479082114,0.9979835031637537,-22.653498400402718,229.34644487873507,-104.24254156058845,-2.464522743217198,1.0424991256258251,-179.9767283595332,7.373120554881375,-0.866844100983034,-0.002175829466829819,-0.46949008579860474,0.00526,False,False
0.264,310.9069185661743,7.918326959535369,305.5683894799526,2.505864295625324,300.72708503483443,-10.424191255160675,10,72.0,0.001,3269.085129019195,-0.0025126041470144855,1.0058815772490022,1.2242893498856484,231.1592263006255,75.7682019381472,23.05989324529145,0.7925236077748912,17.742266571443615,5.600258521454206,0.9208266426734221,0.00527452391287704,-0.11135707953592411,0.00528,False,False,3249.8142231172997,-113.48664781553582,1.0005652338264237,-1.246315364319925,229.9366402295196,22.610711107763613,11.496705862577866,0.2539098927610842,27.76646254818953,1.793625521798485,1.1339184252594956,0.0025293888649054633,-0.32437945736461926,0.00528,False,False,3235.5472797876196,-226.25180382384877,0.9979722786500345,-4.886495713410564,229.34642005571624,-98.37891304591054,-34.55659910786971,1.0427783796975714,-161.26601331744004,7.373116394712907,-0.866844100983034,0.0006225946173016022,0.2412041919832309,0.00528,False,False
0.265,326.9067168540671,7.576286580682546,324.9809555422462,2.2614788840858173,323.5545017397378,-9.83776546476832,10,90.0,0.001,3109.082384965263,1010.1994621776482,1.005878914452134,19.110572252566662,231.15899538937802,64.93321760885593,45.344687983285816,0.7925225587510233,35.924098795498516,5.600206905704727,0.9208266426734221,0.005337029367142205,0.0702944240118159,0.0053,False,False,3125.8254930228877,896.3153465366031,1.000576264788181,17.033772644446653,229.9365805311196,17.95194243903171,17.92129160176005,0.25381468916861966,46.06284840131989,1.7936623567572898,1.1339184252594956,0.0015252604419482459,-0.02741533017383123,0.0053,False,False,3147.103589190374,784.6607173266814,0.9980033885832481,12.982928018404486,229.34639132119082,-82.88516004788723,-63.26597958504615,1.0430945358792556,-143.4865654911997,7.373104478108037,-0.866844100983034,0.0038010090583667356,0.020599490490119162,0.0053,False,False
0.266,310.90660800390725,6.492580715154695,312.5821204938756,1.7957588510510085,314.71014859736806,-8.288339566205748,10,108.0,0.001,2644.7413066670747,1921.5151154024968,1.0058820363270407,36.9323108254491,231.15878652899332,47.74175520316778,63.190463082534976,0.7923931961309634,53.85653683096554,5.600138308320792,0.9208266426734221,0.004140414517247483,0.0022223509906816384,0.00532,False,False,2695.8592568401377,1818.3794987074361,1.0005356770774438,35.01891999667736,229.93652530655243,11.536186389775086,22.591895306261108,0.25289863265590085,64.01098468078635,1.7937075151048103,1.1339184252594956,-0.007699168232757763,-0.07785905413827394,0.00532,False,False,2750.599502651266,1718.7650579725391,0.997989806312119,31.086423779721972,229.34636413613296,-59.27794159294244,-85.78235838879625,1.0426623868939144,-125.68215330865341,7.373088691396631,-0.866844100983034,-0.0004981550136673757,-0.175101966352591,0.00532,False,False
0.267,264.4728253313244,4.7732995700872785,269.5855767997735,1.1542848395542573,275.05977644850964,-5.92758440964153,10,126.0,0.001,1921.5151154292407,2644.738664760767,1.005872876875716,54.716205522553885,231.15863539681587,25.876765543651864,74.85025566334184,0.791216234076377,71.97635483269859,5.600074895869145,0.9208266426734221,-0.007539527279474703,0.1211616144782666,0.00534,False,False,2002.0036795600531,2562.447779639999,1.0005528640204555,53.278275814979935,229.93648423373304,3.991362345414408,25.051396729306887,0.2536264161282962,82.16900406495272,1.7937439218872906,1.1339184252594956,-0.00047282047435033184,0.0824176181966012,0.00534,False,False,2084.8476391090044,2484.62459239001,0.997981775190657,49.290987820386825,229.34634336966892,-29.868127889065875,-99.90165239264877,1.043742387486301,-107.2522544854316,7.373074397556022,-0.866844100983034,0.010322065453446503,0.254616115116198,0.00534,False,False
0.268,192.15065913693093,2.5867514375936684,200.20013312796914,0.3998388319368448,208.48464361362565,-2.9865902695304896,10,144.0,0.001,1010.1984531055194,3109.076173496298,1.005872795006335,72.82565251408465,231.15855561993774,1.478699543300475,79.18267491100929,0.7917713895654981,89.74257135579718,5.600036856308151,0.9208266426734221,-0.0019341763251970972,-0.11376766666959591,0.00536,False,False,1112.1782391891013,3055.6856575088545,1.0005650020680805,71.1507934475788,229.9364615848375,-3.9441063496121984,25.059079488245995,0.2533864079382136,100.13900768532355,1.7937578427637362,1.1339184252594956,-0.0028925894674458152,0.05519166011172203,0.00536,False,False,1215.01645932917,3007.2716791947128,0.9979745151206885,67.29787279901242,229.3463314392382,2.465406806312061,-104.24175439925523,1.042330612140741,-89.27625061583117,7.373066387519936,-0.866844100983034,-0.0037843601004850635,0.23039178685277278,0.00536,False,False
0.269,101.01952926932752,0.14698622679735762,111.21772610883379,-0.3937404131957233,121.50159093039784,0.2467541863983601,10,162.0,0.001,-0.002512553064136114,3269.07533233264,1.0058622619896516,91.02035759731879,231.15853357027586,-23.06402905639337,75.76363416815522,0.7921536373226112,107.60495194025557,5.600034686803385,0.9208266426734221,0.0018913693889975134,-0.2525963623935518,0.00538,False,False,113.48528917609437,3249.811643703232,1.0005658571925897,89.16713004580161,229.9364545957044,-11.493563002600455,22.614190456635963,0.25289140227573514,118.36563260280661,1.7937441296123466,1.1339184252594956,-0.007823252767552576,0.28458002446835134,0.00538,False,False,226.25111999248318,3235.546013875134,0.9979594364025227,85.2419711396799,229.3463273872194,,,,,,-0.866844100983034,-0.001256628450839777,0.019243215698670258,0.00538,True,False
0.27,-2.403279678563176e-12,-2.3071587344577944,11.348577671748547,-1.1487840707422432,22.625127675374237,3.455942805200123,10,180.0,0.001,-1010.2022231626811,3109.0746206531053,1.0058906522395452,108.85128427012353,231.15853357027592,-45.34885402808377,64.92786342350746,0.7922113700659669,125.76873141146802,5.600065182835859,0.9208266426734221,0.0024255689198289967,-0.08986180123669785,0.0054,False,False,-896.3161306898759,3125.823414331211,1.0005508667065628,107.04120560903166,229.936454522941,-17.918130172354296,17.956013584219217,0.25335205944025263,136.06048792388142,1.793708187958814,1.1339184252594956,-0.0031658519484973812,-0.018325675916395424,0.0054,False,False,-784.6611294726756,3147.1025525403775,0.9980042103662353,103.03976647486364,229.3463272467154,63.26698420043827,-82.88387700772648,1.042417460612445,-53.604849942725984,7.373075463349891,-0.866844100983034,-0.0029287105452585273,-0.09865152846004295,0.0054,False,False
0.271,-101.01942836366706,-4.535439338297561,-89.63142255158388,-1.7913948166936604,-78.46602812713012,6.326834154991176,10,198.0,0.001,-1921.5153419704948,2644.7363347347386,1.0058890893324952,126.66060858910136,231.1585115207109,-63.19425155342107,47.73613867191615,0.7925676179296834,144.0128756702938,5.6001126616798835,0.9208266426734221,0.0059209023318506394,0.15356697377685197,0.00542,False,False,-1818.3796317374272,2695.8578822285212,1.0005414335917993,125.34936963866895,229.9364499844597,-22.589024786645105,11.540450909841358,0.2532402072453793,154.09827136946618,1.7936639150271783,1.1339184252594956,-0.004221762516864804,0.020855006605398862,0.00542,False,False,-1718.7651580900363,2750.598796737715,0.9979686128825632,121.22127495765223,229.34632555677922,85.78327634006627,-59.276589581757264,1.043135166749423,-35.58451145185575,7.373087742621901,-0.866844100983034,0.004230985311510937,-0.07845804568972836,0.00542,False,False
0.272,-192.1502752689767,-6.3197229617243265,-181.8376495684856,-2.2586792764248744,-171.87637014777638,8.578402238149254,10,216.0,0.001,-2644.736334754577,1921.513422539363,1.005860815438149,145.1412948866607,231.15843174509132,-74.8532956893686,25.871436447097757,0.7915588595762209,162.0632165847155,5.600154952943831,0.9208266426734221,-0.004226490081819587,0.20356104306000253,0.00544,False,False,-2562.4472486549785,2002.0031434324428,1.0005279074470754,143.15890574759172,229.93643130714247,-25.049098181468498,3.995402810343337,0.25325016482107515,172.12229166494524,1.7936283942357565,1.1339184252594956,-0.00407195277493209,0.0454349966297972,0.00544,False,False,-2484.624370679462,2084.8473330308925,0.9979846712648968,139.10265861958024,229.34631744831154,99.90239387083716,-29.866839257440823,1.0428214998575644,-17.806681712181557,7.3730985305886465,-0.866844100983034,0.0010790599040416792,-0.30070623456072104,0.00544,False,False
0.273,-264.47203280796174,-7.485342079496287,-256.2443188916104,-2.5049035025421973,-248.46224482407777,9.990245582038488,10,234.0,0.001,-3109.0715150133233,1010.2002049424134,1.0058420737072338,162.72930200123474,231.1582806166906,-79.18466886418932,1.4741795572487106,0.7922525784799104,179.42352744125438,5.60017186722797,0.9208266426734221,0.002686778545048318,-0.43620791186560626,0.0054600000000000004,False,False,-3055.6845146116657,1112.1785938542612,1.000542310344941,161.0365723169347,229.93639422093636,-25.05757803722257,-3.940685518495274,0.25368861014942423,-170.11189892099296,1.7936153704838411,1.1339184252594956,0.0003309188751504158,-0.18870923059661723,0.0054600000000000004,False,False,-3007.271157359334,1215.0165830467063,0.9979815855571512,156.8350164256967,229.34630050388694,104.24224690141186,2.4665059612468387,1.0434971721549748,0.4548973473251884,7.373103041024103,-0.866844100983034,0.007829404159150682,-0.03915765367562171,0.0054600000000000004,False,False
0.274,-310.9053657811399,-7.918192860047756,-305.5679928725791,-2.5059690356175426,-300.72689572767,10.424161895665264,10,252.0,0.001,-3269.0688013950876,0.0025125009401563148,1.0058753924899717,180.80306013495516,231.15807176325282,-75.76438680218587,-23.067297428847336,0.7914896247723134,-162.04374897199625,5.600152907815171,0.9208266426734221,-0.004915945872206318,0.09649928612835934,0.0054800000000000005,False,False,-3249.810000878735,113.48649974401015,1.0005403724938333,179.1087141320156,229.93634148863455,-22.613633241242148,-11.49109680376732,0.2528422811714198,-151.98681970669944,1.7936299982479156,1.1339184252594956,-0.008153057687234667,-0.06357653102141679,0.0054800000000000005,False,False,-3235.5452429963752,226.2516613944615,0.9979933174095408,175.06225563408836,229.34627568112182,,,,,,-0.866844100983034,0.008234105224357838,-0.06728293025150549,0.0054800000000000005,True,False
0.275,-326.90508416621316,-7.575904924519159,-324.9805337804288,-2.261771468051776,-323.5542980629606,9.837676392570945,10,270.0,0.001,-3109.066856567625,-1010.1944168039225,1.0058634623307463,-161.42195416684677,231.15784086148915,-64.92730099214472,-45.35055077729162,0.7914911907471247,-144.26359611008334,5.600101280302108,0.9208266426734221,-0.004827273794927914,-0.12352867184269248,0.0055000000000000005,False,False,-3125.8214324736427,-896.3141828757916,1.000519563049214,-162.76028902328702,229.93628184929705,-17.956455337782074,-17.916860217998334,0.2541703351964394,-133.70938123077414,1.793666870365082,1.1339184252594956,0.005075337514790445,0.2144404514533192,0.0055000000000000005,False,False,-3147.101608077665,-784.6602233832621,0.997961550775651,-166.73965198403798,229.34624694689137,82.8837563299266,63.26741099529015,1.0421623118201016,36.315433894898405,7.373086991689982,-0.866844100983034,-0.005496502003602154,-0.17869434165946943,0.0055000000000000005,False,False
0.276,-310.9050552321197,-6.491988847949728,-312.58171486350415,-1.7962106738317252,-314.70995048828854,8.288199521781442,10,288.0,0.001,-2644.7280975113176,-1921.5055184677412,1.0058594483477366,-143.04253794105867,231.1576320097156,-47.73431615493975,-63.194210495670056,0.7923872975361966,-126.35693756615635,5.600032669079171,0.9208266426734221,0.004230825017799986,-0.2173804525874668,0.005520000000000001,False,False,-2695.8557553839,-1818.3771374699538,1.0005434216613798,-144.85843283700413,229.93622667937646,-11.54184858399627,-22.58907563206092,0.2540185266851011,-116.52910387500798,1.7937120820338825,1.1339184252594956,0.0034933134462128103,-0.6038612183211867,0.005520000000000001,False,False,-2750.597771141908,-1718.7639760081984,0.997981692031081,-148.5574286510858,229.34621976211363,59.27616473893585,85.78328612773113,1.0426497822475818,54.33535871179449,7.373071234238025,-0.866844100983034,-0.0005995133265341549,-0.15888299451791424,0.005520000000000001,False,False
0.277,-264.471504470413,-4.7725554169456235,-269.58522699964834,-1.154851701954127,-275.05960329939296,5.9274071188998425,10,306.0,0.001,-1921.5055184955063,-2644.725455713609,1.0058831611681232,-125.31073738659123,231.15748088379317,-25.868532175837256,-74.8515207433227,0.7924009898264113,-108.10145862297031,5.599969247469309,0.9208266426734221,0.004457439620760532,0.03721942733088692,0.005540000000000001,False,False,-2002.0010797992913,-2562.444452174507,1.000549296905426,-126.66563177730426,229.9361856472078,-3.997619769964877,-25.050465108884865,0.25335266447871446,-97.9449615639274,1.7937485414581833,1.1339184252594956,-0.003216870029976151,-0.01745973545506916,0.005540000000000001,False,False,-2084.8463266945228,-2484.623028316063,0.9979864557701938,-130.72563607690938,229.34619899586443,29.86615194580205,99.9019858522077,1.0423753974149959,72.47534300888213,7.373056967521831,-0.866844100983034,-0.0033231854688593925,-0.019079141078114273,0.005540000000000001,False,False
0.278,-192.14969947943592,-2.5859278340497567,-200.19987338449994,-0.40046526447511516,-208.48451237344256,2.986393098524911,10,324.0,0.001,-1010.1934077750473,-3109.060645354949,1.0058599017841505,-107.19925968471021,231.15740111022942,,,,,,0.9208266426734221,-0.00919354389319921,-0.15266830090159084,0.005560000000000001,True,False,-1112.176795402876,-3055.6816896900054,1.0005521109116928,-108.70042571251763,229.9361630207325,3.937866138002567,-25.06012749222554,0.25413802942464436,-79.80894098246364,1.7937624977229087,1.1339184252594956,0.004617042290468146,0.12133387133797678,0.005560000000000001,False,False,-1215.0156944768473,-3007.2697861144575,0.9980119434317822,-113.28539693666787,229.3461870655576,-2.467388372958002,104.24146116935209,1.0421008482634897,90.47637694793845,7.373048973153694,-0.866844100983034,-0.006057371240078989,-0.01827300757193428,0.005560000000000001,False,False
0.279,-101.01902474970468,-0.14616378988035147,-111.21758182713515,0.3931157223974438,-121.50151444574813,-0.24695193251702977,10,342.0000000000009,0.001,0.002512447895128389,-3269.05900511277,1.005850274057237,-89.29894344938964,231.15737906148712,23.07143442382729,-75.7598177616564,0.7920322920490557,-71.91743723583241,5.599929050288204,0.9208266426734221,0.0008273092458923871,0.21888497442786403,0.005580000000000001,False,False,-113.4851424493775,-3249.8074240171995,1.0005493103421184,-91.12228314129544,229.93615603851933,11.487950882610221,-22.617115881553758,0.25399521178291873,-62.156396537603406,1.7937487927255813,1.1339184252594956,0.0032082476663041065,-0.22335537337169994,0.005580000000000001,False,False,-226.25097757018477,-3235.543977096948,0.9979737831190909,-94.84428221289599,229.34618301358103,-34.559385306437534,98.37693364321026,1.042455214894955,108.54133102702099,7.373049635598354,-0.866844100983034,-0.002514641763649064,0.046443604574033424,0.005580000000000001,False,False
0.28,3.524630713481753e-12,2.307899497290117,-11.348562950804915,1.148222275075298,-22.625113432982047,-3.4561217723654116,10,9.094947017729282e-13,0.001,1010.1971776742489,-3109.0590925767538,1.0058729755524694,-70.82904478760403,231.15737906148712,45.35471803448273,-64.92194528506377,0.7929960318373112,-53.99436378949502,5.599959565739849,0.9208266426734221,0.010421551762869566,0.1409132195569683,0.005600000000000001,False,False,896.314966252811,-3125.819355839287,1.0005536341272205,-72.53189710810621,229.93615596582796,17.91369565672528,-17.96053041948124,0.2544005107081141,-43.70166329718276,1.7937128324105969,1.1339184252594956,0.007312092483415886,0.2336194094390432,0.005600000000000001,False,False,784.6606355249739,-3147.1005714383923,0.9979785600446345,-76.88742952290194,229.34618287307845,-63.26841369120804,82.8824757045451,1.042492361122599,126.67824696359102,7.373058032430082,-0.866844100983034,-0.0021550544005208556,0.1831537967570067,0.005600000000000001,False,False
0.281,101.01892384842995,4.53602590995205,89.63130629664556,1.7909509245162183,78.46597873325683,-6.326976834468309,10,18.00000000000091,0.001,1921.5057450266877,-2644.7231257851067,1.0058845145079922,-53.46663937232791,231.15735701284865,63.19800008884711,-47.72869799991284,0.792315028467775,-36.21121393902505,5.600007066065543,0.9208266426734221,0.0035443424626933435,-0.07665258819745337,0.005620000000000001,False,False,1818.3772703683408,-2695.8543821329013,1.00053557111642,-54.89713425649661,229.9361514318419,22.58620221640672,-11.546117300156935,0.2533296064576693,-26.10734859639997,1.7936685246574953,1.1339184252594956,-0.003334289395677363,-0.17066683378801475,0.005620000000000001,False,False,1718.7640761246616,-2750.5970652356764,0.9979679608390207,-59.074827482370374,229.3461811831601,-85.7842023052539,59.27481530006986,1.0424312205808701,144.7723758549841,7.3730702878807985,-0.866844100983034,-0.002783791642423362,0.27713792719348745,0.005620000000000001,False,False
0.28200000000000003,192.1493156281598,6.320097914550263,181.83741374238696,2.258396764901754,171.87626195278767,-8.578494679452001,10,36.00000000000091,0.001,2644.7231258057127,-1921.5038256754565,1.0058939109378964,-35.28974547499051,231.15727724059386,74.85456169188288,-25.863201512410956,0.7918539186787397,-18.117210938858857,5.600049374137462,0.9208266426734221,-0.001126588076765136,0.01700350112484934,0.005640000000000001,False,False,2562.4439217155305,-2002.0005442022725,1.0005780208397166,-36.476516925955366,229.9361327730275,25.048164184153237,-4.001664279831914,0.2543065365402055,-8.07921544410934,1.7936329697081002,1.1339184252594956,0.006485293721329303,-0.1419730735221176,0.005640000000000001,False,False,2484.6228066078556,-2084.8460206195796,0.9979603301183821,-41.09321384081621,229.34617307477788,-99.90272587603616,29.864865792242952,1.0441336193477542,162.9012484826794,7.373081054162876,-0.866844100983034,0.014224970204284768,0.4059327450019352,0.005640000000000001,False,False
0.28300000000000003,264.4707119814809,7.4854686976795595,256.2439866001124,2.50481005925776,248.46208841897035,-9.990278756937292,10,54.00000000000091,0.001,3109.055987068763,-1010.195159537574,1.0058764924796841,-17.022371142857804,231.1571261185913,79.18332826310287,-1.4659564222042523,0.7919841197130205,0.30205073742920635,5.6000662956138765,0.9208266426734221,0.00015149168460240077,0.43618535944566966,0.005660000000000001,False,False,3055.6805479251298,-1112.1771497165091,1.0005360007362434,-18.836561053247447,229.93609572356795,25.05862441585201,3.934441808886235,0.2534057626608881,9.504753139113886,1.7936199290293446,1.1339184252594956,-0.002504002767086572,-0.5579579388985813,0.005660000000000001,False,False,3007.26926428459,-1215.0158181930583,,,229.3461561305326,-104.2419526789549,-2.4684853866819108,1.0436100905032009,-179.62694178888196,7.373085554374685,-0.866844100983034,0.008983317498178276,-0.12228798072876201,0.005660000000000001,False,False
0.28400000000000003,310.90381306331835,7.9180587348681515,305.5675966586275,2.5060738450517186,300.7267064225553,-10.424132579919874,10,72.00000000000091,0.001,3269.0524744519016,-0.002512393765883303,1.0058806025741418,0.7456886499056923,231.1569172740285,75.76057067721881,23.07470381054631,0.791968718100325,17.933836463594652,5.600047332515283,0.9208266426734221,2.4293428862890732e-05,0.0679546775384811,0.005680000000000001,False,False,3249.8057828205438,-113.4863518179034,1.0005583898679682,-0.8012188622359163,229.93604304352527,22.61655795111119,11.48548207481652,0.2533305919931233,27.887276167581728,1.7936345670828582,1.1339184252594956,-0.0032764107785400245,-0.17538149322458463,0.005680000000000001,False,False,3235.5432062263526,-226.25151896644087,0.9979819756014954,-5.120837436601655,229.34613130803106,-98.37712862833007,-34.560185885362785,1.0426558662492387,-161.45200167026508,7.3730814065714165,-0.866844100983034,-0.0005530591618079915,0.05263137461534213,0.005680000000000001,False,False
0.28500000000000003,326.9034515492875,7.575523170417955,324.980112437063,2.262064308857777,323.5540943883949,-9.837587479275692,10,90.00000000000091,0.001,3109.0513288212587,1010.1893716459801,1.0058224294176494,19.126181812223077,231.1566863821133,64.92138275687456,45.35641535666018,0.7922267861872115,35.79686379967704,5.599995693333383,0.9208266426734221,0.0026780031291204816,-0.06919890539804673,0.005700000000000001,False,False,3125.817375945819,896.3130203687167,1.0005643859581952,17.003605559085113,229.9359834633033,17.9609724379083,17.912424237408096,0.25340842353023973,45.96184420694858,1.7936714762968533,1.1339184252594956,-0.002550292918384091,-0.1002347168623812,0.005700000000000001,False,False,3147.0996269857137,784.6597294451506,0.9979793552449332,13.142333222650562,229.3461025741069,-82.88235519478296,-63.26883959406824,1.0431691709343094,-143.441697344584,7.373069532499372,-0.866844100983034,0.00459678016262523,0.06288328455551463,0.005700000000000001,False,False
0.28600000000000003,310.90350252803415,6.491396820231251,312.5813096356555,1.7966629156409433,314.70975238136793,-8.288059735872203,10,108.00000000000091,0.001,2644.714888912942,1921.4959219409775,1.00586646521808,36.951815274199376,231.1564775392808,47.726875017699,63.19795910728525,0.7919301903634304,53.594997069120346,5.599927068400604,0.9208266426734221,-0.00019090479803862817,-0.27157617598648426,0.005720000000000001,False,False,2695.852257396423,1818.3747785726507,1.0005209866810625,34.93235547543735,229.93592834807836,11.547516192776941,22.586252883766214,0.2534887851514815,63.89089572646878,1.7937167412273927,1.1339184252594956,-0.001810690984635019,-0.16976124900951636,0.005720000000000001,False,False,2750.5960396508017,1718.7628940553686,0.9979729599895516,31.388721261451526,229.34607538962013,-59.27439121047599,-85.78421199105146,1.043356716934277,-125.39336769320434,7.373053804326337,-0.866844100983034,0.00649448315792009,0.11109963595241573,0.005720000000000001,False,False
0.28700000000000003,264.4701836673009,4.771811056493743,269.58487754670887,1.1554191044990794,275.0594301521699,-5.927230160992789,10,126.00000000000091,0.001,1921.495921969764,2644.712247228004,1.0058389605277902,55.2208203103542,231.15632641985192,,,,,,0.9208266426734221,0.0009076966095069754,-0.3322006404290497,0.005740000000000001,True,False,2001.9984826149532,2562.441128006756,1.0005604775763208,53.229427193267995,229.93588735659674,4.003883291897365,25.0495322373281,0.2536100835234971,82.0304162563496,1.7937532532710219,1.1339184252594956,-0.0006493430917694548,-0.027979669312198804,0.005740000000000001,False,False,2084.845014293971,2484.621464258745,0.9980043786644314,49.14951223218723,229.34605462359383,-29.86417974536755,-99.90231855574773,1.04235833836012,-107.23284581800638,7.3730395647513385,-0.866844100983034,-0.003469164783564283,0.2714413658354716,0.005740000000000001,False,False
0.28800000000000003,192.14873986408614,2.58510399673427,200.19961389888147,0.40109230536730067,208.4843811346999,-2.986196302101492,10,144.0000000000009,0.001,1010.1883626619517,3109.0451178746816,1.0058606825706202,72.79781701822029,231.15624664972853,1.4622535973244797,79.17999218745538,0.791763640910002,90.03845093296684,5.599825599243419,0.9208266426734221,-0.0017129002740689807,0.16985173027848843,0.00576,False,False,1112.175353048356,3055.677725803795,1.000539791407263,71.44108119593272,229.9358647525619,-3.931619743159164,25.06117618973861,0.2532996383238487,99.80264392594789,1.793767244959502,1.1339184252594956,-0.0037735823238629323,-0.25297637675079604,0.00576,False,False,1215.0149296327327,3007.2678930543543,0.99800414819559,66.84841519385948,229.34604269341568,2.4693661458347043,-104.241168377194,1.0431993030384308,-89.82908423267891,7.37303158605899,-0.866844100983034,0.004951765574471876,-0.32502446178481315,0.00576,False,False
0.289,101.018520252323,0.14534111562872515,111.21743768869824,-0.39249041459787937,121.50143796194519,0.24714929896927487,10,162.0,0.001,-0.002512338754428356,3269.0426785892932,1.0058388753301613,91.07355750186184,231.15622460194072,-23.078841981884764,75.75600037442922,0.7924969275216346,108.00853198872234,5.5998234525542525,0.9208266426734221,0.005623001719191053,0.13872276536243264,0.0057799999999999995,False,False,113.48499586928922,3249.80320851383,1.0005507483016716,88.98951612905267,229.93585777727492,-11.482333098668384,22.620043876025285,0.25386460785034587,118.02999585587104,1.7937535482084552,1.1339184252594956,0.0018954830721997185,-0.022855278338716124,0.0057799999999999995,False,False,226.25083514952684,3235.541940340484,0.9979843775374917,85.11372798632844,229.346038641483,34.561175080553284,-98.37604425045444,1.0425082773712626,-71.50121642705915,7.373032247764832,-0.866844100983034,-0.0019594268905865414,0.002606293466767901,0.0057799999999999995,False,False
0.29,-4.046928025614795e-16,-2.308640477802858,11.348548244485091,-1.1476599141436195,22.6250991907519,3.4563003919464994,10,180.0,0.001,-1010.192132397232,3109.043565163941,1.0058452141468455,108.94886526583423,231.15622460194072,-45.360583818654966,64.9160255377877,0.7929328120285891,125.76058101808971,5.599853987378566,0.9208266426734221,0.00993866402606783,-0.11027369572272024,0.0058,False,False,-896.313802968779,3125.8153013706333,1.0005551490753757,107.13598200732775,229.93585770465577,-17.9092565505004,17.965051448106962,0.2539779327426881,136.40393286135293,1.7937175693580798,1.1339184252594956,0.0030796137737816934,0.3533258295100005,0.0058,False,False,-784.6601415824096,3147.0985903575784,0.9980185578296212,103.16587763928231,229.34603850098202,63.26984036915542,-82.88107698589457,1.0428635424261015,-53.726610430802324,7.37304062876375,-0.866844100983034,0.00158137113546583,-0.22299309359201766,0.0058,False,False
0.291,-101.01841935558008,-4.536612658367157,-89.63119015717155,-1.7905065741073138,-78.4659293399226,6.327119232474529,10,198.0,0.001,-1921.4961484904998,2644.709917400716,1.0058615207484265,126.54513123651557,231.15620255426336,-63.20174981583668,47.7212552491206,0.7921348614098604,143.99239478095387,5.599901509105018,0.9208266426734221,0.0018919519687244284,0.12082423583138213,0.00582,False,False,-1818.374911339301,2695.8508855072714,1.0005408586970561,125.05124364078164,229.93585317516875,-22.583376577740587,11.55178909662865,0.2542232491544728,154.06227621205278,1.7936732269076086,1.1339184252594956,0.005595487586473668,0.013070053353603837,0.00582,False,False,-1718.7629941707437,2750.5953337521764,0.9979708691253707,121.03259531227899,229.3460368110819,85.7851263935774,-59.27304434574913,1.0418334561105005,-35.66550963416537,7.373052860374456,-0.866844100983034,-0.008736790130293099,-0.16203681060504727,0.00582,False,False
0.292,-192.1483560300867,-6.320472985980553,-181.8371781505651,-2.258113946980751,-171.8761537589958,8.578586932961256,10,216.0,0.001,-2644.709917422062,1921.49422922223,1.005891509902339,144.88837067035973,231.156122785499,-74.85582818394668,25.854964232891845,0.793506698399865,161.79172603146017,5.5999438339097045,0.9208266426734221,0.015550465555958688,-0.08019148956283911,0.00584,False,False,-2562.4405980742763,2001.9979475490172,1.000549403428919,143.44561326830288,229.93583453487335,-25.047228940249315,4.007931838730653,0.25444354260211427,172.17665957182092,1.793637637887282,1.1339184252594956,0.007848752538106088,0.12801493419737936,0.00584,False,False,-2484.621242552948,2084.844708222332,0.9979706403287786,139.22960352004176,229.34602870278806,99.903057124196,-29.862896071622377,1.043134010613736,-17.687576135333185,7.373063604955842,-0.866844100983034,0.0042535597693420454,-0.18418100292855433,0.00584,False,False
0.293,-264.4693912140454,-7.485595364784423,-256.24365463879013,-2.504716491332489,-248.4619320156047,9.990311856116946,10,234.0,0.001,-3109.0404597926217,1010.1901143473668,1.0058466144851224,162.75881104508525,231.15597167013297,-79.18198740255667,1.4577309059607697,0.7933192449643005,179.8346557448562,5.599960762546839,0.9208266426734221,0.013651990492085165,-0.037341600502934474,0.00586,False,False,-3055.676585172229,1112.17570701017,1.0005406181365726,161.0577110450446,229.93579752219298,-25.059671490995257,-3.928191922803501,0.2536332499806348,-169.91331007505354,1.793624580310745,1.1339184252594956,-0.00023570747485811717,0.0380920316482731,0.00586,False,False,-3007.267371230185,1215.0150533475921,0.9979813856555554,157.03471929993725,229.34601175872842,104.24165889355191,2.4704610168428522,1.0430067600544517,0.5071113948890583,7.373068094936927,-0.866844100983034,0.0029747043843549306,0.010476097588517596,0.00586,False,False
0.294,-310.90226041515905,-7.917924584231305,-305.56720083844647,-2.506178723726588,-300.72651711956155,10.424103307957886,10,252.0,0.001,-3269.0361482154094,0.002512282650712905,1.005852810874782,181.10068943637722,231.15576283477503,-75.75675357010635,-23.082112376867727,0.7914617011910088,-161.83245464021445,5.599941795795815,0.9208266426734221,-0.004896624204300456,0.295531587015213,0.00588,False,False,-3249.801568946463,113.48620403737364,1.0005761439555316,178.76330685884264,229.93574489445638,-22.619485231656736,-11.479861686800383,0.25171269505008304,-151.93413789802543,1.7936392286259863,1.1339184252594956,-0.019461972626456336,0.017317557389356593,0.00588,False,False,-3235.5411694783447,226.25137653986968,0.9979803363747204,175.60872240150036,229.34598693650037,98.37623880176307,34.56197406366823,1.042226307715991,18.59124220250321,7.373063953323336,-0.866844100983034,-0.004823961874140645,0.09458614245497506,0.00588,False,False
0.295,-326.9018190058682,-7.5751413190650885,-324.9796915125227,-2.2623574059321077,-323.5538907161207,9.837498724997145,10,270.0,0.001,-3109.035801750686,-1010.1843267117595,1.0058683524915515,-160.9266710682929,231.15553195307288,-64.91546291374839,-45.362281710652596,0.7925321778639784,-144.5141929775813,5.599890145039834,0.9208266426734221,0.005881187725013197,-0.3863877682630576,0.0059,False,False,-3125.813323443018,-896.3118590163822,1.0005589754159583,-162.80680705069435,229.93568537340266,-17.965493730553195,-17.907983668756327,0.25336529457001766,-133.92376385063093,1.7936761748752048,1.1339184252594956,-0.0029882273138332263,0.028270570182630902,0.0059,False,False,-3147.0976459153003,-784.6592355125129,0.9979802743255938,-166.452619701338,229.34595820289383,82.88095664430145,63.27026537940901,1.0424953022499883,36.67478644622932,7.373052100539985,-0.866844100983034,-0.0021172541672012067,0.1780780265140249,0.0059,False,False
0.296,-310.9019498941039,-6.490804633069915,-312.58090481069075,-1.7971155755924066,-314.7095542766853,8.287920208662348,10,288.0,0.001,-2644.701680892814,-1921.4863258373327,1.0058709237551902,-143.1923882734164,231.15532311951122,-47.71943180494313,-63.20170891047466,0.7915120531624628,-126.08815703770681,5.599821506526341,0.9208266426734221,-0.004222989773461589,0.03913741704396537,0.00592,False,False,-2695.8487628808225,-1818.3724220175945,1.0005656766162956,-144.81718914291812,229.9356303129225,-11.553189204983727,-22.5834270669777,0.2542815534481548,-115.60791531732524,1.793721493007838,1.1339184252594956,0.006110271949746444,0.34554202167762144,0.00592,False,False,-2750.5943081786363,-1718.7618121144487,0.997988365361263,-149.1527084320923,229.34593101870868,59.27262100992674,85.7851359774524,1.042566264539161,54.61173802587083,7.3730364016653285,-0.866844100983034,-0.0013854297140216776,0.11491647608185425,0.00592,False,False
0.297,-264.4688629240766,-4.771066490081579,-269.58452844126805,-1.1559870460753732,-275.05925700691137,5.927053536156822,10,306.0,0.001,-1921.486325867187,-2644.699039324787,1.0058374564969228,-125.21050441579938,231.15517200681487,-25.852058391521815,-74.85405238623582,0.7919229842499004,-108.43357553960092,5.599758066970388,0.9208266426734221,-2.396181866636211e-05,-0.307160793656919,0.00594,False,False,-2001.9958880093643,-2562.437807139675,1.0005309411196524,-127.11422275783357,229.93558936216454,-4.010152898892066,-25.048598116522573,0.2541295397908753,-97.93433797530284,1.7937580576481749,1.1339184252594956,0.004538425166684025,0.021382285960117264,0.00594,False,False,-2084.8437019078856,-2484.6199002186513,0.9979707183660307,-130.67007507724028,229.34591025291377,29.862211290413548,99.90265050275835,1.0417092044071705,72.12959023534418,7.373022189248307,-0.866844100983034,-0.009935931641020674,-0.36741116119912975,0.00594,False,False
0.298,-192.1477802924007,-2.5842799271447823,-200.19935467134783,-0.40171995338077754,-208.48424989745308,2.9859998805254526,10,324.0,0.001,-1010.1833177742284,-3109.0295910800014,1.0058449142376689,-107.08622317632594,231.15509224025791,-1.4540270551199521,-79.17865044434329,0.7926189060049847,-90.14639996744869,5.599720029101688,0.9208266426734221,0.00698904940197715,-0.02113217254550434,0.00596,False,False,-1112.1739121268515,-3055.6737658537304,1.0005722522382916,-108.56173522791565,229.9355667805903,3.9253671773829217,-25.062225578771415,0.2530741912333473,-80.08364384275889,1.7937720847957515,1.1339184252594956,-0.006034897790940654,-0.12514536705457724,0.00596,False,False,-1215.014164797156,-3007.266000015135,0.9979679444436844,-112.99474627886181,229.3458983228691,-2.4713401222634093,104.24087602311451,1.0423506268508915,90.42655736533473,7.373014226239576,-0.866844100983034,-0.0035104458088650497,-0.07067105126560896,0.00596,False,False
0.299,-101.01801577797028,-0.14451820554026842,-111.21729369364235,0.39186449102794535,-121.50136147901073,-0.2473462854876811,10,342.0,0.001,0.0025122256187444236,-3269.0263527879833,1.0058516124441585,-89.06708297728092,231.15507019345927,23.08625171704403,-75.7521820133351,0.7913103013325881,-72.51830780893687,5.599717893842586,0.9208266426734221,-0.006093977609608135,-0.39425040169154313,0.00598,False,False,-113.48484943598316,-3249.7989971968623,1.0005584245244967,-90.92278638356493,229.93555981223568,11.476709661852656,-22.62297443433376,0.2537897392687166,-61.606218371367255,1.7937583963831094,1.1339184252594956,0.001139940901558072,0.3550521253820851,0.00598,False,False,-226.25069273058892,-3235.5399036065382,0.9979937421882336,-95.05119360698559,229.3458942709819,-34.5629613788971,98.37515644766852,1.0422242394196903,108.35794847774375,7.373014887202653,-0.866844100983034,-0.004775254863825558,-0.13951657235999435,0.00598,False,False
0.3,1.121756528242501e-12,2.3093816746440945,-11.348533552792897,1.1470969890556628,-22.625084948680232,-3.456478663699767,10,0.0,0.001,1010.187087339582,-3109.028038439182,,,231.15507019345927,45.36645136986047,-64.9101041923834,0.7922941198425679,-54.46990538187991,5.599748447992991,0.9208266426734221,0.0037009973962997024,-0.346893752422838,0.006,False,False,896.3126408387973,-3125.8112509288467,1.0005234151677667,-73.18923532481,229.93555973968856,17.904812862449944,-17.96957666123576,0.2537192984255619,-44.135500483177424,1.793722399123373,1.1339184252594956,0.00048644028293863144,-0.17198332796336413,0.006,False,False,784.6596476451613,-3147.0966092987137,0.997979644151556,-77.12666684242298,229.34589413048244,-63.27126423231071,82.87968085361871,1.0421206495230568,126.34406164189718,7.3730232523546855,-0.866844100983034,-0.005822983941616244,-0.15360843020243975,0.006,False,False
0.301,101.01791488593176,4.537199582469198,89.63107413328268,1.7900617663447562,78.46587994716481,-6.327261348813907,10,18.0,0.001,1921.4865523770868,-2644.696709602422,1.005857996911015,-52.90680412591971,231.15504814677809,63.20550072748342,-47.713810433038475,0.7929776962045559,-36.50935307492001,5.599795991039244,0.9208266426734221,0.010469524995372586,-0.3870574485323165,0.00602,False,False,1818.3725546524036,-2695.847392354733,1.000556568326082,-54.92993894472345,229.93555521470495,22.58054787625059,-11.557466288119066,0.2535541386720548,-25.785231090109356,1.793678022099638,1.1339184252594956,-0.0011023986633084415,0.1796887534981977,0.00602,False,False,1718.7619122287101,-2750.593602287893,0.9979827337216332,-59.252242007775735,229.3458924406014,-85.78604860373407,59.27127672115704,1.0432589597121886,144.38192956521897,7.373035460106711,-0.866844100983034,0.005542853581222422,-0.11588477306109153,0.00602,False,False
0.302,192.1473964762878,6.3208481753246195,181.83694279324453,2.2578308232225988,171.87604556645906,-8.5786789985472,10,36.0,0.001,2644.696709624497,-1921.4846331948302,1.0058212628372067,-34.97578661981288,231.15496838163043,74.85709516316311,-25.846724623512955,0.7914813085543546,-18.096167745550236,5.59983833250147,0.9208266426734221,-0.004554231376771004,0.025780840528716154,0.00604,False,False,2562.437277734182,-2001.9953534749743,1.0005655673928782,-36.64294209083361,229.93553659294545,25.046292451645346,-4.0142054747153235,0.25320852058120275,-8.068471131878116,1.7936423990954566,1.1339184252594956,-0.004508201036183334,-0.10298885442670772,0.00604,False,False,2484.61967851537,-2084.843395839661,0.9979704945035903,-40.783539145805285,229.34588433239944,-99.90338761480837,29.86093009822778,1.0433313601011078,162.55056314682298,7.3730461829714224,-0.866844100983034,0.006251693049710472,0.0526712361909526,0.00604,False,False
0.303,264.4680705077517,7.485722080571425,256.24332300794987,2.504622798955223,248.46177561405432,-9.99034487952665,10,54.0,0.001,3109.0249332094418,-1010.1850693797437,1.0058257384492546,-17.181896883919077,231.15481727313983,79.18064628489805,-1.4495030234986452,0.7917036401813748,-0.5091990149761643,5.599855268267775,0.9208266426734221,-0.002354865896964899,-0.38733025946845306,0.00606,False,False,3055.6726263565047,-1112.1742657365098,1.0005431122148807,-18.53359629995136,229.93549961707743,25.060719260640443,3.921935872551834,0.253916968084198,9.78544845490033,1.7936293246502244,1.1339184252594956,0.0025947640515373094,-0.24902233016198358,0.00606,False,False,3007.2654781968886,-1215.0142885105927,0.9979544286657539,-22.92905599705199,229.34586738853244,-104.24136554553826,-2.4724328490536407,1.042787506442656,-179.78871393936382,7.373050662714725,-0.866844100983034,0.0008068211514565795,-0.28663625522495934,0.00606,False,False
0.304,310.90070783911654,7.917790408371935,305.5668054123912,2.506283671440755,300.7263278187669,-10.424074079812687,10,72.0,0.001,3269.019822711409,-0.0025121675734141036,1.0058413349214645,0.6982544300971522,231.15460844731652,75.75293548771015,23.089523114289754,0.7920088351231326,17.82028100136967,5.599836297897687,0.9208266426734221,0.0007239116752729842,-0.05786668989370544,0.00608,False,False,3249.797359260251,-113.48605640253027,1.0005534085790795,-0.6787105795638946,229.93544704169364,22.622415077162884,11.474235650799685,0.2524072623413135,27.784082505496592,1.793643983199466,1.1339184252594956,-0.012523023696449975,-0.250334999763075,0.00608,False,False,3235.539132753171,-226.2512341147819,0.9979677356091876,-5.243520442567581,229.34584256658766,-98.37535056487266,-34.5637587650898,1.0430607712526863,-161.53239674016024,7.373046527295523,-0.866844100983034,0.0035453176176816954,-0.03033981824012697,0.00608,False,False
0.305,326.90018653853326,7.574759371146671,324.9792710071826,2.262650758702873,323.55368704621907,-9.83741012984954,10,90.0,0.001,3109.0202753804324,1010.1792820092525,1.0058584319735693,18.837705308940784,231.15437757619205,64.90954147347034,45.368149828529205,0.7903944173862574,35.87984314680638,5.599784635662358,0.9208266426734221,-0.015347204259614595,0.001514338981874134,0.0061,False,False,3125.8092749688485,896.3106988198457,1.0005684763303397,17.04222629546669,229.93538757986119,17.97001920685616,17.903538520815054,0.2543619532883881,45.66899018525989,1.7936809664222448,1.1339184252594956,0.006971583599061828,-0.3648481282390853,0.0061,False,False,3147.0956648672154,784.6587415855704,0.997983185247073,13.058270484742634,229.3458138333102,-82.87956068032608,-63.2716883493445,1.0422809784740317,-143.40032270417655,7.3730346958157025,-0.866844100983034,-0.004235877929638274,0.101681914202077,0.0061,False,False
0.306,310.9003973327779,6.490212287536244,312.58050038896687,1.797568652799489,314.709356174317,-8.287780940335745,10,108.0,0.001,2644.6884734717883,1921.4767301719867,1.0058468634663553,37.178093817129586,231.1541687522309,47.71198653017176,63.2054598983322,0.7920130501157479,54.024713899492745,5.599715983697285,0.9208266426734221,0.0009362115753802577,0.14587412339015804,0.0061200000000000004,False,False,2695.8452718401995,1818.3700678069051,1.0005535552448812,35.06771860760752,229.93533257417448,11.558867609477947,22.580598187299646,0.2537518463770431,63.98608080202304,1.793726337697195,1.1339184252594956,0.0008063498132354168,-0.046333627447461695,0.0061200000000000004,False,False,2750.592576726094,1718.7607301858934,0.9979756849724376,31.148442161449836,229.34578664943726,,,,,,-0.866844100983034,-0.006334088679671331,0.0394602806564863,0.0061200000000000004,True,False
0.307,264.4675422428202,4.770321719059032,269.5841796836307,1.15655552556829,275.05908386368077,-5.92687724462728,10,126.0,0.001,1921.476730202913,2644.6858320248384,1.0058689995129169,54.94965435756449,231.15401764650542,25.843818004965314,74.85531894437482,0.7912184743862802,71.84137499042029,5.5996525353533535,0.9208266426734221,-0.006919816210798095,-0.03834481500451112,0.00614,False,False,2001.9932959848143,2562.434489576238,1.0005542924397604,52.84780957679454,229.93529166417642,4.0164285786223894,25.047662748355823,0.25384538524981903,81.94325864715141,1.7937629549114715,1.1339184252594956,0.0016899539799486135,-0.08689099320533611,0.00614,False,False,2084.8423895367705,2484.6183361964218,0.9979697555508588,49.11705804351086,229.34576588388185,-29.86024658358722,-99.9029816927306,1.0429296224729603,-107.85072593721786,7.373004841016551,-0.866844100983034,0.002292783121509437,-0.34901382683340265,0.00614,False,False
0.308,192.1468207658873,2.5834556267782043,200.19909570212218,0.4023482072827057,208.48411866174695,-2.9858038340608615,10,144.0,0.001,1010.178273119815,3109.014064995441,1.0058494662322026,73.03103770138462,231.15393788364074,1.445798153411526,79.17730845013782,0.7910678060423371,89.7748178753479,5.599614498208191,0.9208266426734221,-0.008372707003665906,-0.10604925934772823,0.00616,False,False,1112.1724726396137,3055.6698098433435,1.000562158806183,71.17901124132271,229.93526910508277,-3.919108452980872,25.06327565730984,0.2549173701255613,100.04611392425012,1.7937770175533612,1.1339184252594956,0.012389915158488458,0.01874508365505444,0.00616,False,False,1215.0133999703917,3007.2641069975625,0.9980077307391166,66.85963019483131,229.34575395397508,2.4733102995697633,-104.24058410744749,1.042969486608222,-89.44118578775763,7.372996893699263,-0.866844100983034,0.002702663678019936,0.06029969574865295,0.00616,False,False
0.309,101.01751132744755,0.14369506111319807,111.21714984209979,-0.3912379529183157,121.50128499697914,0.2475428918051258,10,162.0,0.001,-0.0025121085203210214,3269.0100277346255,1.005836654357749,91.16749080435474,231.15391583786604,-23.09366361578335,75.74836268523602,0.7915757342578871,108.01553912493928,5.599612374393879,0.9208266426734221,-0.003290421321163814,0.13346123777211186,0.00618,False,False,113.4847031495576,3249.794790070041,1.0005166416627533,89.00651596165875,229.93526214366648,-11.47108058324579,22.625907550760413,0.2538254262074261,117.85377798620576,1.793763337571146,1.1339184252594956,0.0014898223935173652,-0.1708159862945548,0.00618,False,False,226.25055031339582,3235.53786689592,0.9979653965640016,84.82109474963552,229.34574990213483,34.56474419902938,-98.37427023599615,1.0432994658408405,-71.45168641932185,7.372997553915616,-0.866844100983034,0.006001522317285155,0.04956284784166376,0.00618,False,False
0.31,-2.2430971644112735e-12,-2.3101230864612807,11.348518875746006,-1.146533500919933,22.625070706777258,3.4566565873813295,10,180.0,0.001,-1010.1820425092976,3109.0125124269916,1.0058577403999058,109.12452912846955,231.15391583786607,-45.37232067735982,64.90418125955546,0.791782577131982,125.89032857113098,5.599642947823729,0.9208266426734221,-0.001265229939355673,0.007204620748331252,0.0062,False,False,-896.3114798639299,3125.8072045175227,1.0005436542748642,107.24680586508155,229.93526207119166,-17.900364601347704,17.974106050003783,0.2541778712539814,136.03578672726573,1.7937273220280228,1.1339184252594956,0.005065206528611897,0.013441965444698343,0.0062,False,False,-784.6591537134559,3147.094628262577,0.9980011613715545,103.06146074351082,229.34574976163702,63.27268527870774,-82.87828730955889,1.0431978007155633,-54.03018854718008,7.373005903206707,-0.866844100983034,0.0049730633838170465,-0.529143940444631,0.0062,False,False
0.311,-101.01741044027278,-4.537786681183631,-89.63095822507319,-1.789616502105922,-78.46583055499401,6.327403183289591,10,198.0,0.001,-1921.4769567016306,2644.6835024110646,1.0058566030799645,126.7768579269421,231.153893792216,-63.20925281688089,47.706363565165915,0.7916400919612457,143.7143070613693,5.599690512108751,0.9208266426734221,-0.0027573477036812806,-0.16953306251585049,0.00622,False,False,-1818.3702003097708,2695.843902678375,1.0004998744452114,125.24287824022201,229.93525755071542,-22.577716117542664,11.563148863486717,0.2544370561974637,153.7028601743882,1.7936829105551237,1.1339184252594956,0.007719863270733876,-0.3180800856974666,0.00622,False,False,-1718.760830299017,2750.591870843498,0.9980017463005563,121.43273375766789,229.34574807177586,85.78696893442364,-59.26951242865223,1.0424282664716464,-35.65192835807363,7.3730180870814115,-0.866844100983034,-0.0027395096562020105,-0.15102776988643382,0.00622,False,False
0.312,-192.14643696827085,-6.321223481891674,-181.83670767062674,-2.2575473941878714,-171.87593737521243,8.578770876079522,10,216.0,0.001,-2644.6835024338975,1921.4750376083878,1.00584625920074,144.81941335646195,231.1538140308113,-74.85836262713516,25.83848269924728,0.7923972605173114,161.85792357934056,5.599732870153257,0.9208266426734221,0.004754434535959018,-0.02626364861324736,0.00624,False,False,-2562.43396069822,2001.9927619824261,1.0005426895685907,142.9698360798222,229.93523894750874,-25.04535472023033,4.02048517545731,0.2542524995571675,172.15650415173016,1.793647253654179,1.1339184252594956,0.005924723340679863,0.13612723792224118,0.00624,False,False,-2484.6181144957627,2084.842083472061,0.9979744928830365,139.06586233393625,229.3457399636693,99.90371734736547,-29.858967874704174,1.0429832411629625,-17.49540476680434,7.3730287882134675,-0.866844100983034,0.0027951035708716648,0.005418367907139123,0.00624,False,False
0.313,-264.46674986468014,-7.485848844800594,-256.24299170788044,-2.5045289823149246,-248.46161921437493,9.990377827115562,10,234.0,0.001,-3109.0094073437554,1010.1800246426425,1.0058445003759482,162.4123712787302,231.15366292943511,-79.1793049124741,1.4412727897987834,0.7918207315657957,179.97101692426077,5.599749813017167,0.9208266426734221,-0.001034815807122626,0.08674985963424375,0.00626,False,False,-3055.6686714814887,1112.17282589678,1.0005640778390852,160.96072783518582,229.93520200848627,-25.06176772277447,-3.9156736704402126,0.2546636965931473,-169.83393154981854,1.7936341623693486,1.1339184252594956,0.010055207573033607,0.1457386672560007,0.00626,False,False,-3007.2635851854648,1215.0135236823344,0.9979765842653343,157.05670989129715,229.345723020002,104.24107263524843,2.4744008806418263,1.042143436469295,0.1317416785813021,7.373033257711938,-0.866844100983034,-0.005609264191156849,-0.3674655674484195,0.00626,False,False
0.314,-310.8991553376411,-7.91765620752479,-305.56641038081085,-2.50638868799274,-300.7261385202444,10.42404489551753,10,252.0,0.001,-3269.003497965685,0.0025120485019698435,1.0058762559059258,180.62945786901687,231.1534541134762,-75.74911643689181,-23.09693600929002,0.791602147530607,-161.98868770795033,5.599730839061388,0.9208266426734221,-0.003193822933416063,0.12702876127116702,0.00628,False,False,-3249.793153765654,113.4859089134723,1.0005408614804807,179.19338903013553,229.93514948550205,-22.62534748191117,-11.468603977898816,0.2540782389118173,-151.87443341230357,1.7936488311248393,1.1339184252594956,0.004179886006775779,0.10529001524688504,0.00628,False,False,-3235.537096051643,226.25109169120205,0.9979885988735036,175.08650748737261,229.3456981983503,98.37446391880273,34.56553998718917,1.042545918393368,18.303164163535293,7.3730291284918295,-0.866844100983034,-0.0015786053513466198,-0.1960638441803103,0.00628,False,False
0.315,-326.89855414986056,-7.574377327349075,-324.97885092141564,-2.2629443665980222,-323.55348337877,9.83732169394711,10,270.0,0.001,-3109.0047497350124,-1010.174237546458,1.0058596118857146,-161.2676125785241,231.15322325329396,-64.90361844674509,-45.374019699549876,0.7903238713319627,-144.40639652715697,5.599679165441449,0.9208266426734221,-0.015903507385726122,-0.2908612729030605,0.0063,False,False,-3125.805230526904,-896.3095397801703,1.0005304432405178,-162.69203625962263,229.93509008294376,-17.97454885795303,-17.89908880235896,0.2535882711748382,-133.78068467441403,1.7936858512594571,1.1339184252594956,-0.0007721457394730093,0.19961816921846062,0.0063,False,False,-3147.0936838422376,-784.6582476645506,0.9979850932784828,-166.91028119542406,229.3456694654132,82.87816730469783,63.2731085019091,1.0435785124305477,36.57558208474314,7.373017318330347,-0.866844100983034,0.008764037110992842,0.0763018296632043,0.0063,False,False
0.316,-310.8988448465093,-6.489619784700867,-312.5800963708446,-1.7980221463755335,-314.709158074342,8.287641931076317,10,288.0,0.001,-2644.675266670708,-1921.4671349601213,1.0058265158006992,-143.19190933806007,231.15301443926313,-47.70453920688448,-63.20921206395134,0.7919086144185776,-126.37770698365034,5.5996105001538945,0.9208266426734221,4.103086134734831e-05,-0.2626829105594603,0.00632,False,False,-2695.8417842776425,-1818.3677159427034,1.0005441666594965,-144.60850240273396,229.9350351320993,-11.564551395117375,-22.577766250337987,0.2534980290870122,-115.68677981241916,1.7937312756168526,1.1339184252594956,-0.0017388063600236917,0.2949478770639424,0.00632,False,False,-2750.590845293847,-1718.7596482701595,0.9979838208240313,-148.8288557602061,229.34564228186332,59.269090602001405,85.78697831428946,1.0428316317711785,54.81031969531927,7.373001678110693,-0.866844100983034,0.0013173491280545674,0.3109266503945089,0.00632,False,False
0.317,-264.46622162562,-4.769576744776483,-269.58383127410946,-1.1571245418634208,-275.0589107225488,5.926701286639842,10,306.0,0.001,-1921.4671349920727,-2644.672625349037,1.0058146596166455,-125.14304513121334,231.152863340747,-25.83557530877418,-74.85658599043987,0.7917293787271504,-108.34752166709609,5.599547043145303,0.9208266426734221,-0.0016615842907452168,-0.23337794233907952,0.00634,False,False,-2001.990706543584,-2562.431175319415,1.0005359538939471,-127.01716024522185,229.93499426289728,,,,,,1.1339184252594956,0.00375582339260924,-0.11656260731554731,0.00634,True,False,-2084.8410771811223,-2484.6167721926986,0.997996927178188,-130.95397138686488,229.3456215165553,29.85828562753228,99.90331212515594,1.0426563595731821,72.39434253167252,7.372987520059839,-0.866844100983034,-0.0004153503443756194,-0.10522976220400347,0.00634,False,False
0.318,-192.145861286065,-2.58263109713262,-200.19883699143801,-0.40297706583912857,-208.4839874276367,2.985608162971768,10,324.0,0.001,-1010.1732287066493,-3108.9985396455345,1.0058392069382198,-106.62177862703832,231.1527835817004,-1.437566907181004,-79.17596620718675,0.7913386655839786,-90.39602124767968,5.599509006803275,0.9208266426734221,-0.00551492421170499,-0.28302522840498145,0.00636,False,False,-1112.1710345878928,-3055.6658577761646,1.000537210199568,-108.8205517396178,229.934971726304,3.9128435822641423,-25.064326423339132,0.25393445639897005,-79.89654374194082,1.793782043553455,1.1339184252594956,0.0025536700550784033,0.09023397683822787,0.00636,False,False,-1215.0126351527128,-3007.2622140024023,0.9979927573854817,-112.90514952882225,229.34560958679117,-2.4752766750834017,104.2402926305258,1.0426979303838408,90.52955557396697,7.372979588441792,-0.866844100983034,1.1574764023413093e-05,0.02975704667853618,0.00636,False,False
0.319,-101.01700690155141,-0.14287168384638538,-111.21700613419827,0.3906108015010885,-121.50120851588063,-0.24773911765477585,10,342.0,0.001,0.0025119874828760658,-3268.9937034550085,1.0058448228071235,-89.0442588608238,231.15276153698443,23.101077664578682,-75.74454239699477,0.7913083439002003,-72.46464240588486,5.5995068944484006,0.9208266426734221,-0.005815153728576631,-0.3528575017218544,0.00638,False,False,-113.484557010119,-3249.7905871371127,1.0005318659758091,-90.87147830716258,229.9349647718324,11.46544587393489,-22.628843219584382,0.2537577224165116,-61.55197922106604,1.7937683720935946,1.1339184252594956,0.0008056645944460218,0.43757620734604813,0.00638,False,False,-226.2504078979798,-3235.535830209444,,,229.3456055349995,-34.56652353851386,98.37338561657899,1.0422294994645926,108.08141336889139,7.372980247907484,-0.866844100983034,-0.004673667053780826,-0.4186209572835381,0.00638,False,False
0.32,-1.2810696591131345e-12,2.310864711901696,-11.348504213362071,1.1459694508458547,-22.625056465053195,-3.4568341627475614,10,0.0,0.001,1010.176997914357,-3108.9969871518915,1.005844554760321,-70.91209299501878,231.15276153698449,45.37819173041083,-64.89825675001019,0.7912693801456765,-54.21197641047221,5.599537487110953,0.9208266426734221,-0.006248055832105806,-0.1012378530428858,0.0064,False,False,896.3103200452207,-3125.8031621402606,1.000535823383571,-72.76133806355479,229.9349646994299,17.89591177597122,-17.978639605543762,0.25368403147594104,-44.18360009331444,1.7937323383930115,1.1339184252594956,0.00011971453680717021,-0.19179290589683676,0.0064,False,False,784.6586597875015,-3147.092647249956,0.9979903055959926,-76.4304147614144,229.34560539450342,-63.27410350638228,82.8768963555537,1.043419053653785,126.42271847743477,7.372988581323576,-0.866844100983034,0.007210089608083643,-0.07752014735246154,0.0064,False,False
0.321,101.01690601939968,4.538373953436239,89.63084243264605,1.7891707822689134,78.46578116342971,-6.327544735705276,10,18.0,0.001,1921.46736147928,-2644.6702958475075,1.0058451198935907,-53.2119048304176,231.1527394924002,63.213006077120625,-47.698914659004956,0.7916796830397069,-36.103044316532504,5.599585072553648,0.9208266426734221,-0.0022123228702312166,0.0069778982876279524,0.00642,False,False,1818.367848313491,-2695.8404164813046,1.0005214088271261,-54.941235503116715,229.93496018346505,22.574881307224885,-11.568836811585822,0.2534859762329118,-26.329991540804233,1.793687892595023,1.1339184252594956,-0.0017979820431792545,-0.3367780402205203,0.00642,False,False,1718.7597483820884,-2750.590139419681,0.9979880625041155,-58.951672927933075,229.3456037046627,-85.7878873843458,59.26775147059041,1.042590583722585,144.76216944127717,7.373000741302306,-0.866844100983034,-0.0010918065107558734,0.26178704573673406,0.00642,False,False
0.322,192.14547750755105,6.321598904990745,181.83647278292054,2.2572636604378022,171.87582918529858,-8.578862565428532,10,36.0,0.001,2644.670295871103,-1921.4654424780674,1.0058357390296249,-35.12235891641358,231.15265973486424,74.85963057346449,-25.830238475070978,0.7929077720697671,-18.21337146754851,5.599627447105127,0.9208266426734221,0.01000864076497043,-0.10369641990879236,0.00644,False,False,2562.430646969321,-2001.9901730736874,1.0005381713328594,-36.64574006314177,229.93494159882735,25.044415747894107,-4.026770928623206,0.25443322815866554,-7.846500781283478,1.793652201884428,1.1339184252594956,0.007725011501332162,0.1472769776750966,0.00644,False,False,2484.6165504947285,-2084.840771120064,0.9980008417179441,-40.67542545137936,229.34559559665436,-99.90404632135875,29.857009403693738,1.0430369685884628,162.7157853100616,7.373011420685733,-0.866844100983034,0.003356939219142543,0.21532557999424964,0.00644,False,False
0.323,264.465429286916,7.485975657232229,256.2426607388763,2.504435041600658,248.4614628166284,-9.990410698832873,10,54.0,0.001,3108.9938822200584,-1010.1749801440493,1.005837032020114,-17.39523717458275,231.15250864084064,,,,,,0.9208266426734221,0.008562602096449832,-0.0080971061894442,0.0064600000000000005,True,False,3055.6647205506724,-1112.17138749228,1.0005806576332892,-19.102263599977093,229.93490469668282,25.06281687538366,3.90940532878247,0.2538299594795902,9.967740930378376,1.7936390937891165,1.1339184252594956,0.0017108623567457933,-0.03843398614971683,0.0064600000000000005,False,False,3007.2616921966373,-1215.0127588631394,0.9979722374190806,-22.92422408150268,229.34557865319314,-104.24078016301519,-2.47636510893738,1.0434751002286695,-179.61951431515138,7.373015879932317,-0.866844100983034,0.00773194929421261,-0.12000440146016574,0.0064600000000000005,False,False
0.324,310.89760291318424,7.917521981924647,305.5660157440566,2.5064937731811305,300.72594922406876,-10.424015755105787,10,72.0,0.001,3268.987174003999,-0.0025119254631107424,1.0058296392409791,1.1988813104670106,231.1522998350758,75.74529642451363,23.10435104834271,0.7923419369983533,17.61673221352362,5.599625419526957,0.9208266426734221,0.004353157479377188,-0.2736890670311681,0.0064800000000000005,False,False,3249.788952466391,-113.48576157035782,1.0005517801319594,-0.7019881249556164,229.93485222614478,22.62828244018128,11.46296667918666,0.25318711987603687,27.831461742362308,1.7936537727230977,1.1339184252594956,-0.004738292826305169,-0.17466003343239747,0.0064800000000000005,False,False,3235.535059374548,-226.25094926921332,0.9979790345999988,-4.828371124780179,229.3455538318443,-98.37357886469479,-34.567317727529826,1.0424485509795702,-161.67233042417533,7.373011756916005,-0.866844100983034,-0.0025277123711935933,-0.1728412716333113,0.0064800000000000005,False,False
0.325,326.8969218424279,7.573995188358685,324.9784312555951,2.263238229045082,323.5532797138542,-9.837233417403748,10,90.0,0.001,3108.9892248389347,1010.169193331311,1.0058187219724584,18.945381072765386,231.15206898620045,64.897693844279,45.37989131297145,0.791284967308701,35.54107506663211,5.599573734617159,0.9208266426734221,-0.00614344591673767,-0.3495275270530225,0.006500000000000001,False,False,3125.801190120767,896.3083818983545,1.0005104864075132,17.403923765809857,229.93479288291337,17.97908267497626,17.894634522166346,0.25382507054625375,46.03144391408368,1.7936908297077552,1.1339184252594956,0.0015888073855800497,0.025901776652446057,0.006500000000000001,False,False,3147.0917028411413,784.6577537496173,0.9979518892497306,12.99343392033326,229.34552509925882,-82.87677651925499,-63.27452583513819,1.0421482441374839,-143.49411091305097,7.372999968087653,-0.866844100983034,-0.005514108871118805,0.005326048355475074,0.006500000000000001,False,False
0.326,310.8972924377498,6.489027125634592,312.57969275668256,1.7984760554331372,314.7089599768387,-8.28750318106769,10,108.0,0.001,2644.6620605104313,1921.457540216858,1.0058309302666724,37.165066405648275,231.15186018242957,47.697089848583765,63.21296540042326,0.7922278457653034,54.05588617720849,5.599505056136203,0.9208266426734221,0.0033824646884950222,0.1647721903017807,0.006520000000000001,False,False,2695.8383001962525,1818.3653664270469,1.0005576047319718,34.953816940580495,229.93473798696,11.570240550755091,22.574931261700904,0.2534968879187394,63.83191635208319,1.7937363070876085,1.1339184252594956,-0.001757333616932834,-0.1721999816925563,0.006520000000000001,False,False,2750.589113882581,1718.7585663676423,0.9979850197973057,30.730749220855756,229.34549791604275,-59.267330399338434,-85.78789666212444,1.0428839042892866,-125.93171618281914,7.372984357224586,-0.866844100983034,0.0018645697411802903,-0.4323918409379613,0.006520000000000001,False,False
0.327,264.46490107456134,4.768831568584367,269.5834832130136,1.1576940938453095,275.05873758358393,-5.9265256624295946,10,126.0,0.001,1921.4575402498372,2644.659419318212,1.0058301492860937,55.01466454353816,231.15170909136162,25.82733031792548,74.85785352203294,0.7914708505925593,71.57318192208157,5.599441590586232,0.9208266426734221,-0.0040977331974324654,-0.31881273066588645,0.006540000000000001,False,False,2001.9881196879915,2562.4278643721245,1.000530318213345,53.31109780150548,229.93469715859052,4.028998106965309,25.04578827749215,0.2528893108135154,81.9104412819655,1.793773029380938,1.1339184252594956,-0.007885037834441182,-0.09140654576431716,0.006540000000000001,False,False,2084.8397648414757,2484.6152082080725,0.9980172733284411,49.23974322721171,229.34547715099052,-29.85632842489026,-99.90364179952522,1.0427129821622059,-107.35832765908052,7.372970226381888,-0.866844100983034,0.0001753324997631766,0.14081773309038578,0.006540000000000001,False,False
0.328,192.14490185444896,2.5818063397057647,200.19857853952516,0.4036065278160403,208.48385619517418,-2.9854128675218154,10,144.0,0.001,1010.1681845427299,3108.9830150547814,1.005841212575684,73.3637116319602,231.15162933625916,1.4293333314142291,79.17462371783785,0.7914980512494512,89.96612841939482,5.5994035551268775,0.9208266426734221,-0.0037719363660442037,0.07298568697312525,0.006560000000000001,False,False,1112.1695979729993,3055.661909655687,1.0005451643237475,71.1892055405339,229.93467464451794,-3.9065725775489044,25.06537787484362,0.25399201547663874,99.74389861089195,1.793787163116568,1.1339184252594956,0.003122020676177413,-0.25516326492604974,0.006560000000000001,False,False,1215.011870344454,3007.260321030381,0.9979897857986532,66.88717544401835,229.34546522137384,2.477239246135153,-104.24000159268144,1.042478418518939,-89.82291574499322,7.37296231047088,-0.866844100983034,-0.002159109144200114,-0.3239961924807032,0.006560000000000001,False,False
0.329,101.01650250107848,0.14204807523811622,111.21686257006546,-0.3899830380082774,121.50113203574547,0.24793496277023805,10,162.0,0.001,-0.0025118624739377537,3268.9773799749028,1.0058171974273697,90.62839425895179,231.15160729263692,-23.108493849903056,75.74072115547517,0.7919403238487627,108.11180942188986,5.599401454246003,0.9208266426734221,0.0006537607212974184,0.21745521389011363,0.006580000000000001,False,False,113.4844110178295,3249.7863884018034,1.000538760243391,89.333396267328,229.93466769699717,-11.459805545011735,22.63178143508234,0.25302386763313345,118.24187019730215,1.7937735002708948,1.1339184252594956,-0.006540135577224069,0.24558886713849853,0.006580000000000001,False,False,226.25026548442958,3235.533793547905,0.9980031770481451,85.3503300848222,229.34546116963242,34.5682993949153,-98.37250259055729,1.0424700080366844,-71.48385979994576,7.372962969181964,-0.866844100983034,-0.0022441455248926713,0.014824371431721349,0.006580000000000001,False,False
0.33,1.5972822309025073e-13,-2.3116065496127405,11.348489565644881,-1.1454048399429688,22.625042223504483,3.457011389555816,10,180.0,0.001,-1010.1719535627064,3108.9814626383977,1.0058165185143284,109.07053086261394,231.15160729263692,-45.3840645182696,64.89233067445551,0.7918471409428639,125.89302497904141,5.599432066094443,0.9208266426734221,-0.000321360028923688,-0.002375857301240779,0.006600000000000001,False,False,-896.3091613836791,3125.7991238006493,1.0005328828202693,106.8779959784992,229.9346676246671,-17.891454395101793,17.98317731898463,0.2537047439575887,136.04385981253517,1.7937374485387354,1.1339184252594956,0.0003196125158951031,0.04983278580972035,0.006600000000000001,False,False,-784.6581658674722,3147.09066626163,0.9980010243673877,103.11048718188019,229.34546102913802,63.27551891337179,-82.87550799343981,1.0429654297974535,-53.595364945870756,7.372971286709035,-0.866844100983034,0.0026983093232081884,-0.0968847110423649,0.006600000000000001,False,False
0.331,-101.01640162410906,-4.538961398152566,-89.63072675610405,-1.7887246077124923,-78.46573177249144,6.327686005865084,10,198.0,0.001,-1921.4577667251765,2644.6570899326084,1.0058448980512613,126.879536412001,231.1515852491533,-63.21676050129352,47.691463728059446,0.7925215597993189,143.52662712436447,5.5994796726136595,0.9208266426734221,0.0063555027504940045,-0.3694902223679676,0.006620000000000001,False,False,-1818.365498665642,2695.83693376662,1.0005143728798862,125.2492917798936,229.93466311321745,-22.57204345090876,11.574530121265497,0.25397365782188575,154.01251871970558,1.7936929685397602,1.1339184252594956,0.0030716553766712085,0.01989981566069608,0.006620000000000001,False,False,-1718.7586664783398,2750.5884080171268,,,229.34545933931844,,,,,,-0.866844100983034,-0.00502883379241186,0.08104381947794126,0.006620000000000001,True,False
0.332,-192.14451809564346,-6.321974443930985,-181.83623813033452,-2.2569796225335854,-171.8757209967602,8.578954066464597,10,216.0,0.001,-2644.6570899569656,1921.4558478190238,1.0058403807658922,145.2057315885163,231.1515054956118,,,,,,0.9208266426734221,0.0013433772012981114,-0.12415089498599481,0.00664,True,False,-2562.4273365504255,2001.9875867510607,1.0005307846322289,143.0042859428748,229.93464454716525,-25.04347553652831,4.033062721873641,0.25468137263040735,172.44648783888414,1.7936572441066585,1.1339184252594956,0.010199325439687714,0.4544341049719566,0.00664,False,False,-2484.6149865128805,2084.8394587841904,0.9979713130024531,138.9951138260799,229.3454512314116,99.9043745362815,-29.855054687835107,1.0434167190840233,-17.40461965744097,7.372994080392047,-0.866844100983034,0.007178967053253227,0.09363983908580842,0.00664,False,False
0.333,-264.46410877654466,-7.486102517626464,-256.24233010123123,-2.5043409770015224,-248.46130642087647,9.990443494627964,10,234.0,0.001,-3108.9783578628703,1010.1699358919326,1.0058306836111142,162.84513416441504,231.15135440917948,-79.17662141271813,1.4248053286248723,0.7920689451585461,179.63157954815253,5.599539020561146,0.9208266426734221,0.001745425670531511,-0.26496487669932356,0.00666,False,False,-3055.660773567569,1112.169950524289,1.000546468626324,160.9469631705834,229.93460768193154,-25.063866716454143,-3.9031308598986323,0.2536437392240304,-170.02266589873895,1.7936441192299977,1.1339184252594956,-0.00015844724550399252,-0.014672114272795078,0.00666,False,False,-3007.259799231158,1215.0119940533114,0.9979714441057034,157.06386736267777,229.34543428816312,104.24048812917219,2.478325531274299,1.0422523429965906,0.7966192334134055,7.3729985293797045,-0.866844100983034,-0.004471085639756484,0.29484839821038045,0.00666,False,False
0.334,-310.8960505681976,-7.91738773180629,-305.5656215024788,-2.5065989268043416,-300.7257599303148,10.423986658610614,10,252.0,0.001,-3268.970850852136,0.0025117984578599817,1.0058157747142773,180.68745019337973,231.15114561393855,-75.74147545743948,-23.111768217920922,0.7917620262886623,-162.03625149272955,5.599520039534105,0.9208266426734221,-0.001296919802438041,0.0671875774421617,0.00668,False,False,-3249.7847553661977,113.48561437331794,,,229.9345552638862,-22.631219946250702,-11.457323765757904,0.25322478529113707,-151.6438269809308,1.7936588083146927,1.1339184252594956,-0.0043687600772311635,0.3642198741110718,0.00668,False,False,-3235.5330227226946,226.25080684887203,0.9979817833984489,174.7734549955096,229.34540946712696,98.37269540368993,34.569091983679314,1.0429754617720124,18.666441854205075,7.372994412571883,-0.866844100983034,0.0027659241599149796,0.16465025839344116,0.00668,False,False
0.335,-326.8952896188129,-7.573612954861819,-324.9780120100937,-2.2635323454715857,-323.55307605155167,9.837145300333406,10,270.0,0.001,-3108.9737007167214,-1010.1641493717784,1.0058451975341816,-161.2377091612677,231.15091477673448,-64.89176767678002,-45.38576465805012,0.7914766706447246,-144.52949061932622,5.599468343429179,0.9208266426734221,-0.004077366909108339,-0.426232960203489,0.0067,False,False,-3125.7971537540316,-896.307225175428,1.0005252131629463,-162.7481041997449,229.93449598003426,-17.983620649054565,-17.890175689020396,0.2534750934979785,-133.80863928445822,1.793695902087528,1.1339184252594956,-0.0019181365254404411,0.19998742918954948,0.0067,False,False,-3147.0897218647133,-784.6572598409668,0.9979609764662764,-166.50578435366754,229.34538073490444,82.8753883258342,63.27594034707089,1.042164406930703,36.6123387282127,7.372982645091431,-0.866844100983034,-0.005327982522729658,0.11049499754566415,0.0067,False,False
0.336,-310.8957401089507,-6.488434311408225,-312.5792895468394,-1.798930379084965,-314.7087618818852,8.287364690493133,10,288.0,0.001,-2644.6488550118174,-1921.4479459573504,1.005843371347445,-143.3373316189228,231.1507059835535,-47.68963846877364,-63.216719900838974,0.7919798843012937,-126.08777134365798,5.59939965188388,0.9208266426734221,0.0010519141715662895,0.014974711011680943,0.00672,False,False,-2695.8348195991284,-1818.3630192620258,1.0005023234436665,-145.0285293531687,229.93444113902092,-11.575935065239205,-22.57209322700013,0.25286743104765064,-116.4079223882075,1.7937414324297407,1.1339184252594956,-0.00805915065617579,-0.39786891711664046,0.00672,False,False,-2750.587382492983,-1718.7574844787719,0.9979818011932683,-148.75435689442784,229.34535355203295,59.26557353401237,85.78881312783935,1.0424597792954315,54.645629719584754,7.372967063604301,-0.866844100983034,-0.0023522233250222973,0.143673539848514,0.00672,False,False
0.337,-264.4635805917298,-4.768086191833145,-269.5831355006523,-1.158264180398297,-275.0585644468545,5.926350372231463,10,306.0,0.001,-1921.4479459913578,-2644.6462139532196,1.0058315882405906,-124.96771916949572,231.15055490017224,-25.81908304739737,-74.8591215367562,0.7917253564829798,-108.04291845233305,5.599336177915753,0.9208266426734221,-0.0014035982649903255,0.058946620494360114,0.00674,False,False,-2001.9855354203348,-2562.4245567373077,1.0005465863531608,-126.67116993092749,229.93440035152017,-4.035291930901437,-25.04484917857468,0.25301936101317807,-98.38187449697948,1.7937782072279045,1.1339184252594956,-0.006591858419218082,-0.3695506697679758,0.00674,False,False,-2084.838452518351,-2484.6136442431634,0.9979613588566728,-131.18660432855927,229.34533278724467,29.85437497829836,99.903970715331,1.0425566326107834,72.49206997692049,7.37295295998644,-0.866844100983034,-0.0013637446438471968,-0.010064853058076762,0.00674,False,False
0.338,-192.14394247255413,-2.5809813559955823,-200.19832034661323,-0.40423659197896783,-208.48372496441124,2.985217947974495,10,324.0,0.001,-1010.1631406360182,-3108.967491247698,1.0058566925912964,-107.09507325845382,231.1504751491399,-1.4210974410971229,-79.1732809844391,0.7928834471103751,-89.65599948309571,5.59929814341853,0.9208266426734221,0.01023109691077422,0.44471713788548106,0.00676,False,False,-1112.1681627962043,-3055.6579654854177,1.0005663764719357,-108.5567608071278,229.93437785998822,3.900295451157215,-25.066430009807483,0.25327212895969264,-80.07770607344713,1.7937923765627042,1.1339184252594956,-0.0040842174195159595,-0.06259372750030713,0.00676,False,False,-1215.0111055459133,-3007.2584280822493,0.9979466039223952,-112.97630964993384,229.34532085778014,-2.479198010060626,104.23971099424651,1.042178977446415,90.50712785734356,7.372945059790263,-0.866844100983034,-0.005129123722950858,0.004767581747012015,0.00676,False,False
0.339,-101.0159981268296,-0.14122423678744234,-111.21671914983325,0.3893546636725967,-121.50105555660805,-0.24813042688526216,10,342.0,0.001,0.002511733494216628,-3268.961057320086,1.0058276549235055,-88.90681424929556,231.1504531066461,23.11591215822942,-75.73689896754118,0.7912360223948871,-72.65145109619941,5.599296054026131,0.9208266426734221,-0.006240195397038121,-0.5519463090884543,0.0067800000000000004,False,False,-113.48426517281817,-3249.7821938678426,1.0005219189290058,-90.62437461310485,229.93437091942457,11.454159607572956,-22.634722191529196,0.25397247837607184,-62.16766693762472,1.7937787224229471,1.1339184252594956,0.0029385866139029666,-0.14977121552304737,0.0067800000000000004,False,False,-226.25012307280093,-3235.5317569121094,0.997949441905435,-94.77061209408066,229.34531680609066,-34.57007176580289,98.37162115907017,1.0428763514377153,108.38843805780782,7.372945717742802,-0.866844100983034,0.0018436857046486555,-0.11415718087742484,0.0067800000000000004,False,False
0.34,9.616020150264162e-13,2.3123485982414222,-11.348474932612064,1.1448396693215974,-22.625027982141326,-3.4571882675631205,10,0.0,0.001,1010.1669094623121,-3108.965938911027,1.005804356749149,-71.20656159287972,231.15045310664615,45.389939030191925,-64.88640304359967,0.7918752272021351,-54.16335909075577,5.5993266850135655,0.9208266426734221,0.00010853391758328138,-0.06490121168779996,0.0068000000000000005,False,False,896.3080038803357,-3125.795089502276,1.0005169667898528,-72.77230212630892,229.9343708471669,17.886992467524635,-17.987719181452164,0.2543975981900647,-44.040018574905794,1.7937426527850437,1.1339184252594956,0.007240794924943923,-0.019866008831690006,0.0068000000000000005,False,False,784.657671953564,-3147.0886852983836,0.9979629843652541,-76.95848907327041,229.34531666559815,-63.27693149771708,82.87412222505142,1.0424271365300266,126.22839367764368,7.372954019366846,-0.866844100983034,-0.0026602036415520765,-0.27440513528046523,0.0068000000000000005,False,False
0.341,101.01589725519746,4.539549014258075,89.63061119554999,1.7882779793152468,78.46568238219864,-6.327826993573408,10,18.00000000000091,0.001,1921.4481724544726,-2644.643884687221,1.005846630807635,-53.157618295551984,231.1504310642979,63.22051608249002,-47.68401078583376,0.7917499208790929,-36.02016101238614,5.599374312528092,0.9208266426734221,-0.0012118847898253808,0.07758018983752418,0.0068200000000000005,False,False,1818.3631513683113,-2695.833454537415,1.0005703646874737,-54.61868913381845,229.93436634023666,22.56920255420772,-11.580228781370929,0.253070780744139,-26.137804541414322,1.7936981387091695,1.1339184252594956,-0.0059644271244947015,-0.11624204506499723,0.0068200000000000005,False,False,1718.7575845881995,-2750.5866766365207,0.99797540611613,-58.72027387247321,229.34531497580022,-85.78971863669807,59.26423956720416,1.0426465536156724,144.3894025311659,7.3729661314978205,-0.866844100983034,-0.0004831619249860013,-0.11353955643456613,0.0068200000000000005,False,False
0.342,192.14355873406322,6.322350098021113,181.83600371307716,2.2566952810369583,171.87561280964007,-8.579045379058222,10,36.00000000000091,0.001,2644.6438847123413,-1921.4462536464098,1.0058149247871595,-35.20096338960438,231.15035131487696,74.86216790360214,-25.813743186899053,0.7924855989227916,-17.98739766110781,5.599416719867479,0.9208266426734221,0.006084922612656726,0.10999624965561049,0.006840000000000001,False,False,2562.4240294444753,-2001.9850030168432,1.0005499997486524,-36.8825019622223,229.9343477927864,25.04253408802508,-4.039360542864964,0.25327267519599567,-8.350085608387214,1.7936623806407277,1.1339184252594956,-0.0038949130605730165,-0.3279570304889953,0.006840000000000001,False,False,2484.6134225508385,-2084.838146464959,0.9979907871455953,-40.80884443139419,229.345306867998,-99.90470199162752,29.853103729763355,1.0429787858035582,162.46412053076972,7.3729767673362145,-0.866844100983034,0.002824118606967081,-0.03889865324308105,0.006840000000000001,False,False
0.343,264.46278833565145,7.486229425743388,256.24199979523905,2.504246788706889,248.46115002718088,-9.990476214450277,10,54.00000000000091,0.001,3108.962834296708,-1010.1648918942576,,,231.1502002362745,79.1752792900812,-1.4165681311235905,0.7922330988516737,-0.15962018822114185,5.599433683834677,0.9208266426734221,0.0035359312289942116,-0.06230613163398881,0.006860000000000001,False,False,3055.6568305356845,-1112.168514994084,1.0005433759163425,-18.947209900277524,229.9343109644963,25.06491724397132,3.8968502761130077,0.25289358393203987,9.839236461995773,1.7936492390118708,1.1339184252594956,-0.00766724063037039,-0.13858724762929453,0.006860000000000001,False,False,3007.257906289775,-1215.0112292531526,0.9979931437290952,-22.744050943744867,229.345289924969,-104.24019653405263,-2.4802821449901433,1.04333948896337,-179.38484995986383,7.372981206057926,-0.866844100983034,0.006424872904642554,0.11210054891698751,0.006860000000000001,False,False
0.34400000000000003,310.89449830513263,7.917253457404481,305.56522765642785,2.5067041486607717,300.7255706390571,-10.423957606065263,10,72.00000000000091,0.001,3268.954528535873,-0.0025116674855212295,1.0058272288732975,0.9825363086710037,231.1499914518871,75.73765354253291,23.119187504496637,0.7917111170612188,17.62027816495245,5.5994146993220735,0.9208266426734221,-0.0016570385203553762,-0.2824243028801948,0.006880000000000001,False,False,3249.7805624688044,-113.48546732248282,1.0005391710184022,-1.02129779831333,229.93425859899025,22.634159994394842,11.451675248711062,0.2541989095989282,27.90002835694756,1.7936639382194834,1.1339184252594956,0.005365228219750867,-0.07774235267393909,0.006880000000000001,False,False,3235.5309860968882,-226.2506644302341,0.9979709620942717,-4.612586178227486,229.34526510425522,-98.37181353692762,-34.570862753208424,1.0434569300792709,-161.83823648571942,7.37297709546328,-0.866844100983034,0.0076050973223483675,-0.34130673700278147,0.006880000000000001,False,False
0.34500000000000003,326.89365748159304,7.57323062754508,324.97759318528404,2.2638267153047344,323.55287239194314,-9.83705734284984,10,90.00000000000091,0.001,3108.9581773928876,1010.1591056758261,1.0058249213283759,18.93490337628032,231.14976062671892,64.88583995495637,45.391639724040985,0.7914117575554899,35.983550392464494,5.599362992116759,0.9208266426734221,-0.004577508546615076,0.08066641590875907,0.006900000000000001,False,False,3125.7931214302853,896.3060696124195,1.0005329943000727,17.12803893880178,229.93419937457054,17.98816277131361,17.88571231170734,0.25309992387294344,45.65244508963941,1.7937010687185764,1.1339184252594956,-0.005677139495491691,-0.32474554317190946,0.006900000000000001,False,False,3147.0877409137374,784.6567659387952,0.9979940460203305,13.437814740733389,229.34523637240716,-82.87400272626968,-63.27735203574899,1.0424641788021296,-143.4848943455412,7.372965349345494,-0.866844100983034,-0.0023058039299877135,0.011983324651711862,0.006900000000000001,False,False
0.34600000000000003,310.8941878625634,6.487841343092898,312.57888674167316,1.7993851164429697,314.7085637895597,-8.287226459535816,10,108.00000000000091,0.001,2644.63565019572,1921.438352196751,1.0058221313512306,36.951757860550146,231.14955184445745,47.68218508095889,63.220475558288605,0.7914241088209832,53.84138708015916,5.59929428763616,0.9208266426734221,-0.004356833083421965,-0.062008711253346074,0.006920000000000001,False,False,2695.8313424893618,1818.3606744497251,1.00053749212213,35.224763358340766,229.93414458854573,11.581634927414017,22.56925215184934,0.2535561238658074,63.69229388242246,1.7937466519629415,1.1339184252594956,-0.001179604009249687,-0.2834690431753413,0.006920000000000001,False,False,2750.5856511257375,1718.7564026039763,0.9979635692851185,31.40918090671391,229.34520918989085,-59.2638200083724,-85.78972771013846,1.043183972747129,-125.30422347975404,7.372949797253628,-0.866844100983034,0.004914129499247817,0.19254191196205317,0.006920000000000001,False,False
0.34700000000000003,264.4622601792104,4.767340615873489,269.5827881373346,1.158834800406408,275.05839131242885,-5.926175416279877,10,126.00000000000091,0.001,1921.4383522317853,2644.6330092749145,1.0058170360871705,54.91383267352072,231.14940076900143,25.810833512169168,74.86039003221126,0.7917006837309064,71.82254395813096,5.59923080537305,0.9208266426734221,-0.001501306506733367,-0.08173312961910884,0.006940000000000001,False,False,2001.9829537429093,2562.4212524179065,1.0005285913072828,53.66271527698122,229.93410384195008,4.0415917782219655,25.0439088398551,0.25392093817877937,82.0674135650147,1.7937834792426368,1.1339184252594956,0.0024164574820596035,0.09392284001618018,0.006940000000000001,False,False,2084.837140212264,2484.6120802985897,0.997972256643237,49.22399882161842,229.34518842537483,-29.85242529039055,-99.90429887206673,1.0434245786230365,-107.55690900458713,7.372935720877261,-0.866844100983034,0.007340095260689781,-0.06032196341933448,0.006940000000000001,False,False
0.34800000000000003,192.14298314189566,2.5801561475003223,200.19806241293156,0.40486725709254473,208.48359373539955,-2.985023404592849,10,144.0000000000009,0.001,1010.1580969944788,3108.9519682488003,1.0058222371169916,72.83370882935317,231.1493210221652,1.4128592512174873,79.1719380093385,0.7921837765796137,90.09886369857519,5.5991927719173455,0.9208266426734221,0.0033834094092221297,0.19343778882763826,0.006960000000000001,False,False,1112.166729058783,3055.654025268863,1.0005509429042536,71.18018467994824,229.93408137297868,-3.894012215415577,25.067482826214384,0.2530447201451155,99.82928250473157,1.7937976842112922,1.1339184252594956,-0.006365811713904561,-0.1414171408809375,0.006960000000000001,False,False,1215.010340757392,3007.256535158755,0.9979973993483887,67.3015426285399,229.34517649606713,2.481152964198785,-104.23942083555306,1.043145274728683,-89.55984784131108,7.372927836403693,-0.866844100983034,0.004558206646605092,-0.06348585143426637,0.006960000000000001,False,False
0.34900000000000003,101.01549377959249,0.14040016999305588,111.21657587362039,-0.3887256797273897,121.50097907849006,0.24832550973433135,10,162.0000000000009,0.001,-0.0025116005527223706,3268.944735516334,1.005856968842975,91.11288328162046,231.14929898083466,-23.12333257602871,75.73307584005755,0.7916286957839137,108.12163130966276,5.599190694027817,0.9208266426734221,-0.0021644599682239195,0.21499320992752635,0.006980000000000001,False,False,113.4841194752062,3249.778003538956,1.0005628842296117,89.20816328260777,229.9340744393782,-11.448508072719939,22.637665483197804,0.25316008896217146,118.03798455650393,1.793784038869087,1.1339184252594956,-0.005192826115335844,0.07007111202050915,0.006980000000000001,False,False,226.24998066314134,3235.5297203028585,0.997975202410303,85.35063881258051,229.3451724444311,,,,,,-0.866844100983034,0.001955581596238977,-0.3766969452725167,0.006980000000000001,True,False
0.35000000000000003,-2.0829210561290977e-12,-2.3130908564346555,11.348460314276615,-1.1442739400922177,22.625013740969358,3.4573647965269423,10,180.0000000000009,0.001,-1010.161865621139,3108.9504159942917,1.0058377554401055,109.24597654803149,231.14929898083466,-45.3958152554318,64.88047386815225,0.7918232789196173,126.00869360625836,5.59922134410727,0.9208266426734221,-0.00026197436923888436,0.1010083206894334,0.007000000000000001,False,False,-896.3068475362172,3125.791059248724,1.0005166624906,106.93779796564577,229.934074367193,-17.88252600202891,17.992265184068728,0.2534267364697505,136.06587973518805,1.793747951451223,1.1339184252594956,-0.0024753157237708064,0.10022567130784613,0.007000000000000001,False,False,-784.6571780459711,3147.086704360996,0.9979770856377629,103.35251195952837,229.3451723039404,63.27834125746127,-82.87273905222077,1.042428628970602,-53.75442297109744,7.37293677930077,-0.866844100983034,-0.002620898100537192,-0.258498737650244,0.007000000000000001,False,False
0.35100000000000003,-101.01539291346127,-4.540136800678005,-89.63049575108651,-1.787830897956824,-78.46563299257085,6.327967698634811,10,198.0000000000009,0.001,-1921.4385786823175,2644.6306801321984,1.005843447847267,126.70740483419387,231.14927693965666,-63.224272813799175,47.676555845834116,0.7919357006962662,143.799957760048,5.599268992535832,0.9208266426734221,0.000794858343351395,-0.10844436749377646,0.007020000000000001,False,False,-1818.3608064235827,2695.82997879678,1.0005435860660385,125.43288529535457,229.93406986478612,-22.56635862273824,11.585932780742706,0.2538930980737353,154.1466121442501,1.7937034034225403,1.1339184252594956,0.002251300742417104,0.1823698163155327,0.007020000000000001,False,False,-1718.7565027120936,2750.584945278544,0.9979470160837268,121.38298459279999,229.3451706141649,85.79063143653784,-59.262488626576456,1.0432941637597013,-35.49170729702547,7.3729488674800185,-0.866844100983034,0.006017354523418451,0.004073910026836465,0.007020000000000001,False,False
0.352,-192.14259942432153,-6.322725866570199,-181.83576953135287,-2.256410636509658,-171.87550462397692,8.579136503079857,10,216.0,0.001,-2644.6306801580777,1921.4366599753755,1.005813101694214,144.94438767148253,231.14919719448196,-74.86343728261272,25.80549215286294,0.7924184458106912,161.9144327422581,5.5993114161560795,0.9208266426734221,0.005562313428482442,0.005683262087714327,0.007039999999999999,False,False,-2562.420725654403,2001.9824218733308,1.000519802677568,143.24254358792157,229.9340513359542,-25.041591404278083,4.045664379248186,0.2539642464141394,172.3050341306723,1.7936676118059496,1.1339184252594956,0.003013401136059945,0.34135879535870284,0.007039999999999999,False,False,-2484.611858609215,2084.8368341628875,0.9980000486555323,138.78738688146802,229.34516250647047,99.90502868689109,-29.85115653211065,1.04217806963653,-17.487477558200606,7.372959481522025,-0.866844100983034,-0.0051585972304520255,0.008226671605048355,0.007039999999999999,False,False
0.353,-264.46146796631876,-7.486356381343119,-256.2416698211902,-2.5041524769060213,-248.4609936356004,9.99050885824915,10,234.0,0.001,-3108.9473115460787,1010.1598481589929,1.0058299400765731,162.82239957259495,231.1490461239478,-79.17393692206835,1.408328642330679,0.792305970977484,179.8708312397461,5.599328387094504,0.9208266426734221,0.004413564565124978,-0.03799810016844931,0.0070599999999999994,False,False,-3055.652891458515,1112.1670809029429,1.0005724356069174,160.85491556815478,229.93401454464012,-25.065968455920284,-3.890563589755406,0.25305246939225784,-170.3912181378998,1.7936544534540666,1.1339184252594956,-0.006085760363064123,-0.35484556640542664,0.0070599999999999994,False,False,-3007.2560133732277,1215.0104644629673,0.9979899714241962,157.22332954599287,229.34514556366736,104.23990537798879,2.482234947425267,1.042929330188997,0.7891807460572137,7.372963909970764,-0.866844100983034,0.002347745521952014,0.28485469319169937,0.0070599999999999994,False,False
0.354,-310.8929461264389,-7.917119158954086,-305.5648342062518,-2.5068094385487987,-300.72538135036876,10.42392859750289,10,252.0,0.001,-3268.9382070809784,0.00251153255197778,1.005815126406482,180.3637819022081,231.14883735074363,-75.73383068665855,-23.126608894539984,0.7918339345082771,-161.9490104600795,5.5993093991297185,0.9208266426734221,-0.00027994708962244424,0.14214365612229035,0.0070799999999999995,False,False,-3249.7763737779273,113.48532041798902,1.0005158004080221,179.48519621905552,229.9339622317198,-22.63710257888726,-11.446021139149824,0.25324726774150375,-151.8958016837754,1.79366916275679,1.1339184252594956,-0.0041585789660095115,0.14062381673653093,0.0070799999999999995,False,False,-3235.5289494979243,226.25052201336155,0.9979732014084115,175.30786792624227,229.3451207432857,98.3709332655458,34.57263003369037,1.0427321891077537,18.162741874774138,7.372959805593983,-0.866844100983034,0.0003821391748269944,-0.34160493760726973,0.0070799999999999995,False,False
0.355,-326.8920254333458,-7.572848207095124,-324.9771747815376,-2.2641213379715466,-323.5526687351085,9.836969545066614,10,270.0,0.001,-3108.942654891942,-1010.1540622514118,1.0058377521528015,-161.19605048157072,231.14860653797575,-64.87991068951797,-45.397516500197774,0.7911718455099033,-143.6818225710659,5.599257680918765,0.9208266426734221,-0.006827696478008689,0.4091499389837845,0.0070999999999999995,False,False,-3125.7890931531037,-896.3049152103472,1.0005420114172827,-162.83698181691517,229.93390306678495,-17.9927090328755,-17.881244399017675,0.25356049304978473,-134.07170913427987,1.7937063299201466,1.1339184252594956,-0.0010788881896934405,-0.03470334079068895,0.0070999999999999995,False,False,-3147.0857599889882,-784.656272043289,0.9980086527015766,-166.87140936216838,229.34509201182328,82.87261972239322,63.27876089921597,1.042128725987588,36.47930809572032,7.372948080853594,-0.866844100983034,-0.005635910739956966,-0.025090738801816084,0.0070999999999999995,False,False
0.356,-310.892635701042,-6.487248221759733,-312.5784843415444,-1.7998402666190756,-314.7083656999428,8.287088488378831,10,288.0,0.001,-2644.622446082991,-1921.4287589502017,1.0058205836996728,-143.1891126162121,231.1483977669637,-47.67472969864635,-63.22423236586149,0.7913189756407081,-126.21823415965909,5.599188963631893,0.9208266426734221,-0.005259214250897223,-0.1277736740413811,0.00712,False,False,-2695.827868870042,-1818.3583319922204,1.0005208863076533,-144.68865237703605,229.9338483357977,-11.587340126119022,-22.566408041865145,0.25418414293178565,-116.0964679035247,1.7937519660063426,1.1339184252594956,0.0050930714582837445,-0.05803345706892213,0.00712,False,False,-2750.5839197815267,-1718.7553207436742,0.997962582816154,-149.23472058788252,229.34506482967316,59.26206982476506,85.79064040772705,1.0422251776620917,54.451736823079436,7.372932558176312,-0.866844100983034,-0.004649441614184224,-0.05277411919084738,0.00712,False,False
0.357,-264.4609398390937,-4.766594842056574,-269.5824411233739,-1.1594059527528517,-275.0582181803802,5.926000794809375,10,306.0,0.001,-1921.428758986278,-2644.619805304144,1.0058229847386204,-124.88688230837069,231.14824669967192,-25.80258172722283,-74.86165900599974,0.7921257642628681,-108.29404222880531,5.59912547319695,0.9208266426734221,0.0028984610048797582,-0.2044633525133167,0.00714,False,False,-2001.980374658016,-2562.417951416848,,,229.93380763014346,-4.047897636575918,-25.042967263225993,0.25337527379176666,-98.10001711691233,1.7937888457441218,1.1339184252594956,-0.003047775767249974,-0.059308630976858845,0.00714,False,False,-2084.8358279237414,-2484.6105163749617,0.9979948264661989,-130.68004230038008,229.34504406543783,29.850479363798243,99.90462626922603,1.0420055801342216,72.38799187148213,7.37291850905809,-0.866844100983034,-0.006825548439353901,-0.11669712141651814,0.00714,False,False
0.358,-192.1420238639959,-2.5793307157184135,-200.19780473871654,-0.40549852192144514,-208.4834625081982,2.984829237639806,10,324.0,0.001,-1010.153053626093,-3108.936446082601,1.005843680347189,-107.06166523619898,231.14816695715794,-1.4046187767656182,-79.17059479488492,0.7917407730617103,-90.11358209599008,5.599087440862083,0.9208266426734221,-0.0008976651629199552,-0.025152409825227363,0.00716,False,False,-1112.1652967620248,-3055.6500890095203,1.000518746350314,-108.77935791935694,229.933785183753,3.88772288265612,-25.068536322047365,0.25354165610621743,-79.9181311453225,1.7938030863811893,1.1339184252594956,-0.001404091924820799,0.12537097447374523,0.00716,False,False,-1215.0095759792075,-3007.254642260643,0.9979752579843718,-112.93662836661665,229.345032136292,-2.4831041058910683,104.23913111693241,1.0425829837559752,90.30476835771137,7.3729106403148945,-0.866844100983034,-0.001040384138471273,-0.20014529186491004,0.00716,False,False
0.359,-101.01498946017239,-0.13957587635452742,-111.21643274156271,0.38809608740634666,-121.50090260143021,-0.248520211051926,10,342.0,0.001,0.0025114636298013693,-3268.9284145894258,1.0058029776165678,-88.91676870164844,231.1481449170255,23.13075508976965,-75.72925177989057,0.7918874958914623,-71.88483085718072,5.599085374489732,0.9208266426734221,0.0005724854264042937,0.20238628505425849,0.00718,False,False,-113.48397392514232,-3249.77381741887,1.0005195534644469,-90.85394484292935,229.93377825712184,11.442850951558885,-22.640611304358778,0.25423909712112136,-61.943809021058804,1.793789449928071,1.1339184252594956,0.005589603081161485,0.10248211930979506,0.00718,False,False,-226.2498382555264,-3235.5276837209603,0.99797378490289,-94.6132998761666,229.34502808471103,-34.573606041329114,98.36986308424929,1.0429407600226628,108.24067759747015,7.372911296738548,-0.866844100983034,0.0025364502051675227,-0.2644701782194154,0.00718,False,False
0.36,-1.441174583931326e-12,2.3138333228392844,-11.348445710656147,1.1437076533655879,-22.624999499998786,-3.4575409762049936,10,0.0,0.001,1010.1568220471346,-3108.9348939127167,1.0058111374664396,-71.34870739105429,231.14814491702546,45.40169318324183,-64.87454315882493,0.7923151745532879,-53.904082380885725,5.5991160436141465,0.9208266426734221,0.004805899352967379,0.1820872996343477,0.0072,False,False,896.3056923523341,-3125.787033043584,1.00052671463731,-73.10670103849193,229.93377818500926,17.87805500740717,-17.996815317953207,0.25403367296471874,-44.04283262319734,1.7937533448559642,1.1339184252594956,0.0035864217997792066,0.005720430497837851,0.0072,False,False,784.656684144871,-3147.0847234502585,0.9979670386842107,-76.76196052619603,229.3450279442222,-63.279748190649556,82.87135847677791,1.0427843893528932,126.56244405491537,7.372919566514559,-0.866844100983034,0.0009610482780804732,0.05709343034802314,0.0072,False,False
0.361,101.01488859969255,4.54072475633742,89.63038042281167,1.7873833645165256,78.46558360362306,-6.328108120853937,10,18.0,0.001,1921.4289854238446,-2644.61747628841,1.005814678570071,-53.30618176711037,231.14812287705243,63.22803068830933,-47.66909892156917,0.7918578158676558,-36.14850475711665,5.599163712875403,0.9208266426734221,0.00016489798086846073,-0.0630520823719071,0.00722,False,False,1818.3584638335226,-2695.8265065478186,1.0005437367859635,-54.620178692301444,229.93377368712956,22.563511662118806,-11.591642108217115,0.25363322063158245,-25.925830524897368,1.7937087629985584,1.1339184252594956,-0.00035505326420438757,0.12413606848570545,0.00722,False,False,1718.7554208504314,-2750.583213943898,0.9979597253391108,-59.28084047488833,229.34502625446981,-85.7915423504285,59.26074102978593,1.0426941816974407,144.49723099146834,7.372931630723535,-0.866844100983034,4.191035560372458e-05,-0.008262411050662204,0.00722,False,False
0.362,192.1416401679407,6.323101748887069,181.83553558537724,2.256125689513758,171.87539643982134,-8.579227438400798,10,36.0,0.001,2644.6174763150234,-1921.4270668210916,1.0058061412550607,-35.12084644245326,231.14804313625007,74.86470713438594,-25.797238878836943,0.7912975271454454,-18.132025501121337,5.599206152701092,0.9208266426734221,-0.005498008218310995,-0.046920239526373655,0.00724,False,False,2562.417425183139,-2001.9798433228357,1.000536223651259,-37.078094457878336,229.93375517693255,25.040647487181346,-4.051974218669672,0.252989032859634,-7.965075864303582,1.7936729379210208,1.1339184252594956,-0.006746266673162426,0.08545863242607027,0.00724,False,False,2484.6102946886217,-2084.8355218785136,0.9979771501663524,-41.17057513302449,229.34501814688645,,,,,,-0.866844100983034,-4.466191416455026e-05,-0.048024120492327696,0.00724,True,False
0.363,264.4601476706372,7.486483384185773,256.24134017938377,2.504058041788399,248.46083724620254,-9.990541425974195,10,54.0,0.001,3108.9317896355024,-1010.1548046941211,1.0058059761110745,-17.1694000584778,231.14789207402285,79.17259431102825,-1.4000868772373627,0.7915546803163128,-0.15268836361920768,5.599223130579132,0.9208266426734221,-0.002950486855020485,-0.06766296720310143,0.00726,False,False,3055.648956339567,-1112.165648252157,1.0005425943787183,-19.12003345888577,229.9337184226275,25.067020350285006,3.8842708131601555,0.2532762394582885,9.718188800782523,1.793659762875293,1.1339184252594956,-0.003855568358264558,-0.23122860111626437,0.00726,False,False,3007.2541204822714,-1215.0096996830748,0.9980021594007226,-23.075777580241837,229.34500120431613,-104.2396146613132,-2.4841839359232005,1.0428887390288735,-179.70636839194822,7.372946641122042,-0.866844100983034,0.0019662557607844737,-0.21196891060029902,0.00726,False,False
0.364,310.8913940345705,7.916984836689908,305.5644411523035,2.5069147962666753,300.7251920643279,-10.42389963295659,10,72.0,0.001,3268.9218865132416,-0.0025113936714831198,1.005807339955645,1.0951415252183725,231.14768331233168,75.73000689668271,23.134032374519244,0.79140357583622,17.94170897360268,5.59920413919555,0.9208266426734221,-0.004434673783718138,0.026717806650907033,0.00728,False,False,3249.772189297304,-113.48517365998016,1.0005381252947905,-1.104007553475749,229.93366616233942,22.64004769399893,11.440361448181804,0.2538049878540717,27.906983806333923,1.7936744822453026,1.1339184252594956,0.0014110992668705385,-0.04238073794652428,0.00728,False,False,3235.5269129266235,-226.25037959832338,0.997965675166366,-4.522767636918987,229.3449763842765,-98.37005459068146,-34.57439382270142,1.0421546495533807,-161.75429950581824,7.3729425429678015,-0.866844100983034,-0.005368843328835866,-0.2599207834340667,0.00728,False,False
0.365,326.89039347664817,7.572465694198319,324.9767567992268,2.2644162128989085,323.55246508112884,-9.836881907097238,10,90.0,0.001,3108.927133238417,1010.149019106491,1.0057885369089663,19.12946674061874,231.14745251232864,64.87397989117639,45.403394975772784,0.7920210245050654,35.65807229643277,5.5991524100736845,0.9208266426734221,0.001812968930448145,-0.25710057385477975,0.0073,False,False,3125.785068926085,896.303761970229,1.00055279805465,17.27308561415045,229.93360705694192,17.997259424858864,17.876771959744918,0.2541288646430487,46.010729928868045,1.7937116860108726,1.1339184252594956,0.00459725308680003,0.06194589169555457,0.0073,False,False,3147.0837790912674,784.6557781546363,0.9979600141344771,13.233735397301475,229.34494765321114,-82.87123931603494,-63.28016693551799,1.043029849824206,-143.41177762900122,7.372930839619534,-0.866844100983034,0.0033997104132641965,0.08254912767657518,0.0073,False,False
0.366,310.89108362683186,6.486654948479904,312.5780823468052,1.8002958287245023,314.7081676131081,-8.286950777204414,10,108.0,0.001,2644.6092426944974,1921.4191662328476,1.0058315541153262,37.049126678034604,231.14724375289546,47.66727233534458,63.227990316646,0.7922805278993459,53.50879336209074,5.599083680109534,0.9208266426734221,0.004505201720694553,-0.40689174137489204,0.00732,False,False,2695.8243987442693,1818.3559918915885,1.0005483536985977,35.2899895314131,229.93355238104058,11.5930506501895,22.56356090266594,0.25408652040574664,64.07844583446614,1.7937573748784623,1.1339184252594956,0.004109196897585196,0.13109139199589134,0.00732,False,False,2750.5821884610505,1718.7542388982897,0.9979734265613437,31.095044927346304,229.34492047143772,-59.26032298553376,-85.79155121931214,1.0428638317163632,-125.85012480804534,7.372915346376099,-0.866844100983034,0.001761440089826176,-0.35590998825112313,0.00732,False,False
0.367,264.4596195734539,4.765848871732714,269.5820944590685,1.1599776363209202,275.05804505076713,-5.925826508053643,10,126.0,0.001,1921.4191662699895,2644.6066020617554,1.0058077742147735,54.50741750950978,231.14709269400606,25.794327707541207,74.86292845572255,0.7926736309109456,71.78245648027753,5.599020181625826,0.9208266426734221,0.00852603225354145,-0.1341105439943673,0.00734,False,False,2001.9777981679517,2562.414653737064,1.0005521494975114,52.916195030262685,229.93351171636377,4.0542094936081385,25.04202445058046,0.2534930804361909,81.53722694134119,1.793794307050744,1.1339184252594956,-0.0018774327769016778,-0.40785162836846933,0.00734,False,False,2084.834515653307,2484.6089524728964,0.9979599060195813,49.343280913237145,229.344899707491,-29.848537201149007,-99.90495290630312,1.0429177392886961,-107.28630323369543,7.372901324532636,-0.866844100983034,0.002320345694350615,0.20773383561594103,0.00734,False,False
0.368,192.14106464035464,2.5785050621477588,200.19754732418252,0.4061303852293852,208.48333128284472,-2.9846354473771184,10,144.0,0.001,1010.1480105388164,3108.9209247736067,1.0058124900078937,73.0127748842859,231.14701295594006,1.3963760327320744,79.16925134342651,0.7910989495529122,90.17531727079323,5.598982150491028,0.9208266426734221,-0.007166997180168009,0.25760069028630667,0.00736,False,False,1112.1638659071937,3055.6461567108827,1.0005405046686529,71.23554945856691,229.9334892925737,-3.881427465215165,25.06959049528863,0.25374297715333216,99.82962987311662,1.7938085833906483,1.1339184252594956,0.0006013446009975768,-0.11265251443684086,0.00736,False,False,1215.0088112116543,3007.2527493886582,0.997979515842341,67.03781777415784,229.34488777851146,2.485051432483451,-104.23884183871513,1.0429272656100679,-89.34898430109196,7.372893471527564,-0.866844100983034,0.002426714734346171,0.14482850644066025,0.00736,False,False
0.369,101.01448516935685,0.13875135737061878,111.21628975377881,-0.38746588794360975,121.50082612545012,0.2487145305729639,10,162.0,0.001,-0.002511322732232202,3268.9120945651275,1.0058011621465428,91.07479214140874,231.14699091704043,-23.13817968592093,75.72542679390584,0.792034123807462,108.23114661140504,5.59898009565008,0.9208266426734221,0.0021876513492681635,0.31221713520160366,0.00738,False,False,113.48382852274989,3249.7696355112967,1.000521063659646,89.0972338965158,229.9334823729181,-11.437188255199565,22.6435596492807,0.25344757868755274,117.73595591395566,1.7937949559180502,1.1339184252594956,-0.002333367900227107,-0.20353463911736452,0.00738,False,False,226.24969585000662,3235.5256471672146,0.9979766335193795,85.41889061503912,229.3448837269871,34.57536794112082,-98.36898644318643,1.0430969908996301,-71.67241094544691,7.372894127180886,-0.866844100983034,0.00412304039614795,-0.17883184509911004,0.00738,False,False
0.37,3.198547432031708e-13,-2.3145759961019605,11.348431121754382,-1.143140810253893,22.624985259226058,3.457716806355945,10,180.0,0.001,-1010.1517787482763,3108.9193726908024,1.0058090874165757,109.3110550431924,231.1469909170405,-45.40757280287434,64.86861092632878,0.7917111492215105,126.63462257149128,5.599010783772324,0.9208266426734221,-0.0010854940689285174,0.7146453596013149,0.0074,False,False,-896.3045383297247,3125.783010890422,1.0005596462204798,106.96117397560178,229.93348230087818,-17.87357949245596,18.001369574221066,0.253327039606594,135.82400138840157,1.793758833317392,1.1339184252594956,-0.003487673638055904,-0.11322472253554655,0.0074,False,False,-784.6561902504716,3147.0827425669454,0.9980011083738424,103.23889116568327,229.34488358650026,63.28115229533059,-82.86998050054964,1.043214342415371,-53.958794004333704,7.372902381011939,-0.866844100983034,0.005284882873739274,-0.46541738981380365,0.0074,False,False
0.371,-101.0143843146965,-4.541312880161595,-89.63026521083691,-1.7869353798742678,-78.46553421538376,6.328248260035926,10,198.0,0.001,-1921.4193926942194,2644.6042731766884,1.0058403490592749,126.9498885071203,231.1469688783072,-63.231789699108774,47.66164002654699,0.7920327270910447,143.835375699413,5.599058473784885,0.9208266426734221,0.0020628407638592105,-0.08531868072903055,0.00742,False,False,-1818.3561236002288,2695.823037793599,1.000537565164966,125.08574798929882,229.93347780752978,-22.56066167797021,11.597356752626101,0.25344679982726026,153.98420663892634,1.7937142177553198,1.1339184252594956,-0.0022269754984181036,0.04839586948780591,0.00742,False,False,-1718.754339003657,2750.581482633249,0.9979708968657449,121.72742349269346,229.34488189677157,85.79245137707929,-59.258996779172776,1.0430652244610674,-35.708895085434946,7.372914421232124,-0.866844100983034,0.003776675888024116,-0.21566100026186638,0.00742,False,False
0.372,-192.1406809664318,-6.323477744280236,-181.8353018753544,-2.2558404406115407,-171.87528825721205,8.579318184891733,10,216.0,0.001,-2644.604273204039,1921.417474198684,1.0058187612337266,144.7798467709105,231.1468891420033,-74.86597745652199,25.78898337980398,0.790738620686394,161.81291838058348,5.599100929740535,0.9208266426734221,-0.010938265070930573,-0.10812347258218083,0.00744,False,False,-2562.4141280336266,2001.977267367626,1.000519158630365,142.95871248037253,229.93345931598424,-25.03970233862997,4.058290048770885,0.2535237486673444,171.88490693743785,1.7936783593040644,1.1339184252594956,-0.0014067755894854237,-0.05033501827727887,0.00744,False,False,-2484.608730789689,2084.8342096123333,0.9979899903441697,139.44530199597776,229.34487378930262,99.90567979515211,-29.84727342857449,1.0430253105818534,-17.145941948223197,7.372924991633766,-0.866844100983034,0.0033625882905239453,0.3472153982506241,0.00744,False,False
0.373,-264.45882745068883,-7.486610434031341,-256.2410108701093,-2.503963483543727,-248.46068085904636,9.990573917575068,10,234.0,0.001,-3108.916268589494,1010.1497615075825,1.0058050111791428,162.7826193603294,231.14673808832183,-79.17125145930844,1.391842850834863,0.791223100297738,179.72630306302713,5.599117914526567,0.9208266426734221,-0.006117489072250804,-0.1948186606191056,0.0074600000000000005,False,False,-3055.64502518234,1112.164217042975,1.0005231044454959,161.2018333610258,229.9334225987209,-25.06807292504922,-3.8779719586666763,0.25333688767675916,-169.5703377467679,1.7936651675937048,1.1339184252594956,-0.003256729599636035,0.49446859368367024,0.0074600000000000005,False,False,-3007.252227617657,1215.008934913754,0.9979964846290154,157.26131072168045,229.34485684697196,104.23932438435766,2.4861291078322107,1.0428345234852283,0.5720024460204679,7.372929399515551,-0.866844100983034,0.0014484836380694588,0.06512955892889315,0.0074600000000000005,False,False
0.374,-310.88984203197697,-7.9168504908468,-305.5640484949304,-2.507020221612682,-300.7250027810077,10.423870712459488,10,252.0,0.001,-3268.9055668584306,0.0025112508200777484,1.0058030234362787,180.86767883342938,231.14652933847336,-75.72618217947057,-23.141457930902348,0.7914671145542712,-162.18567522814828,5.599098919757575,0.9208266426734221,-0.0036504838469969304,-0.1068135346668324,0.0074800000000000005,False,False,-3249.7680090306476,113.48502704856278,1.0005151435682187,179.04680442669033,229.9333703911117,-22.6429953339991,-11.434696186919396,0.25378430019552495,-151.91645378101572,1.793679897003161,1.1339184252594956,0.0011965650574024347,0.14840534524246513,0.0074800000000000005,False,False,-3235.524876383786,226.25023718515223,0.9979758952051884,175.21031765505717,229.34483202728433,98.36917751346954,34.57615411782212,1.0423229201282775,18.3425819129497,7.372925307588524,-0.866844100983034,-0.003661763072740141,-0.16431173254963694,0.0074800000000000005,False,False
0.375,-326.88876161407745,-7.5720830895415325,-324.9763392387223,-2.2647113395134486,-323.552261430084,9.83679442905494,10,270.0,0.001,-3108.9116124568104,-1010.143976249049,1.0058504511829327,-161.01863921379785,231.1462985515996,-64.8680475706426,-45.40927514001779,0.791135391121289,-143.78513634769163,5.5990471798195225,0.9208266426734221,-0.006894546854707882,0.29354354551624223,0.0075,False,False,-3125.7810487527922,-896.3026098931109,1.0005581605503235,-163.01750102805372,229.9333113453041,-18.001813938379144,-17.87229500268655,0.2536042035776847,-133.78187452874167,1.7937171373088292,1.1339184252594956,-0.0006570668663425475,0.28356531671980567,0.0075,False,False,-3147.0817982213484,-784.6552842730533,0.9979725548357276,-166.69137142389323,229.3448032966274,82.86986150902155,63.281570142704666,1.0431732973478887,36.61362432207482,7.372913625647076,-0.866844100983034,0.00485852988340304,0.10667876735468501,0.0075,False,False
0.376,-310.8895316423867,-6.486061524324543,-312.5776807578155,-1.8007518018705861,-314.707969529136,8.286813326195146,10,288.0,0.001,-2644.596040051072,-1921.4095740598536,1.005808218208792,-143.24572797881157,231.14608980407476,-47.65981300456174,-63.23174940372987,0.7919020769370262,-126.30868066733547,5.5989784373070615,0.9208266426734221,0.0008695278960965707,-0.23051321522204035,0.00752,False,False,-2695.82093211511,-1818.3536541499261,1.0005347219712715,-145.28773224705876,229.933256724537,-11.5987664884566,-22.560710739873002,0.2545668276611402,-116.07167835175095,1.7937628788972708,1.1339184252594956,0.00890448559347375,-0.004807973868792895,0.00752,False,False,-2750.5804571649765,-1718.7531570682672,0.9979841262466754,-148.92670156841206,229.34477611524127,59.25857949301803,85.79246014360311,1.0424777283798674,54.60337238130107,7.372898161856729,-0.866844100983034,-0.002075290694776531,0.09631506069769258,0.00752,False,False
0.377,-264.45829938438123,-4.765102706253405,-269.5817481447312,-1.1605498499929745,-275.057871923663,5.925652556246323,10,306.0,0.001,-1921.409574098047,-2644.593399568611,1.005811982515174,-124.82106356311577,231.14593875382607,-25.786071468107664,-74.86419837898009,0.791123834095898,-108.41029064100972,5.598914930897612,0.9208266426734221,-0.006823088889644008,-0.3330054196747405,0.00754,False,False,-2001.9752242749837,-2562.4113593814945,1.0005362618854263,-126.95377736752948,229.93321610087344,-4.060527336958546,-25.04108040381301,0.25388105723998977,-98.02607300672038,1.7937998634803374,1.1339184252594956,0.001994477282998217,0.043075071602025915,0.00754,False,False,-2084.8332034014584,-2484.6073885930227,0.9980005206356203,-130.77621962907813,229.344755351591,29.846598805065838,99.90527878279323,1.042628673605573,72.48281879552474,7.372884167304608,-0.866844100983034,-0.0005460471523113568,-0.024415975190800476,0.00754,False,False
0.378,-192.14010547249416,-2.577679188287412,-200.19729016956538,-0.4067628457798083,-208.48320005939803,2.9844420340672686,10,324.0,0.001,-1010.1429677405883,-3108.90540434633,1.0058242195404643,-107.02569361042886,231.14585902033355,-1.3881310341089992,-79.16790765731145,0.7917931960189782,-90.40479879292995,5.598876901042051,0.9208266426734221,-7.568732133277364e-05,-0.32866349191513405,0.00756,False,False,-1112.1624364955378,-3055.642228376447,1.0005434462573892,-108.6521989058033,229.93319369970342,3.8751259754344556,-25.070645343920106,0.2534986153019774,-80.15116944280457,1.7938141755573649,1.1339184252594956,-0.0018501824305636155,-0.07922264021378833,0.00756,False,False,-1215.0080464550117,-3007.250856543552,0.9979613130954809,-112.77296051506691,229.34474342278207,-2.486994941325759,104.23855300123161,1.042028232365956,90.49393197307758,7.3728763300454006,-0.866844100983034,-0.0065393759902181775,-0.013526664232445397,0.00756,False,False
0.379,-101.01398090794662,-0.13792661454108263,-111.21614691039993,0.3868350825739754,-121.50074965058431,-0.24890846803280178,10,342.0,0.001,0.0025111778883513125,-3268.8957754692055,1.005810015543237,-88.94859816933919,231.14583698270152,23.14560635094963,-75.72160088896946,0.7916170716440721,-72.23654973169256,5.598874857746644,0.9208266426734221,-0.0018340414143163501,-0.16162767596500419,0.00758,False,False,-113.48368326812995,-3249.7654578199467,1.0005222387031094,-90.71479587101592,229.93318678702943,11.431519994757107,-22.646510512230122,0.2532570445791838,-62.06707109979116,1.793800557156621,1.1339184252594956,-0.00424663033146998,0.007670345647963237,0.00758,False,False,-226.24955344661032,-3235.523610642421,0.9979805229318673,-95.01215149004436,229.34473937131585,-34.57712634570685,98.3681114011996,1.0418660780654125,108.61867253273111,7.372876984924471,-0.866844100983034,-0.008161845134514565,0.11098060745796448,0.00758,False,False
0.38,8.014539020439335e-13,2.3153188748693543,-11.348416547588906,1.1425734118685402,-22.62497101866137,-3.4578922867379105,10,0.0,0.001,1010.1467357325532,-3108.9038523530426,1.005795597517673,-71.1775105101338,231.14583698270152,45.41345410358032,-64.86267718137583,0.7925150654505304,-53.955509160913024,5.598905564819507,0.9208266426734221,0.007102470291363422,0.11836488706608086,0.0076,False,False,896.3033854694397,-3125.7789927927956,,,229.93318671506208,17.869099465975268,-18.005927943984506,0.25343517644128405,-43.8794154991884,1.7937644171530436,1.1339184252594956,-0.002414202027263657,0.1975929132775975,0.0076,False,False,784.6556963629926,-3147.080761711826,0.9979882782684079,-76.6568981596538,229.34473923083104,-63.2825535695556,82.86860512536035,1.0427316400974016,126.68452464520325,7.3728852227966275,-0.866844100983034,0.0004821250748468942,0.1766305973979011,0.0076,False,False
0.381,101.01388005926505,4.541901171075387,89.63015011525997,1.7864869449109004,78.46548482786793,-6.328388115986215,10,18.0,0.001,1921.4098005086103,-2644.5910708178612,1.0058158988876442,-52.989561324064155,231.1458149452429,63.2355498392846,-47.65417917427697,0.7913552758701335,-36.092102042166616,5.598953275501922,0.9208266426734221,-0.00456289860674622,-0.018945323590692273,0.00762,False,False,1818.3537857258,-2695.8195725371816,1.0005423690398787,-54.72121353317022,229.93318222624916,22.557808675916732,-11.603076702797036,0.2536689323874968,-25.942107132958736,1.7937197680103985,1.1339184252594956,-1.3499142059400341e-05,0.13631842087962534,0.00762,False,False,1718.7532571722186,-2750.5797513472608,0.9979811593701752,-58.893519597898596,229.34473754112685,-85.79335851520129,59.25725587707403,1.0421689741408373,144.2895683472527,7.372897239009536,-0.866844100983034,-0.005161527982058268,-0.2184679811334097,0.00762,False,False
0.382,192.1397218213095,6.323853852058452,181.83506840149178,2.2555548903656293,171.87518007619178,-8.579408742424109,10,36.0,0.001,2644.5910708459796,-1921.407882123277,1.00580846004281,-34.94244735776846,231.14573521356328,74.86724824662093,-25.780725670748513,0.7916382840000824,-18.34818402906652,5.598995747512029,0.9208266426734221,-0.001792881799972743,-0.27537484274104196,0.00764,False,False,2562.4108342088,-2001.974694009968,1.0005321652192103,-36.89092517818862,229.93316375337142,25.03875596052095,-4.064611857187851,0.2539098318703473,-7.99555733221316,1.7936838762726774,1.1339184252594956,0.0024462542687077762,0.08343794537399894,0.00764,False,False,2484.6071669130392,-2084.832897364844,0.9979738396903304,-40.461059319472334,229.3447294337754,-99.90600420714189,29.84533752793639,1.0425599301066193,162.5836196925155,7.37290778756723,-0.866844100983034,-0.0012668862375946532,0.07550674481173077,0.00764,False,False
0.383,264.4575073085585,7.486737530639837,256.2406818936597,2.5038688023614877,248.46052447419342,-9.99060633300131,10,54.0,0.001,3108.9007484325552,-1010.1447186073178,1.0057981579764719,-17.021480978514045,231.14558416866583,79.16990836925673,-1.3835965781159025,0.7916589342676236,-0.02709350933193793,5.599012739174417,0.9208266426734221,-0.0016104089639582947,0.04563580134427254,0.00766,False,False,3055.6410979903176,-1112.1627872766471,1.0005188593650183,-18.79260991863607,229.93312707318222,25.069126178196427,3.8716670386200116,0.2547233225851522,9.899074455975791,1.793670667926905,1.1339184252594956,0.010599840838484729,-0.02188177524414982,0.00766,False,False,3007.250334780126,-1215.0081701552856,0.9979896687913085,-22.914900058701104,229.34471249169098,-104.23903454745314,-2.488070460504084,1.0429646830819066,-179.4989872273591,7.37291218515505,-0.866844100983034,0.0027744243869395765,-0.007130384057723713,0.00766,False,False
0.384,310.8882901211091,7.91671612165963,305.5636562344812,2.5071257143849595,300.72481350048264,-10.423841836044568,10,72.0,0.001,3268.8892481422986,-0.002511103979827567,1.005831424255871,1.2477719783948087,231.14537543098962,75.7223565418881,23.148885550155907,0.7912034522590694,17.741008859530176,5.598993741053405,0.9208266426734221,-0.006138361649104912,-0.18627843219056828,0.00768,False,False,3249.7638329816536,-113.48488058384991,1.0005347841545629,-0.6495027319727343,229.9330749182981,22.64594549315502,11.429025366480266,0.2532247400405606,27.81566415503365,1.7936854073479516,1.1339184252594956,-0.004406829296576582,-0.10523936260334783,0.00768,False,False,3235.5228398702,-226.2500947738876,0.9979940293556971,-4.874784748642596,229.34468767236487,-98.36830203504309,-34.577910916636135,1.0431036380570275,-161.77468278634888,7.372908099459902,-0.866844100983034,0.004169752183640174,-0.2828467008954129,0.00768,False,False
0.385,326.88712984821046,7.571700393811451,324.9759221003954,2.2650067172414685,323.5520577820549,-9.836707111052904,10,90.0,0.001,3108.8960925716106,1010.1389336870611,1.005785980012623,19.077345056850007,231.1451446576097,64.86211373862895,45.41515698218355,0.791808479664075,35.54701789443134,5.5989419903939055,0.9208266426734221,-1.4901114523088843e-05,-0.3804512942544538,0.0077,False,False,3125.7770326367745,896.3014589800274,1.000548930252704,16.813688109475173,229.93301593213278,18.006372564548073,17.867813536644416,0.25319886014794524,45.72228383274533,1.7937226841315281,1.1339184252594956,-0.00471834555562651,-0.19803875562764903,0.0077,False,False,3147.0798173799903,784.6547903987462,0.9979667349186626,13.499852356865967,229.3446589421277,-82.86848630317698,-63.28297051882791,1.0434231580879998,-143.52359145049502,7.372896438939948,-0.866844100983034,0.007381442958827394,-0.031807217725595166,0.0077,False,False
0.386,310.8879797501574,6.485467950365421,312.5772795749316,1.8012081851678878,314.7077714481048,-8.286676135533297,10,108.0,0.001,2644.582838173544,1921.399982446374,1.0058093892119517,37.201414094296666,231.14493592232301,47.65235171980808,63.23550962020044,0.7919667784764307,54.07548203146639,5.598873235462095,0.9208266426734221,0.0016653211660805037,0.14750019460028937,0.00772,False,False,2695.817468985624,1818.351318769315,1.0005500047589595,34.898357950160175,229.9329613665488,11.604487629746533,22.557857559110523,0.253829492066479,64.22403929501294,1.7937684783801673,1.1339184252594956,0.0015232107822071572,0.30514817276186285,0.00772,False,False,2750.578725893969,1718.75207525404,0.9979908790266808,30.974908009916206,229.34463176113974,-59.25683934955457,-85.79336717931089,1.042008055973956,-125.34557461194103,7.372881004621929,-0.866844100983034,-0.0067477507597428115,0.14609802608117373,0.00772,False,False
0.387,264.45697927396054,4.764356346969768,269.58140218066956,1.1611225926511974,275.05769879913595,-5.925478939620939,10,126.0,0.001,1921.3999824855873,2644.5801978455606,1.005796119529682,54.94689530602816,231.14478488095378,25.777813023908106,74.86546877337318,0.7910563455160265,72.16585049683268,5.598809721249902,0.9208266426734221,-0.0073491857776738665,0.23698612072549707,0.00774,False,False,2001.972652981388,2562.4080683530683,1.0005149768203705,53.021558249924354,229.93292078393472,4.066851154261204,25.04013512481935,0.2535419111907247,81.88838005314399,1.7938055153501555,1.1339184252594956,-0.0014049761606020257,-0.02823154659042154,0.00774,False,False,2084.831891168703,2484.605824735961,0.9979679116424756,49.43225374916764,229.3446109977945,-29.844664178169253,-99.90560389819242,1.0425313326877772,-107.22520294327727,7.372867037377733,-0.866844100983034,-0.0014952309553593211,0.26629254522854995,0.00774,False,False
0.388,192.1391463619291,2.576853095636081,200.19703327509356,0.40739590233559264,208.48306883790988,-2.984248997971738,10,144.0,0.001,1010.1379252393763,3108.8898848252866,1.0057916371370927,73.17722729180127,231.14470515216104,1.3798837958909878,79.1665637388891,0.7906884813264355,90.29140251262527,5.598771692752684,0.9208266426734221,-0.01097404725706273,0.36138785413646485,0.00776,False,False,1112.1610085283291,3055.6383040097066,,,229.93289840540507,-3.8688184256612983,25.071700865923177,0.2537637061598662,99.95754959904816,1.7938198631984617,1.1339184252594956,0.0007926826091475406,0.04373925950785834,0.00776,False,False,1215.0072817095843,3007.248963726075,0.9979618103087879,67.48599473687936,229.34459906916126,2.488934629770248,-104.2382646048122,1.0430581299672985,-89.33727434063468,7.372859215872128,-0.866844100983034,0.00378380311915702,0.15399767674608686,0.00776,False,False
0.389,101.01347667673802,0.13710164936553743,111.216004211553,-0.3862036725325504,121.50067317686295,0.24910202316708718,10,162.0,0.001,-0.002511029087713723,3268.8794573274376,1.0058187659624775,90.71467900347461,231.14468311583144,-23.15303507132021,75.7177740719497,0.7913620150557225,108.02599033683319,5.598769661016876,0.9208266426734221,-0.004235836655858092,0.09476208564313654,0.0077800000000000005,False,False,113.48353816142154,3249.761284348537,1.0005626018245233,88.60404468612303,229.93289149971872,-11.425846181351627,22.64946388747139,0.2531786326364127,118.08914962132829,1.7938062539608037,1.1339184252594956,-0.00503880625691789,0.1781367274593858,0.0077800000000000005,False,False,226.24941104540386,3235.5215741473894,0.9979927998277413,85.21026331799791,229.3445950177548,34.57888125267185,-98.367237959421,1.0427524263229255,-71.60057110977677,7.372859869973026,-0.866844100983034,0.0007258416370668132,-0.10953196084455455,0.0077800000000000005,False,False
0.39,-1.9227513528070387e-12,-2.3160619577874217,11.348401988172663,-1.1420054593222528,22.62495677831037,3.4580674171096684,10,180.0,0.001,-1010.1416930079126,3108.8883329239625,1.0058119805510157,108.71538575574355,231.14468311583144,-45.41933707460846,64.85674193468107,0.7915320569264896,126.04760928899152,5.598800386993057,0.9208266426734221,-0.0025788710404182997,0.1153327599011582,0.0078000000000000005,False,False,-896.3022337724867,3125.774978754289,1.0005313512554181,107.32544583772408,229.93289142782427,-17.864614936769065,18.010490418352134,0.2532661194810362,135.9830598900867,1.7937700966798757,1.1339184252594956,-0.004112803693616087,0.07431648421297855,0.0078000000000000005,False,False,-784.6552024826133,3147.0787808856935,0.9979930516841456,103.06660621845768,229.34459487727213,63.28395201137741,-82.86723235303315,1.042776535813877,-53.650630571043955,7.3728680918723555,-0.866844100983034,0.0009553090250406752,-0.15979318110247523,0.0078000000000000005,False,False
0.391,-101.01337583419445,-4.542489628003657,-89.63003513618322,-1.7860380605066557,-78.46543544109512,6.328527688510349,10,198.0,0.001,-1921.4002088821444,2644.577869232799,1.005837208501487,126.97395737234972,231.14466107968227,-63.23931110192241,47.64671637827216,0.7916064117344286,143.8753444201326,5.598848118263807,0.9208266426734221,-0.0019028251714724945,-0.0576495981864141,0.00782,False,False,-1818.3514502122925,2695.8161107816645,1.0005245936690192,124.97548791618885,229.9328869435506,-22.554952661584153,11.608801947553028,0.25346094445730755,154.02930878485495,1.7937254140807244,1.1339184252594956,-0.0021013631931810074,0.12198431828702148,0.00782,False,False,-1718.7521753565225,2750.5780200866375,0.9979534505959525,121.45463411650726,229.34459318759298,85.79426376350642,-59.25551832582518,1.043581612321118,-35.30040571583922,7.372880084059524,-0.866844100983034,0.008989114583714243,0.19028964244865718,0.00782,False,False
0.392,-192.13876273408857,-6.324230071530232,-181.83483516399684,-2.2552690393387986,-171.87507189680338,8.579499110869035,10,216.0,0.001,-2644.577869261685,1921.3982906100425,1.0057899794149259,144.8899458478005,231.1445813527528,-74.86851950228251,25.77246576665887,0.7921622120707174,161.86208108271828,5.59889060625284,0.9208266426734221,0.0035950911010865323,-0.07126052643119793,0.00784,False,False,-2562.4075437115757,2001.9721232521708,1.000540603070187,143.20853360764644,229.93286848935708,-25.037808354751334,4.070939631552106,0.25385854048341644,171.68806812821566,1.7936894891438109,1.1339184252594956,0.001925402600918388,-0.21868570493179412,0.00784,False,False,-2484.6056030592813,2084.8315851365865,0.9979731840287556,138.91385532090823,229.3445850803623,99.90632785703374,-29.843405398210994,1.0425344722844652,-17.301132114263716,7.372890610757455,-0.866844100983034,-0.0014971727817933305,0.1894867441598858,0.00784,False,False
0.393,-264.4561872463309,-7.486864673771134,-256.24035325032685,-2.503773998431641,-248.46036809170548,9.990638672202751,10,234.0,0.001,-3108.8852291891963,1010.1396760013167,1.0058041415213985,163.04110359853453,231.14443031687793,-79.16856504322195,1.375348074076971,0.7915215313150895,179.8160169823022,5.598907604759937,0.9208266426734221,-0.0028357559744680468,-0.11740450753240668,0.00786,False,False,-3055.637174766991,1112.1613589544672,1.0005222313945046,161.1574886252368,229.93283184627467,-25.070180107708993,-3.8653560653695673,0.2537844000830599,-169.96159255235125,1.7936762641918647,1.1339184252594956,0.0012027015037572829,0.13170230095078136,0.00786,False,False,-3007.2484419704265,1215.0074054079957,0.9979829565401456,157.27418279829357,229.34456813853063,104.23874515093082,2.4900079912925412,1.0431255012659804,0.5208183075297832,7.372894998044325,-0.866844100983034,0.004406912472765578,0.011406981540758093,0.00786,False,False
0.394,-310.8867383044176,-7.916581729363237,-305.56326437130457,-2.507231274381683,-300.7246242228276,10.42381300374492,10,252.0,0.001,-3268.8729303906275,0.002510953174166275,1.0057930241507569,180.9770314067186,231.14422159170357,-75.71852999080329,-23.156315218743224,0.7916779375715076,-162.18839733870757,5.598888603320294,0.9208266426734221,-0.0012448213166401233,-0.12183545048367568,0.00788,False,False,-3249.759661154042,113.48473426599388,1.0005500947068675,179.40703875628506,229.93277974416196,-22.648898165731538,-11.423348997985883,0.253438352227196,-152.1370311176154,1.793691013596632,1.1339184252594956,-0.0022786358631403628,-0.04368362336528922,0.00788,False,False,-3235.52080338668,226.24995236460785,0.997982316894061,175.070063587876,229.34454331957605,98.36742815653474,34.57966421672902,1.0433061075221257,18.531919472791312,7.3728909185857185,-0.866844100983034,0.006218744259905202,0.022487389518041523,0.00788,False,False
0.395,-326.8854981816241,-7.571317607694925,-324.9755053846164,-2.2653023455093497,-323.5518541371216,9.836619953204211,10,270.0,0.001,-3108.8805736073427,-1010.133891428472,1.0057797169306752,-161.09224227649207,231.14399083218174,-64.85617840585029,-45.42104049151824,0.7911230652170588,-144.1085480149843,5.598836842034077,0.9208266426734221,-0.006720343348153804,-0.042168120170200954,0.0079,False,False,-3125.773020581618,-896.3003092319829,1.0005385632059913,-163.03100048932,229.9327208176914,-18.010935294474237,-17.86332757042332,0.25392496820140376,-134.23640949951883,1.793728326795872,1.1339184252594956,0.0025347550465160983,-0.14248086797759488,0.0079,False,False,-3147.077836567993,-784.6542965318918,0.9979898420643336,-166.81422347943447,229.34451458976994,82.86711370032444,63.28436806194144,1.0421745575833448,36.844437570138986,7.372879279501928,-0.866844100983034,-0.005080294977751873,0.3349536907695701,0.0079,False,False
0.396,-310.8864279525945,-6.484874227673723,-312.5768787985103,-1.801664977727089,-314.7075733700927,8.286539205400802,10,288.0,0.001,-2644.569637082781,-1921.390391407542,1.0057957761949836,-142.90349011574568,231.14378210946296,-47.64488849459665,-63.23927095914321,0.7917006204282335,-125.88795539218108,5.598768074811851,0.9208266426734221,-0.0008475396980877883,0.17791164819804575,0.00792,False,False,-2695.814009358907,-1818.3489857518166,1.000551068709499,-144.7292671515845,229.93266630733882,-11.6102140628816,-22.55500136600457,0.2548952155678237,-115.99416779933544,1.7937741736439425,1.1339184252594956,0.012172391476381904,0.10119322801186573,0.00792,False,False,-2750.5769946487303,-1718.7509934560217,0.9979510449395208,-148.8319639132754,229.3444874091909,59.25510255747818,85.79427232514763,1.0425566922493947,54.487920880210815,7.3728638746754465,-0.866844100983034,-0.001237162602715999,-0.021674422634172227,0.00792,False,False
0.397,-264.4556592442763,-4.763609795233214,-269.5810565671913,-1.1616958631773016,-275.05752567725443,5.925305658410539,10,306.0,0.001,-1921.390391447775,-2644.566996913445,1.005782608744057,-125.32800209846008,231.14363107721172,-25.7695523899308,-74.86673963650145,0.791582490348403,-108.34326276283795,5.5987045529198465,0.9208266426734221,-0.0019390069752126655,-0.27827856865250883,0.007940000000000001,False,False,-2001.9700842894663,-2562.4047806547014,1.0005416059756904,-126.69487851850967,229.9326257658104,-4.073180933146324,-25.039188615495892,0.25259724927851746,-97.88167165554557,1.793811262976858,1.1339184252594956,-0.010859723654308854,0.21597071079035743,0.007940000000000001,False,False,-2084.830578955577,-2484.60426090232,0.9980069026825366,-131.20897477554695,229.34446664615882,29.842733323077184,99.90592825199721,1.0423998493440787,72.38945239647293,7.37284993475573,-0.866844100983034,-0.002785877632358083,-0.12031975506797395,0.007940000000000001,False,False
0.398,-192.1381873101741,-2.576026785692792,-200.19677664099524,-0.40802955365919363,-208.48293761843215,2.984056339351852,10,324.0,0.001,-1010.1328830431551,-3108.8743662349775,1.0057859322540625,-107.16598047214137,231.14355135324462,-1.3716343330744585,-79.16521959050823,0.7919346402399973,-89.96645553891152,5.598666525860001,0.9208266426734221,0.0016362703245010044,0.09737801285506126,0.00796,False,False,-1112.1595820068496,-3055.634383614143,1.0005244355679823,-108.8343388413448,229.93260340994092,3.8625048282470233,-25.07275705927865,0.2537558216613109,-80.05301552715082,1.793825646630462,1.1339184252594956,0.0007056586156225519,0.04743062911513152,0.00796,False,False,-1215.0065169756858,-3007.247070936971,0.9979563196428105,-112.84332000348971,229.34445471770601,-2.49087049517264,104.23797664978672,1.0428573367281442,90.30709489583228,7.3728421290114445,-0.866844100983034,0.001800035197732926,-0.20290033107961866,0.00796,False,False
0.399,-101.0129724765273,-0.13627646334346863,-111.21586165736478,0.3855716590551059,-121.50059670431624,-0.24929519571161013,10,342.0,0.001,0.0025108763219208186,-3268.863140165591,1.0058031566631276,-89.22796779839547,231.1435293182523,23.160465833496303,-75.7139463497144,0.7916746791699298,-72.07049494347986,5.598664505697757,0.9208266426734221,-0.0009604834353303533,-0.007875329651765952,0.007980000000000001,False,False,-113.48339320276294,-3249.757115100775,1.0005077698634535,-90.44358650917941,229.93259651124853,11.420166826106897,-22.652419769267077,0.2528181955771066,-62.174891003832684,1.7938120466470204,1.1339184252594956,-0.008651368945389228,-0.07164460462176973,0.007980000000000001,False,False,-226.24926864645215,-3235.5195376829242,0.9979574490022737,-94.72252269632992,229.34445066636098,-34.58063265960328,98.36636611898129,1.0434234929777462,108.52672432072231,7.372842782330264,-0.866844100983034,0.007460673761417093,0.016496645169006407,0.007980000000000001,False,False
0.4,3.044037610118552e-12,2.316805243502778,-11.348387443518591,1.1414369537275795,-22.62494253817865,-3.4582421972304287,10,0.0,0.001,1010.136650582313,-3108.8728144280685,1.0058209615788127,-71.13612079012842,231.14352931825235,45.425221705207136,-64.85080519695923,0.7917049963634603,-54.18210657193777,5.598695250529884,0.9208266426734221,-0.0007007912585930956,-0.12053550425173079,0.008,False,False,896.3010832398844,-3125.7709687784672,1.000520545719679,-72.86037096803945,229.9325964394269,17.8601259136448,-18.015056988429528,0.25451149066770307,-44.32725198522499,1.793775872214266,1.1339184252594956,0.008332740333987712,-0.22173358097863527,0.008,False,False,784.6547086095243,-3147.0768000893313,0.9979679055710872,-76.94938446846126,229.34445052588038,-63.28534761885199,82.86586218538852,1.0426989576498207,126.28558633728889,7.372850988242859,-0.866844100983034,0.0002037155692782238,-0.22484273346845007,0.008,False,False
0.401,101.01287164028098,4.543078249871056,89.62992027370873,1.7855887275429,78.46538605508475,-6.3286669774139535,10,18.0,0.001,1921.390617829969,-2644.5646684423486,1.005804942394855,-53.26757720073957,231.14350728344735,63.24307348010766,-47.639251652045374,0.7910481994904905,-35.67050492303938,5.598743002307395,0.9208266426734221,-0.0073362911996739475,0.39034849691814694,0.008020000000000001,False,False,1818.3491170617813,-2695.812652530123,1.0005050140379894,-54.7528659045398,229.93259195969654,22.552093640600823,-11.614532475713176,0.25403576270086964,-26.43254895892887,1.7937311562826577,1.1339184252594956,0.0036386985425879825,-0.32560981938736133,0.008020000000000001,False,False,1718.7510935569962,-2750.576288852062,0.9979866890917674,-59.010969069677735,229.34444883622706,-85.79516712070853,59.25378412775829,1.04309841211194,144.5422338920495,7.3728629563858314,-0.866844100983034,0.004181334680362654,0.03166303872667722,0.008020000000000001,False,False
0.402,192.13780370628336,6.324606402004006,181.83460216307685,2.2549828880941623,171.87496371908932,-8.579589290098255,10,36.0,0.001,2644.5646684720023,-1921.3886996741278,1.0057756211837507,-35.06999781056784,231.14342756139385,74.86979122110597,-25.7642036825233,0.7905903720870986,-18.36236846152235,5.598785506199779,0.9208266426734221,-0.01197467481465644,-0.30186269032868096,0.00804,False,False,2562.4042565448767,-2001.9695550965184,1.0005413051816625,-36.84699179654369,229.93257352420358,25.03685952321939,-4.077273359490571,0.2538084296408296,-8.26785288826878,1.7936951982338485,1.1339184252594956,0.0014162203024903678,-0.16034220599139987,0.00804,False,False,2484.6040392290315,-2084.8302729280786,0.9979858402085884,-40.87264028007298,229.34444072912018,-99.90665074432539,29.841477042013583,1.0427601650882063,162.67288571825554,7.3728734612082,-0.866844100983034,0.0007840083807643181,0.16223848459357582,0.00804,False,False
0.403,264.4548672660906,7.48699186318517,256.240024940403,2.5036790719439344,248.46021171164432,-9.990670935129135,10,54.0,0.001,3108.869710883925,-1010.1346336975422,1.0058098710406536,-17.212457188615605,231.14327653478014,79.16722148355237,-1.367097353714652,0.7923215096299283,-0.07534553968502591,5.598802511519927,0.9208266426734221,0.005312651459255214,-0.014919654079595791,0.008060000000000001,False,False,3055.6332555158447,-1112.1599320777048,1.0005417355526287,-18.554807947047674,229.93253691826047,25.07123471156904,3.859039051269523,0.2536378501697617,9.757336744808363,1.7936819567049889,1.1339184252594956,-0.00027084805848862575,-0.1351036909784296,0.008060000000000001,False,False,3007.2465491893054,-1215.006640672186,0.9979805849686405,-23.254781984058162,229.34442378754815,-104.23845619512139,-2.491941697555168,1.0427090899617517,-179.7837252989973,7.372877838187153,-0.866844100983034,0.0002670671332193939,-0.2944026924779308,0.008060000000000001,False,False
0.404,310.8851865843516,7.916447314192543,305.5628729057467,2.507336901400924,300.7244349481155,-10.423784215593438,10,72.00000000000091,0.001,3268.8566136291834,-0.002510798403704939,1.005806553308387,0.7836898522248611,231.14306782243713,75.7147025330838,23.163746923127395,0.790976042896924,18.036280880046107,5.598783506795051,0.9208266426734221,-0.00811513913111982,0.09669012414559879,0.00808,False,False,3249.7554935515186,-113.48458809512556,1.00055431077562,-0.75311729631851,229.93248486896533,22.651853345991817,11.417667092562189,0.25384935876143977,27.791590765146086,1.7936967160655923,1.1339184252594956,0.0018233649703536894,-0.10079710273803984,0.00808,False,False,3235.5187669340285,-226.24980995736965,0.9979694917468097,-4.680578996825205,229.34439896897462,-98.36655587907549,-34.58141401568986,1.0423698175757963,-161.48493103484583,7.372873764969746,-0.866844100983034,-0.003119896327036081,0.004370814956824424,0.00808,False,False
0.405,326.8838666168949,7.570934731878769,324.9750890917557,2.265598223742933,323.5516504953647,-9.83653295562173,10,90.00000000000091,0.001,3108.8650555885133,1010.128849481243,1.0057933173117761,18.97484697779639,231.14283707713795,64.8502415830214,45.426925657269756,0.7925515487009868,35.841801367298984,5.5987317349768375,0.9208266426734221,0.007713135316974506,-0.09797147820888263,0.008100000000000001,False,False,3125.769012590885,896.2991606499976,1.0005577676557875,16.997026373467236,229.93242600224187,18.015502119263033,17.85883711283173,0.25331896866399206,45.954834740135595,1.7937340656181822,1.1339184252594956,-0.0035333562479440295,0.0630282155370721,0.008100000000000001,False,False,3147.0758557861373,784.6538026726842,0.9979592008643833,12.894943991287276,229.34437023961098,-82.86574370228428,-63.28576277010172,1.0435263763472675,-143.34011187797196,7.372862147336765,-0.866844100983034,0.008462121201802507,0.14913823237351617,0.008100000000000001,False,False
0.406,310.88487625214873,6.4842803573213015,312.57647842890736,1.8021221786581185,314.70737529517777,-8.286402535979414,10,108.00000000000091,0.001,2644.556436799629,1921.3808009585023,1.0058001863091377,36.73029173832848,231.14262836731658,47.63742334244044,63.243033413643374,0.7922642595422904,54.20730218933585,5.598662955593104,0.9208266426734221,0.004937512467298533,0.2670162839701349,0.00812,False,False,2695.8105532380314,1818.3466550995026,1.000511128691316,34.971190817128154,229.93237154716917,11.615945776679965,22.552142166183735,0.2540453975429572,64.07999552834323,1.79377996500481,1.1339184252594956,0.00366602100663317,0.18962232521787253,0.00812,False,False,2750.575263429944,1718.7499116746385,0.9980043811582661,31.230237705567383,229.34434305945157,-59.25336911912019,-85.79517557982729,1.042115971934024,-125.53904327309498,7.372846772021002,-0.866844100983034,-0.005620178950556772,-0.04990441481817819,0.00812,False,False
0.40700000000000003,264.45433929741336,4.762863052395276,269.58071130460297,1.1622696604525034,275.05735255808685,-5.925132712847724,10,126.00000000000091,0.001,1921.3808009997558,2644.553796793109,1.0058146306800693,54.92352133169848,231.14247734442185,25.76128958116457,74.86801096596444,0.7923888843358445,71.65545320546681,5.5985994261441805,0.9208266426734221,0.0062736046111171355,-0.2857158515342966,0.008140000000000001,False,False,2001.9675182015003,2562.4014962893134,1.0005302260559952,52.755105658461765,229.93233104676239,4.079516661239101,25.03824087774005,0.253336371951712,82.07349541576423,1.7938171066765143,1.1339184252594956,-0.003476761161671865,0.1854053624932253,0.008140000000000001,False,False,2084.8292667625974,2484.602697092717,0.9979563668077063,48.98706845440524,229.34432229674093,-29.84080624240338,-99.90625184370458,1.0424574341061554,-107.30880919366031,7.372832859442288,-0.866844100983034,-0.002185881871737798,0.18015311696548195,0.008140000000000001,False,False
0.40800000000000003,192.1372283187435,2.575200259956328,200.19652026749847,0.40866379851270856,208.48280640102016,-2.9838640584688036,10,144.0000000000009,0.001,1010.1278411598875,3108.858848599909,1.0058040665482852,72.72348030413177,231.1423976254063,1.363382660656486,79.16387521451766,0.7919137700704247,89.96761144806945,5.59856140060065,0.9208266426734221,0.0015762381962980043,0.025291390636919958,0.00816,False,False,1112.1581569323657,3055.6304671932385,1.0005376239927892,71.17265038058899,229.93230871357298,-3.856185195547849,25.07381392196682,0.25418545641688783,100.05034852446518,1.793831526169305,1.1339184252594956,0.004993691247819083,0.16506478466721697,0.00816,False,False,1215.0057522536222,3007.245178176987,0.9979879248785951,66.88421828820348,229.34431036847332,2.4928025348919496,-104.2376891364844,1.0433573273578136,-89.4420489502946,7.372825069467036,-0.866844100983034,0.006824067333494633,0.0466906809986182,0.00816,False,False
0.40900000000000003,101.01246830811507,0.13545105797535226,111.21571924796622,-0.38493904337788537,121.50052023298291,0.24948798540260114,10,162.0000000000009,0.001,-0.0025107195863967036,3268.846824009433,1.0057871777527518,90.75581704365267,231.14237559178608,-23.16789862393985,75.71011772913207,0.7917888057295328,108.04755203484501,5.598559392025859,0.9208266426734221,0.0003294353410879946,0.10401769641438219,0.008180000000000002,False,False,113.48324839228732,3249.7529500803635,1.0005251849284107,89.40050542016736,229.93230182188074,-11.41448194015134,22.65537815187769,0.2533538871937278,117.65115640678086,1.7938179355311092,1.1339184252594956,-0.00330278091892303,-0.2313242983530672,0.008180000000000002,False,False,226.2491262498231,3235.517501249831,0.9979973850747741,85.26184631773889,229.34430631719158,34.58238056409171,-98.36549588100951,1.0421706315909764,-71.25295301545836,7.372825721999865,-0.866844100983034,-0.005043813155651534,0.23555458729294956,0.008180000000000002,False,False
0.41000000000000003,-4.165312675046235e-12,-2.3175487306612133,11.348372913639599,-1.1408678961982128,22.624928298276448,3.4584166268593646,10,180.0000000000009,0.001,-1010.1316084637132,3108.857296889868,1.0058059185266708,108.87657396968109,231.14237559178613,-45.431107984623196,64.84486697892613,0.7917872534106263,125.8370662732643,5.598590155666478,0.9208266426734221,0.00027040579423159166,-0.10751687763999712,0.0082,False,False,-896.2999338726502,3125.7669628688946,1.0005368937412102,107.20917854211186,229.932301750132,-17.85563240541356,18.01962764531895,0.2544963445055937,135.60677123985337,1.7937817440720008,1.1339184252594956,0.00817297465204917,-0.2734349471380536,0.0082,False,False,-784.6542147439058,3147.0748193235286,0.9979930154549974,103.347300965834,229.34430617671325,63.286740390037124,-82.86449462424468,1.0432063563820098,-53.642474147055054,7.372833911911833,-0.866844100983034,0.005301852470100917,-0.15416757547612267,0.0082,False,False
0.41100000000000003,-101.0123674783164,-4.543667035602129,-89.6298055279341,-1.7851389469010106,-78.46533666984745,6.328805982503134,10,198.0000000000009,0.001,-1921.3810273672211,2644.5514684673603,1.00578359278891,127.00366456727468,231.1423535583601,-63.24683696692456,47.63178500911096,0.7910732330265529,143.77468259290038,5.59863792786911,0.9208266426734221,-0.006937358143369253,-0.1706183629068161,0.008220000000000002,False,False,-1818.3467862763312,2695.8091977856334,1.0005522153947466,125.28570731466604,229.93229727494875,-22.549231618598107,11.620268276092089,0.25380014924332406,153.6192109599927,1.7937369949320008,1.1339184252594956,0.0012743068700448214,-0.25957269766306157,0.008220000000000002,False,False,-1718.7500117740474,2750.574557644233,0.997972175311517,120.82275717155555,229.34430448708616,85.79606858552286,-59.25205328520258,1.0424195752265675,-35.427856713007266,7.3728458559921854,-0.866844100983034,-0.002582850564746626,0.06030832525510138,0.008220000000000002,False,False
0.41200000000000003,-192.13684473940847,-6.324982842788248,-181.83436939893863,-2.2546964371950704,-171.87485554308853,8.579679279983248,10,216.0000000000009,0.001,-2644.5514684977707,1921.379109330684,1.005784004499962,144.96905742422203,231.14227384130845,-74.87106340069018,25.755939433331843,0.791911121673138,162.05481095762536,5.598680447589246,0.9208266426734221,0.0013813963575970564,0.10916229576732864,0.00824,False,False,-2562.4009727116163,2001.9669895452987,1.000520100857859,143.426119243389,229.93227885817277,-25.035909467824936,4.083613028624941,0.2536631074146599,172.19559989701378,1.7937010038586163,1.1339184252594956,-4.521235249160522e-05,0.3173886910505251,0.00824,False,False,-2484.6024754228906,2084.82896073986,0.9979715719251945,139.0768541611665,229.34429638010621,99.90697286851507,-29.8395524619563,1.042810294553432,-17.464439408990167,7.372856338923216,-0.866844100983034,0.001309517600662633,0.02364936852976207,0.00824,False,False
0.41300000000000003,-264.45354736991925,-7.487119098641929,-256.2396969641765,-2.503584023088395,-248.46005533406566,9.990703121730322,10,234.0000000000009,0.001,-3108.8541935412404,1010.1295917039653,1.0058199940860608,163.0258802287998,231.1421228241942,-79.16587769259664,1.3588444320272788,0.7919445961158937,180.04681222529493,5.59869745969079,0.9208266426734221,0.0016920820404270724,0.1010836730781713,0.00826,False,False,-3055.629340240353,1112.1585066476362,1.0005057841349532,161.38540512379154,229.9322422894014,-25.07228998775836,-3.852716008679439,0.25330547996468933,-170.03672911452554,1.793687745782112,1.1339184252594956,-0.0036027371005937637,0.085108757162573,0.00826,False,False,-3007.244656437495,1215.005875948187,0.9979561287565853,156.9626152597137,229.34427943880016,104.23816768035483,2.4938715766526167,1.0436521281118831,0.49247780656089074,7.372860705587285,-0.866844100983034,0.009721677789623687,-0.019463551132170135,0.00826,False,False
0.41400000000000003,-310.88363496336564,-7.916312876382436,-305.5624818381603,-2.5074425952406663,-300.7242456764245,10.423755471623087,10,252.0000000000009,0.001,-3268.840297883734,0.002510639678064308,1.0058032046870775,180.78878578690504,231.1419141250124,-75.71087417559806,-23.17118064976993,0.7917538900052004,-162.37716608857775,5.59867845171408,0.9208266426734221,-0.00018809772805020796,-0.32291130188456996,0.008280000000000001,False,False,-3249.7513301777853,113.4844420713838,1.0005561284696531,179.43123634543082,229.9321902929703,-22.654811028196924,-11.411979661340103,0.2542476120467927,-152.0309562398991,1.7937025150706474,1.1339184252594956,0.005797696792286482,0.09093412623635658,0.008280000000000001,False,False,-3235.5167305130453,226.24966755225975,0.9979901250938552,174.53397640404748,229.34425462061762,98.36568520379467,34.583160311110404,1.04314685244449,18.624926573232038,7.3728566386157235,-0.866844100983034,0.004674672682033401,0.11296445939361355,0.008280000000000001,False,False
0.41500000000000004,-326.8822351565993,-7.570551767049894,-324.9746732221828,-2.265894351368197,-323.55144685686395,9.836446118418102,10,270.0000000000009,0.001,-3108.8495385396304,-1010.1238078533275,1.0058142521421523,-161.14362413897575,231.14168339430014,-64.84430328085826,-45.4328124686847,0.7911886022789858,-144.24979085769982,5.59862666945859,0.9208266426734221,-0.005767743822192127,-0.1957182565639413,0.0083,False,False,-3125.7650086681374,-896.2980132350831,1.000520481284887,-162.70607015090192,229.93213148604607,-18.020073030016388,-17.854342172682244,0.25345670180789437,-133.8818211172462,1.7937399009142094,1.1339184252594956,-0.002164277163703338,0.24065079613755114,0.0083,False,False,-3147.0738750352093,-784.6533088212881,0.9979903907680572,-166.8965075188316,229.34422589170768,82.86437631087429,63.28715464136724,1.0426527877783518,36.678162423214765,7.37284504244817,-0.866844100983034,-0.00024957452192430826,0.16614862660911167,0.0083,False,False
0.41600000000000004,-310.88332465126865,-6.483686340379791,-312.57607846647704,-1.8025797870706821,-314.7071772234384,8.286266127450396,10,288.0000000000009,0.001,-2644.5432373449366,-1921.3712111143914,1.0057776848238544,-143.1467837552809,231.14147469770566,-47.62995627685436,-63.246796976785426,0.7924263658445933,-125.95650378122465,5.598557878042244,0.9208266426734221,0.006707177587853864,0.09705555546309208,0.008320000000000001,False,False,-2695.807100626072,-1818.3443268144356,1.0005324815291539,-144.4844601054427,229.9320770863016,-11.621682759954894,-22.549279965279318,0.2530164122696563,-115.71451675915202,1.7937858527783912,1.1339184252594956,-0.006632158295625651,0.40938939735466173,0.008320000000000001,False,False,-2750.573532238307,-1718.7488299102904,0.9979530061648715,-148.7253217178209,229.34419871197866,59.25163903680877,85.7960769420649,1.0425562570797882,54.590159238713504,7.372829696662267,-0.866844100983034,-0.0011931792890098277,0.07803436158120686,0.008320000000000001,False,False
0.417,-264.45301943546116,-4.762116119807603,-269.5803663932167,-1.16284398335792,-275.05717944170874,5.924960103165642,10,306.0,0.001,-1921.3712111566858,-2644.5405975053927,1.005799470562795,-125.1308824131425,231.14132368440625,-25.753024612600086,-74.8692827593615,0.7921993961612149,-107.70903779046303,5.598494341159242,0.9208266426734221,0.004527335475724309,0.3436380906592565,0.00834,False,False,-2001.9649547197805,-2562.3982152598164,1.0005257742471,-127.05439588895659,229.93203662705275,-4.085858326159581,-25.037291913450453,0.2531784014064253,-98.11892505649126,1.7938230467646172,1.1339184252594956,-0.005064867167695695,0.007266055128184023,0.00834,False,False,-2084.827954590312,-2484.6011333077486,0.9979644336787141,-130.53131470530406,229.34417794959796,29.838882938759255,99.90657467281196,1.0427314362923328,72.96695610452551,7.372815811441083,-0.866844100983034,0.000578249504551305,0.45465498101141083,0.00834,False,False
0.418,-192.1362693891556,-2.574373519926228,-200.19626415483444,-0.4092986356573914,-208.48267518572212,2.983672155583482,10,324.0,0.001,-1010.1227995975511,-3108.8433319445858,1.005779063243878,-107.09703714136229,231.14124397046834,-1.355128793636366,-79.1625306132668,0.7911689699681175,-90.19969067812684,5.598456317210908,0.9208266426734221,-0.005723152471822858,-0.14816615342294967,0.00836,False,False,-1112.156733306159,-3055.626554750471,1.000559758480625,-108.83747410725834,229.9320143165634,3.8498595399256565,-25.074871451967393,0.2539547718762025,-80.02940757991266,1.7938375021303437,1.1339184252594956,0.002678394555817138,0.09959236252615672,0.00836,False,False,-1215.0049875437253,-3007.2432854468584,0.9980014401600161,-112.60303090146759,229.34416602152044,-2.4947307462896893,104.23740206523406,1.0419797590072617,90.63748061614123,7.372808037242577,-0.866844100983034,-0.006927528969195096,0.12495720961720352,0.00836,False,False
0.419,-101.01196417229308,-0.13462543476063124,-111.21557698347948,0.3843058267373729,-121.50044376288031,-0.24968039197672595,10,342.0,0.001,0.0025105588706964,-3268.830508884734,1.005822688054981,-88.90982446749807,231.14122193825503,23.175333429111706,-75.70628821707211,0.7916826250560628,-72.19645894203522,5.59845432023737,0.9208266426734221,-0.0005837774453086902,-0.14614903921127467,0.00838,False,False,-113.4831037301336,-3249.748789291006,1.0005322069022298,-91.0267122165489,229.93200743187737,,,,,,1.1339184252594956,-0.0001818132831122144,-0.12679678495214827,0.00838,True,False,-226.24898385559237,-3235.5154648489106,0.9979748395667941,-94.75229206511743,229.34416197030333,-34.58412496373024,98.36462724663343,1.043201390791129,108.40334353601553,7.37280868898551,-0.866844100983034,0.005287867165783678,-0.10941147865915822,0.00838,False,False
0.42,6.413121875569106e-13,2.318292417908747,-11.348358398553213,1.1402982878477146,-22.624914058604787,-3.4585907057564693,10,0.0,0.001,1010.1265666600616,-3108.8417803338734,1.0057696521438035,-70.92062319531294,231.141221938255,45.43699590210238,-64.83892729129906,0.7922980445942913,-54.22971013915725,5.598485102638943,0.9208266426734221,0.005526885047191037,-0.1804493132280751,0.0084,False,False,896.2987856717922,-3125.762961029136,1.0005263182559125,-73.10217053992302,229.93200736020162,17.851134420890354,-18.02420238011908,0.25331730568519195,-44.14959471460081,1.7937877125682775,1.1339184252594956,-0.003625854280349675,-0.015511924026286459,0.0084,False,False,784.6537208859374,-3147.072838589068,0.9979874019974881,-76.82141692850833,229.34416182982727,-63.28813032299294,82.86312967141782,1.0420131013311136,126.34497274163772,7.3728168628829875,-0.866844100983034,-0.006606587071041034,-0.16798293993302005,0.0084,False,False
0.421,101.01186334910126,4.5442559841212775,89.62969089896563,1.78468871946291,78.4652872854161,-6.328944703584162,10,18.0,0.001,1921.3714375090399,-2644.5382693286897,1.0057755716449557,-53.08895126487369,231.14119990624278,63.25060155545678,-47.62431646298498,0.7923108617193927,-36.17573013764682,5.598532895184993,0.9208266426734221,0.005587467431399947,-0.12718727246958514,0.00842,False,False,1818.3444578580065,-2695.8057465512748,1.000507986714401,-54.87321833581753,229.93200288956953,22.546366601209463,-11.626009337499951,0.25292510346437214,-25.594077391676045,1.7937429303439352,1.1339184252594956,-0.007484544859530385,0.5414297203219374,0.00842,False,False,1718.7489300081002,-2750.572826463834,0.9979903431297178,-59.098134662128764,229.34416014022716,-85.79696815666631,59.250325800484575,1.0420993947832025,144.40273293921658,7.372828782882314,-0.866844100983034,-0.005760509974862641,-0.11036402626137792,0.00842,False,False
0.422,192.1358858349744,6.325359393191073,181.83413687178515,2.254409687204901,171.87474736884766,-8.579769080396126,10,36.0,0.001,2644.53826935983,-1921.3695195948699,1.0058075446506012,-35.28387279105862,231.1411201943188,74.87233603863366,-25.747673034076374,0.7911466688659556,-17.911397013462228,5.598575430657243,0.9208266426734221,-0.0061146153447086075,0.13679808902354437,0.00844,False,False,2562.3976922147067,-2001.9644266008033,1.0005318503063358,-36.970162319678785,229.93198449152675,25.034958190468103,-4.089958626572155,0.2542108448577214,-7.967117952580035,1.7937069063333033,1.1339184252594956,0.005423814718369295,0.16896251970615672,0.00844,False,False,2484.6009116414775,-2084.827648572449,0.9979792414203009,-41.148307775390045,229.3441520333774,-99.9072942291018,29.83763166064815,1.0420378370391392,162.36825180603313,7.372839243906254,-0.866844100983034,-0.006390881537428735,-0.1449213005190265,0.00844,False,False
0.423,264.452227559904,7.487246379901085,256.23936932194204,2.503488852055154,248.45989895904026,-9.990735231956275,10,54.0,0.001,3108.8386771856476,-1010.1245500285618,1.0058068283055617,-17.068695268707437,231.1409691869424,79.16453367270334,-1.3505893240151408,0.7916849917908916,0.15092135794546416,5.598592449508504,0.9208266426734221,-0.0007554543856190094,0.19903656543458131,0.00846,False,False,3055.6254289439958,-1112.1570826655407,1.000522578921579,-18.77393104724,229.93194795995947,25.07334593425788,3.8463869499635996,0.2541506401762037,9.784251833396786,1.7936936317384533,1.1339184252594956,0.004840541015264489,-0.07961842072167812,0.00846,False,False,3007.2427637157516,-1215.0051112362964,0.9979442627083646,-22.76070398224044,229.34413509234412,-104.23787960696114,-2.4957976259488315,1.042367387770995,-179.9719353387479,7.372843600248487,-0.866844100983034,-0.0031015350171397964,-0.4851385558956917,0.00846,False,False
0.424,310.88208344390426,7.9161784161678215,305.56209116888635,2.5075483556989235,300.724056407826,-10.423726771866752,10,72.0,0.001,3268.8239831800447,-0.0025104770113699715,1.0057814525949689,0.5724166148790485,231.14076050125124,75.70704492521506,23.17861638513045,0.7911752870939364,17.79444837051361,5.598573438313356,0.9208266426734221,-0.005825615465156796,-0.15745310269099175,0.00848,False,False,3249.747171036541,-113.48429619491202,,,229.93189601643846,22.657771206605787,11.406286715454815,0.25299820207647283,27.616227777198837,1.7937084109270032,1.1339184252594956,-0.006704740910932248,-0.2475900563368365,0.00848,False,False,3235.5146941245425,-226.24952514932835,0.997966936468199,-5.036086260518537,229.34411027456235,-98.36481613182067,-34.584903100585606,1.0431697767506984,-161.57910937315046,7.372839539527421,-0.866844100983034,0.004928097506699382,-0.09233334586840154,0.00848,False,False
0.425,326.8806038033136,7.57016871389544,324.9742577762671,2.2661907278106246,323.5512432217004,-9.836359441705996,10,90.0,0.001,3108.834022485203,1010.1187665526743,,,231.1405297854903,64.83836351007815,45.438700915008155,0.7906629607003672,35.87651458951525,5.598521645715321,0.9208266426734221,-0.010875633606274809,-0.07556916494855932,0.0085,False,False,3125.761008816939,896.2968669882462,1.000513805754849,17.379490969835192,229.93183726936593,18.024648017832913,17.84984275879085,0.2530992628905,45.614118494178285,1.7937458329990987,1.1339184252594956,-0.005747055572550535,-0.2491175901771844,0.0085,False,False,3147.0718943159986,784.6528149779069,0.997988906523035,13.064947006882162,229.34408154611754,-82.86301152791071,-63.288543673799246,1.0424246348174253,-143.4603483362912,7.372827964839902,-0.866844100983034,-0.0025069527459630793,0.02637606496451871,0.0085,False,False
0.426,310.88177315241194,6.483092177921198,312.5756789115812,1.803037802074455,314.70697915495595,-8.28612997999567,10,108.0,0.001,2644.5300387395646,1921.3616218903453,1.0058029830952644,37.124456451165166,231.14032110245265,47.622487311354746,63.25056164165268,0.7920225648791186,53.74256954131933,5.598452842395232,0.9208266426734221,0.0028177107696458026,-0.21002768134972266,0.00852,False,False,2695.80365152611,1818.342000898675,1.00051780891382,35.07221365140265,229.9317829249983,11.627425001516126,22.54641476892507,0.2538004306856283,63.877034646751,1.79379183727974,1.1339184252594956,0.0011995625011225997,0.015233723151538932,0.00852,False,False,2750.57180107451,1718.7477481634155,0.9979749987699869,31.448138444275394,229.3440543668299,-59.24991231287048,-85.79697641057788,1.0413690962817284,-125.50923238533893,7.372812648603007,-0.866844100983034,-0.013040677672990195,-0.02261889293274462,0.00852,False,False
0.427,264.45169966049053,4.76136899882157,269.5800218333258,1.163418830773739,275.05700632817144,-5.924787829595314,10,126.0,0.001,1921.3616219337132,2644.527399071133,1.0057928979406234,55.136718253812504,231.1401700989865,25.744757499229372,74.8705550142912,0.7917896080983008,71.88636471402995,5.598389298200926,0.9208266426734221,0.0005780080228634546,-0.0671162666223773,0.00854,False,False,2001.9623938465888,2562.394937569118,1.0005133618745963,53.09623625329162,229.93174250694278,4.092205915523293,25.036341724526803,0.25405759362574887,81.84450646280904,1.793829083556075,1.1339184252594956,0.0037185177131875543,-0.01500770602840315,0.00854,False,False,2084.826642439225,2484.5995695480406,0.9979675741169698,49.26841745807731,229.34403360478686,-29.836963414752315,-99.906896738818,1.0420440845921086,-107.77287061923153,7.372798790755825,-0.866844100983034,-0.006271196613756337,-0.28643307171421156,0.00854,False,False
0.428,192.13531052292078,2.573546567101558,200.19600830322713,0.40993406385446046,208.48254397258987,-2.983480630955931,10,144.0,0.001,1010.1177583641104,3108.827816293505,1.0058159520025192,72.701787626734,231.140090390252,1.346872747014725,79.16118578910458,0.790760067023297,89.99435595386633,5.598351275926593,0.9208266426734221,-0.009663631111138075,0.03972326283476523,0.00856,False,False,1112.155311129497,3055.62264628931,1.0005372891513096,70.85963894923113,229.93172021917326,-3.8435278737466616,25.075929647259812,0.25385104510896406,99.724329399632,1.7938435748283506,1.1339184252594956,0.001632538791551265,-0.1323734272397471,0.00856,False,False,1215.0042228462785,3007.2413927473353,0.997988412972677,66.87131591195164,229.34402167690376,2.4966551267321395,-104.23711543636435,1.042503229275857,-89.35714497008553,7.372791032341749,-0.866844100983034,-0.0016687777218651993,0.12907069102804034,0.00856,False,False
0.429,101.01146006984854,0.13379959519962734,111.21543486402221,-0.38367201037118154,121.50036729403438,0.24987241517153738,10,162.0,0.001,-0.0025103941827637755,3268.814194817248,1.005801904701631,90.95433374645732,231.1400683594802,-23.18277023547146,75.70245782040396,0.7922361852570428,107.5398355163115,5.5983492905680245,0.9208266426734221,0.0051003589473321296,-0.41601213530391407,0.00858,False,False,113.48295921642332,3249.7446327363896,1.0005848666876593,88.81176315360082,229.93171334149937,-11.403095620645296,22.66130239657526,0.2535394695213298,117.746206673187,1.7938300031533192,1.1339184252594956,-0.0014640238378981164,-0.10768755226398055,0.00858,False,False,226.2488414637861,3235.5134284809583,0.9979493284260751,84.73546511362366,229.34401762575268,34.585865856116854,-98.36376021697913,1.0428270848782,-71.53758205047818,7.3727916832908935,-0.866844100983034,0.0015688577204550375,-0.051597576832908366,0.00858,False,False
0.43,2.8826531257737724e-12,-2.3190363038910977,11.348343898267718,-1.1397281297902768,22.624899819169286,3.4587644336816075,10,180.0,0.001,-1010.1215251793292,3108.8262647845763,1.0057805780688098,109.03766921185591,231.1400683594802,-45.442885446889676,64.8329861447954,0.7918454166715401,126.21950983703016,5.598380091682937,0.9208266426734221,0.0011491137378600205,0.2626128460093909,0.0086,False,False,-896.2976386383383,3125.758963262735,1.0005197482184403,107.36255952064096,229.93171326989662,-17.846631968893593,18.028781183925616,0.2537413626631766,135.64496590123434,1.7937937780177036,1.1339184252594956,0.0006061376586565694,-0.20664879167918204,0.0086,False,False,-784.6532270358446,3147.0708578867134,0.9979459341692543,103.09506989080558,229.34401748527887,63.28951741578362,-82.86176732872082,1.042917632004515,-53.66815957095833,7.37279984116002,-0.866844100983034,0.0024627920144480683,-0.18237539968861888,0.0086,False,False
0.431,-101.0113592534405,-4.5448450943534935,-89.62957638691414,-1.7842380461108784,-78.46523790181466,6.329083140464255,10,198.0,0.001,-1921.361848270586,2644.5250710471605,1.0057881941074758,126.76893185946071,231.1400463289167,-63.25436723878798,47.616846027183634,0.7913760595771528,144.14669241098548,5.5984279044906735,0.9208266426734221,-0.0036120747271699027,0.1890773046886307,0.008620000000000001,False,False,-1818.3421318088922,2695.8022988300945,1.0005240134693392,125.22923366547354,229.9317088038199,-22.543498594070964,11.631755648742956,0.25418113608465853,154.14717482897856,1.79374896283307,1.1339184252594956,0.00506725011538424,0.29698624761921893,0.008620000000000001,False,False,-1718.7478482596189,2750.571095311519,0.9979880082720285,121.0639463425593,229.3440157957068,85.79786583285912,-59.24860167592634,1.0424438123476354,-35.323393955304525,7.372811737059978,-0.866844100983034,-0.00229222789740734,0.16224918162740257,0.008620000000000001,False,False
0.432,-192.13492699449907,-6.32573605252091,-181.83390458182683,-2.254122638687665,-171.87463919640936,8.579858691208587,10,216.0,0.001,-2644.525071079036,1921.3599304818035,1.0057941461399238,145.13778064098543,231.13996662224625,-74.87360913253531,25.739404499748872,0.7908772849120552,161.97502530238108,5.598470455639364,0.9208266426734221,-0.008659997789718002,0.01706237739816625,0.00864,False,False,-2562.3944150570746,2001.9618662652847,1.0005103783896376,143.17240291713588,229.9316904245266,-25.03400569305068,4.096310140944421,0.2527840800672446,171.63391486146065,1.7937129059725503,1.1339184252594956,-0.00885231795759077,-0.21569945137842936,0.00864,False,False,-2484.599347885438,2084.826336426323,0.9980058312871573,139.1542321085421,229.3440076889905,99.90761482558615,-29.835714640692967,1.043444797879439,-17.291731955230166,7.372822176161089,-0.866844100983034,0.007702864302262043,0.19383516036721885,0.00864,False,False
0.433,-264.45090783813424,-7.4873737067227815,-256.2390420139959,-2.503393559034354,-248.4597425866327,9.990767265757098,10,234.0,0.001,-3108.8231618416626,1010.1195086792634,1.005822798565643,162.7721769714267,231.13981562484676,-79.16318942622182,1.3423320446783933,0.7917187596378685,180.1395829512998,5.598487481208674,0.9208266426734221,-0.0002693283226104692,0.18154012681468767,0.00866,False,False,-3055.6215216302608,1112.1556601326533,1.0005309667819497,161.1447056476919,229.93165393019643,-25.074402549048372,-3.840051887491218,0.25326286098629897,-169.80027340310633,1.793699614888664,1.1339184252594956,-0.0040457123359564084,0.3501617538218172,0.00866,False,False,-3007.2408710248465,1215.0043465367658,0.9979687018625358,157.03895409663497,229.34399074823727,104.23759197527022,2.4977198428131704,1.0416869191434723,0.9139053283790711,7.3728265221745515,-0.866844100983034,-0.009882069248586261,0.39944235800982336,0.00866,False,False
0.434,-310.88053202842053,-7.916043933783634,-305.56170089827503,-2.507654182573618,-300.72386714239633,10.423698116357249,10,252.0,0.001,-3268.8076695438813,0.0025103103715338193,1.0058117256940349,180.63098271844376,231.13960695297553,-75.70321478880446,-23.186054115668966,0.7918960732105174,-162.19681751970805,5.598468466828491,0.9208266426734221,0.0015306977982128185,-0.15487704450996115,0.00868,False,False,-3249.7430161314833,113.48415046580755,1.0005210626235665,179.39054828863004,229.93160203963154,-22.660733875475653,-11.400588266046151,0.25328020845916005,-152.12369686800065,1.7937144039493007,1.1339184252594956,-0.003893152497473128,0.02679063523720068,0.00868,False,False,-3235.5126577693272,226.24938274857652,0.9979617904576078,175.19206286215848,229.34396593086603,98.36394866428003,34.58664238171545,1.043034791115664,18.849024140093043,7.372822467708616,-0.866844100983034,0.003602384354044375,0.3345404147326351,0.00868,False,False
0.435,-326.878972559614,-7.569785573102205,-324.97384275437804,-2.266487352495625,-323.55103958995494,9.83627292559786,10,270.0,0.001,-3108.8185074497264,-1010.1137255872756,1.0057953592243882,-160.8812714082034,231.1393762525303,,,,,,0.9208266426734221,0.011601559143750162,0.09221230280145187,0.0087,True,False,-3125.757013040835,-896.2957219105365,1.000529108434525,-162.71691351239284,229.93154335246277,-18.029227073807984,-17.845338879977355,0.25387761646203194,-134.17849581184902,1.7937518621874127,1.1339184252594956,0.002027953582885568,-0.027426359529023517,0.0087,False,False,-3147.0699136292747,-784.6523211427893,0.9979435548030258,-167.13291632282278,229.3439372028977,82.86164935520634,63.289929865463286,1.043052867284928,36.430133336683575,7.37281091451572,-0.866844100983034,0.003799484728764727,-0.08440195791138383,0.0087,False,False
0.436,-310.880221758017,-6.482497871017055,-312.5752797645645,-1.8034962227784026,-314.7067810898009,8.2859940937955,10,288.0,0.001,-2644.516841004329,-1921.3520333015313,1.00579593195877,-142.86916747955308,231.13916758337868,-47.61501645945772,-63.254327401328865,0.7922294339637936,-126.32986917290403,5.598347848887622,0.9208266426734221,0.0050348848588187166,-0.2886247455470799,0.00872,False,False,-2695.800205941185,-1818.3396773543122,1.0005223687313698,-145.0383935756614,229.93148906352,-11.633172490168688,-22.543546582757234,0.25366478200045656,-116.21292591510695,1.7937979188233035,1.1339184252594956,-0.0001655249519827089,-0.060420388414492425,0.00872,False,False,-2750.5700699391996,-1718.7466664344852,0.9979786293914119,-149.06830499172793,229.34391002406176,59.24818894962628,85.79787398408637,1.043474779943132,54.70206489321801,7.372795627846938,-0.866844100983034,0.008040229925121526,0.18741886158547508,0.00872,False,False
0.437,-264.4503799745991,-4.760621690789501,-269.5796776252493,-1.1639942015800964,-275.0568332175578,5.92461589236971,10,306.0,0.001,-1921.3520333459564,-2644.5142015111905,1.005765825539397,-124.85146103970719,231.13901658998432,-25.73648825604493,-74.8718277283527,0.7926526231589802,-107.55257539607567,5.5982842975047555,0.9208266426734221,0.009356652038241183,0.48778497239333235,0.00874,False,False,-2001.9598355841763,-2562.391663220148,1.000538064817455,-126.72886412537699,229.9314486866938,-4.098559416940554,-25.03539031286975,0.253890131732451,-98.2256232673496,1.7938352173651915,1.1339184252594956,0.002035224264167685,-0.07082919185689722,0.00874,False,False,-2084.8253303098127,-2484.5980058142436,0.9979728080347363,-130.80984974285124,229.34388926236443,29.835047672985265,99.90721804122266,1.0432428782971912,72.16991853853779,7.3727817973902185,-0.866844100983034,0.005740772685178874,-0.3449031362672233,0.00874,False,False
0.438,-192.13435172154576,-2.572719402981711,-200.19575271289656,-0.4105700818641804,-208.48241276166814,2.9832894848460465,10,324.0,0.001,-1010.1127174674866,-3108.8123016711725,1.005799695752889,-107.23001235513918,231.1389368865787,-1.338614535792027,-79.1598407443806,0.7919128070622785,-90.07776201400156,5.598246276983147,0.9208266426734221,0.0020122602085310966,-0.038553707845979,0.00876,False,False,-1112.1538904036047,-3055.618741813234,1.0005341886262542,-108.62057626692992,229.93142642166345,3.8371902093824195,-25.076988505822776,0.253399302661206,-80.03930022955836,1.7938497445774935,1.1339184252594956,-0.002893611028943582,0.11830769284303333,0.00876,False,False,-1215.003458161531,-3007.239500079183,0.9979551949513366,-113.18997183223348,229.34387733468023,-2.49857567359039,104.2368292502036,1.042676428189353,90.62721992224331,7.372774054768246,-0.866844100983034,8.722132780118206e-05,0.1121767579238085,0.00876,False,False
0.439,-101.01095600159525,-0.13297354079297974,-111.21529288973811,0.3830375955162719,-121.5002908264924,-0.2500640547232472,10,342.0,0.001,0.002510225541186628,-3268.797881832738,1.0057804972307125,-89.49664916285495,231.13891485728337,23.19020902947774,-75.69862654599794,0.7922519940249504,-72.00530618268517,5.598244303253179,0.9208266426734221,0.0054069211109380455,0.032686826361573336,0.00878,False,False,-113.48281485126643,-3249.740480420207,1.0005286013711139,-91.06377992511965,229.93141955100785,11.397394209374575,-22.664268247173204,0.2540707965714495,-62.32225312256655,1.793836182520172,1.1339184252594956,0.003840507718888407,-0.16183382371585422,0.00878,False,False,-226.2486990744331,-3235.511392146788,0.9979646869182457,-95.22300555368784,229.34387328359705,-34.58760323885235,98.36289479317136,1.0417870149642843,108.467354235522,7.372774704919705,-0.866844100983034,-0.008807830375898289,-0.047919695292153175,0.00878,False,False
0.44,2.8838527283231396e-12,2.319780387254359,-11.348329412786745,1.1391574231408843,-22.62488557996637,-3.4589378103952986,10,0.0,0.001,1010.1164840295077,-3108.810750266468,1.0057738066365618,-71.0794257002305,231.13891485728334,45.44877660822959,-64.82704355013374,0.7917058483648219,-53.965847475234106,5.598275123033743,0.9208266426734221,-9.812124200823567e-05,0.07109593380706003,0.0088,False,False,896.2964927733389,-3125.754969573233,1.000531877743769,-72.66006285396536,229.93141947947814,17.84212505824572,-18.033364047830748,0.25314664470091286,-44.07324711699009,1.7937999407342984,1.1339184252594956,-0.005349757361370861,0.08945421567574918,0.0088,False,False,784.652733193856,-3147.068877217246,0.9979964907169923,-76.86969351371211,229.34387314312548,-63.29090166647546,82.86040759796468,1.042804400331428,126.60647317905058,7.372782846746645,-0.866844100983034,0.0013545090134583773,0.09099931062540174,0.0088,False,False
0.441,101.01085519211246,4.545434365222117,89.62946199186354,1.7837869277271547,78.46518851904473,-6.3292212929492315,10,18.0,0.001,1921.3522596670082,-2644.5118736436043,1.00579928030523,-53.043809537818234,231.13889282820327,63.258134010000276,-47.60937371522487,0.7913137119589966,-35.84596253104151,5.598322956021336,0.9208266426734221,-0.004087131360044912,0.19026260952479923,0.00882,False,False,1818.3398081310606,-2695.7988546251436,1.000504586244375,-54.959590352795665,229.93141501796072,22.5406276028209,-11.637507198622886,0.253277092987219,-26.33417346927723,1.7937550927133992,1.1339184252594956,-0.003981849818907711,-0.17004423688700157,0.00882,False,False,1718.746766529032,-2750.569364187969,0.9979493877466666,-58.67447922922358,229.34387145358178,-85.79876161282138,59.24688091384789,1.041406429169632,144.4737771493347,7.372794718528866,-0.866844100983034,-0.012641991839927392,-0.04183750369864728,0.00882,False,False
0.442,192.1339682195043,6.326112820085986,181.83367252927764,2.25383529220728,171.87453102582413,-8.579948112293403,10,36.0,0.001,2644.5118736762442,-1921.350342006612,1.0057615250171934,-35.07548250295364,231.1388131269126,74.87488267999322,-25.73113384534334,0.7924532138927429,-18.16967382259661,5.598365522770786,0.9208266426734221,0.007247689503040543,-0.13379655606526383,0.00884,False,False,2562.3911412416446,-2001.9593085410015,1.000562808213399,-36.937631494309876,229.9313966574337,25.03305197747507,-4.102667559349113,0.25363683856839997,-7.802258672111945,1.7937190030903727,1.1339184252594956,-0.0003333555727528755,0.3624457366644628,0.00884,False,False,2484.597784155395,-2084.825024301995,0.9979865682741353,-40.71869443450907,229.34386334700253,-99.90793465746849,29.83380140469253,1.0427662346819568,162.59164744163488,7.372805135691444,-0.866844100983034,0.000941331190720783,0.07595688707790814,0.00884,False,False
0.443,264.44958820668336,7.487501078866441,256.2387150406177,2.503298144216227,248.45958621689292,-9.990799223082654,10,54.0,0.001,3108.8076475337803,-1010.1144676640157,1.0057697747545027,-17.021699151759105,231.13866213972807,79.16184495550087,-1.334072609019497,0.7914722237963673,-0.18411583935487036,5.598382555026449,0.9208266426734221,-0.0025862987076713997,-0.14831847669886353,0.00886,False,False,3055.6176183026128,-1112.1542390502232,,,229.93136020037272,25.075459830109686,3.8337108336362835,0.25415389520944015,9.893535106096675,1.7937056955467703,1.1339184252594956,0.004856030546293026,0.058289181039447,0.00886,False,False,3007.23897836551,-1215.0035818498982,0.9979720685712006,-22.602302088087644,229.3438464065356,-104.23730478561072,-2.4996382246167617,1.043564861085367,-179.35267776882932,7.372809471369197,-0.866844100983034,0.008921463650541554,0.13160161528775968,0.00886,False,False
0.444,310.87898071936723,7.915909429464821,305.5613110266761,2.5077600756626306,300.72367788021364,-10.42366950512743,10,72.0,0.001,3268.7913570010032,-0.0025101397435776107,1.0057902040193343,0.9094609704267198,231.13845348200678,75.69938377323618,23.193493827843113,0.7909182402157122,18.184433433770476,5.598363537494635,0.9208266426734221,-0.008099239662808287,0.2202140764672921,0.00888,False,False,3249.7388654663014,-113.48400488418498,1.0005265307169116,-1.1119123656248486,229.9313083628104,22.66369902906134,11.394884324258173,0.2534643190864894,27.986819556858748,1.7937204944515472,1.1339184252594956,-0.002060659495058466,0.15162590343027638,0.00888,False,False,3235.5106214481975,-226.24924035006535,0.9979619563099457,-5.06268986817987,229.34382158958505,-98.36308280229767,-34.588378152101306,1.0427619241181791,-161.2956587408056,7.372805423163026,-0.866844100983034,0.0008978190067333953,0.188599888903154,0.00888,False,False
0.445,326.8773414280765,7.569402345357534,324.97342815688353,2.266784224848545,323.5508359617066,-9.836186570206074,10,90.0,0.001,3108.802993457693,1010.1086849651056,1.0057588448893882,18.837581259081357,231.13822279724147,64.82647960553805,45.45048266936057,0.7917436058879261,35.91696808992293,5.598311724495647,0.9208266426734221,0.00022769170520668542,-0.04743373929740163,0.0089,False,False,3125.7530213433665,896.2945780029845,1.0005479464748992,17.20562788509083,229.93124973559742,18.033810189033783,17.84083054506501,0.25386574080827706,45.94018380264529,1.7937579887931137,1.1339184252594956,0.001900532716462936,0.10557229617215325,0.0089,False,False,3147.0679329758113,784.651827316123,0.997976066812048,13.222341688547004,229.3437928621045,-82.86028979457203,-63.29131321442566,1.042884317703929,-143.93259454301872,7.372793891479332,-0.866844100983034,0.0021380631277088604,-0.4483874257019297,0.0089,False,False
0.446,310.8786704705423,6.481903420739759,312.57488102578907,1.8039550482913391,314.7065830280581,-8.28585846903108,10,108.0,0.001,2644.5036441600614,1921.342445363102,1.0058008701566008,36.617772883799724,231.13801414230534,47.607543734681705,63.258094248896256,0.7919280396985302,53.669328063232285,5.598242897754559,0.9208266426734221,0.002169365521947978,-0.2955876392053488,0.00892,False,False,2695.7967638743476,1818.337356183422,1.0005349121944342,34.84164913445843,229.93119550212754,11.638925214713385,22.54067541241426,0.25448663825987233,63.83740868128159,1.7938040977229202,1.1339184252594956,0.008044299358536408,0.004234158780404138,0.00892,False,False,2750.568338833059,1718.745584723919,0.9979699997171823,31.01815479571082,229.34376568373096,-59.246468949395215,-85.79876966131064,1.042868092762485,-125.43582788104032,7.372778634397716,-0.866844100983034,0.001997390485012877,0.04826867118535147,0.00892,False,False
0.447,264.4490603798601,4.759874197063035,269.5793337692826,1.164570094656422,275.0566601099267,-5.924444291719438,10,126.0,0.001,1921.3424454085468,2644.501004846413,1.0057666677654087,54.98932255941694,231.13786315922127,25.728216898041456,74.87310089914436,0.7921684225363779,72.31075882793941,5.598179339305824,0.9208266426734221,0.00466307912062771,0.3449587672231791,0.00894,False,False,2001.9572799348043,2562.3883922158234,1.0005348856615253,53.17398410751247,229.93115516656667,4.104918818017202,25.03443768038081,0.2543983091192453,81.73738036945724,1.7938414485056677,1.1339184252594956,0.007108185968739995,-0.0935038158177406,0.00894,False,False,2084.824018202602,2484.5964421069693,0.9979953173636105,48.98772852420854,229.3437449223878,-29.833135716058717,-99.90753857952531,1.0423612388423897,-106.87072981776014,7.372764831347911,-0.866844100983034,-0.0030516282557029313,0.6131913932329067,0.00894,False,False
0.448,192.13339298655967,2.57189202906669,200.1954973840843,0.4112066884468503,208.48228155302294,-2.9830987175135695,10,144.0,0.001,1010.1076769156456,3108.7967881021004,1.0057547930211024,72.87186772237364,231.1377834612708,1.330354174972129,79.15849548144465,0.7912939582470934,90.00556531988305,5.598141320615602,0.9208266426734221,-0.004027797224880417,0.038612846946863504,0.008960000000000001,False,False,1112.1524711297488,3055.6148413257215,1.0005489625240056,71.18067347577093,229.93113292429567,-3.8308465592089584,25.078048025634445,0.2538228754038757,99.84878522002367,1.7938560116913378,1.1339184252594956,0.0013332533603573776,0.020717380393703095,0.008960000000000001,False,False,1215.0026934898078,3007.2376074431504,0.9979987904979869,67.0603195952399,229.34373299490755,2.5004923842367117,-104.23654350707929,1.0423729309239032,-89.6726102269991,7.372757104525706,-0.866844100983034,-0.0029237800638140057,-0.18891010834851113,0.008960000000000001,False,False
0.449,101.01045196831143,0.1321472730406304,111.21515106073582,-0.3824025834112982,121.50021436026745,0.25025531037087695,10,162.0,0.001,-0.0025100529528288007,3268.7815699569724,1.0057637713285548,90.8235182799344,231.1377614334866,-23.197649797587506,75.69479440072514,0.7917227680309894,107.948501794598,5.598139358527779,0.9208266426734221,0.0002630754252901708,-0.019666309793026998,0.00898,False,False,113.4826706347844,3249.736332346156,1.000556694857601,88.8727614652384,229.9311260606646,-11.39168731195253,22.66723657560781,0.25418183689218926,117.7976268739507,1.7938424593423368,1.1339184252594956,0.004942034159252437,-0.027626819773928942,0.00898,False,False,226.24855668759892,3235.509355847208,0.997944855548193,85.33095169512514,229.3437289438937,34.589337109540196,-98.3620309763331,1.0428801047693843,-71.33803124987408,7.37275775387559,-0.866844100983034,0.0021470400715858434,0.1454385235460839,0.00898,False,False
0.45,6.400886053857027e-13,-2.3205246666437556,11.348314942141645,-1.1385861690143908,22.624871341020054,3.4591108356580658,10,180.0,0.001,-1010.1114432185448,3108.795236804061,1.0057688798436766,108.75872026700098,231.1377614334866,-45.45466937536476,64.82109951803409,0.7914430248057636,125.97467109402226,5.598170196926225,0.9208266426734221,-0.002577968908293216,0.0054531309361050655,0.009000000000000001,False,False,-896.2953480777983,3125.7509799641925,1.0005356393920284,107.22328341349805,229.93112598920803,-17.837613697772216,18.03795096292351,0.2545657149593985,135.9204387606315,1.7938062010314608,1.1339184252594956,0.008832091826334414,0.09746959804660227,0.009000000000000001,False,False,-784.6522393601414,3147.0668965814616,0.997980214676069,103.3009329494604,229.34372880342463,63.292283073136886,-82.85905048095779,1.0425706228222134,-53.50077454284045,7.372765879646525,-0.866844100983034,-0.0009592709755837929,-0.017504342023163574,0.009000000000000001,False,False
0.451,-101.01035116593084,-4.546023795652179,-89.62934771393319,-1.783335365194862,-78.46513913714374,6.329359160847154,10,198.0,0.001,-1921.3426717134478,2644.498677138875,1.0057486681299566,127.1936069526307,231.1377394059247,-63.261901862175534,47.60189954062818,0.7915485125291165,143.61733783808342,5.598218050011801,0.9208266426734221,-0.0015907661573861382,-0.3525985453514148,0.00902,False,False,-1818.3374868265755,2695.795413939496,1.0005473852124938,125.02263181817285,229.9311215322537,-22.537753633099953,11.64326397593743,0.2548477449993835,153.60898467500945,1.793761320298317,1.1339184252594956,0.011715863167686033,-0.21255480164570717,0.00902,False,False,-1718.7456848167599,2750.567633093884,0.9979646333912472,121.3657937894748,229.34372711391,85.79965549527569,-59.24516351656575,1.0429648205223399,-35.640360975672586,7.3727777272926796,-0.866844100983034,0.0029659509238052786,-0.15723130957399445,0.00902,False,False
0.452,-192.13300951148898,-6.326489695194212,-181.83344071432828,-2.2535476483280883,-171.8744228571191,8.580037343522367,10,216.0,0.001,-2644.4986771722824,1921.3407541844558,1.0057848210910563,144.96232226641425,231.13765971013945,,,,,,0.9208266426734221,-0.001136145676755099,-0.07661233543069429,0.009040000000000001,True,False,-2562.3878707713106,2001.9567534302446,1.0005368385144977,143.01841309614588,229.93110319050896,-25.032097045644488,4.109030869389022,0.25357680071486166,171.71096183577157,1.7937251980001778,1.1339184252594956,-0.0009424950336002167,-0.11000155699993566,0.009040000000000001,False,False,-2484.596220451949,2084.8237122000073,0.997973022924952,139.0603094838664,229.34371900747064,99.90825372424982,-29.83189195524468,1.0422006738732628,-17.462031071654916,7.372788122501036,-0.866844100983034,-0.004690216611607365,0.02102281280220672,0.009040000000000001,False,False
0.453,-264.44826866764595,-7.487628496092049,-256.23838840210925,-2.5032026077912506,-248.4594298498944,9.990831103883359,10,234.0,0.001,-3108.792134286497,1010.1094269908002,1.005763061107881,162.93730229241993,231.13750873340825,-79.16050026288954,1.3258110320427208,0.7920895387900981,180.09257004105214,5.598277671196572,0.9208266426734221,0.003735179364322073,0.1222058207629265,0.00906,False,False,-3055.613718964517,1112.1528194195332,,,229.93106677074957,-25.076517775421276,-3.827363800777475,0.2541014155652229,-169.74020531596548,1.7937118740262066,1.1339184252594956,0.004322496414707231,0.43888115405513634,0.00906,False,False,-3007.2370857384904,1215.0028171760198,0.9979687232288951,157.2220889595105,229.34370206729673,104.2370180383112,2.501552768734814,1.0424560657045119,0.3673801954767451,7.372792447836158,-0.866844100983034,-0.002142415246706865,-0.14959595673980644,0.00906,False,False
0.454,-310.877429519188,-7.915774903446293,-305.56092155442957,-2.5078660347637465,-300.7234886213459,10.423640938210037,10,252.0,0.001,-3268.7750455771666,0.002509965150863991,1.0057936436880892,180.72089082037934,231.13730009016615,-75.69555188538091,-23.20093550810889,0.7920437175932487,-161.6485215296196,5.598258650546534,0.9208266426734221,0.003303866657075798,0.38109751047052276,0.009080000000000001,False,False,-3249.7347190446767,113.48385945019665,1.0005064372843897,178.82942281400946,229.93101498623557,-22.666666661615835,-11.389174901239274,0.25374143960344897,-152.44920667885143,1.7937266827471587,1.1339184252594956,0.00070179410295569,-0.27006801229024796,0.009080000000000001,False,False,-3235.508585161954,226.24909795387572,0.9979817478883471,174.7794670889771,229.34367725077632,98.36221854699707,34.59011040934834,1.0423742922075256,18.390336526626513,7.372788405894382,-0.866844100983034,-0.0029544340476902265,-0.1266603794116926,0.009080000000000001,False,False
0.455,-326.8757104112767,-7.5690190313484145,-324.97301398415243,-2.2670813442942928,-323.5506323370365,9.836100375642749,10,270.0,0.001,-3108.787480533606,-1010.1036446941011,1.0058034595794403,-160.425886579344,231.13706942144518,-64.82053549321665,-45.456375955875046,0.7917375211082374,-144.03895968440344,5.598206827489146,0.9208266426734221,0.0003151906775655335,-0.009523211185607968,0.0091,False,False,-3125.7490337280856,-896.2934352665834,1.0005276213429122,-162.81321295994942,229.93095641903065,-18.038397354599056,-17.836317762880483,0.2538758373139793,-134.4153505475784,1.7937642131295464,1.1339184252594956,0.001992695232485383,-0.23562953821656893,0.0091,False,False,-3147.0659523563972,-784.6513334980789,0.9979827939526964,-166.95495550103158,229.34364852379485,82.85893284781599,63.2926937187558,1.042570150095753,36.45496530462064,7.372776895734438,-0.866844100983034,-0.0009795773411193716,-0.062083056916143846,0.0091,False,False
0.456,-310.87711929243187,-6.481308828160929,-312.574482695604,-1.8044142777217556,-314.7063849698013,8.28572310588264,10,288.0,0.001,-2644.490448227616,-1921.3328580901793,1.0057773799255703,-143.24937144887224,231.13686078105405,-47.600069150546375,-63.26186217743613,0.7923937922449051,-126.10913679950917,5.598137989230759,0.9208266426734221,0.006975254042863775,-0.08021440076223718,0.009120000000000001,False,False,-2695.7933253286706,-1818.3350373880469,1.0005514474015764,-145.22169213886028,229.930902241082,-11.644683163947072,-22.537801263536945,0.25341615337856166,-116.13699039578854,1.7938103742918312,1.1339184252594956,-0.002669425863448994,0.04416850312840819,0.009120000000000001,False,False,-2750.5666077567876,-1718.7445030321232,0.9980005620129674,-148.80374037172294,229.34362134589466,59.24475231449354,85.79966344097338,1.0416192237354145,54.61654544946671,7.372761668259049,-0.866844100983034,-0.010467306042287364,0.09938669491974995,0.009120000000000001,False,False
0.457,-264.44774087836805,-4.7591265189945,-269.57899026574154,-1.1651465088821105,-275.056487005356,5.924273027876625,10,306.0,0.001,-1921.3328581366436,-2644.487809097627,1.0057712850216374,-125.20520203540764,231.13670980851887,-25.719943440214948,-74.87437452426387,0.7909372666673407,-107.96424807390697,5.598074423838786,0.9208266426734221,-0.007500106693354479,0.06378966868527157,0.00914,False,False,-2001.9547269007621,-2562.385124559035,1.0005490465516391,-126.78471751896178,229.93086194682223,-4.1112841063546055,-25.033483828962503,0.2542301304093478,-98.1184713821268,1.7938477772906078,1.1339184252594956,0.005417448616268619,0.06497963682858292,0.00914,False,False,-2084.8227061181283,-2484.59487842682,0.9980062462005473,-130.4799998333038,229.34360058491387,29.831227546569455,99.90785835322669,1.0417979074415293,72.34058116230156,7.3727478926325745,-0.866844100983034,-0.008660987303351637,-0.17675263131531166,0.00914,False,False
0.458,-192.13243431946145,-2.5710644468560737,-200.19524231700245,-0.41184388236180997,-208.4821503466918,2.982908329217963,10,324.0,0.001,-1010.1026367165618,-3108.781275610776,1.0057882626076309,-107.08266592631507,231.1366301161492,-1.3220916795595938,-79.1571500026461,0.7918698723040832,-89.89521328949155,5.598036407058539,0.9208266426734221,0.0018797135202929457,0.13167169300252965,0.00916,False,False,-1112.151053309205,-3055.6109448302263,1.0005257836631893,-108.84493187474459,229.9308397273302,3.8244969356068665,-25.079108204672544,0.2536719371563021,-80.24913450132428,1.7938623764828503,1.1339184252594956,-0.00018513028985730638,-0.06286464419741904,0.00916,False,False,-1215.0019288314247,-3007.2357148399724,0.9979737239843138,-112.96051403075415,229.34358865764224,-2.502405256047532,104.23625820731887,1.0425096830228342,90.6376649396935,7.372740181617805,-0.866844100983034,-0.0015323264686326,0.12011045118890257,0.00916,False,False
0.459,-101.00994797081079,-0.13132079344385272,-111.2150093771588,0.38176697529472164,-121.50013789540681,-0.2504461818507751,10,342.0,0.001,0.0025098764007225327,-3268.7652592157065,1.005781074983431,-89.25623981062384,231.136608089911,23.20509252625598,-75.69096139145685,0.7924330691299389,-71.78423784883562,5.598034456626323,0.9208266426734221,0.007514440106543854,0.24143117003717673,0.00918,False,False,-113.48252656712238,-3249.7321885179153,1.0004801677444686,-90.89400646210116,229.93083287072983,11.385974939530307,-22.670207376129493,0.25407834174121796,-62.34196380298379,1.7938488339326815,1.1339184252594956,0.0038980676174194847,-0.15287703607401915,0.00918,False,False,-226.2484143033568,-3235.5073195830164,0.9979975597440877,-94.81550169734336,229.34358460669944,-34.59106746578656,98.36116876758649,1.0429477872039574,107.95514591803249,7.372740830162224,-0.866844100983034,0.0028477981622855838,-0.5626384941479248,0.00918,False,False
0.46,5.126348511638563e-12,2.3212691407047545,-11.34830048632679,1.1380143685263209,-22.62485710231757,-3.4592835092312475,10,0.0,0.001,1010.1064027543918,-3108.779724421852,1.0057590360187785,-70.78796234333366,231.13660808991105,45.460563737536056,-64.81515405921712,0.7917361409475239,-54.0198881655367,5.598065313594791,0.9208266426734221,0.0005015199390909298,0.0047307378625040695,0.0092,False,False,896.2942045527248,-3125.7469944391532,1.0005313833382938,-72.62762653840281,229.9308327993464,17.833097896302252,-18.04254192028968,0.2531078929644547,-44.22211094723287,1.7938125592219918,1.1339184252594956,-0.005755119962384715,-0.030737155815964597,0.0092,False,False,784.6517455348866,-3147.064915980138,0.9979759920748376,-76.91754220559186,229.34358446623284,-63.293661633838724,82.85769597950684,1.0436131157083568,126.53685928187788,7.372748939863358,-0.866844100983034,0.00948961435694781,0.018875662345964057,0.0092,False,False
0.461,101.00984717567384,4.54661338456708,89.6292335532068,1.7828833593973532,78.46508975611324,-6.3294967439645,10,18.0,0.001,1921.3330844250365,-2644.485481553812,1.0057848744790596,-53.22639453398749,231.13658606390206,63.26567078839413,-47.59442351691432,0.7916189063767873,-36.20978892718041,5.5981131866964216,0.9208266426734221,-0.0007385285578735461,-0.18588859467890176,0.00922,False,False,1818.3351678974896,-2695.791976776208,1.0005450790427748,-54.616813445471124,229.93082834695926,22.534876690551584,-11.64902596947994,0.2533583018272248,-26.128524512127527,1.7937676459006378,1.1339184252594956,-0.0031875143064940825,0.06428074945487672,0.00922,False,False,1718.7446031232193,-2750.565902029947,0.997957378856001,-58.70460064004705,229.34358277674798,-85.80054747894624,59.24344948639413,1.042913454500985,144.653855797742,7.37276076335515,-0.866844100983034,0.002476281340783155,0.13573189354045687,0.00922,False,False
0.462,192.13205087198213,6.326866677153837,181.8332091372002,2.253259707614496,171.8743146903526,-8.580126384768336,10,36.0,0.001,2644.4854815879867,-1921.3311670304765,1.0058114689969577,-35.29418054066172,231.13650637374815,74.8774311259681,-25.714586236282898,0.7917909685329885,-17.835763733429097,5.598155784420137,0.9208266426734221,0.0009218507255338476,0.18778861627654608,0.00924,False,False,2562.3846036489767,-2001.9542009352847,1.0005437393972774,-36.63801010070872,229.93081002401303,25.0311408994636,-4.115400058661923,0.2537982683751151,-8.116898864862641,1.7937314910147981,1.1339184252594956,0.0012632819023103941,0.07648338772990243,0.00924,False,False,2484.5946567757155,-2084.8224001208764,0.9979952064872646,-40.79480429014943,229.34357467045163,-99.90857202543202,29.82998629494458,1.0422756696112774,161.95882553516776,7.372771136593593,-0.866844100983034,-0.003916237530784485,-0.5593740307219018,0.00924,False,False
0.463,264.4469492230949,7.487755958159256,256.2380620987492,2.5031069499498813,248.4592734856872,-9.990862908109145,10,54.0,0.001,3108.776622124312,-1010.1043866675784,1.0057831300370441,-17.012705379453475,231.13635540770878,79.15915535073735,-1.3175473287537227,0.7911444923875901,0.13260671939614332,5.598172829953392,0.9208266426734221,-0.0055670167527568015,0.15607915687672408,0.009260000000000001,False,False,3055.609823619436,-1112.1514012418456,1.0005422797802785,-18.915069695123695,229.93077364158768,25.0775763829623,3.8210108012986543,0.25350560957877405,10.039375828476548,1.7937181506398232,1.1339184252594956,-0.0016444399218838602,0.23280814071288147,0.009260000000000001,False,False,3007.235193144531,-1215.0020525154328,0.9979665687944386,-22.883403699514712,229.34355773057746,-104.23673173369991,-2.503463472545267,1.0430556755708904,-179.31678861172765,7.372775451579171,-0.866844100983034,0.003877719754219256,0.1649818103729634,0.009260000000000001,False,False
0.464,310.87587843033566,7.915640355963043,305.5605324818847,2.50797205967476,300.7232993658711,-10.423612415637804,10,72.0,0.001,3268.758735298129,-0.0025097865954819554,1.0057826729284436,1.097181447295251,231.13614677927512,75.69171913211012,23.20837914292111,0.7929378877677826,17.877158342890095,5.598153806218538,0.9208266426734221,0.012393840673006336,-0.09938597893055871,0.00928,False,False,3249.7305768702936,-113.48371416397347,1.000541059744485,-0.8289288196242173,229.93072191016776,22.66963676739031,11.383460008142709,0.2529008615255454,27.77218401054483,1.7937329691489743,1.1339184252594956,-0.007712876990785969,-0.03433155617292221,0.00928,False,False,3235.5065489114004,-226.2489555600655,,,229.34353291449685,,,,,,-0.866844100983034,0.004001357699504833,0.021736328057470083,0.00928,True,False
0.465,326.87407951179034,7.568635631762029,324.9726002365528,2.267378710257802,323.5504287160257,-9.836014342019784,10,90.0,0.001,3108.7719687019617,1010.0986047822196,1.0057688994838958,19.061564667968174,231.13591612696263,64.81458995515504,45.4622708342702,0.79111615874993,36.08925397182921,5.598101973197443,0.9208266426734221,-0.0057501465441081034,0.11252698843086535,0.009300000000000001,False,False,3125.7450501985327,896.2922937023466,1.0005294077871454,16.860847148457808,229.93066340302286,18.042988561589393,17.831800542254527,0.25361107957770207,45.8348129808471,1.7937705355094817,1.1339184252594956,-0.0006638233257382963,0.028879950748421132,0.009300000000000001,False,False,3147.0639717718154,784.6508396888506,0.997965330104378,13.15298299532476,229.3435041880259,-82.85757851674441,-63.29407137652514,1.043368073375988,-143.16702857574495,7.3727599272847355,-0.866844100983034,0.007023652472933644,0.3146696945699096,0.009300000000000001,False,False
0.466,310.87556822614084,6.480714094353241,312.57408477436815,1.8048739101778912,314.7061869151133,-8.285588004531126,10,108.0,0.001,2644.477253227831,1921.3232714979004,1.0058108886325545,36.90941367126472,231.1357075014461,47.592592720572696,63.26563118002916,0.7905632580043134,53.84433869116601,5.598033123550532,0.9208266426734221,-0.011181785895848123,-0.1329025671209381,0.00932,False,False,2695.7898903072073,1818.3327209702452,1.0005331808260378,35.14396304618312,229.93060928064358,11.650446326662241,22.534924141768958,0.25322671080824777,63.6675400052248,1.7938167488427001,1.1339184252594956,-0.004572866542880947,-0.13695423375190205,0.00932,False,False,2750.564876711068,1718.7434213595245,0.997970536797974,30.97045468011,229.34347701060975,,,,,,-0.866844100983034,-0.00210923912299495,0.03769838850757522,0.00932,True,False
0.467,264.4464214721958,4.758378657936011,269.5786471149208,1.165723443135657,275.05631390390437,-5.924102101071619,10,126.0,0.001,1921.3232715453855,2644.4746142856666,1.0057691058721365,54.961678567650296,231.135556539698,25.711667897563263,74.87564860130895,0.7922787807282691,71.76032850476307,5.597969551337916,0.9208266426734221,0.006063346028979834,-0.21779770603915638,0.009340000000000001,False,False,2001.9521764843164,2562.381860252684,1.0005377602406473,53.34046736305858,229.93056902772082,4.11765526954891,25.03252876051867,0.2526226150531218,81.52176484323527,1.7938542040325327,1.1339184252594956,-0.010666793731583591,-0.2804354985060037,0.009340000000000001,False,False,2084.821394056909,2484.5933147744104,0.9979701771748971,49.276485678650936,229.3434562499995,-29.829323167111895,-99.90817736182794,1.0425741741017434,-107.59501637441527,7.37273098124788,-0.866844100983034,-0.0008744043916149743,-0.11360306157951675,0.009340000000000001,False,False
0.468,192.13147572177994,2.5702366578498226,200.1949875118923,0.4124816623685055,208.48201914274074,-2.9827183202181184,10,144.0,0.001,1010.0975968781945,3108.7657642216927,1.0057670606930904,73.03395764947986,231.13547685303513,1.313827064560534,79.15580431033479,0.7916830261448539,90.00979890623624,5.597931536546149,0.9208266426734221,0.00015956122891448978,0.030519589486356233,0.00936,False,False,1112.1496369432327,3055.6070523302083,1.0005218968518714,70.86515010047508,229.93054683102753,-3.8181413509620423,25.08016904091447,0.25389564278850385,99.54490171886755,1.7938688392644135,1.1339184252594956,0.0020427862788234058,-0.2544772983889091,0.00936,False,False,1215.001164186685,3007.2338222703956,0.9979786466119652,66.9684308283949,229.34344432294125,2.5043142864020997,-104.23597335124941,1.041667947333337,-89.29033263391149,7.372723286048195,-0.866844100983034,-0.00992578941992048,0.1908603817733799,0.00936,False,False
0.46900000000000003,101.00944400987146,0.13049410350277318,111.21486783911543,-0.3811307724057019,121.50006143192358,0.250636668902841,10,162.0,0.001,-0.002509695884384655,3268.7489496346934,1.0057575319065255,91.029098494267,231.13545482837773,-23.212537201937455,75.68712752506508,0.7918959332660646,107.89977214095768,5.597929597782913,0.9208266426734221,0.002291374266284952,-0.08072346939993517,0.009380000000000001,False,False,113.48238264840948,3249.728048939164,1.0005424128894922,88.98120210768677,229.93053998146382,-11.380257103263059,22.673180642987052,0.25308223249468526,117.49037976687784,1.7938553066034788,1.1339184252594956,-0.006072178586733974,-0.3061795823000819,0.009380000000000001,False,False,226.248271921764,3235.5052833550158,0.9979717970490011,85.08883945997282,229.3434402720711,34.59279430520084,-98.36030816805219,1.0417419684693159,-71.81468032203786,7.372723933783268,-0.866844100983034,-0.009186494095855494,-0.3337168081842115,0.009380000000000001,False,False
0.47000000000000003,-1.6024311557877815e-12,-2.322013808082655,11.3482860453735,-1.1374420227927289,22.62484286388292,3.4594558308753265,10,180.0,0.001,-1010.1013626450062,3108.764213144334,1.0057637333206308,108.8973062113098,231.13545482837773,-45.4664596839844,64.80920718440441,0.7918078807282857,125.96520318823875,5.597960473273473,0.9208266426734221,0.0013671843510003143,-0.01634279246001102,0.0094,False,False,-896.2930621991322,3125.7430130016546,1.000509087841246,106.89789456078167,229.93053991015375,-17.82857766266893,18.04713691101202,0.2537621614096877,135.91420031695088,1.793819015618117,1.1339184252594956,0.0007784337669808483,0.11993048168456028,0.0094,False,False,-784.6512517182849,3147.062935414055,0.997961929046068,102.84195101830076,229.34344013160705,63.295037346653686,-82.85634409541638,1.0415091456014578,-53.43568188531857,7.372732027400806,-0.866844100983034,-0.011526168878129855,0.0450827866782086,0.0094,False,False
0.47100000000000003,-101.00934322215502,-4.54720313089135,-89.62911950980362,-1.7824309112180572,-78.46504037599067,6.329634042109557,10,198.0,0.001,-1921.3234978169116,2644.472286909252,1.005775097538001,126.92507288434135,231.13543280395655,-63.26944078173626,47.58694565760494,0.7917260490584426,144.03454848909658,5.598008366309163,0.9208266426734221,0.0004811366719533372,0.0522837882758911,0.009420000000000001,False,False,-1818.332851345861,2695.788543138331,1.000537855984376,125.13578414768973,229.93053546233756,-22.53199678082128,11.654793168039955,0.2532659313329316,153.68235611058302,1.7937740698325573,1.1339184252594956,-0.004120304061070137,-0.11048047225517102,0.009420000000000001,False,False,-1718.743521448836,2750.5641709968413,0.997959212423728,121.32338868839635,229.34343844215257,85.8014375625579,-59.241738825644724,1.0421879127445584,-35.12501921252418,7.372743826719949,-0.866844100983034,-0.004755184204281941,0.3556054250115281,0.009420000000000001,False,False
0.47200000000000003,-192.1310923024825,-6.327243765272435,-181.8329777980836,-2.252971470631516,-171.87420652555167,8.580215235904022,10,216.0,0.001,-2644.472286944193,1921.321580559813,1.0057974845024489,145.24889628268568,231.13535311955965,-74.87870601967929,25.70630931162356,0.7926345103620229,161.90887100228304,5.598050979406323,0.9208266426734221,0.009505485687818999,-0.07374173474597728,0.00944,False,False,-2562.381339877542,2001.9516510583887,1.0005350095928571,143.09858791759478,229.93051715820624,-25.03018354083801,4.121775114761272,0.25374816654438065,171.42456832735962,1.7937378824464618,1.1339184252594956,0.0007532247456233589,-0.3676903577154932,0.00944,False,False,-2484.59309312731,2084.821088065121,0.9979679347202226,139.18286213000857,229.34343033600254,99.90888956051758,-29.828084426384557,1.042703464965597,-17.785770437255035,7.37275417797285,-0.866844100983034,0.00038569912386687133,-0.3052213413831557,0.00944,False,False
0.47300000000000003,-264.4456298751247,-7.487883464827843,-256.23773613083875,-2.5030111708826954,-248.4591171243448,9.990894635710541,10,234.0,0.001,-3108.761111071716,1010.0993467023095,1.0057634920670622,162.80822200451303,231.13520216445056,-79.15781022139339,1.3092815141594007,0.7918307073040982,179.91213846553865,5.598068031530811,0.9208266426734221,0.0014433397628536779,-0.07055418769217174,0.009460000000000001,False,False,-3055.605932270828,1112.1499845184208,1.0005198453724542,161.2746357227104,229.93048081314708,-25.078635650711337,-3.8146518475880367,0.25298807215261454,-170.30553001434836,1.7937245256998586,1.1339184252594956,-0.006828829879842124,-0.09773844270267185,0.009460000000000001,False,False,-3007.2333005843793,1215.0012878684397,0.9979905897708484,157.25445546204313,229.34341339643467,104.23644587210485,2.5053703334289694,1.0428676842857707,0.6794457061772982,7.372758482601974,-0.866844100983034,0.00202180466071479,0.15996481471492643,0.009460000000000001,False,False
0.47400000000000003,-310.8743274552622,-7.9155057872500425,-305.5601438093901,-2.5080781501933744,-300.7231101138675,10.423583937443414,10,252.0,0.001,-3268.7424261896526,0.002509604075910943,1.0057913195090131,181.376363905652,231.13499355115522,-75.68788552029544,-23.21582471873329,0.7903062020232192,-162.00680479033713,5.598049004744553,0.9208266426734221,-0.013774805106761507,0.010485777431440127,0.00948,False,False,-3249.7264389468373,113.48356902564244,1.0005317650285062,179.42471037189082,229.93042913486778,-22.672609340634025,-11.377739656125694,0.2537399357277693,-152.0100765762039,1.7937393539692166,1.1339184252594956,0.0006688355320731107,0.19776704058719652,0.00948,False,False,-3235.5045126973478,226.24881316868883,0.9979897879429381,175.26080229241816,229.3433885808041,98.36049486092948,34.59356437485934,1.0425013635488574,18.654772804263523,7.372754453202843,-0.866844100983034,-0.001635704277520084,0.1352711601642878,0.00948,False,False
0.47500000000000003,-326.87244873219277,-7.568252147285776,-324.97218691445147,-2.267676322163566,-323.55022509875323,9.835928469449245,10,270.0,0.001,-3108.756457987261,-1010.093565237423,1.0057756490833594,-160.875368771401,231.13476291561543,-64.808643002075,-45.468167293786124,0.7920345238374076,-143.81555079991213,5.5979971618544635,0.9208266426734221,0.0035817299533994758,0.2015570118235704,0.009500000000000001,False,False,-3125.7410707582517,-896.2911533112916,1.0005330186132462,-162.8450310928186,229.93037068783482,-18.04758380108737,-17.82727889202109,0.25286009443950264,-134.06285666965258,1.7937769562450792,1.1339184252594956,-0.008182754999095135,0.1455696755500683,0.009500000000000001,False,False,-3147.061991222852,-784.6503458886368,0.9979876455424488,-167.1015875620153,229.34335985485498,82.85622680316213,63.29544618580751,1.0436673801215253,36.709023187558195,7.372742986133959,-0.866844100983034,0.010040678333496192,0.18947020189905378,0.009500000000000001,False,False
0.47600000000000003,-310.87401727411304,-6.480119220388594,-312.57368726243016,-1.8053339447674617,-314.7059888640674,8.285453165156035,10,288.0,0.001,-2644.464059181546,-1921.3136856014085,1.0057846052364934,-142.78896582541077,231.1345543053029,-47.58511445828293,-63.26940124975536,0.7917475899762153,-126.13122888625774,5.5979283009477845,0.9208266426734221,0.0008097753696181275,-0.11463554899172967,0.00952,False,False,-2695.7864588130124,-1818.3304069320786,1.0005252510680955,-144.56868695361155,229.93031662107302,-11.65621469164734,-22.532044052755996,0.25327765917660405,-116.18889534049048,1.793823221687567,1.1339184252594956,-0.004072536844316121,0.02097069338489459,0.00952,False,False,-2750.563145696586,-1718.742339706554,0.9979538645666824,-148.69285294171928,229.34333267793352,59.24132914992998,85.80144530251158,1.0429490549864933,54.43449782173132,7.372727817928121,-0.866844100983034,0.0028788780655873833,-0.08516521237314216,0.00952,False,False
0.47700000000000004,-264.44510216343787,-4.757630615239909,-269.57830431713563,-1.1663008962957555,-275.0561408056499,5.923931511535512,10,306.0,0.001,-1921.3136856499132,-2644.4614204313757,1.005750123952655,-125.03345749690682,231.13440335458046,-25.703390285085206,-74.87692312787689,0.7920710175827311,-108.26689564625029,5.5978647220370545,0.9208266426734221,0.0041339655926128024,-0.25118755634405165,0.009540000000000002,False,False,-2001.9496286877343,-2562.3785992996754,1.0005092288606634,-126.617408973565,229.93027640952295,-4.1240322951920145,-25.03157247695393,0.2546250305995602,-98.37336099971988,1.7938607290433446,1.1339184252594956,0.009348133974016539,-0.16119929702867236,0.009540000000000002,False,False,-2084.820082019464,-2484.5917511503635,0.997972241670896,-130.57725318759424,229.34331191770198,29.827422580276725,99.9084956048309,1.0424520166434734,72.36502830453266,7.372714097197489,-0.866844100983034,-0.002072101321266772,-0.15480916364820146,0.009540000000000002,False,False
0.47800000000000004,-192.13051719501397,-2.569408663547706,-200.19473296896547,-0.41312002722500696,-208.4818879412074,2.982528690772631,10,324.0,0.001,-1010.0925574085022,-3108.7502539593515,1.0057540096697422,-107.12809915439905,231.13432367375017,-1.3055603449823314,-79.15445840686058,0.7928535522275819,-90.27291099944452,5.597826709312201,0.9208266426734221,0.012013070152150291,-0.25835635930605616,0.00956,False,False,-1112.14822203309,-3055.60316382913,1.0004994478397713,-108.91451739777942,229.9302542356481,3.8117798176650557,-25.081230532336917,0.25424383446919063,-80.5189562933198,1.7938754003477893,1.1339184252594956,0.005515424312597138,-0.30397078604741834,0.00956,False,False,-1215.000399555889,-3007.231929735172,0.9979659810059159,-112.64027040846251,229.3432999908619,-2.5062194726833718,104.23568893919736,1.04229780045018,90.67113986381695,7.372706417820517,-0.866844100983034,-0.0036034029751349232,0.1510824965037972,0.00956,False,False
0.47900000000000004,-101.00894008630698,-0.12966720471884852,-111.21472644674884,0.3804939759835802,-121.49998496986507,-0.2508267712648935,10,342.0,0.001,0.002509511405762055,-3268.7326412396937,1.005760518308207,-89.17686515510502,231.13430165070827,23.21998381108504,-75.68329280842228,0.7921679866904593,-72.06202813948464,5.597824782231235,0.9208266426734221,0.005160140084963226,-0.04869012076011431,0.009580000000000002,False,False,-113.48223887877153,-3249.723913613584,1.0005304141778144,-90.92359109471661,229.93024739312713,11.37453381431052,-22.676156370427016,0.255180219501047,-62.21542350281351,1.793861877666381,1.1339184252594956,0.014898398590608115,0.0023844252465107206,0.009580000000000002,False,False,-226.24812954287466,-3235.5032471640147,0.9979422864025004,-94.92838172129032,229.34329594006587,-34.59451762539638,98.35944917884889,1.043110475540723,108.62786471664785,7.3727070647423725,-0.866844100983034,0.004522433044632729,0.1075782696371752,0.009580000000000002,False,False
0.48,-1.9214510378921933e-12,2.3227586674225456,-11.348271619285358,1.1368691329300684,-22.62482862571254,-3.459627800352466,10,0.0,0.001,1010.0963228983419,-3108.7487029960093,1.00577929426018,-70.98607293445586,231.13430165070827,45.47235720394927,-64.80325890431834,0.790814203087658,-53.965606662826495,5.597855676195873,0.9208266426734221,-0.008421386606836695,0.04668073260052538,0.0096,False,False,896.29192101803,-3125.7390356552396,1.0005238589601404,-72.88432230599513,229.93024732189042,17.82405300570875,-18.051735926169833,0.25346548227341303,-44.076048494211726,1.7938255705314352,1.1339184252594956,-0.0021976276430805443,0.14405143319642635,0.0096,False,False,784.6507579105262,-3147.060954884003,0.9979766486294748,-76.79456261034241,229.34329579960445,-63.296410209658376,82.85499483048764,1.0427167065055376,126.30294767055129,7.372715142262542,-0.866844100983034,0.0005733193542065614,-0.217537252578775,0.0096,False,False
0.481,101.00883930614371,4.547793033548242,89.62900558379825,1.781978021541039,78.46499099676862,-6.329771055089192,10,18.0,0.001,1921.3139119042005,-2644.4590932260426,1.0057663356823354,-53.28527033496211,231.13427962790942,63.2732118352813,-47.57946597622292,0.7915462497593198,-35.87060433303444,5.5979035890835664,0.9208266426734221,-0.0011686789458075723,0.14096419437108823,0.00962,False,False,1818.3305371737358,-2695.785113028927,1.0005234190414363,-55.07378637027551,229.93024287864907,22.52911390955709,-11.660565560402537,0.2540814413994005,-25.918242226637464,1.7937805924056658,1.1339184252594956,0.004025572292266996,0.30329273348431307,0.00962,False,False,1718.7424397940254,-2750.56243999526,0.9979900727248411,-58.811525915260184,229.34329411018098,-85.80232574483841,59.240031536624876,1.0429609456505684,144.4209841857021,7.372726917390768,-0.866844100983034,0.002999058258477644,-0.099640521521162,0.00962,False,False
0.482,192.13013380451136,6.327620958858161,181.83274669719165,2.2526829379438196,171.87409836276677,-8.580303896802095,10,36.0,0.001,2644.459093261723,-1921.3119947876203,1.0057858805995177,-34.411489269046,231.13419994939517,74.87998135733542,-25.698030326877195,0.790983800469082,-17.68238509515363,5.597946217478334,0.9208266426734221,-0.006853457502208568,0.3288353432762377,0.00964,False,False,2562.378079459892,-2001.949103801838,1.0004955203771317,-36.9418351384929,229.93022459334858,25.029224971673973,-4.128156025275605,0.2535958264166268,-8.301504478459057,1.793744372606765,1.1339184252594956,-0.0007793550046377086,-0.07939071419722761,0.00964,False,False,2484.5915295073346,-2084.8197760332755,0.9979696751032835,-40.68718467651217,229.3432860041801,-99.90920632900934,29.826186352152213,1.0428994462359424,162.39715483674624,7.372737246642481,-0.866844100983034,0.0023694563443567894,-0.12354529204555101,0.00964,False,False
0.483,264.4443106258024,7.488011015857264,256.23741049865055,2.5029152707802877,248.45896076591117,-9.990926286637523,10,54.0,0.001,3108.745601153191,-1010.0943071029747,1.0057375788491587,-17.119607036787308,231.13404900545433,79.15646487720703,-1.3010136032679105,0.791370643387139,-0.1598737183365623,5.5979632761623215,0.9208266426734221,-0.0030091529438890686,-0.14873319995337544,0.00966,False,False,3055.602044922135,-1112.148569250539,1.000514083817653,-18.73789072936018,229.93018828568765,25.079695576646127,3.808286952038732,0.2543527464786124,9.479485170306166,1.7937309995179205,1.1339184252594956,0.006808758018833181,-0.2983506114094815,0.00966,False,False,3007.231408058766,-1215.0005232353647,0.997945140568094,-22.85609530064664,229.34326906492504,-104.23616045385288,-2.507273348771352,1.0434955245836535,-179.43397237099492,7.372741540908247,-0.866844100983034,0.008324166812579211,0.04529753756615815,0.00966,False,False
0.484,310.87277659641114,7.915371197542241,305.55975553728473,2.5081843061173243,300.72292086540295,-10.42355550365955,10,72.0,0.001,3268.7261182774764,-0.002509417620245813,1.0057680839265055,0.950623150972002,231.13384040762654,75.68405105680895,23.223272221997817,0.7914682745504513,18.227324847508466,5.597944246358068,0.9208266426734221,-0.002005929103502397,0.2384485671729129,0.00968,False,False,3249.7223052779673,-113.48342403536073,1.0005223536609336,-0.5869156643580206,229.93013666059454,22.675584375593964,11.372013856349845,0.25433705793570405,27.87516540112186,1.7937458375194824,1.1339184252594956,0.006630888486702525,0.09738158824596806,0.00968,False,False,3235.502476520584,-226.24867077983055,0.9979696883967815,-4.898791923173948,229.34324424975406,,,,,,-0.866844100983034,0.000766372676142976,-0.623412713923515,0.00968,True,False
0.485,326.8708180750593,7.567868578606794,324.9717740182161,2.2679741794360875,323.5500214853,-9.83584275804281,10,90.0,0.001,3108.740948413992,1010.0885260676389,1.0057753784930612,18.901168292876523,231.1336097892237,,,,,,0.9208266426734221,-0.0006311075439545252,-0.13806372641596776,0.0097,True,False,3125.7370954107714,896.2900140943999,1.0005033544917625,16.85687762838075,229.93007827372548,,,,,,1.1339184252594956,0.005641311180517202,-0.02982827248151128,0.0097,True,False,3147.0600107102837,784.6498520976002,0.9979645676531802,12.945993030222422,229.3432155243381,-82.85487770887008,-63.2968181446797,1.0426170176548015,-143.1126526606866,7.372726072285769,-0.866844100983034,-0.00043902654024021787,0.36654521132106677,0.0097,False,False
0.486,310.8724664388032,6.47952420733964,312.57329016014785,1.8057943805978653,314.7057908167468,-8.285318587937502,10,108.0,0.001,2644.450866109601,1921.3041004158101,1.0057403664057063,36.55734435603313,231.1334011944447,47.57763437719976,63.27317237969379,0.7911003756574356,54.006175660264205,5.597823521655958,0.9208266426734221,-0.0055141875226221776,0.01660185647766048,0.00972,False,False,2695.7830308491375,1818.3280952755708,1.0005389122673471,35.258393124270256,229.9300242626292,11.661988247686287,22.529161002145948,0.25426557196096344,63.76789479220403,1.7938297931378366,1.1339184252594956,0.0057972975651821145,-0.007865520285694825,0.00972,False,False,2750.561414714031,1718.7412580736063,0.997984985445488,31.029737249465885,229.34318834792208,-59.23962262488543,-85.8023333818398,1.0425021585805372,-125.44017277636654,7.37271093374317,-0.866844100983034,-0.001566208150625828,0.03891521967916319,0.00972,False,False
0.487,264.443782954172,4.756882392258673,269.5779618726852,1.1668788672401347,275.0559677106559,-5.923761259498615,10,126.0,0.001,1921.304100465383,2644.44822755556,1.0057504583465084,54.72392249755477,231.13325025498648,,,,,,0.9208266426734221,-0.005562462357620426,-0.2846836587161511,0.00974,True,False,2001.9470835132977,2562.3753417028774,1.0005220083670334,53.18298416200657,229.92998409248779,4.130415170870772,25.030614980173528,0.2534416051524423,81.83167966026052,1.7938673526343119,1.1339184252594956,-0.0024954876693400662,0.058216782549260264,0.00974,False,False,2084.818770006329,2484.5901875552695,0.9979905707453632,49.209174452287876,229.34316758807782,-29.825525788650715,-99.90881308173769,1.0433961772596438,-107.61016053528239,7.372697240485015,-0.866844100983034,0.007393343831837632,-0.1312466704828123,0.00974,False,False
0.488,192.12955874069212,2.5685804654500837,200.19447868846285,0.4137589756901171,208.4817567421577,-2.9823394411400943,10,144.0,0.001,1010.0875183154694,3108.7347448482255,1.0057447546034577,73.18892362960894,231.13317058011455,1.2972915358337915,79.15311229457308,0.7924309930277634,89.91302261831785,5.597721925590017,0.9208266426734221,0.007935664714995027,-0.07859051771380064,0.00976,False,False,1112.1468085800598,3055.5992793304263,1.0005493425802194,70.90683483557162,229.9299619414511,-3.8054123481108793,25.08229267691581,0.2535397767900048,99.85045838494734,1.793882060044109,1.1339184252594956,-0.0015345707121181928,0.07982178569387788,0.00976,False,False,1214.9996349393657,3007.230037235028,0.9979843988183015,67.25796230848174,229.3431556614605,2.5081208122776415,-104.23540497148853,1.0432062216795817,-89.40060163934423,7.372689576938391,-0.866844100983034,0.00550462592278761,0.07809272462313943,0.00976,False,False
0.489,101.00843620090428,0.12884009859261542,111.21458520017593,-0.3798565872685894,121.49990850925289,0.2510164886759312,10,162.0,0.001,-0.002509322925561719,3268.716334056455,1.005774170907603,90.9669234513733,231.13314855872324,-23.227432340150187,75.67945724840118,0.7922181333505913,107.8324397065159,5.597720010204528,0.9208266426734221,0.0058097767074097705,-0.16039037655506608,0.00978,False,False,113.48209525837576,3249.7197825448416,1.0005020420347617,89.31664521748877,229.92995510597922,-11.368805083836552,22.679134552693803,0.25331189119917846,117.72889082001343,1.793868547432417,1.1339184252594956,-0.0037943169016630917,-0.038920611334679146,0.00978,False,False,226.24798716678464,3235.5012110108073,0.9979630748307785,84.96564485875908,229.34315161074048,34.5962374239872,-98.35859180109443,1.0425135517202282,-71.67621707193702,7.372690223043151,-0.866844100983034,-0.0014229874008614774,-0.1977513652438448,0.00978,False,False
0.49,-3.844906167540952e-12,-2.323503717369748,11.348257208065954,-1.1362957000550882,22.624814387802854,3.4597994174247857,10,180.0,0.001,-1010.091283522344,3108.7331940013682,1.0057661527161454,108.9767768957833,231.13314855872324,-45.47825628666906,64.79730922968197,0.7912336318408271,125.89229622879354,5.597750922595155,0.9208266426734221,-0.004078955112303445,-0.10158472862021384,0.0098,False,False,-896.2907810104184,3125.735062403438,1.0005196382711083,107.1842611123157,229.9299550348159,-17.81952393426127,18.05633895683919,0.2529538827386361,135.6315071108,1.7938322242729094,1.1339184252594956,-0.007323032802282906,-0.13400983973599453,0.0098,False,False,-784.6502641117909,3147.058974390758,0.9979708790904027,102.94077732186518,229.3431514702817,63.297780220930605,-82.85364818652052,1.0433299170528954,-53.38356322212908,7.372698284452223,-0.866844100983034,0.006729265371768666,0.09470437442415743,0.0098,False,False
0.491,-101.00833542847099,-4.548383091461998,-89.62889177532736,-1.7815246912508655,-78.46494161850244,6.329907782712837,10,198.0,0.001,-1921.3043267020435,2644.4459005250146,1.0057712538598649,126.79098654141053,231.13312653758166,-63.27698394210769,47.57198448629208,0.792061879306086,143.6824675660222,5.597798855252736,0.9208266426734221,0.00413573252585299,-0.312132405988048,0.00982,False,False,-1818.3282253831724,2695.781686451038,1.000537654725754,125.37516243285735,229.92995059615347,-22.526228082409357,11.666343135348594,0.2527135720937774,153.82440419340685,1.7937872139309379,1.1339184252594956,-0.009662485014806694,0.0603240538879424,0.00982,False,False,-1718.741358159216,2750.5607090258814,0.9979834817356197,120.96744528435535,229.34314978088995,85.80321202451694,-59.23832762164003,1.0426503420487792,-35.50012462007303,7.372710035371311,-0.866844100983034,-8.31029785379191e-05,-0.021996557086265578,0.00982,False,False
0.492,-192.12917537958225,-6.3279982572188835,-181.83251583472978,-2.2523941101168403,-171.87399020204074,8.580392367335707,10,216.0,0.001,-2644.445900561427,1921.3024097290258,1.0057632047968792,144.84352336672328,231.13304686507618,-74.88125713653308,25.689749297044532,0.7915704180379393,161.96229325749388,5.597841498869268,0.9208266426734221,-0.000839187336463252,-0.032654855614680144,0.00984,False,False,-2562.374822398937,2001.946559167885,1.0005342607777292,143.50704970165452,229.92993232970034,-25.02826519387879,4.134542777788754,0.25392768653179665,171.9221161304296,1.7937509618066965,1.1339184252594956,0.0025299276111529416,0.15861570104944192,0.00984,False,False,-2484.5899659164224,2084.818464025847,0.9979862853644936,139.18645260503428,229.3431416750418,99.90952233041148,-29.824292074832737,1.0420365871622042,-17.527339676140553,7.372720342606221,-0.866844100983034,-0.006235228475687722,-0.0492869145561419,0.00984,False,False
0.493,-264.44299147723314,-7.4881386110074315,-256.2370852024964,-2.5028192498335873,-248.45880441047177,9.990957860841023,10,234.0,0.001,-3108.7300923932507,1010.0892678775142,1.0057587911122048,162.48859074599417,231.13289593254223,-79.15511932052809,1.2927436110884654,0.7910746933439069,179.84184128840985,5.597858564081022,0.9208266426734221,-0.005820568130693684,-0.15318674845845204,0.00986,False,False,-3055.5981615768324,1112.1471554394388,1.0005297183895407,160.96379548146055,229.92989605947022,-25.08075615874417,-3.801916127048723,0.2529104742496852,-170.262370437243,1.7937375724050282,1.1339184252594956,-0.007623259736530031,-0.025820215074910582,0.00986,False,False,-3007.2295155684615,1214.9997586164902,0.9979410301032596,156.93028201509713,229.3431247361064,104.23587547927171,2.5091725159606675,1.0435610489950415,0.5236978193181178,7.372724626501755,-0.866844100983034,0.009003331509519898,0.0017206429540448515,0.00986,False,False
0.494,-310.8712258562345,-7.915236587074647,-305.5593676659165,-2.5082905272441383,-300.72273162055546,10.423527114318784,10,252.0,0.001,-3268.7098115873705,0.0025092272052376074,1.005764797811239,180.84915887405475,231.13268735051128,-75.68021574852362,-23.23072163916622,0.7910687264299229,-161.83247810239854,5.5978395312921885,0.9208266426734221,-0.005853320842433722,0.17247704227773253,0.00988,False,False,-3249.718175867373,113.48327919323312,1.0005310823210083,179.0179925297977,229.92984448760905,-22.678561866515253,-11.366282619981297,0.25346769884252957,-151.9892603594604,1.7937524201107695,1.1339184252594956,-0.0020720116349165893,0.2473417548373635,0.00988,False,False,-3235.500440381927,226.24852839352224,0.9979741591815108,175.0008844187017,229.3430999214046,98.35877761503824,34.59700425914774,1.0424197538969746,18.579472030185823,7.37272060966372,-0.866844100983034,-0.0024039388043208963,0.057474102384917694,0.00988,False,False
0.495,-326.8691875429648,-7.567484926412454,-324.9713615482134,-2.2682722814995704,-323.5498178757474,9.835757207912057,10,270.0,0.001,-3108.725440006655,-1010.0834872808523,1.005751043076159,-161.12540138617362,231.13245674960945,-64.79674489374929,-45.4799649131359,0.7918414373148963,-143.56229978972635,5.597787668948198,0.9208266426734221,0.0019471324375493907,0.44247241075916854,0.0099,False,False,-3125.733124159631,-896.2888760527117,1.0005048753096881,-162.77947845312886,229.92978616095567,-18.056786341919242,-17.818222338085185,0.2545011242413556,-134.33483485600678,1.7937900940287845,1.1339184252594956,0.008208963387539433,-0.097649635786206,0.0099,False,False,-3147.058030234899,-784.6493583159644,0.9979564393452719,-166.43294094545183,229.34307119653317,82.85353123566799,63.29818725122115,1.0429830981104435,36.64555988714667,7.372709185743889,-0.866844100983034,0.003245659192728493,0.12351073192684248,0.0099,False,False
0.496,-310.87091572265746,-6.47892905627864,-312.5728934678717,-1.806255216776611,-314.70559277322707,8.285184273055371,10,288.0,0.001,-2644.4376740328307,-1921.294515956271,1.0057235813275847,-143.21687312086289,231.13224817069352,-47.57015249084742,-63.276944562923404,0.7910152787294533,-125.8228127729227,5.597718785908131,0.9208266426734221,-0.006217038087402062,0.18144455644314844,0.00992,False,False,-2695.7796064186296,-1818.3257860028057,1.0005287363464213,-144.8578108549778,229.929732205573,-11.667766983559572,-22.52627499558954,0.254206010053801,-116.57051334038331,1.793836463504359,1.1339184252594956,0.005192245170755782,-0.33188664843676274,0.00992,False,False,-2750.559683764086,-1718.7401764611388,0.9979858597121604,-148.82518317729455,229.34304402063356,59.237919474406596,85.80321955851286,1.0426255757523404,54.42071917068215,7.372694076883512,-0.866844100983034,-0.0003081972330459689,-0.10143968788230893,0.00992,False,False
0.497,-264.442463846476,-4.756133990344576,-269.57761978186875,-1.1674573548462255,-275.05579461898606,5.923591345190797,10,306.0,0.001,-1921.2945160069085,-2644.435035679079,1.0057616744315612,-124.90504926272475,231.1320972427373,-25.686828910650654,-74.87947351996822,0.7914589622316703,-107.95612570261302,5.597655193968569,0.9208266426734221,-0.0016902704818450207,0.04724579425551496,0.009940000000000001,False,False,-2001.944540963245,-2562.3720874652086,1.0005102106453783,-126.82213090367927,229.9296920768754,-4.136803884167419,-25.029656272084225,0.2527494383363743,-98.16928879914691,1.7938740751161268,1.1339184252594956,-0.009426662854975891,0.07163708792055827,0.009940000000000001,False,False,-2084.8174580180007,-2484.5886239897695,0.9979547230868966,-130.98664568092286,229.3430232611842,29.823632794817847,99.9091297920523,1.0426097635504188,72.22507323876411,7.372680411114158,-0.866844100983034,-0.0004469929359009631,-0.29725944799453097,0.009940000000000001,False,False
0.498,-192.12860036032038,-2.5677520650573173,-200.1942246706028,-0.41439850652119226,-208.48162554563635,2.9821505715785457,10,324.0,0.001,-1010.0824796070315,-3108.719236912824,1.005756632324659,-107.2103481324885,231.13201757394992,-1.2890206521248375,-79.15176597582256,0.7909713138135709,-90.3538355819449,5.597617185612546,0.9208266426734221,-0.006513002730268499,-0.3516182163932487,0.00996,False,False,-1112.1453965853757,-3055.595398837565,1.0005242520045445,-108.83763828958367,229.92966994869695,3.799038954699406,-25.083355472627062,0.25318713380683233,-80.23041106471344,1.7938888186639292,1.1339184252594956,-0.005070558675655346,0.013343568465967712,0.00996,False,False,-1214.9988703373947,-3007.228144770729,0.9979893669162805,-112.75758024940244,229.34301133479462,-2.5100183025746254,104.23512144844945,1.042560127760805,90.51679571962946,7.372672763405503,-0.866844100983034,-0.0009325353387399206,-0.005756069380068871,0.00996,False,False
0.499,-101.0079323544502,-0.12801278662526533,-111.21444409951353,0.37921860750129716,-121.49983205010867,-0.25120582087613164,10,342.0,0.001,0.002509130496022749,-3268.7000281107275,1.0057191744589589,-88.96961502142719,231.13199555424353,23.23488277558414,-75.67562085187521,0.7906335561390654,-72.08235100131277,5.597615281935651,0.9208266426734221,-0.00988788726963977,-0.0813509062449546,0.009980000000000001,False,False,-113.48195178729843,-3249.715655736608,1.0005276186673455,-90.97134155921952,229.92966312027974,11.36307092300985,-22.68211518403023,0.25317572461808385,-62.18362795490537,1.793875316212036,1.1339184252594956,-0.005165555212547205,0.062954587700552,0.009980000000000001,False,False,-226.2478447934988,-3235.499174896202,0.997974123920502,-94.6499390128499,229.34300728415184,-34.597953698593926,98.35773603590528,1.0430336444766335,108.74774919494905,7.372673408689302,-0.866844100983034,0.0038017192504474547,0.22496917137704667,0.009980000000000001,False,False
