sample_index,time_s,initial_chi_square,theoretical_threshold,operating_threshold,initial_status,pmu_screen_candidate,pmu_screened,pmu_screen_energy,pmu_screen_share,pmu_screen_threshold,detected_pmu,pmu_isolated,corrected_chi_square,corrected_theoretical_threshold,corrected_operating_threshold,corrected_status,chi_square_reduction,correction_candidate,active_measurements,actual_faulty_pmu,actual_fault_type,actual_fault_detail,truth_window_start,truth_window_end,truth_window_t0_s,truth_window_t1_s
19,0.019,3.244717786038627,12.591587243743977,5782.822297849418,PASS,False,PMU3,1.881409223431998,0.5798375536779581,9.487729036781154,,,3.244717786038627,12.591587243743977,5782.822297849418,PASS,0.0,,12,,,,0,19,0.0,0.019
39,0.039,4.993843949003925,12.591587243743977,5782.822297849418,PASS,False,PMU3,3.273897494956013,0.655586663978362,9.487729036781154,,,4.993843949003925,12.591587243743977,5782.822297849418,PASS,0.0,,12,,,,20,39,0.02,0.039
59,0.059,3.176837692046839,12.591587243743977,5782.822297849418,PASS,False,PMU3,2.073114382532842,0.6525717028990339,9.487729036781154,,,3.176837692046839,12.591587243743977,5782.822297849418,PASS,0.0,,12,,,,40,59,0.04,0.059
79,0.079,2.6600875018632157,12.591587243743977,5782.822297849418,PASS,False,PMU3,1.7388532536920172,0.6536827275321075,9.487729036781154,,,2.6600875018632157,12.591587243743977,5782.822297849418,PASS,0.0,,12,,,,60,79,0.06,0.079
99,0.099,3.2156202627499475,12.591587243743977,5782.822297849418,PASS,False,PMU3,2.0753307957725498,0.6453905082678387,9.487729036781154,,,3.2156202627499475,12.591587243743977,5782.822297849418,PASS,0.0,,12,,,,80,99,0.08,0.099
119,0.119,5.114787621414075,12.591587243743977,5782.822297849418,PASS,False,PMU3,3.307780593976869,0.6467092749126452,9.487729036781154,,,5.114787621414075,12.591587243743977,5782.822297849418,PASS,0.0,,12,,,,100,119,0.1,0.119
139,0.139,3.1340797844646655,12.591587243743977,5782.822297849418,PASS,False,PMU3,1.7029557693787059,0.5433670763010231,9.487729036781154,,,3.1340797844646655,12.591587243743977,5782.822297849418,PASS,0.0,,12,,,,120,139,0.12,0.139
159,0.159,3.2344673003014908,12.591587243743977,5782.822297849418,PASS,False,PMU3,2.075369296986972,0.6416417617805328,9.487729036781154,,,3.2344673003014908,12.591587243743977,5782.822297849418,PASS,0.0,,12,,,,140,159,0.14,0.159
179,0.179,2.0676251673038077,12.591587243743977,5782.822297849418,PASS,False,PMU3,1.354235706944716,0.6549715723912597,9.487729036781154,,,2.0676251673038077,12.591587243743977,5782.822297849418,PASS,0.0,,12,,,,160,179,0.16,0.179
199,0.199,2.0685375144799623,12.591587243743977,5782.822297849418,PASS,False,PMU3,1.356402190277438,0.6557300415305459,9.487729036781154,,,2.0685375144799623,12.591587243743977,5782.822297849418,PASS,0.0,,12,,,,180,199,0.18,0.199
219,0.219,2.4726182372072256,12.591587243743977,5782.822297849418,PASS,False,PMU3,1.619974629144383,0.6551656882439373,9.487729036781154,,,2.4726182372072256,12.591587243743977,5782.822297849418,PASS,0.0,,12,,,,200,219,0.2,0.219
239,0.239,4.026896692273594,12.591587243743977,5782.822297849418,PASS,False,PMU3,2.615815499796539,0.6495859466212539,9.487729036781154,,,4.026896692273594,12.591587243743977,5782.822297849418,PASS,0.0,,12,,,,220,239,0.22,0.239
259,0.259,3.3802063225543764,12.591587243743977,5782.822297849418,PASS,False,PMU3,1.8075527698383416,0.5347462839109769,9.487729036781154,,,3.3802063225543764,12.591587243743977,5782.822297849418,PASS,0.0,,12,,,,240,259,0.24,0.259
279,0.279,3.3939416970761673,12.591587243743977,5782.822297849418,PASS,False,PMU3,2.218184965575121,0.6535719124126546,9.487729036781154,,,3.3939416970761673,12.591587243743977,5782.822297849418,PASS,0.0,,12,,,,260,279,0.26,0.279
299,0.299,1.645199220109297,12.591587243743977,5782.822297849418,PASS,False,PMU3,0.980422653133891,0.5959294419485306,9.487729036781154,,,1.645199220109297,12.591587243743977,5782.822297849418,PASS,0.0,,12,,,,280,299,0.28,0.299
319,0.319,4.176330416441546,12.591587243743977,5782.822297849418,PASS,False,PMU3,2.3064923584249994,0.5522772693809636,9.487729036781154,,,4.176330416441546,12.591587243743977,5782.822297849418,PASS,0.0,,12,,,,300,319,0.3,0.319
339,0.339,4.151236808595673,12.591587243743977,5782.822297849418,PASS,False,PMU3,2.684683799253358,0.6467190196652652,9.487729036781154,,,4.151236808595673,12.591587243743977,5782.822297849418,PASS,0.0,,12,,,,320,339,0.32,0.339
359,0.359,3.280236529162694,12.591587243743977,5782.822297849418,PASS,False,PMU3,2.1239130320988036,0.6474877690118734,9.487729036781154,,,3.280236529162694,12.591587243743977,5782.822297849418,PASS,0.0,,12,,,,340,359,0.34,0.359
379,0.379,4.390775158438152,12.591587243743977,5782.822297849418,PASS,False,PMU3,2.8648409846371394,0.6524681590974919,9.487729036781154,,,4.390775158438152,12.591587243743977,5782.822297849418,PASS,0.0,,12,,,,360,379,0.36,0.379
399,0.399,4.840467668693685,12.591587243743977,5782.822297849418,PASS,False,PMU3,3.0711462333459796,0.6344730392910157,9.487729036781154,,,4.840467668693685,12.591587243743977,5782.822297849418,PASS,0.0,,12,,,,380,399,0.38,0.399
419,0.419,2.9621785338447126,12.591587243743977,5782.822297849418,PASS,False,PMU3,1.939915517487014,0.6548948671804503,9.487729036781154,,,2.9621785338447126,12.591587243743977,5782.822297849418,PASS,0.0,,12,,,,400,419,0.4,0.419
439,0.439,3.6396113722733885,12.591587243743977,5782.822297849418,PASS,False,PMU3,2.3856366448358335,0.6554646638950652,9.487729036781154,,,3.6396113722733885,12.591587243743977,5782.822297849418,PASS,0.0,,12,,,,420,439,0.42,0.439
459,0.459,2.9160975002569685,12.591587243743977,5782.822297849418,PASS,False,PMU3,1.6171695622786468,0.5545663552525733,9.487729036781154,,,2.9160975002569685,12.591587243743977,5782.822297849418,PASS,0.0,,12,,,,440,459,0.44,0.459
479,0.479,3.493021614053951,12.591587243743977,5782.822297849418,PASS,False,PMU3,2.253870443077406,0.6452494980303302,9.487729036781154,,,3.493021614053951,12.591587243743977,5782.822297849418,PASS,0.0,,12,,,,460,479,0.46,0.479
499,0.499,4.530362033211202,12.591587243743977,5782.822297849418,PASS,False,PMU3,2.5559199243484687,0.5641756454807624,9.487729036781154,,,4.530362033211202,12.591587243743977,5782.822297849418,PASS,0.0,,12,,,,480,499,0.48,0.499
519,0.519,1.7627254164846005,12.591587243743977,5782.822297849418,PASS,False,PMU3,1.068457594645265,0.6061395522259433,9.487729036781154,,,1.7627254164846005,12.591587243743977,5782.822297849418,PASS,0.0,,12,,,,500,519,0.5,0.519
539,0.539,2.6373711711466026,12.591587243743977,5782.822297849418,PASS,False,PMU3,1.6891633358013463,0.64047235909801,9.487729036781154,,,2.6373711711466026,12.591587243743977,5782.822297849418,PASS,0.0,,12,,,,520,539,0.52,0.539
559,0.559,2.531887212794607,12.591587243743977,5782.822297849418,PASS,False,PMU3,1.6329515273696367,0.6449542930339472,9.487729036781154,,,2.531887212794607,12.591587243743977,5782.822297849418,PASS,0.0,,12,,,,540,559,0.54,0.559
579,0.579,4.417221338975431,12.591587243743977,5782.822297849418,PASS,False,PMU3,2.817229549508395,0.6377831974708897,9.487729036781154,,,4.417221338975431,12.591587243743977,5782.822297849418,PASS,0.0,,12,,,,560,579,0.56,0.579
599,0.599,2.7102374901422075,12.591587243743977,5782.822297849418,PASS,False,PMU3,1.7324684639586798,0.6392312372107938,9.487729036781154,,,2.7102374901422075,12.591587243743977,5782.822297849418,PASS,0.0,,12,,,,580,599,0.58,0.599
619,0.619,2.473023620418649,12.591587243743977,5782.822297849418,PASS,False,PMU3,1.6214158611082794,0.6556410734296975,9.487729036781154,,,2.473023620418649,12.591587243743977,5782.822297849418,PASS,0.0,,12,,,,600,619,0.6,0.619
639,0.639,2.185054983880915,12.591587243743977,5782.822297849418,PASS,False,PMU3,1.4243468586803358,0.6518585890001395,9.487729036781154,,,2.185054983880915,12.591587243743977,5782.822297849418,PASS,0.0,,12,,,,620,639,0.62,0.639
659,0.659,2.2899449168251693,12.591587243743977,5782.822297849418,PASS,False,PMU3,1.4470112702941917,0.6318978503205048,9.487729036781154,,,2.2899449168251693,12.591587243743977,5782.822297849418,PASS,0.0,,12,,,,640,659,0.64,0.659
679,0.679,3.3179611880310333,12.591587243743977,5782.822297849418,PASS,False,PMU3,2.1218844557182757,0.6395145498906389,9.487729036781154,,,3.3179611880310333,12.591587243743977,5782.822297849418,PASS,0.0,,12,,,,660,679,0.66,0.679
699,0.6990000000000001,4.259028664838648,12.591587243743977,5782.822297849418,PASS,False,PMU3,2.790389897853907,0.6551704901379479,9.487729036781154,,,4.259028664838648,12.591587243743977,5782.822297849418,PASS,0.0,,12,,,,680,699,0.68,0.6990000000000001
719,0.719,5.178457805149553,12.591587243743977,5782.822297849418,PASS,False,PMU3,3.3895897337893435,0.6545558274934044,9.487729036781154,,,5.178457805149553,12.591587243743977,5782.822297849418,PASS,0.0,,12,,,,700,719,0.7000000000000001,0.719
739,0.739,3.835633736341532,12.591587243743977,5782.822297849418,PASS,False,PMU3,2.457877565469527,0.6408009039501976,9.487729036781154,,,3.835633736341532,12.591587243743977,5782.822297849418,PASS,0.0,,12,,,,720,739,0.72,0.739
759,0.759,1.77392537424955,12.591587243743977,5782.822297849418,PASS,False,PMU3,1.1595484360261692,0.6536624667859606,9.487729036781154,,,1.77392537424955,12.591587243743977,5782.822297849418,PASS,0.0,,12,,,,740,759,0.74,0.759
779,0.779,3.2155126621537264,12.591587243743977,5782.822297849418,PASS,False,PMU3,1.908445449562658,0.5935120306086419,9.487729036781154,,,3.2155126621537264,12.591587243743977,5782.822297849418,PASS,0.0,,12,,,,760,779,0.76,0.779
799,0.799,3.1128694344781436,12.591587243743977,5782.822297849418,PASS,False,PMU3,2.036168488503228,0.6541130398694609,9.487729036781154,,,3.1128694344781436,12.591587243743977,5782.822297849418,PASS,0.0,,12,,,,780,799,0.78,0.799
819,0.8190000000000001,3.961115506296272,12.591587243743977,5782.822297849418,PASS,False,PMU3,2.331802845293373,0.5886732769056913,9.487729036781154,,,3.961115506296272,12.591587243743977,5782.822297849418,PASS,0.0,,12,,,,800,819,0.8,0.8190000000000001
839,0.839,3.9035563484182596,12.591587243743977,5782.822297849418,PASS,False,PMU3,2.559340608926202,0.6556433109933867,9.487729036781154,,,3.9035563484182596,12.591587243743977,5782.822297849418,PASS,0.0,,12,,,,820,839,0.8200000000000001,0.839
859,0.859,3.055622562471899,12.591587243743977,5782.822297849418,PASS,False,PMU3,1.9685978776806394,0.6442542681345134,9.487729036781154,,,3.055622562471899,12.591587243743977,5782.822297849418,PASS,0.0,,12,,,,840,859,0.84,0.859
879,0.879,5.883691267200147,12.591587243743977,5782.822297849418,PASS,False,PMU3,3.7774334886585765,0.6420176241599657,9.487729036781154,,,5.883691267200147,12.591587243743977,5782.822297849418,PASS,0.0,,12,,,,860,879,0.86,0.879
899,0.899,1.568289617034976,12.591587243743977,5782.822297849418,PASS,False,PMU3,1.0054114910184684,0.6410878960732452,9.487729036781154,,,1.568289617034976,12.591587243743977,5782.822297849418,PASS,0.0,,12,,,,880,899,0.88,0.899
919,0.919,6.013822517781002,12.591587243743977,5782.822297849418,PASS,False,PMU3,3.7152449612014866,0.6177842711880278,9.487729036781154,,,6.013822517781002,12.591587243743977,5782.822297849418,PASS,0.0,,12,,,,900,919,0.9,0.919
939,0.939,1.537608951263823,12.591587243743977,5782.822297849418,PASS,False,PMU3,1.0068103460244624,0.6547895973140142,9.487729036781154,,,1.537608951263823,12.591587243743977,5782.822297849418,PASS,0.0,,12,,,,920,939,0.92,0.939
959,0.959,1.6866068751038301,12.591587243743977,5782.822297849418,PASS,False,PMU3,0.9355125793581244,0.5546713897395519,9.487729036781154,,,1.6866068751038301,12.591587243743977,5782.822297849418,PASS,0.0,,12,,,,940,959,0.94,0.959
979,0.979,3.5189934702140087,12.591587243743977,5782.822297849418,PASS,False,PMU3,2.2199458671289842,0.630846827628236,9.487729036781154,,,3.5189934702140087,12.591587243743977,5782.822297849418,PASS,0.0,,12,,,,960,979,0.96,0.979
999,0.999,2.722439206992422,12.591587243743977,5782.822297849418,PASS,False,PMU3,1.7328995419204407,0.6365246053868135,9.487729036781154,,,2.722439206992422,12.591587243743977,5782.822297849418,PASS,0.0,,12,,,,980,999,0.98,0.999
1019,1.019,4.023894924093034,12.591587243743977,5782.822297849418,PASS,False,PMU3,2.5283705100053844,0.6283390987341119,9.487729036781154,,,4.023894924093034,12.591587243743977,5782.822297849418,PASS,0.0,,12,,,,1000,1019,1.0,1.019
1039,1.039,2.6336802492852405,12.591587243743977,5782.822297849418,PASS,False,PMU3,1.7337705840240198,0.6583071671265147,9.487729036781154,,,2.6336802492852405,12.591587243743977,5782.822297849418,PASS,0.0,,12,,,,1020,1039,1.02,1.039
1059,1.059,2.0489152050548527,12.591587243743977,5782.822297849418,PASS,False,PMU3,1.2252452399973839,0.5979970459365996,9.487729036781154,,,2.0489152050548527,12.591587243743977,5782.822297849418,PASS,0.0,,12,,,,1040,1059,1.04,1.059
1079,1.079,3.328332993869545,12.591587243743977,5782.822297849418,PASS,False,PMU3,2.1805367625697314,0.65514381120701,9.487729036781154,,,3.328332993869545,12.591587243743977,5782.822297849418,PASS,0.0,,12,,,,1060,1079,1.06,1.079
1099,1.099,4.441307429475229,12.591587243743977,5782.822297849418,PASS,False,PMU3,2.6785533772434804,0.6031001951062798,9.487729036781154,,,4.441307429475229,12.591587243743977,5782.822297849418,PASS,0.0,,12,,,,1080,1099,1.08,1.099
1119,1.119,5.151725938606416,12.591587243743977,5782.822297849418,PASS,False,PMU3,3.320445360045915,0.6445306678996443,9.487729036781154,,,5.151725938606416,12.591587243743977,5782.822297849418,PASS,0.0,,12,,,,1100,1119,1.1,1.119
1139,1.139,3.0510588010973465,12.591587243743977,5782.822297849418,PASS,False,PMU3,1.9569168858660642,0.6413894367300419,9.487729036781154,,,3.0510588010973465,12.591587243743977,5782.822297849418,PASS,0.0,,12,,,,1120,1139,1.12,1.139
1159,1.159,2.156770763344867,12.591587243743977,5782.822297849418,PASS,False,PMU3,1.2774635434744932,0.5923038114135579,9.487729036781154,,,2.156770763344867,12.591587243743977,5782.822297849418,PASS,0.0,,12,,,,1140,1159,1.14,1.159
1179,1.179,3.2861890612404125,12.591587243743977,5782.822297849418,PASS,False,PMU3,2.001630197092676,0.6091037855068315,9.487729036781154,,,3.2861890612404125,12.591587243743977,5782.822297849418,PASS,0.0,,12,,,,1160,1179,1.16,1.179
1199,1.199,4.306159071290137,12.591587243743977,5782.822297849418,PASS,False,PMU3,2.814121517703712,0.6535108134917537,9.487729036781154,,,4.306159071290137,12.591587243743977,5782.822297849418,PASS,0.0,,12,,,,1180,1199,1.18,1.199
1219,1.219,4.028157318123085,12.591587243743977,5782.822297849418,PASS,False,PMU3,2.625523423541409,0.6517926724780371,9.487729036781154,,,4.028157318123085,12.591587243743977,5782.822297849418,PASS,0.0,,12,,,,1200,1219,1.2,1.219
1239,1.239,2.964569927634706,12.591587243743977,5782.822297849418,PASS,False,PMU3,1.941551359232328,0.6549183883752752,9.487729036781154,,,2.964569927634706,12.591587243743977,5782.822297849418,PASS,0.0,,12,,,,1220,1239,1.22,1.239
1259,1.259,2.477908391647364,12.591587243743977,5782.822297849418,PASS,False,PMU3,1.6222229651127094,0.6546743094219971,9.487729036781154,,,2.477908391647364,12.591587243743977,5782.822297849418,PASS,0.0,,12,,,,1240,1259,1.24,1.259
1279,1.279,5.239946819455757,12.591587243743977,5782.822297849418,PASS,False,PMU3,3.340411915386139,0.6374896598154955,9.487729036781154,,,5.239946819455757,12.591587243743977,5782.822297849418,PASS,0.0,,12,,,,1260,1279,1.26,1.279
1299,1.299,3.398618356148266,12.591587243743977,5782.822297849418,PASS,False,PMU3,2.1695773847139557,0.63837040743015,9.487729036781154,,,3.398618356148266,12.591587243743977,5782.822297849418,PASS,0.0,,12,,,,1280,1299,1.28,1.299
1319,1.319,2.7953146655193812,12.591587243743977,5782.822297849418,PASS,False,PMU3,1.8148898873412893,0.6492613907579794,9.487729036781154,,,2.7953146655193812,12.591587243743977,5782.822297849418,PASS,0.0,,12,,,,1300,1319,1.3,1.319
1339,1.339,6.4881729489418545,12.591587243743977,5782.822297849418,PASS,False,PMU3,4.234173137378699,0.6525986854387479,9.487729036781154,,,6.4881729489418545,12.591587243743977,5782.822297849418,PASS,0.0,,12,,,,1320,1339,1.32,1.339
1359,1.359,2.061700462500251,12.591587243743977,5782.822297849418,PASS,False,PMU3,1.3470698342789207,0.653378053107342,9.487729036781154,,,2.061700462500251,12.591587243743977,5782.822297849418,PASS,0.0,,12,,,,1340,1359,1.34,1.359
1379,1.379,3.201801555401936,12.591587243743977,5782.822297849418,PASS,False,PMU3,1.9965277386733362,0.6235638605724593,9.487729036781154,,,3.201801555401936,12.591587243743977,5782.822297849418,PASS,0.0,,12,,,,1360,1379,1.36,1.379
1399,1.399,3.007372228156168,12.591587243743977,5782.822297849418,PASS,False,PMU3,1.9171922674017283,0.6374974968021059,9.487729036781154,,,3.007372228156168,12.591587243743977,5782.822297849418,PASS,0.0,,12,,,,1380,1399,1.38,1.399
1419,1.419,4.098424997503109,12.591587243743977,5782.822297849418,PASS,False,PMU3,2.6659612673239463,0.6504843370192536,9.487729036781154,,,4.098424997503109,12.591587243743977,5782.822297849418,PASS,0.0,,12,,,,1400,1419,1.4,1.419
1439,1.439,3.3713260829140492,12.591587243743977,5782.822297849418,PASS,False,PMU3,2.1650723302483046,0.6422019932218769,9.487729036781154,,,3.3713260829140492,12.591587243743977,5782.822297849418,PASS,0.0,,12,,,,1420,1439,1.42,1.439
1459,1.459,4.336429799996587,12.591587243743977,5782.822297849418,PASS,False,PMU3,2.621614372219548,0.6045559349817241,9.487729036781154,,,4.336429799996587,12.591587243743977,5782.822297849418,PASS,0.0,,12,,,,1440,1459,1.44,1.459
1479,1.479,4.023958896460956,12.591587243743977,5782.822297849418,PASS,False,PMU3,2.532126969316258,0.6292626327627865,9.487729036781154,,,4.023958896460956,12.591587243743977,5782.822297849418,PASS,0.0,,12,,,,1460,1479,1.46,1.479
1499,1.499,3.373629860893297,12.591587243743977,5782.822297849418,PASS,False,PMU3,1.8723675945254632,0.5550008956909348,9.487729036781154,,,3.373629860893297,12.591587243743977,5782.822297849418,PASS,0.0,,12,,,,1480,1499,1.48,1.499
1519,1.519,3.20265343668912,12.591587243743977,5782.822297849418,PASS,False,PMU3,1.9174746814582881,0.5987143846074583,9.487729036781154,,,3.20265343668912,12.591587243743977,5782.822297849418,PASS,0.0,,12,,,,1500,1519,1.5,1.519
1539,1.539,3.535794012078392,12.591587243743977,5782.822297849418,PASS,False,PMU3,2.272903601412197,0.6428269276003865,9.487729036781154,,,3.535794012078392,12.591587243743977,5782.822297849418,PASS,0.0,,12,,,,1520,1539,1.52,1.539
1559,1.559,2.179657193435806,12.591587243743977,5782.822297849418,PASS,False,PMU3,1.3485715924552082,0.6187081145221038,9.487729036781154,,,2.179657193435806,12.591587243743977,5782.822297849418,PASS,0.0,,12,,,,1540,1559,1.54,1.559
1579,1.579,3.7948193030436466,12.591587243743977,5782.822297849418,PASS,False,PMU3,2.4703737918308897,0.6509858822130262,9.487729036781154,,,3.7948193030436466,12.591587243743977,5782.822297849418,PASS,0.0,,12,,,,1560,1579,1.56,1.579
1599,1.599,3.3212455588491716,12.591587243743977,5782.822297849418,PASS,False,PMU3,2.1687621795203267,0.6529966366810328,9.487729036781154,,,3.3212455588491716,12.591587243743977,5782.822297849418,PASS,0.0,,12,,,,1580,1599,1.58,1.599
1619,1.619,2.6122845109126986,12.591587243743977,5782.822297849418,PASS,False,PMU3,1.713033126976681,0.6557605497489127,9.487729036781154,,,2.6122845109126986,12.591587243743977,5782.822297849418,PASS,0.0,,12,,,,1600,1619,1.6,1.619
1639,1.639,6.159410687777456,12.591587243743977,5782.822297849418,PASS,False,PMU3,4.038612692008836,0.6556816709791625,9.487729036781154,,,6.159410687777456,12.591587243743977,5782.822297849418,PASS,0.0,,12,,,,1620,1639,1.62,1.639
1659,1.659,3.8981765001353144,12.591587243743977,5782.822297849418,PASS,False,PMU3,1.9738254843914065,0.5063458476861913,9.487729036781154,,,3.8981765001353144,12.591587243743977,5782.822297849418,PASS,0.0,,12,,,,1640,1659,1.64,1.659
1679,1.679,2.340066077084468,12.591587243743977,5782.822297849418,PASS,False,PMU3,1.5253228946260433,0.6518289844731529,9.487729036781154,,,2.340066077084468,12.591587243743977,5782.822297849418,PASS,0.0,,12,,,,1660,1679,1.66,1.679
1699,1.699,2.0758363488126887,12.591587243743977,5782.822297849418,PASS,False,PMU3,1.3526733604702805,0.6516281311115715,9.487729036781154,,,2.0758363488126887,12.591587243743977,5782.822297849418,PASS,0.0,,12,,,,1680,1699,1.68,1.699
1719,1.719,2.388903142105455,12.591587243743977,5782.822297849418,PASS,False,PMU3,1.5578468862784576,0.6521180615575115,9.487729036781154,,,2.388903142105455,12.591587243743977,5782.822297849418,PASS,0.0,,12,,,,1700,1719,1.7,1.719
1739,1.739,2.0445409418352627,12.591587243743977,5782.822297849418,PASS,False,PMU3,1.3392662061272074,0.6550449436952961,9.487729036781154,,,2.0445409418352627,12.591587243743977,5782.822297849418,PASS,0.0,,12,,,,1720,1739,1.72,1.739
1759,1.759,3.0116652531098227,12.591587243743977,5782.822297849418,PASS,False,PMU3,1.8591086580729494,0.6173025558379199,9.487729036781154,,,3.0116652531098227,12.591587243743977,5782.822297849418,PASS,0.0,,12,,,,1740,1759,1.74,1.759
1779,1.779,2.6139169565285356,12.591587243743977,5782.822297849418,PASS,False,PMU3,1.7156861465817086,0.6563659730262662,9.487729036781154,,,2.6139169565285356,12.591587243743977,5782.822297849418,PASS,0.0,,12,,,,1760,1779,1.76,1.779
1799,1.799,3.072711277650799,12.591587243743977,5782.822297849418,PASS,False,PMU3,1.5865367973653892,0.5163312312826068,9.487729036781154,,,3.072711277650799,12.591587243743977,5782.822297849418,PASS,0.0,,12,,,,1780,1799,1.78,1.799
1819,1.819,2.412103340239335,12.591587243743977,5782.822297849418,PASS,False,PMU3,1.5377274848644662,0.6375048113452256,9.487729036781154,,,2.412103340239335,12.591587243743977,5782.822297849418,PASS,0.0,,12,,,,1800,1819,1.8,1.819
1839,1.839,3.6129388769828354,12.591587243743977,5782.822297849418,PASS,False,PMU3,2.3286410296292965,0.6445282106665319,9.487729036781154,,,3.6129388769828354,12.591587243743977,5782.822297849418,PASS,0.0,,12,,,,1820,1839,1.82,1.839
1859,1.859,4.970265381023744,12.591587243743977,5782.822297849418,PASS,False,PMU3,2.8531331690468216,0.5740404083733556,9.487729036781154,,,4.970265381023744,12.591587243743977,5782.822297849418,PASS,0.0,,12,,,,1840,1859,1.84,1.859
1879,1.879,4.3513796048195905,12.591587243743977,5782.822297849418,PASS,False,PMU3,2.8524226504972505,0.655521445965759,9.487729036781154,,,4.3513796048195905,12.591587243743977,5782.822297849418,PASS,0.0,,12,,,,1860,1879,1.86,1.879
1899,1.899,6.2157460101196635,12.591587243743977,5782.822297849418,PASS,False,PMU3,3.709222346309186,0.5967461251264636,9.487729036781154,,,6.2157460101196635,12.591587243743977,5782.822297849418,PASS,0.0,,12,,,,1880,1899,1.88,1.899
1919,1.919,4.545923393125149,12.591587243743977,5782.822297849418,PASS,False,PMU3,2.278646930350308,0.5012506224359898,9.487729036781154,,,4.545923393125149,12.591587243743977,5782.822297849418,PASS,0.0,,12,,,,1900,1919,1.9,1.919
1939,1.939,3.6746612168296755,12.591587243743977,5782.822297849418,PASS,False,PMU3,2.372066965336657,0.6455199065624788,9.487729036781154,,,3.6746612168296755,12.591587243743977,5782.822297849418,PASS,0.0,,12,,,,1920,1939,1.92,1.939
1959,1.959,1.6573096325068264,12.591587243743977,5782.822297849418,PASS,False,PMU3,1.0835677079260744,0.6538112653620936,9.487729036781154,,,1.6573096325068264,12.591587243743977,5782.822297849418,PASS,0.0,,12,,,,1940,1959,1.94,1.959
1979,1.979,3.4227179833936976,12.591587243743977,5782.822297849418,PASS,False,PMU3,2.1327610117110614,0.6231191182150461,9.487729036781154,,,3.4227179833936976,12.591587243743977,5782.822297849418,PASS,0.0,,12,,,,1960,1979,1.96,1.979
1999,1.999,2.715260463432185,12.591587243743977,5782.822297849418,PASS,False,PMU3,1.709651314110562,0.6296454197066246,9.487729036781154,,,2.715260463432185,12.591587243743977,5782.822297849418,PASS,0.0,,12,,,,1980,1999,1.98,1.999
2019,2.019,1.0206256579336983,12.591587243743977,5782.822297849418,PASS,False,PMU3,0.674813299697379,0.6611761074707532,9.487729036781154,,,1.0206256579336983,12.591587243743977,5782.822297849418,PASS,0.0,,12,PMU2,CLOCK_DRIFT,PMU2[CLOCK_DRIFT],2000,2019,2.0,2.019
2039,2.039,1.297892223944491,12.591587243743977,5782.822297849418,PASS,False,PMU3,0.7429505560614186,0.5724285440307818,9.487729036781154,,,1.297892223944491,12.591587243743977,5782.822297849418,PASS,0.0,,12,PMU2,CLOCK_DRIFT,PMU2[CLOCK_DRIFT],2020,2039,2.02,2.039
2059,2.059,1.5119527637762247,12.591587243743977,5782.822297849418,PASS,False,PMU1,0.8546573821276424,0.5652672508055518,9.487729036781154,,,1.5119527637762247,12.591587243743977,5782.822297849418,PASS,0.0,,12,PMU2,CLOCK_DRIFT,PMU2[CLOCK_DRIFT],2040,2059,2.04,2.059
2079,2.079,2.5822042247284944,12.591587243743977,5782.822297849418,PASS,False,PMU1,1.6353690764132196,0.633322903259199,9.487729036781154,,,2.5822042247284944,12.591587243743977,5782.822297849418,PASS,0.0,,12,PMU2,CLOCK_DRIFT,PMU2[CLOCK_DRIFT],2060,2079,2.06,2.079
2099,2.099,3.08765672504084,12.591587243743977,5782.822297849418,PASS,False,PMU1,1.9705601299398128,0.6382057027125477,9.487729036781154,,,3.08765672504084,12.591587243743977,5782.822297849418,PASS,0.0,,12,PMU2,CLOCK_DRIFT,PMU2[CLOCK_DRIFT],2080,2099,2.08,2.099
2119,2.119,4.3926003393092445,12.591587243743977,5782.822297849418,PASS,False,PMU2,2.191900570523101,0.4989984066858646,9.487729036781154,,,4.3926003393092445,12.591587243743977,5782.822297849418,PASS,0.0,,12,PMU2,CLOCK_DRIFT,PMU2[CLOCK_DRIFT],2100,2119,2.1,2.119
2139,2.139,11.813105633404591,12.591587243743977,5782.822297849418,PASS,False,PMU1,5.941413167510821,0.502950989510324,9.487729036781154,,,11.813105633404591,12.591587243743977,5782.822297849418,PASS,0.0,,12,PMU2,CLOCK_DRIFT,PMU2[CLOCK_DRIFT],2120,2139,2.12,2.139
2159,2.1590000000000003,9.328935399643635,12.591587243743977,5782.822297849418,PASS,False,PMU2,4.6882286279364855,0.5025470138978105,9.487729036781154,,,9.328935399643635,12.591587243743977,5782.822297849418,PASS,0.0,,12,PMU2,CLOCK_DRIFT,PMU2[CLOCK_DRIFT],2140,2159,2.14,2.1590000000000003
2179,2.179,16.293287732366124,12.591587243743977,5782.822297849418,PASS,False,PMU2,10.258469382457982,0.6296132217735186,9.487729036781154,,,16.293287732366124,12.591587243743977,5782.822297849418,PASS,0.0,,12,PMU2,CLOCK_DRIFT,PMU2[CLOCK_DRIFT],2160,2179,2.16,2.179
2199,2.199,17.667746515340543,12.591587243743977,5782.822297849418,PASS,False,PMU2,9.765786900008376,0.5527466047539761,9.487729036781154,,,17.667746515340543,12.591587243743977,5782.822297849418,PASS,0.0,,12,PMU2,CLOCK_DRIFT,PMU2[CLOCK_DRIFT],2180,2199,2.18,2.199
2219,2.219,19.960483585596375,12.591587243743977,5782.822297849418,PASS,False,PMU2,12.399149317718653,0.621184815715886,9.487729036781154,,,19.960483585596375,12.591587243743977,5782.822297849418,PASS,0.0,,12,PMU2,CLOCK_DRIFT,PMU2[CLOCK_DRIFT],2200,2219,2.2,2.219
2239,2.239,25.240781768321966,12.591587243743977,5782.822297849418,PASS,False,PMU2,15.612421079847346,0.6185395216023564,9.487729036781154,,,25.240781768321966,12.591587243743977,5782.822297849418,PASS,0.0,,12,PMU2,CLOCK_DRIFT,PMU2[CLOCK_DRIFT],2220,2239,2.22,2.239
2259,2.259,32.30254963266509,12.591587243743977,5782.822297849418,PASS,False,PMU2,20.232124362562107,0.6263321190629149,9.487729036781154,,,32.30254963266509,12.591587243743977,5782.822297849418,PASS,0.0,,12,PMU2,CLOCK_DRIFT,PMU2[CLOCK_DRIFT],2240,2259,2.24,2.259
2279,2.279,40.473747760841626,12.591587243743977,5782.822297849418,PASS,False,PMU2,25.27567167704005,0.6244954587945097,9.487729036781154,,,40.473747760841626,12.591587243743977,5782.822297849418,PASS,0.0,,12,PMU2,CLOCK_DRIFT,PMU2[CLOCK_DRIFT],2260,2279,2.26,2.279
2299,2.299,45.295771164261616,12.591587243743977,5782.822297849418,PASS,False,PMU2,29.23036918782114,0.645322254958845,9.487729036781154,,,45.295771164261616,12.591587243743977,5782.822297849418,PASS,0.0,,12,PMU2,CLOCK_DRIFT,PMU2[CLOCK_DRIFT],2280,2299,2.28,2.299
2319,2.319,50.85928487386917,12.591587243743977,5782.822297849418,PASS,False,PMU2,32.5992077204859,0.6409686609108212,9.487729036781154,,,50.85928487386917,12.591587243743977,5782.822297849418,PASS,0.0,,12,PMU2,CLOCK_DRIFT,PMU2[CLOCK_DRIFT],2300,2319,2.3000000000000003,2.319
2339,2.339,55.570929542929576,12.591587243743977,5782.822297849418,PASS,False,PMU2,35.633734391230185,0.6412297703910543,9.487729036781154,,,55.570929542929576,12.591587243743977,5782.822297849418,PASS,0.0,,12,PMU2,CLOCK_DRIFT,PMU2[CLOCK_DRIFT],2320,2339,2.32,2.339
2359,2.359,69.71340004961337,12.591587243743977,5782.822297849418,PASS,False,PMU2,45.17231207806265,0.6479717248895419,9.487729036781154,,,69.71340004961337,12.591587243743977,5782.822297849418,PASS,0.0,,12,PMU2,CLOCK_DRIFT,PMU2[CLOCK_DRIFT],2340,2359,2.34,2.359
2379,2.379,77.54196387722348,12.591587243743977,5782.822297849418,PASS,False,PMU2,50.75473120924835,0.6545453412762559,9.487729036781154,,,77.54196387722348,12.591587243743977,5782.822297849418,PASS,0.0,,12,PMU2,CLOCK_DRIFT,PMU2[CLOCK_DRIFT],2360,2379,2.36,2.379
2399,2.399,73.21107225816043,12.591587243743977,5782.822297849418,PASS,False,PMU2,46.797852114588494,0.6392182312201034,9.487729036781154,,,73.21107225816043,12.591587243743977,5782.822297849418,PASS,0.0,,12,PMU2,CLOCK_DRIFT,PMU2[CLOCK_DRIFT],2380,2399,2.38,2.399
2419,2.419,91.9774595316574,12.591587243743977,5782.822297849418,PASS,False,PMU2,59.49326895047649,0.6468244421341047,9.487729036781154,,,91.9774595316574,12.591587243743977,5782.822297849418,PASS,0.0,,12,PMU2,CLOCK_DRIFT,PMU2[CLOCK_DRIFT],2400,2419,2.4,2.419
2439,2.439,102.1456932956476,12.591587243743977,5782.822297849418,PASS,False,PMU2,66.57853011397789,0.6517996791237676,9.487729036781154,,,102.1456932956476,12.591587243743977,5782.822297849418,PASS,0.0,,12,PMU2,CLOCK_DRIFT,PMU2[CLOCK_DRIFT],2420,2439,2.42,2.439
2459,2.459,115.25368880856465,12.591587243743977,5782.822297849418,PASS,False,PMU2,75.43913833591121,0.6545485798828962,9.487729036781154,,,115.25368880856465,12.591587243743977,5782.822297849418,PASS,0.0,,12,PMU2,CLOCK_DRIFT,PMU2[CLOCK_DRIFT],2440,2459,2.44,2.459
2479,2.479,132.1588315159196,12.591587243743977,5782.822297849418,PASS,False,PMU2,86.00983682103525,0.650806577467921,9.487729036781154,,,132.1588315159196,12.591587243743977,5782.822297849418,PASS,0.0,,12,PMU2,CLOCK_DRIFT,PMU2[CLOCK_DRIFT],2460,2479,2.46,2.479
2499,2.499,129.21907664923953,12.591587243743977,5782.822297849418,PASS,False,PMU2,85.4325291290267,0.6611448661015447,9.487729036781154,,,129.21907664923953,12.591587243743977,5782.822297849418,PASS,0.0,,12,PMU2,CLOCK_DRIFT,PMU2[CLOCK_DRIFT],2480,2499,2.48,2.499
2519,2.519,143.4748332872848,12.591587243743977,5782.822297849418,PASS,False,PMU2,94.59908279102896,0.6593426918406646,9.487729036781154,,,143.4748332872848,12.591587243743977,5782.822297849418,PASS,0.0,,12,PMU2,CLOCK_DRIFT,PMU2[CLOCK_DRIFT],2500,2519,2.5,2.519
2539,2.539,175.99083873723663,12.591587243743977,5782.822297849418,PASS,False,PMU2,116.1524187184556,0.6599912788180817,9.487729036781154,,,175.99083873723663,12.591587243743977,5782.822297849418,PASS,0.0,,12,PMU2,CLOCK_DRIFT,PMU2[CLOCK_DRIFT],2520,2539,2.52,2.539
2559,2.559,174.0877858225524,12.591587243743977,5782.822297849418,PASS,False,PMU2,114.38935135619468,0.6570785584738937,9.487729036781154,,,174.0877858225524,12.591587243743977,5782.822297849418,PASS,0.0,,12,PMU2,CLOCK_DRIFT,PMU2[CLOCK_DRIFT],2540,2559,2.54,2.559
2579,2.579,203.47701319779756,12.591587243743977,5782.822297849418,PASS,False,PMU2,133.90132988855623,0.6580661264100253,9.487729036781154,,,203.47701319779756,12.591587243743977,5782.822297849418,PASS,0.0,,12,PMU2,CLOCK_DRIFT,PMU2[CLOCK_DRIFT],2560,2579,2.56,2.579
2599,2.599,200.3714861836019,12.591587243743977,5782.822297849418,PASS,False,PMU2,131.81359939832956,0.6578460933186261,9.487729036781154,,,200.3714861836019,12.591587243743977,5782.822297849418,PASS,0.0,,12,PMU2,CLOCK_DRIFT,PMU2[CLOCK_DRIFT],2580,2599,2.58,2.599
2619,2.619,212.8305840520112,12.591587243743977,5782.822297849418,PASS,False,PMU2,140.59173146546408,0.660580489837431,9.487729036781154,,,212.8305840520112,12.591587243743977,5782.822297849418,PASS,0.0,,12,PMU2,CLOCK_DRIFT,PMU2[CLOCK_DRIFT],2600,2619,2.6,2.619
2639,2.639,225.7594006654236,12.591587243743977,5782.822297849418,PASS,False,PMU2,148.88055719778853,0.6594655937204146,9.487729036781154,,,225.7594006654236,12.591587243743977,5782.822297849418,PASS,0.0,,12,PMU2,CLOCK_DRIFT,PMU2[CLOCK_DRIFT],2620,2639,2.62,2.639
2659,2.6590000000000003,263.0067409677354,12.591587243743977,5782.822297849418,PASS,False,PMU2,173.42535885447245,0.6593951098605019,9.487729036781154,,,263.0067409677354,12.591587243743977,5782.822297849418,PASS,0.0,,12,PMU2,CLOCK_DRIFT,PMU2[CLOCK_DRIFT],2640,2659,2.64,2.6590000000000003
2679,2.6790000000000003,246.44084204545257,12.591587243743977,5782.822297849418,PASS,False,PMU2,162.46900623455963,0.6592616909034683,9.487729036781154,,,246.44084204545257,12.591587243743977,5782.822297849418,PASS,0.0,,12,PMU2,CLOCK_DRIFT,PMU2[CLOCK_DRIFT],2660,2679,2.66,2.6790000000000003
2699,2.699,275.5086884852785,12.591587243743977,5782.822297849418,PASS,False,PMU2,183.11598383981624,0.6646468568616515,9.487729036781154,,,275.5086884852785,12.591587243743977,5782.822297849418,PASS,0.0,,12,PMU2,CLOCK_DRIFT,PMU2[CLOCK_DRIFT],2680,2699,2.68,2.699
2719,2.719,308.40325773613364,12.591587243743977,5782.822297849418,PASS,False,PMU2,203.83380959053596,0.6609327381519876,9.487729036781154,,,308.40325773613364,12.591587243743977,5782.822297849418,PASS,0.0,,12,PMU2,CLOCK_DRIFT,PMU2[CLOCK_DRIFT],2700,2719,2.7,2.719
2739,2.739,327.9822444443597,12.591587243743977,5782.822297849418,PASS,False,PMU2,216.75211496784726,0.660865393293014,9.487729036781154,,,327.9822444443597,12.591587243743977,5782.822297849418,PASS,0.0,,12,PMU2,CLOCK_DRIFT,PMU2[CLOCK_DRIFT],2720,2739,2.72,2.739
2759,2.759,340.38316473516807,12.591587243743977,5782.822297849418,PASS,False,PMU2,225.07008263387334,0.6612256596444392,9.487729036781154,,,340.38316473516807,12.591587243743977,5782.822297849418,PASS,0.0,,12,PMU2,CLOCK_DRIFT,PMU2[CLOCK_DRIFT],2740,2759,2.74,2.759
2779,2.779,350.0538789477467,12.591587243743977,5782.822297849418,PASS,False,PMU2,231.59665837450663,0.6616028911625846,9.487729036781154,,,350.0538789477467,12.591587243743977,5782.822297849418,PASS,0.0,,12,PMU2,CLOCK_DRIFT,PMU2[CLOCK_DRIFT],2760,2779,2.76,2.779
2799,2.799,367.47725708848486,12.591587243743977,5782.822297849418,PASS,False,PMU2,243.79993320824292,0.6634422362348761,9.487729036781154,,,367.47725708848486,12.591587243743977,5782.822297849418,PASS,0.0,,12,PMU2,CLOCK_DRIFT,PMU2[CLOCK_DRIFT],2780,2799,2.78,2.799
2819,2.819,407.1034861090416,12.591587243743977,5782.822297849418,PASS,False,PMU2,267.9375683275181,0.6581559172788602,9.487729036781154,,,407.1034861090416,12.591587243743977,5782.822297849418,PASS,0.0,,12,PMU2,CLOCK_DRIFT,PMU2[CLOCK_DRIFT],2800,2819,2.8000000000000003,2.819
2839,2.839,403.98188532355294,12.591587243743977,5782.822297849418,PASS,False,PMU2,266.27079698606036,0.6591156847857215,9.487729036781154,,,403.98188532355294,12.591587243743977,5782.822297849418,PASS,0.0,,12,PMU2,CLOCK_DRIFT,PMU2[CLOCK_DRIFT],2820,2839,2.82,2.839
2859,2.859,428.81148765731507,12.591587243743977,5782.822297849418,PASS,False,PMU2,283.04495971846353,0.6600685099757847,9.487729036781154,,,428.81148765731507,12.591587243743977,5782.822297849418,PASS,0.0,,12,PMU2,CLOCK_DRIFT,PMU2[CLOCK_DRIFT],2840,2859,2.84,2.859
2879,2.879,432.7374706957584,12.591587243743977,5782.822297849418,PASS,False,PMU2,286.16218008398135,0.6612835713623035,9.487729036781154,,,432.7374706957584,12.591587243743977,5782.822297849418,PASS,0.0,,12,PMU2,CLOCK_DRIFT,PMU2[CLOCK_DRIFT],2860,2879,2.86,2.879
2899,2.899,449.3172983767017,12.591587243743977,5782.822297849418,PASS,False,PMU2,297.02680043918934,0.6610624641256657,9.487729036781154,,,449.3172983767017,12.591587243743977,5782.822297849418,PASS,0.0,,12,PMU2,CLOCK_DRIFT,PMU2[CLOCK_DRIFT],2880,2899,2.88,2.899
2919,2.919,494.5961841613428,12.591587243743977,5782.822297849418,PASS,False,PMU2,327.97088415278955,0.663108399651142,9.487729036781154,,,494.5961841613428,12.591587243743977,5782.822297849418,PASS,0.0,,12,PMU2,CLOCK_DRIFT,PMU2[CLOCK_DRIFT],2900,2919,2.9,2.919
2939,2.939,512.8684525751469,12.591587243743977,5782.822297849418,PASS,False,PMU2,340.3276138838298,0.6635768142396398,9.487729036781154,,,512.8684525751469,12.591587243743977,5782.822297849418,PASS,0.0,,12,PMU2,CLOCK_DRIFT,PMU2[CLOCK_DRIFT],2920,2939,2.92,2.939
2959,2.959,548.9285029595676,12.591587243743977,5782.822297849418,PASS,False,PMU2,363.94254247506046,0.6630053650208566,9.487729036781154,,,548.9285029595676,12.591587243743977,5782.822297849418,PASS,0.0,,12,PMU2,CLOCK_DRIFT,PMU2[CLOCK_DRIFT],2940,2959,2.94,2.959
2979,2.979,570.8195660898778,12.591587243743977,5782.822297849418,PASS,False,PMU2,378.42633660742956,0.6629526370296929,9.487729036781154,,,570.8195660898778,12.591587243743977,5782.822297849418,PASS,0.0,,12,PMU2,CLOCK_DRIFT,PMU2[CLOCK_DRIFT],2960,2979,2.96,2.979
2999,2.999,581.1500750011377,12.591587243743977,5782.822297849418,PASS,False,PMU2,383.85256748869085,0.6605050640111152,9.487729036781154,,,581.1500750011377,12.591587243743977,5782.822297849418,PASS,0.0,,12,PMU2,CLOCK_DRIFT,PMU2[CLOCK_DRIFT],2980,2999,2.98,2.999
3019,3.019,591.2714863161102,12.591587243743977,5782.822297849418,PASS,False,PMU2,391.2974620188115,0.6617898394809671,9.487729036781154,,,591.2714863161102,12.591587243743977,5782.822297849418,PASS,0.0,,12,PMU2,CLOCK_DRIFT,PMU2[CLOCK_DRIFT],3000,3019,3.0,3.019
3039,3.039,640.1388074920203,12.591587243743977,5782.822297849418,PASS,False,PMU2,424.7452793232157,0.6635205901471776,9.487729036781154,,,640.1388074920203,12.591587243743977,5782.822297849418,PASS,0.0,,12,PMU2,CLOCK_DRIFT,PMU2[CLOCK_DRIFT],3020,3039,3.02,3.039
3059,3.059,682.3663568409504,12.591587243743977,5782.822297849418,PASS,False,PMU2,451.3700418690373,0.6614775733649556,9.487729036781154,,,682.3663568409504,12.591587243743977,5782.822297849418,PASS,0.0,,12,PMU2,CLOCK_DRIFT,PMU2[CLOCK_DRIFT],3040,3059,3.04,3.059
3079,3.079,705.4315885498085,12.591587243743977,5782.822297849418,PASS,False,PMU2,467.175936099596,0.6622554811586953,9.487729036781154,,,705.4315885498085,12.591587243743977,5782.822297849418,PASS,0.0,,12,PMU2,CLOCK_DRIFT,PMU2[CLOCK_DRIFT],3060,3079,3.06,3.079
3099,3.099,775.1978409466313,12.591587243743977,5782.822297849418,PASS,False,PMU2,513.2160803292197,0.6620452911769038,9.487729036781154,,,775.1978409466313,12.591587243743977,5782.822297849418,PASS,0.0,,12,PMU2,CLOCK_DRIFT,PMU2[CLOCK_DRIFT],3080,3099,3.08,3.099
3119,3.119,732.2953100150874,12.591587243743977,5782.822297849418,PASS,False,PMU2,486.3822371082168,0.6641886551181052,9.487729036781154,,,732.2953100150874,12.591587243743977,5782.822297849418,PASS,0.0,,12,PMU2,CLOCK_DRIFT,PMU2[CLOCK_DRIFT],3100,3119,3.1,3.119
3139,3.139,814.8819949173767,12.591587243743977,5782.822297849418,PASS,False,PMU2,541.0215627490644,0.6639262692310686,9.487729036781154,,,814.8819949173767,12.591587243743977,5782.822297849418,PASS,0.0,,12,PMU2,CLOCK_DRIFT,PMU2[CLOCK_DRIFT],3120,3139,3.12,3.139
3159,3.1590000000000003,851.1962524703549,12.591587243743977,5782.822297849418,PASS,False,PMU2,564.5018140164428,0.6631864418788698,9.487729036781154,,,851.1962524703549,12.591587243743977,5782.822297849418,PASS,0.0,,12,PMU2,CLOCK_DRIFT,PMU2[CLOCK_DRIFT],3140,3159,3.14,3.1590000000000003
3179,3.1790000000000003,866.790030121992,12.591587243743977,5782.822297849418,PASS,False,PMU2,575.6080510511418,0.6640686106762566,9.487729036781154,,,866.790030121992,12.591587243743977,5782.822297849418,PASS,0.0,,12,PMU2,CLOCK_DRIFT,PMU2[CLOCK_DRIFT],3160,3179,3.16,3.1790000000000003
3199,3.1990000000000003,878.526903878421,12.591587243743977,5782.822297849418,PASS,False,PMU2,583.6064055504993,0.6643011192646007,9.487729036781154,,,878.526903878421,12.591587243743977,5782.822297849418,PASS,0.0,,12,PMU2,CLOCK_DRIFT,PMU2[CLOCK_DRIFT],3180,3199,3.18,3.1990000000000003
3219,3.219,895.7633336947596,12.591587243743977,5782.822297849418,PASS,False,PMU2,595.0654270618102,0.6643109900550861,9.487729036781154,,,895.7633336947596,12.591587243743977,5782.822297849418,PASS,0.0,,12,PMU2,CLOCK_DRIFT,PMU2[CLOCK_DRIFT],3200,3219,3.2,3.219
3239,3.239,922.5383588952685,12.591587243743977,5782.822297849418,PASS,False,PMU2,611.2085824550114,0.6625291800190598,9.487729036781154,,,922.5383588952685,12.591587243743977,5782.822297849418,PASS,0.0,,12,PMU2,CLOCK_DRIFT,PMU2[CLOCK_DRIFT],3220,3239,3.22,3.239
3259,3.259,996.9340859340547,12.591587243743977,5782.822297849418,PASS,False,PMU2,661.5462767698006,0.6635807583507186,9.487729036781154,,,996.9340859340547,12.591587243743977,5782.822297849418,PASS,0.0,,12,PMU2,CLOCK_DRIFT,PMU2[CLOCK_DRIFT],3240,3259,3.24,3.259
3279,3.279,1021.3999934544124,12.591587243743977,5782.822297849418,PASS,False,PMU2,677.0120195195398,0.6628275150363573,9.487729036781154,,,1021.3999934544124,12.591587243743977,5782.822297849418,PASS,0.0,,12,PMU2,CLOCK_DRIFT,PMU2[CLOCK_DRIFT],3260,3279,3.26,3.279
3299,3.299,1000.6568964304919,12.591587243743977,5782.822297849418,PASS,False,PMU2,663.1917364584351,0.6627563741619625,9.487729036781154,,,1000.6568964304919,12.591587243743977,5782.822297849418,PASS,0.0,,12,PMU2,CLOCK_DRIFT,PMU2[CLOCK_DRIFT],3280,3299,3.28,3.299
3319,3.319,1091.3097268556155,12.591587243743977,5782.822297849418,PASS,False,PMU2,723.7102401005096,0.6631575090838162,9.487729036781154,,,1091.3097268556155,12.591587243743977,5782.822297849418,PASS,0.0,,12,PMU2,CLOCK_DRIFT,PMU2[CLOCK_DRIFT],3300,3319,3.3000000000000003,3.319
3339,3.339,1089.0366297446517,12.591587243743977,5782.822297849418,PASS,False,PMU2,723.1415138005732,0.6640194590792868,9.487729036781154,,,1089.0366297446517,12.591587243743977,5782.822297849418,PASS,0.0,,12,PMU2,CLOCK_DRIFT,PMU2[CLOCK_DRIFT],3320,3339,3.3200000000000003,3.339
3359,3.359,1123.6808672474945,12.591587243743977,5782.822297849418,PASS,False,PMU2,745.9355282351775,0.6638321875697495,9.487729036781154,,,1123.6808672474945,12.591587243743977,5782.822297849418,PASS,0.0,,12,PMU2,CLOCK_DRIFT,PMU2[CLOCK_DRIFT],3340,3359,3.34,3.359
3379,3.379,1190.0390676700192,12.591587243743977,5782.822297849418,PASS,False,PMU2,789.8188626414155,0.6636915409742,9.487729036781154,,,1190.0390676700192,12.591587243743977,5782.822297849418,PASS,0.0,,12,PMU2,CLOCK_DRIFT,PMU2[CLOCK_DRIFT],3360,3379,3.36,3.379
3399,3.399,1161.1949269500394,12.591587243743977,5782.822297849418,PASS,False,PMU2,770.0202982764762,0.6631275080567128,9.487729036781154,,,1161.1949269500394,12.591587243743977,5782.822297849418,PASS,0.0,,12,PMU2,CLOCK_DRIFT,PMU2[CLOCK_DRIFT],3380,3399,3.38,3.399
3419,3.419,1258.1700885165087,12.591587243743977,5782.822297849418,PASS,False,PMU2,834.70641338432,0.6634289123567633,9.487729036781154,,,1258.1700885165087,12.591587243743977,5782.822297849418,PASS,0.0,,12,PMU2,CLOCK_DRIFT,PMU2[CLOCK_DRIFT],3400,3419,3.4,3.419
3439,3.439,1231.2112477486764,12.591587243743977,5782.822297849418,PASS,False,PMU2,817.1502104018765,0.6636961869021839,9.487729036781154,,,1231.2112477486764,12.591587243743977,5782.822297849418,PASS,0.0,,12,PMU2,CLOCK_DRIFT,PMU2[CLOCK_DRIFT],3420,3439,3.42,3.439
3459,3.459,1298.8017404621783,12.591587243743977,5782.822297849418,PASS,False,PMU2,861.3032837946753,0.6631522402242706,9.487729036781154,,,1298.8017404621783,12.591587243743977,5782.822297849418,PASS,0.0,,12,PMU2,CLOCK_DRIFT,PMU2[CLOCK_DRIFT],3440,3459,3.44,3.459
3479,3.479,1333.5771801600674,12.591587243743977,5782.822297849418,PASS,False,PMU2,885.6741490307014,0.6641341515189957,9.487729036781154,,,1333.5771801600674,12.591587243743977,5782.822297849418,PASS,0.0,,12,PMU2,CLOCK_DRIFT,PMU2[CLOCK_DRIFT],3460,3479,3.46,3.479
3499,3.499,1350.0546587481754,12.591587243743977,5782.822297849418,PASS,False,PMU2,895.845057147736,0.6635620649451329,9.487729036781154,,,1350.0546587481754,12.591587243743977,5782.822297849418,PASS,0.0,,12,PMU2,CLOCK_DRIFT,PMU2[CLOCK_DRIFT],3480,3499,3.48,3.499
3519,3.519,1444.772827870523,12.591587243743977,5782.822297849418,PASS,False,PMU2,958.8615886685076,0.6636763719330124,9.487729036781154,,,1444.772827870523,12.591587243743977,5782.822297849418,PASS,0.0,,12,PMU2,CLOCK_DRIFT,PMU2[CLOCK_DRIFT],3500,3519,3.5,3.519
3539,3.539,1460.2380439985423,12.591587243743977,5782.822297849418,PASS,False,PMU2,969.1296778711406,0.6636792417881342,9.487729036781154,,,1460.2380439985423,12.591587243743977,5782.822297849418,PASS,0.0,,12,PMU2,CLOCK_DRIFT,PMU2[CLOCK_DRIFT],3520,3539,3.52,3.539
3559,3.559,1438.036515484557,12.591587243743977,5782.822297849418,PASS,False,PMU2,954.8774170011619,0.6640147219623342,9.487729036781154,,,1438.036515484557,12.591587243743977,5782.822297849418,PASS,0.0,,12,PMU2,CLOCK_DRIFT,PMU2[CLOCK_DRIFT],3540,3559,3.54,3.559
3579,3.579,1493.4208207222678,12.591587243743977,5782.822297849418,PASS,False,PMU2,990.6173761163548,0.6633209892153903,9.487729036781154,,,1493.4208207222678,12.591587243743977,5782.822297849418,PASS,0.0,,12,PMU2,CLOCK_DRIFT,PMU2[CLOCK_DRIFT],3560,3579,3.56,3.579
3599,3.599,1552.5053144770966,12.591587243743977,5782.822297849418,PASS,False,PMU2,1030.4501038844849,0.6637337046614578,9.487729036781154,,,1552.5053144770966,12.591587243743977,5782.822297849418,PASS,0.0,,12,PMU2,CLOCK_DRIFT,PMU2[CLOCK_DRIFT],3580,3599,3.58,3.599
3619,3.619,1586.65728058087,12.591587243743977,5782.822297849418,PASS,False,PMU2,1052.8095237363966,0.6635393393530872,9.487729036781154,,,1586.65728058087,12.591587243743977,5782.822297849418,PASS,0.0,,12,PMU2,CLOCK_DRIFT,PMU2[CLOCK_DRIFT],3600,3619,3.6,3.619
3639,3.639,1594.0354461580068,12.591587243743977,5782.822297849418,PASS,False,PMU2,1058.2274858172575,0.6638669725744367,9.487729036781154,,,1594.0354461580068,12.591587243743977,5782.822297849418,PASS,0.0,,12,PMU2,CLOCK_DRIFT,PMU2[CLOCK_DRIFT],3620,3639,3.62,3.639
3659,3.659,1676.853389772065,12.591587243743977,5782.822297849418,PASS,False,PMU2,1112.0086324580411,0.6631519721644815,9.487729036781154,,,1676.853389772065,12.591587243743977,5782.822297849418,PASS,0.0,,12,PMU2,CLOCK_DRIFT,PMU2[CLOCK_DRIFT],3640,3659,3.64,3.659
3679,3.679,1751.9952094266637,12.591587243743977,5782.822297849418,PASS,False,PMU2,1163.2097465986606,0.6639343191921845,9.487729036781154,,,1751.9952094266637,12.591587243743977,5782.822297849418,PASS,0.0,,12,PMU2,CLOCK_DRIFT,PMU2[CLOCK_DRIFT],3660,3679,3.66,3.679
3699,3.699,1748.497398354081,12.591587243743977,5782.822297849418,PASS,False,PMU2,1160.7004997427343,0.6638274102296867,9.487729036781154,,,1748.497398354081,12.591587243743977,5782.822297849418,PASS,0.0,,12,PMU2,CLOCK_DRIFT,PMU2[CLOCK_DRIFT],3680,3699,3.68,3.699
3719,3.719,1850.941098396424,12.591587243743977,5782.822297849418,PASS,False,PMU2,1228.1072172190889,0.6635042132259468,9.487729036781154,,,1850.941098396424,12.591587243743977,5782.822297849418,PASS,0.0,,12,PMU2,CLOCK_DRIFT,PMU2[CLOCK_DRIFT],3700,3719,3.7,3.719
3739,3.739,1859.331255224193,12.591587243743977,5782.822297849418,PASS,False,PMU2,1234.7425145666382,0.6640788246297492,9.487729036781154,,,1859.331255224193,12.591587243743977,5782.822297849418,PASS,0.0,,12,PMU2,CLOCK_DRIFT,PMU2[CLOCK_DRIFT],3720,3739,3.72,3.739
3759,3.759,1927.4630063515708,12.591587243743977,5782.822297849418,PASS,False,PMU2,1279.466868371486,0.6638087808457321,9.487729036781154,,,1927.4630063515708,12.591587243743977,5782.822297849418,PASS,0.0,,12,PMU2,CLOCK_DRIFT,PMU2[CLOCK_DRIFT],3740,3759,3.74,3.759
3779,3.779,1913.4952976341276,12.591587243743977,5782.822297849418,PASS,False,PMU2,1270.4645143246364,0.6639496401665879,9.487729036781154,,,1913.4952976341276,12.591587243743977,5782.822297849418,PASS,0.0,,12,PMU2,CLOCK_DRIFT,PMU2[CLOCK_DRIFT],3760,3779,3.76,3.779
3799,3.799,2006.719756284445,12.591587243743977,5782.822297849418,PASS,False,PMU2,1331.6979875507773,0.6636193137483688,9.487729036781154,,,2006.719756284445,12.591587243743977,5782.822297849418,PASS,0.0,,12,PMU2,CLOCK_DRIFT,PMU2[CLOCK_DRIFT],3780,3799,3.78,3.799
3819,3.819,2032.8702462478254,12.591587243743977,5782.822297849418,PASS,False,PMU2,1348.781965262978,0.6634865003078751,9.487729036781154,,,2032.8702462478254,12.591587243743977,5782.822297849418,PASS,0.0,,12,PMU2,CLOCK_DRIFT,PMU2[CLOCK_DRIFT],3800,3819,3.8,3.819
3839,3.839,2100.2374250644093,12.591587243743977,5782.822297849418,PASS,False,PMU2,1394.6809102818465,0.6640586886213946,9.487729036781154,,,2100.2374250644093,12.591587243743977,5782.822297849418,PASS,0.0,,12,PMU2,CLOCK_DRIFT,PMU2[CLOCK_DRIFT],3820,3839,3.82,3.839
3859,3.859,2159.288215819592,12.591587243743977,5782.822297849418,PASS,False,PMU2,1433.8234780843663,0.6640259820711965,9.487729036781154,,,2159.288215819592,12.591587243743977,5782.822297849418,PASS,0.0,,12,PMU2,CLOCK_DRIFT,PMU2[CLOCK_DRIFT],3840,3859,3.84,3.859
3879,3.879,2186.1810004348813,12.591587243743977,5782.822297849418,PASS,False,PMU2,1451.2841353178756,0.6638444552528735,9.487729036781154,,,2186.1810004348813,12.591587243743977,5782.822297849418,PASS,0.0,,12,PMU2,CLOCK_DRIFT,PMU2[CLOCK_DRIFT],3860,3879,3.86,3.879
3899,3.899,2209.8848479633116,12.591587243743977,5782.822297849418,PASS,False,PMU2,1467.3932955381097,0.664013465176929,9.487729036781154,,,2209.8848479633116,12.591587243743977,5782.822297849418,PASS,0.0,,12,PMU2,CLOCK_DRIFT,PMU2[CLOCK_DRIFT],3880,3899,3.88,3.899
3919,3.919,2224.7810600503376,12.591587243743977,5782.822297849418,PASS,False,PMU2,1475.982038479805,0.6634279952232286,9.487729036781154,,,2224.7810600503376,12.591587243743977,5782.822297849418,PASS,0.0,,12,PMU2,CLOCK_DRIFT,PMU2[CLOCK_DRIFT],3900,3919,3.9,3.919
3939,3.939,2361.861649579361,12.591587243743977,5782.822297849418,PASS,False,PMU2,1568.0930292059134,0.6639224738185595,9.487729036781154,,,2361.861649579361,12.591587243743977,5782.822297849418,PASS,0.0,,12,PMU2,CLOCK_DRIFT,PMU2[CLOCK_DRIFT],3920,3939,3.92,3.939
3959,3.959,2327.817789222097,12.591587243743977,5782.822297849418,PASS,False,PMU2,1544.684472164452,0.6635761954034427,9.487729036781154,,,2327.817789222097,12.591587243743977,5782.822297849418,PASS,0.0,,12,PMU2,CLOCK_DRIFT,PMU2[CLOCK_DRIFT],3940,3959,3.94,3.959
3979,3.979,2415.081815332424,12.591587243743977,5782.822297849418,PASS,False,PMU2,1603.3955678185114,0.663909420227162,9.487729036781154,,,2415.081815332424,12.591587243743977,5782.822297849418,PASS,0.0,,12,PMU2,CLOCK_DRIFT,PMU2[CLOCK_DRIFT],3960,3979,3.96,3.979
3999,3.999,2456.8621832091962,12.591587243743977,5782.822297849418,PASS,False,PMU2,1631.1027386225744,0.6638967174349191,9.487729036781154,,,2456.8621832091962,12.591587243743977,5782.822297849418,PASS,0.0,,12,PMU2,CLOCK_DRIFT,PMU2[CLOCK_DRIFT],3980,3999,3.98,3.999
4019,4.019,2511.7527053371105,12.591587243743977,5782.822297849418,PASS,False,PMU2,1669.2426367864157,0.6645728431941238,9.487729036781154,,,2511.7527053371105,12.591587243743977,5782.822297849418,PASS,0.0,,12,PMU2,CLOCK_DRIFT,PMU2[CLOCK_DRIFT],4000,4019,4.0,4.019
4039,4.039,2548.9608066604223,12.591587243743977,5782.822297849418,PASS,False,PMU2,1693.9832239771652,0.6645779799951397,9.487729036781154,,,2548.9608066604223,12.591587243743977,5782.822297849418,PASS,0.0,,12,PMU2,CLOCK_DRIFT,PMU2[CLOCK_DRIFT],4020,4039,4.0200000000000005,4.039
4059,4.059,2644.9740180045314,12.591587243743977,5782.822297849418,PASS,False,PMU2,1758.2224449970167,0.6647409135321057,9.487729036781154,,,2644.9740180045314,12.591587243743977,5782.822297849418,PASS,0.0,,12,PMU2,CLOCK_DRIFT,PMU2[CLOCK_DRIFT],4040,4059,4.04,4.059
4079,4.079,2727.645965157239,12.591587243743977,5782.822297849418,PASS,False,PMU2,1813.0644487327486,0.6646993311788658,9.487729036781154,,,2727.645965157239,12.591587243743977,5782.822297849418,PASS,0.0,,12,PMU2,CLOCK_DRIFT,PMU2[CLOCK_DRIFT],4060,4079,4.0600000000000005,4.079
4099,4.099,2721.437250273141,12.591587243743977,5782.822297849418,PASS,False,PMU2,1809.0261215973578,0.6647318880550314,9.487729036781154,,,2721.437250273141,12.591587243743977,5782.822297849418,PASS,0.0,,12,PMU2,CLOCK_DRIFT,PMU2[CLOCK_DRIFT],4080,4099,4.08,4.099
4119,4.119,2815.5001869179064,12.591587243743977,5782.822297849418,PASS,False,PMU2,1872.4501422342114,0.6650506190461168,9.487729036781154,,,2815.5001869179064,12.591587243743977,5782.822297849418,PASS,0.0,,12,PMU2,CLOCK_DRIFT,PMU2[CLOCK_DRIFT],4100,4119,4.1,4.119
4139,4.139,2858.892876645987,12.591587243743977,5782.822297849418,PASS,False,PMU2,1900.752346988951,0.6648560925510741,9.487729036781154,,,2858.892876645987,12.591587243743977,5782.822297849418,PASS,0.0,,12,PMU2,CLOCK_DRIFT,PMU2[CLOCK_DRIFT],4120,4139,4.12,4.139
4159,4.159,2855.2166174224576,12.591587243743977,5782.822297849418,PASS,False,PMU2,1897.470618577434,0.6645627540128192,9.487729036781154,,,2855.2166174224576,12.591587243743977,5782.822297849418,PASS,0.0,,12,PMU2,CLOCK_DRIFT,PMU2[CLOCK_DRIFT],4140,4159,4.14,4.159
4179,4.179,2963.0254173228122,12.591587243743977,5782.822297849418,PASS,False,PMU2,1970.2502140106355,0.6649454312784192,9.487729036781154,,,2963.0254173228122,12.591587243743977,5782.822297849418,PASS,0.0,,12,PMU2,CLOCK_DRIFT,PMU2[CLOCK_DRIFT],4160,4179,4.16,4.179
4199,4.199,59726.368041737485,12.591587243743977,5782.822297849418,FAIL,True,PMU2,39818.5654224999,0.6666831874771663,9.487729036781154,PMU2,"4,5,6,7",2.284218334538231,5.991464547107979,5782.822297849418,PASS,0.999961755278122,PMU2,8,PMU2,CLOCK_DRIFT,PMU2[CLOCK_DRIFT],4180,4199,4.18,4.199
4219,4.219,62884.91672176502,12.591587243743977,5782.822297849418,FAIL,True,PMU2,41842.24299802784,0.6653780457905238,9.487729036781154,PMU2,"4,5,6,7",0.7576084423279498,5.991464547107979,5782.822297849418,PASS,0.9999879524617059,PMU2,8,PMU2,CLOCK_DRIFT,PMU2[CLOCK_DRIFT],4200,4219,4.2,4.219
4239,4.239,61904.82008482977,12.591587243743977,5782.822297849418,FAIL,True,PMU2,41353.722833099215,0.6680210487072112,9.487729036781154,PMU2,"4,5,6,7",4.252704879792178,5.991464547107979,5782.822297849418,PASS,0.9999313025241982,PMU2,8,PMU2,CLOCK_DRIFT,PMU2[CLOCK_DRIFT],4220,4239,4.22,4.239
4259,4.259,63768.78382403546,12.591587243743977,5782.822297849418,FAIL,True,PMU2,42450.02331811003,0.6656865753508371,9.487729036781154,PMU2,"4,5,6,7",0.9874440979447948,5.991464547107979,5782.822297849418,PASS,0.9999845152433725,PMU2,8,PMU2,CLOCK_DRIFT,PMU2[CLOCK_DRIFT],4240,4259,4.24,4.259
4279,4.279,64538.233059039194,12.591587243743977,5782.822297849418,FAIL,True,PMU2,43115.75840514295,0.6680653677906074,9.487729036781154,PMU2,"4,5,6,7",4.00377183856183,5.991464547107979,5782.822297849418,PASS,0.9999379627912202,PMU2,8,PMU2,CLOCK_DRIFT,PMU2[CLOCK_DRIFT],4260,4279,4.26,4.279
4299,4.299,65828.03580624281,12.591587243743977,5782.822297849418,FAIL,True,PMU2,43986.07708537542,0.668196712033811,9.487729036781154,PMU2,"4,5,6,7",4.167457047372202,5.991464547107979,5782.822297849418,PASS,0.9999366917606408,PMU2,8,PMU2,CLOCK_DRIFT,PMU2[CLOCK_DRIFT],4280,4299,4.28,4.299
4319,4.319,67282.63756812416,12.591587243743977,5782.822297849418,FAIL,True,PMU2,44917.31485099725,0.6675914689806586,9.487729036781154,PMU2,"4,5,6,7",2.9444047075391317,5.991464547107979,5782.822297849418,PASS,0.9999562382686833,PMU2,8,PMU2,CLOCK_DRIFT,PMU2[CLOCK_DRIFT],4300,4319,4.3,4.319
4339,4.339,70681.57553451347,12.591587243743977,5782.822297849418,FAIL,True,PMU2,47192.168129633035,0.6676728379744356,9.487729036781154,PMU2,"4,5,6,7",2.6463225777691024,5.991464547107979,5782.822297849418,PASS,0.9999625599378938,PMU2,8,PMU2,CLOCK_DRIFT,PMU2[CLOCK_DRIFT],4320,4339,4.32,4.339
4359,4.359,71407.94103823933,12.591587243743977,5782.822297849418,FAIL,True,PMU2,47627.43381442912,0.6669767132611255,9.487729036781154,PMU2,"4,5,6,7",1.6424414611560751,5.991464547107979,5782.822297849418,PASS,0.9999769991763202,PMU2,8,PMU2,CLOCK_DRIFT,PMU2[CLOCK_DRIFT],4340,4359,4.34,4.359
4379,4.379,73236.16718324966,12.591587243743977,5782.822297849418,FAIL,True,PMU2,48780.77851014157,0.6660749788841837,9.487729036781154,PMU2,"4,5,6,7",0.7355178546456488,5.991464547107979,5782.822297849418,PASS,0.9999899569040417,PMU2,8,PMU2,CLOCK_DRIFT,PMU2[CLOCK_DRIFT],4360,4379,4.36,4.379
4399,4.399,75153.54521173454,12.591587243743977,5782.822297849418,FAIL,True,PMU2,50093.0857415815,0.6665432162973985,9.487729036781154,PMU2,"4,5,6,7",0.9992682144322408,5.991464547107979,5782.822297849418,PASS,0.9999867036450294,PMU2,8,PMU2,CLOCK_DRIFT,PMU2[CLOCK_DRIFT],4380,4399,4.38,4.399
4419,4.4190000000000005,77109.94854695066,12.591587243743977,5782.822297849418,FAIL,True,PMU2,51408.4496142687,0.6666902336598909,9.487729036781154,PMU2,"4,5,6,7",1.0591189256608673,5.991464547107979,5782.822297849418,PASS,0.9999862648212633,PMU2,8,PMU2,CLOCK_DRIFT,PMU2[CLOCK_DRIFT],4400,4419,4.4,4.4190000000000005
4439,4.439,78508.7100492907,12.591587243743977,5782.822297849418,FAIL,True,PMU2,52402.63259039783,0.6674753993219033,9.487729036781154,PMU2,"4,5,6,7",1.848229106820362,5.991464547107979,5782.822297849418,PASS,0.9999764582922626,PMU2,8,PMU2,CLOCK_DRIFT,PMU2[CLOCK_DRIFT],4420,4439,4.42,4.439
4459,4.4590000000000005,79082.41918620993,12.591587243743977,5782.822297849418,FAIL,True,PMU2,52775.93247033275,0.6673535409439726,9.487729036781154,PMU2,"4,5,6,7",1.70980523953885,5.991464547107979,5782.822297849418,PASS,0.9999783794520054,PMU2,8,PMU2,CLOCK_DRIFT,PMU2[CLOCK_DRIFT],4440,4459,4.44,4.4590000000000005
4479,4.479,81324.24918180781,12.591587243743977,5782.822297849418,FAIL,True,PMU2,54246.85426815132,0.6670440220957652,9.487729036781154,PMU2,"4,5,6,7",1.2146338041673534,5.991464547107979,5782.822297849418,PASS,0.9999850643096446,PMU2,8,PMU2,CLOCK_DRIFT,PMU2[CLOCK_DRIFT],4460,4479,4.46,4.479
4499,4.499,83027.85710982596,12.591587243743977,5782.822297849418,FAIL,True,PMU2,55484.1217048514,0.6682591076806812,9.487729036781154,PMU2,"4,5,6,7",2.9582320777247815,5.991464547107979,5782.822297849418,PASS,0.9999643706078815,PMU2,8,PMU2,CLOCK_DRIFT,PMU2[CLOCK_DRIFT],4480,4499,4.48,4.499
4519,4.519,83174.76974179747,12.591587243743977,5782.822297849418,FAIL,True,PMU2,55536.06571598641,0.6677032697341885,9.487729036781154,PMU2,"4,5,6,7",1.9809875442643297,5.991464547107979,5782.822297849418,PASS,0.9999761828310387,PMU2,8,PMU2,CLOCK_DRIFT,PMU2[CLOCK_DRIFT],4500,4519,4.5,4.519
4539,4.539,88501.07074923694,12.591587243743977,5782.822297849418,FAIL,True,PMU2,59029.20425413547,0.666988588436309,9.487729036781154,PMU2,"4,5,6,7",0.8551540466445476,5.991464547107979,5782.822297849418,PASS,0.9999903373593177,PMU2,8,PMU2,CLOCK_DRIFT,PMU2[CLOCK_DRIFT],4520,4539,4.5200000000000005,4.539
4559,4.559,91120.63343887462,12.591587243743977,5782.822297849418,FAIL,True,PMU2,60753.785340695984,0.6667401558555971,9.487729036781154,PMU2,"4,5,6,7",0.5923999226270455,5.991464547107979,5782.822297849418,PASS,0.9999934987290994,PMU2,8,PMU2,CLOCK_DRIFT,PMU2[CLOCK_DRIFT],4540,4559,4.54,4.559
4579,4.579,89265.41328457839,12.591587243743977,5782.822297849418,FAIL,True,PMU2,59577.11636713528,0.6674154543731654,9.487729036781154,PMU2,"4,5,6,7",1.2847705816987085,5.991464547107979,5782.822297849418,PASS,0.9999856072969987,PMU2,8,PMU2,CLOCK_DRIFT,PMU2[CLOCK_DRIFT],4560,4579,4.5600000000000005,4.579
4599,4.599,93587.30570442874,12.591587243743977,5782.822297849418,FAIL,True,PMU2,62465.27734175939,0.6674545962359446,9.487729036781154,PMU2,"4,5,6,7",1.2298863478564854,5.991464547107979,5782.822297849418,PASS,0.9999868584062914,PMU2,8,PMU2,CLOCK_DRIFT,PMU2[CLOCK_DRIFT],4580,4599,4.58,4.599
4619,4.619,94261.94632286974,12.591587243743977,5782.822297849418,FAIL,True,PMU2,63018.99855420399,0.6685518495273673,9.487729036781154,PMU2,"4,5,6,7",2.8012068578058065,5.991464547107979,5782.822297849418,PASS,0.9999702827390364,PMU2,8,PMU2,CLOCK_DRIFT,PMU2[CLOCK_DRIFT],4600,4619,4.6000000000000005,4.619
4639,4.639,95776.8938915445,12.591587243743977,5782.822297849418,FAIL,True,PMU2,63992.73222694259,0.6681437414268879,9.487729036781154,PMU2,"4,5,6,7",2.156502121040623,5.991464547107979,5782.822297849418,PASS,0.9999774841088135,PMU2,8,PMU2,CLOCK_DRIFT,PMU2[CLOCK_DRIFT],4620,4639,4.62,4.639
4659,4.659,96045.59582931767,12.591587243743977,5782.822297849418,FAIL,True,PMU2,64160.10194811263,0.6680171161843939,9.487729036781154,PMU2,"4,5,6,7",1.7941087029996021,5.991464547107979,5782.822297849418,PASS,0.9999813202397516,PMU2,8,PMU2,CLOCK_DRIFT,PMU2[CLOCK_DRIFT],4640,4659,4.64,4.659
4679,4.679,100332.69888405457,12.591587243743977,5782.822297849418,FAIL,True,PMU2,67006.69547365732,0.6678450417355054,9.487729036781154,PMU2,"4,5,6,7",1.4507951565327233,5.991464547107979,5782.822297849418,PASS,0.9999855401561737,PMU2,8,PMU2,CLOCK_DRIFT,PMU2[CLOCK_DRIFT],4660,4679,4.66,4.679
4699,4.699,98808.78750798642,12.591587243743977,5782.822297849418,FAIL,True,PMU2,65998.39359512703,0.6679405269474903,9.487729036781154,PMU2,"4,5,6,7",1.7535207682707508,5.991464547107979,5782.822297849418,PASS,0.999982253392512,PMU2,8,PMU2,CLOCK_DRIFT,PMU2[CLOCK_DRIFT],4680,4699,4.68,4.699
4719,4.719,99823.34038012382,12.591587243743977,5782.822297849418,FAIL,True,PMU2,66789.17793497784,0.6690737625153292,9.487729036781154,PMU2,"4,5,6,7",3.8400242983886708,5.991464547107979,5782.822297849418,PASS,0.9999615317992389,PMU2,8,PMU2,CLOCK_DRIFT,PMU2[CLOCK_DRIFT],4700,4719,4.7,4.719
4739,4.739,102567.31920443395,12.591587243743977,5782.822297849418,FAIL,True,PMU2,68583.6667270479,0.6686697796044477,9.487729036781154,PMU2,"4,5,6,7",2.9569659206339454,5.991464547107979,5782.822297849418,PASS,0.999971170486432,PMU2,8,PMU2,CLOCK_DRIFT,PMU2[CLOCK_DRIFT],4720,4739,4.72,4.739
4759,4.759,105661.366208005,12.591587243743977,5782.822297849418,FAIL,True,PMU2,70621.95272907062,0.668380083123705,9.487729036781154,PMU2,"4,5,6,7",2.149705025501186,5.991464547107979,5782.822297849418,PASS,0.9999796547678432,PMU2,8,PMU2,CLOCK_DRIFT,PMU2[CLOCK_DRIFT],4740,4759,4.74,4.759
4779,4.779,105674.66851258422,12.591587243743977,5782.822297849418,FAIL,True,PMU2,70650.67386242484,0.6685677358336017,9.487729036781154,PMU2,"4,5,6,7",2.5625163040909036,5.991464547107979,5782.822297849418,PASS,0.9999757508933771,PMU2,8,PMU2,CLOCK_DRIFT,PMU2[CLOCK_DRIFT],4760,4779,4.76,4.779
4799,4.799,111417.22301718414,12.591587243743977,5782.822297849418,FAIL,True,PMU2,74394.57224788409,0.6677115999957209,9.487729036781154,PMU2,"4,5,6,7",0.9656675476776317,5.991464547107979,5782.822297849418,PASS,0.9999913328700759,PMU2,8,PMU2,CLOCK_DRIFT,PMU2[CLOCK_DRIFT],4780,4799,4.78,4.799
4819,4.819,110452.04815259375,12.591587243743977,5782.822297849418,FAIL,True,PMU2,73838.50400121698,0.6685118586411929,9.487729036781154,PMU2,"4,5,6,7",2.372346932612269,5.991464547107979,5782.822297849418,PASS,0.9999785214763123,PMU2,8,PMU2,CLOCK_DRIFT,PMU2[CLOCK_DRIFT],4800,4819,4.8,4.819
4839,4.839,114904.51174022892,12.591587243743977,5782.822297849418,FAIL,True,PMU2,76812.19588539601,0.668487204915414,9.487729036781154,PMU2,"4,5,6,7",2.0556718185127565,5.991464547107979,5782.822297849418,PASS,0.999982109738013,PMU2,8,PMU2,CLOCK_DRIFT,PMU2[CLOCK_DRIFT],4820,4839,4.82,4.839
4859,4.859,113958.77635403658,12.591587243743977,5782.822297849418,FAIL,True,PMU2,76157.96829544572,0.6682940158890895,9.487729036781154,PMU2,"4,5,6,7",1.880415582548205,5.991464547107979,5782.822297849418,PASS,0.9999834991595846,PMU2,8,PMU2,CLOCK_DRIFT,PMU2[CLOCK_DRIFT],4840,4859,4.84,4.859
4879,4.879,118994.71894700026,12.591587243743977,5782.822297849418,FAIL,True,PMU2,79523.71844909954,0.6682961996365491,9.487729036781154,PMU2,"4,5,6,7",1.7667335201724625,5.991464547107979,5782.822297849418,PASS,0.9999851528409345,PMU2,8,PMU2,CLOCK_DRIFT,PMU2[CLOCK_DRIFT],4860,4879,4.86,4.879
4899,4.899,120086.70280703194,12.591587243743977,5782.822297849418,FAIL,True,PMU2,80261.30522292857,0.6683613035150191,9.487729036781154,PMU2,"4,5,6,7",1.7683544922452392,5.991464547107979,5782.822297849418,PASS,0.9999852743521896,PMU2,8,PMU2,CLOCK_DRIFT,PMU2[CLOCK_DRIFT],4880,4899,4.88,4.899
4919,4.9190000000000005,125385.86953577591,12.591587243743977,5782.822297849418,FAIL,True,PMU2,83722.57836599753,0.6677194063092513,9.487729036781154,PMU2,"4,5,6,7",0.7601676444225381,5.991464547107979,5782.822297849418,PASS,0.9999939373739064,PMU2,8,PMU2,CLOCK_DRIFT,PMU2[CLOCK_DRIFT],4900,4919,4.9,4.9190000000000005
4939,4.939,127742.37118231326,12.591587243743977,5782.822297849418,FAIL,True,PMU2,85531.04656716668,0.6695589394148413,9.487729036781154,PMU2,"4,5,6,7",4.57642929900965,5.991464547107979,5782.822297849418,PASS,0.9999641745392962,PMU2,8,PMU2,CLOCK_DRIFT,PMU2[CLOCK_DRIFT],4920,4939,4.92,4.939
4959,4.9590000000000005,128283.72784600682,12.591587243743977,5782.822297849418,FAIL,True,PMU2,85764.1145549508,0.6685502206320584,9.487729036781154,PMU2,"4,5,6,7",1.8767454357898368,5.991464547107979,5782.822297849418,PASS,0.9999853703547028,PMU2,8,PMU2,CLOCK_DRIFT,PMU2[CLOCK_DRIFT],4940,4959,4.94,4.9590000000000005
4979,4.979,127844.27352633668,12.591587243743977,5782.822297849418,FAIL,True,PMU2,85445.43571954558,0.6683555967169958,9.487729036781154,PMU2,"4,5,6,7",1.6226148175869308,5.991464547107979,5782.822297849418,PASS,0.9999873078803388,PMU2,8,PMU2,CLOCK_DRIFT,PMU2[CLOCK_DRIFT],4960,4979,4.96,4.979
4999,4.999,131969.42306661478,12.591587243743977,5782.822297849418,FAIL,True,PMU2,88277.04628744884,0.6689204532089896,9.487729036781154,PMU2,"4,5,6,7",2.6729146401124715,5.991464547107979,5782.822297849418,PASS,0.9999797459549493,PMU2,8,PMU2,CLOCK_DRIFT,PMU2[CLOCK_DRIFT],4980,4999,4.98,4.999
5019,5.019,136591.84369646377,12.591587243743977,5782.822297849418,FAIL,True,PMU2,91310.2130495531,0.6684894981904183,9.487729036781154,PMU2,"4,5,6,7",2.5804234215076707,5.991464547107979,5782.822297849418,PASS,0.9999811085102032,PMU2,8,PMU2,CLOCK_DRIFT,PMU2[CLOCK_DRIFT],5000,5019,5.0,5.019
5039,5.039,135229.71568508915,12.591587243743977,5782.822297849418,FAIL,True,PMU2,90450.74552043458,0.6688673792013893,9.487729036781154,PMU2,"4,5,6,7",3.773406502968116,5.991464547107979,5782.822297849418,PASS,0.9999720963215529,PMU2,8,PMU2,CLOCK_DRIFT,PMU2[CLOCK_DRIFT],5020,5039,5.0200000000000005,5.039
5059,5.059,140841.5226924319,12.591587243743977,5782.822297849418,FAIL,True,PMU2,94137.61145308644,0.66839387741258,9.487729036781154,PMU2,"4,5,6,7",2.325759510765667,5.991464547107979,5782.822297849418,PASS,0.9999834866915217,PMU2,8,PMU2,CLOCK_DRIFT,PMU2[CLOCK_DRIFT],5040,5059,5.04,5.059
5079,5.079,141753.48894820272,12.591587243743977,5782.822297849418,FAIL,True,PMU2,94785.9795924661,0.6686677012027636,9.487729036781154,PMU2,"4,5,6,7",3.103460738399317,5.991464547107979,5782.822297849418,PASS,0.9999781066359534,PMU2,8,PMU2,CLOCK_DRIFT,PMU2[CLOCK_DRIFT],5060,5079,5.0600000000000005,5.079
5099,5.099,144517.58410349768,12.591587243743977,5782.822297849418,FAIL,True,PMU2,96454.70837087842,0.6674254137946386,9.487729036781154,PMU2,"4,5,6,7",0.6339843674733947,5.991464547107979,5782.822297849418,PASS,0.9999956130987698,PMU2,8,PMU2,CLOCK_DRIFT,PMU2[CLOCK_DRIFT],5080,5099,5.08,5.099
5119,5.119,146315.75394209882,12.591587243743977,5782.822297849418,FAIL,True,PMU2,97817.27962400932,0.6685355266851054,9.487729036781154,PMU2,"4,5,6,7",2.5680170361514287,5.991464547107979,5782.822297849418,PASS,0.999982448800167,PMU2,8,PMU2,CLOCK_DRIFT,PMU2[CLOCK_DRIFT],5100,5119,5.1000000000000005,5.119
5139,5.139,150426.73943565137,12.591587243743977,5782.822297849418,FAIL,True,PMU2,100450.15607236506,0.6677679543492002,9.487729036781154,PMU2,"4,5,6,7",0.9817830359509776,5.991464547107979,5782.822297849418,PASS,0.9999934733476268,PMU2,8,PMU2,CLOCK_DRIFT,PMU2[CLOCK_DRIFT],5120,5139,5.12,5.139
5159,5.159,151549.1148336332,12.591587243743977,5782.822297849418,FAIL,True,PMU2,101238.04626024689,0.6680213630504107,9.487729036781154,PMU2,"4,5,6,7",1.3622596533654385,5.991464547107979,5782.822297849418,PASS,0.9999910111012205,PMU2,8,PMU2,CLOCK_DRIFT,PMU2[CLOCK_DRIFT],5140,5159,5.14,5.159
5179,5.179,156492.52846464005,12.591587243743977,5782.822297849418,FAIL,True,PMU2,104496.81632371747,0.6677431654337977,9.487729036781154,PMU2,"4,5,6,7",0.8701200694040224,5.991464547107979,5782.822297849418,PASS,0.9999944398619032,PMU2,8,PMU2,CLOCK_DRIFT,PMU2[CLOCK_DRIFT],5160,5179,5.16,5.179
5199,5.199,154015.09634792295,12.591587243743977,5782.822297849418,FAIL,True,PMU2,102983.99218343452,0.6686616742477749,9.487729036781154,PMU2,"4,5,6,7",2.881141560139272,5.991464547107979,5782.822297849418,PASS,0.9999812931223726,PMU2,8,PMU2,CLOCK_DRIFT,PMU2[CLOCK_DRIFT],5180,5199,5.18,5.199
5219,5.219,160444.83955381403,12.591587243743977,5782.822297849418,FAIL,True,PMU2,107233.65880458472,0.668352183235024,9.487729036781154,PMU2,"4,5,6,7",1.9256779673350912,5.991464547107979,5782.822297849418,PASS,0.9999879978815605,PMU2,8,PMU2,CLOCK_DRIFT,PMU2[CLOCK_DRIFT],5200,5219,5.2,5.219
5239,5.239,160541.25665536,12.591587243743977,5782.822297849418,FAIL,True,PMU2,107390.84844649167,0.6689299105028912,9.487729036781154,PMU2,"4,5,6,7",3.4516469741766524,5.991464547107979,5782.822297849418,PASS,0.9999784999379844,PMU2,8,PMU2,CLOCK_DRIFT,PMU2[CLOCK_DRIFT],5220,5239,5.22,5.239
5259,5.259,167795.97388915467,12.591587243743977,5782.822297849418,FAIL,True,PMU2,112170.51471572861,0.6684934811953712,9.487729036781154,PMU2,"4,5,6,7",2.094617561053266,5.991464547107979,5782.822297849418,PASS,0.9999875168783106,PMU2,8,PMU2,CLOCK_DRIFT,PMU2[CLOCK_DRIFT],5240,5259,5.24,5.259
5279,5.279,165756.01779188958,12.591587243743977,5782.822297849418,FAIL,True,PMU2,110727.3616774866,0.6680141279486291,9.487729036781154,PMU2,"4,5,6,7",1.113393478305882,5.991464547107979,5782.822297849418,PASS,0.9999932829378195,PMU2,8,PMU2,CLOCK_DRIFT,PMU2[CLOCK_DRIFT],5260,5279,5.26,5.279
5299,5.299,169506.28321042936,12.591587243743977,5782.822297849418,FAIL,True,PMU2,113302.75085817816,0.6684280294053836,9.487729036781154,PMU2,"4,5,6,7",1.8927897021557287,5.991464547107979,5782.822297849418,PASS,0.9999888335130338,PMU2,8,PMU2,CLOCK_DRIFT,PMU2[CLOCK_DRIFT],5280,5299,5.28,5.299
5319,5.319,170704.45505583961,12.591587243743977,5782.822297849418,FAIL,True,PMU2,114156.77597604436,0.6687392894268767,9.487729036781154,PMU2,"4,5,6,7",2.6644332528685366,5.991464547107979,5782.822297849418,PASS,0.9999843915423765,PMU2,8,PMU2,CLOCK_DRIFT,PMU2[CLOCK_DRIFT],5300,5319,5.3,5.319
5339,5.339,176554.851784787,12.591587243743977,5782.822297849418,FAIL,True,PMU2,118030.45861415647,0.668520051536339,9.487729036781154,PMU2,"4,5,6,7",2.0562509025620987,5.991464547107979,5782.822297849418,PASS,0.9999883534726927,PMU2,8,PMU2,CLOCK_DRIFT,PMU2[CLOCK_DRIFT],5320,5339,5.32,5.339
5359,5.359,175665.91312490974,12.591587243743977,5782.822297849418,FAIL,True,PMU2,117452.68224725199,0.6686139624807892,9.487729036781154,PMU2,"4,5,6,7",2.375943089513745,5.991464547107979,5782.822297849418,PASS,0.9999864746492518,PMU2,8,PMU2,CLOCK_DRIFT,PMU2[CLOCK_DRIFT],5340,5359,5.34,5.359
5379,5.379,181540.2875304435,12.591587243743977,5782.822297849418,FAIL,True,PMU2,121420.53555972871,0.668835205735625,9.487729036781154,PMU2,"4,5,6,7",2.8853265257318768,5.991464547107979,5782.822297849418,PASS,0.9999841064120534,PMU2,8,PMU2,CLOCK_DRIFT,PMU2[CLOCK_DRIFT],5360,5379,5.36,5.379
5399,5.399,182739.86361548566,12.591587243743977,5782.822297849418,FAIL,True,PMU2,122078.64822883031,0.6680460727808335,9.487729036781154,PMU2,"4,5,6,7",0.9218995164913663,5.991464547107979,5782.822297849418,PASS,0.9999949551263844,PMU2,8,PMU2,CLOCK_DRIFT,PMU2[CLOCK_DRIFT],5380,5399,5.38,5.399
5419,5.4190000000000005,186137.89900328996,12.591587243743977,5782.822297849418,FAIL,True,PMU2,124399.59457505369,0.6683195375104934,9.487729036781154,PMU2,"4,5,6,7",1.4727144675089872,5.991464547107979,5782.822297849418,PASS,0.9999920880461455,PMU2,8,PMU2,CLOCK_DRIFT,PMU2[CLOCK_DRIFT],5400,5419,5.4,5.4190000000000005
5439,5.439,186122.89636856588,12.591587243743977,5782.822297849418,FAIL,True,PMU2,124525.51511180802,0.6690499532374514,9.487729036781154,PMU2,"4,5,6,7",3.410228361794018,5.991464547107979,5782.822297849418,PASS,0.9999816775451688,PMU2,8,PMU2,CLOCK_DRIFT,PMU2[CLOCK_DRIFT],5420,5439,5.42,5.439
5459,5.4590000000000005,190751.84573969542,12.591587243743977,5782.822297849418,FAIL,True,PMU2,127444.39447738537,0.6681161798628101,9.487729036781154,PMU2,"4,5,6,7",1.0000333631839495,5.991464547107979,5782.822297849418,PASS,0.9999947574118652,PMU2,8,PMU2,CLOCK_DRIFT,PMU2[CLOCK_DRIFT],5440,5459,5.44,5.4590000000000005
5479,5.479,190013.14353945715,12.591587243743977,5782.822297849418,FAIL,True,PMU2,127056.65028166605,0.6686729555383737,9.487729036781154,PMU2,"4,5,6,7",2.208498780893131,5.991464547107979,5782.822297849418,PASS,0.9999883771262358,PMU2,8,PMU2,CLOCK_DRIFT,PMU2[CLOCK_DRIFT],5460,5479,5.46,5.479
5499,5.4990000000000006,197239.35450165195,12.591587243743977,5782.822297849418,FAIL,True,PMU2,131849.56660494558,0.6684749447597754,9.487729036781154,PMU2,"4,5,6,7",1.6122184052993538,5.991464547107979,5782.822297849418,PASS,0.9999918260815172,PMU2,8,PMU2,CLOCK_DRIFT,PMU2[CLOCK_DRIFT],5480,5499,5.48,5.4990000000000006
5519,5.519,199194.50245535918,12.591587243743977,5782.822297849418,FAIL,True,PMU2,133183.3763906872,0.6686096993090183,9.487729036781154,PMU2,"4,5,6,7",1.9503664283437656,5.991464547107979,5782.822297849418,PASS,0.9999902087336532,PMU2,8,PMU2,CLOCK_DRIFT,PMU2[CLOCK_DRIFT],5500,5519,5.5,5.519
5539,5.539,202158.20432325348,12.591587243743977,5782.822297849418,FAIL,True,PMU2,135258.71262609627,0.6690735757120987,9.487729036781154,PMU2,"4,5,6,7",3.4373458766386267,5.991464547107979,5782.822297849418,PASS,0.9999829967530224,PMU2,8,PMU2,CLOCK_DRIFT,PMU2[CLOCK_DRIFT],5520,5539,5.5200000000000005,5.539
5559,5.559,201532.05415150188,12.591587243743977,5782.822297849418,FAIL,True,PMU2,134833.2779577587,0.6690413518853812,9.487729036781154,PMU2,"4,5,6,7",3.2938271396672643,5.991464547107979,5782.822297849418,PASS,0.9999836560632822,PMU2,8,PMU2,CLOCK_DRIFT,PMU2[CLOCK_DRIFT],5540,5559,5.54,5.559
5579,5.579,207496.54187025304,12.591587243743977,5782.822297849418,FAIL,True,PMU2,138737.7823261134,0.6686269615657773,9.487729036781154,PMU2,"4,5,6,7",2.0032237852136796,5.991464547107979,5782.822297849418,PASS,0.9999903457485741,PMU2,8,PMU2,CLOCK_DRIFT,PMU2[CLOCK_DRIFT],5560,5579,5.5600000000000005,5.579
5599,5.599,205594.13767474686,12.591587243743977,5782.822297849418,FAIL,True,PMU2,137472.30965542785,0.6686587040381043,9.487729036781154,PMU2,"4,5,6,7",2.0718305426742987,5.991464547107979,5782.822297849418,PASS,0.999989922715861,PMU2,8,PMU2,CLOCK_DRIFT,PMU2[CLOCK_DRIFT],5580,5599,5.58,5.599
5619,5.619,212300.61065133297,12.591587243743977,5782.822297849418,FAIL,True,PMU2,142072.83744691065,0.6692059764267032,9.487729036781154,PMU2,"4,5,6,7",3.916270363458928,5.991464547107979,5782.822297849418,PASS,0.9999815531837075,PMU2,8,PMU2,CLOCK_DRIFT,PMU2[CLOCK_DRIFT],5600,5619,5.6000000000000005,5.619
5639,5.639,215119.3972650589,12.591587243743977,5782.822297849418,FAIL,True,PMU2,143884.39576764463,0.6688583065819852,9.487729036781154,PMU2,"4,5,6,7",2.599439827283759,5.991464547107979,5782.822297849418,PASS,0.9999879162927178,PMU2,8,PMU2,CLOCK_DRIFT,PMU2[CLOCK_DRIFT],5620,5639,5.62,5.639
5659,5.659,218091.55702073133,12.591587243743977,5782.822297849418,FAIL,True,PMU2,145734.56231501358,0.66822652057622,9.487729036781154,PMU2,"4,5,6,7",0.9775325997565033,5.991464547107979,5782.822297849418,PASS,0.9999955177879735,PMU2,8,PMU2,CLOCK_DRIFT,PMU2[CLOCK_DRIFT],5640,5659,5.64,5.659
5679,5.679,221946.87307580016,12.591587243743977,5782.822297849418,FAIL,True,PMU2,148507.36598577313,0.6691122245955423,9.487729036781154,PMU2,"4,5,6,7",3.4951747601460172,5.991464547107979,5782.822297849418,PASS,0.9999842522009357,PMU2,8,PMU2,CLOCK_DRIFT,PMU2[CLOCK_DRIFT],5660,5679,5.66,5.679
5699,5.699,224594.23639201134,12.591587243743977,5782.822297849418,FAIL,True,PMU2,150150.07899516803,0.6685393241039945,9.487729036781154,PMU2,"4,5,6,7",1.6535345030894633,5.991464547107979,5782.822297849418,PASS,0.9999926376806028,PMU2,8,PMU2,CLOCK_DRIFT,PMU2[CLOCK_DRIFT],5680,5699,5.68,5.699
5719,5.719,224624.07513193815,12.591587243743977,5782.822297849418,FAIL,True,PMU2,150197.25853933766,0.6686605540884958,9.487729036781154,PMU2,"4,5,6,7",1.9829593339488978,5.991464547107979,5782.822297849418,PASS,0.9999911720979473,PMU2,8,PMU2,CLOCK_DRIFT,PMU2[CLOCK_DRIFT],5700,5719,5.7,5.719
5739,5.739,225562.69001024895,12.591587243743977,5782.822297849418,FAIL,True,PMU2,150736.9919322652,0.6682709446558566,9.487729036781154,PMU2,"4,5,6,7",1.0128729947384671,5.991464547107979,5782.822297849418,PASS,0.9999955095721075,PMU2,8,PMU2,CLOCK_DRIFT,PMU2[CLOCK_DRIFT],5720,5739,5.72,5.739
5759,5.759,231994.95944328647,12.591587243743977,5782.822297849418,FAIL,True,PMU2,155141.93715647282,0.6687297755466917,9.487729036781154,PMU2,"4,5,6,7",2.201542151071665,5.991464547107979,5782.822297849418,PASS,0.999990510388,PMU2,8,PMU2,CLOCK_DRIFT,PMU2[CLOCK_DRIFT],5740,5759,5.74,5.759
5779,5.779,234967.3438681584,12.591587243743977,5782.822297849418,FAIL,True,PMU2,157066.046098781,0.668459044193442,9.487729036781154,PMU2,"4,5,6,7",1.3915501807213297,5.991464547107979,5782.822297849418,PASS,0.9999940776868912,PMU2,8,PMU2,CLOCK_DRIFT,PMU2[CLOCK_DRIFT],5760,5779,5.76,5.779
5799,5.799,236690.49550670182,12.591587243743977,5782.822297849418,FAIL,True,PMU2,158228.32648750494,0.6685030852158774,9.487729036781154,PMU2,"4,5,6,7",1.4422744275732777,5.991464547107979,5782.822297849418,PASS,0.9999939064962263,PMU2,8,PMU2,CLOCK_DRIFT,PMU2[CLOCK_DRIFT],5780,5799,5.78,5.799
5819,5.819,237711.91010645198,12.591587243743977,5782.822297849418,FAIL,True,PMU2,159023.03106084975,0.6689737631977977,9.487729036781154,PMU2,"4,5,6,7",2.9141592100050318,5.991464547107979,5782.822297849418,PASS,0.999987740794272,PMU2,8,PMU2,CLOCK_DRIFT,PMU2[CLOCK_DRIFT],5800,5819,5.8,5.819
5839,5.839,242919.16318522138,12.591587243743977,5782.822297849418,FAIL,True,PMU2,162460.09082096303,0.6687825229213811,9.487729036781154,PMU2,"4,5,6,7",2.240584562793135,5.991464547107979,5782.822297849418,PASS,0.999990776419063,PMU2,8,PMU2,CLOCK_DRIFT,PMU2[CLOCK_DRIFT],5820,5839,5.82,5.839
5859,5.859,245249.57656051326,12.591587243743977,5782.822297849418,FAIL,True,PMU2,163876.74244434235,0.6682039771184156,9.487729036781154,PMU2,"4,5,6,7",0.8089529564592932,5.991464547107979,5782.822297849418,PASS,0.999996701511302,PMU2,8,PMU2,CLOCK_DRIFT,PMU2[CLOCK_DRIFT],5840,5859,5.84,5.859
5879,5.879,245067.74538138884,12.591587243743977,5782.822297849418,FAIL,True,PMU2,163873.78737401654,0.6686877015128471,9.487729036781154,PMU2,"4,5,6,7",1.9751130128590355,5.991464547107979,5782.822297849418,PASS,0.999991940542768,PMU2,8,PMU2,CLOCK_DRIFT,PMU2[CLOCK_DRIFT],5860,5879,5.86,5.879
5899,5.899,250226.66084973892,12.591587243743977,5782.822297849418,FAIL,True,PMU2,167294.2868190048,0.6685709917995709,9.487729036781154,PMU2,"4,5,6,7",1.6365294871956189,5.991464547107979,5782.822297849418,PASS,0.9999934598116698,PMU2,8,PMU2,CLOCK_DRIFT,PMU2[CLOCK_DRIFT],5880,5899,5.88,5.899
5919,5.9190000000000005,252451.85409608565,12.591587243743977,5782.822297849418,FAIL,True,PMU2,168754.68290090034,0.6684628382117989,9.487729036781154,PMU2,"4,5,6,7",1.3601962055774084,5.991464547107979,5782.822297849418,PASS,0.9999946120569784,PMU2,8,PMU2,CLOCK_DRIFT,PMU2[CLOCK_DRIFT],5900,5919,5.9,5.9190000000000005
5939,5.939,255429.18639221438,12.591587243743977,5782.822297849418,FAIL,True,PMU2,170743.19492683458,0.6684560889007275,9.487729036781154,PMU2,"4,5,6,7",1.3378017104716964,5.991464547107979,5782.822297849418,PASS,0.9999947625338773,PMU2,8,PMU2,CLOCK_DRIFT,PMU2[CLOCK_DRIFT],5920,5939,5.92,5.939
5959,5.9590000000000005,260097.43479017192,12.591587243743977,5782.822297849418,FAIL,True,PMU2,173866.97614830983,0.6684686309519866,9.487729036781154,PMU2,"4,5,6,7",1.3745600640415825,5.991464547107979,5782.822297849418,PASS,0.9999947152109933,PMU2,8,PMU2,CLOCK_DRIFT,PMU2[CLOCK_DRIFT],5940,5959,5.94,5.9590000000000005
5979,5.979,261888.0646350265,12.591587243743977,5782.822297849418,FAIL,True,PMU2,175008.02485056856,0.6682550619267966,9.487729036781154,PMU2,"4,5,6,7",0.8627954984997652,5.991464547107979,5782.822297849418,PASS,0.9999967054798785,PMU2,8,PMU2,CLOCK_DRIFT,PMU2[CLOCK_DRIFT],5960,5979,5.96,5.979
5999,5.9990000000000006,265629.2159857408,12.591587243743977,5782.822297849418,FAIL,True,PMU2,177533.00990351124,0.6683489586967775,9.487729036781154,PMU2,"4,5,6,7",1.0168222677634415,5.991464547107979,5782.822297849418,PASS,0.9999961720239846,PMU2,8,PMU2,CLOCK_DRIFT,PMU2[CLOCK_DRIFT],5980,5999,5.98,5.9990000000000006
6019,6.019,264703.680906926,12.591587243743977,5782.822297849418,FAIL,True,PMU2,177081.44460922005,0.668979909922313,9.487729036781154,PMU2,"4,5,6,7",2.070172867443219,5.991464547107979,5782.822297849418,PASS,0.9999921792819036,PMU2,8,PMU2,CLOCK_DRIFT,PMU2[CLOCK_DRIFT],6000,6019,6.0,6.019
6039,6.039,270749.9107421838,12.591587243743977,5782.822297849418,FAIL,True,PMU2,181103.47879031303,0.6688958023803938,9.487729036781154,PMU2,"4,5,6,7",1.8171978567652993,5.991464547107979,5782.822297849418,PASS,0.9999932882790181,PMU2,8,PMU2,CLOCK_DRIFT,PMU2[CLOCK_DRIFT],6020,6039,6.0200000000000005,6.039
6059,6.059,271255.0578353511,12.591587243743977,5782.822297849418,FAIL,True,PMU2,181333.6741499135,0.6684987760116942,9.487729036781154,PMU2,"4,5,6,7",0.8085826712073305,5.991464547107979,5782.822297849418,PASS,0.999997019105643,PMU2,8,PMU2,CLOCK_DRIFT,PMU2[CLOCK_DRIFT],6040,6059,6.04,6.059
6079,6.079,273141.0104111071,12.591587243743977,5782.822297849418,FAIL,True,PMU2,182659.4091453781,0.6687366678129207,9.487729036781154,PMU2,"4,5,6,7",1.4318111707048136,5.991464547107979,5782.822297849418,PASS,0.9999947579780548,PMU2,8,PMU2,CLOCK_DRIFT,PMU2[CLOCK_DRIFT],6060,6079,6.0600000000000005,6.079
6099,6.099,274637.2876371919,12.591587243743977,5782.822297849418,FAIL,True,PMU2,183645.08747281323,0.668682279281088,9.487729036781154,PMU2,"4,5,6,7",1.257524306487293,5.991464547107979,5782.822297849418,PASS,0.9999954211450408,PMU2,8,PMU2,CLOCK_DRIFT,PMU2[CLOCK_DRIFT],6080,6099,6.08,6.099
6119,6.119,284723.12349686655,12.591587243743977,5782.822297849418,FAIL,True,PMU2,190492.98609487913,0.6690464186937579,9.487729036781154,PMU2,"4,5,6,7",2.5419955780912256,5.991464547107979,5782.822297849418,PASS,0.9999910720437916,PMU2,8,PMU2,CLOCK_DRIFT,PMU2[CLOCK_DRIFT],6100,6119,6.1000000000000005,6.119
6139,6.139,287694.16055606544,12.591587243743977,5782.822297849418,FAIL,True,PMU2,192347.4449080213,0.6685830693825879,9.487729036781154,PMU2,"4,5,6,7",1.10731033758955,5.991464547107979,5782.822297849418,PASS,0.9999961510851125,PMU2,8,PMU2,CLOCK_DRIFT,PMU2[CLOCK_DRIFT],6120,6139,6.12,6.139
6159,6.159,287336.74372262205,12.591587243743977,5782.822297849418,FAIL,True,PMU2,192217.00817468308,0.6689607659793001,9.487729036781154,PMU2,"4,5,6,7",2.1561302650277665,5.991464547107979,5782.822297849418,PASS,0.9999924961554268,PMU2,8,PMU2,CLOCK_DRIFT,PMU2[CLOCK_DRIFT],6140,6159,6.140000000000001,6.159
6179,6.179,292651.4935638456,12.591587243743977,5782.822297849418,FAIL,True,PMU2,195762.41225158115,0.668926749245765,9.487729036781154,PMU2,"4,5,6,7",2.1953987412504006,5.991464547107979,5782.822297849418,PASS,0.9999924982486353,PMU2,8,PMU2,CLOCK_DRIFT,PMU2[CLOCK_DRIFT],6160,6179,6.16,6.179
6199,6.199,292949.5328012269,12.591587243743977,5782.822297849418,FAIL,True,PMU2,195748.11561992104,0.6681973981939773,9.487729036781154,PMU2,"4,5,6,7",0.43283024108943,5.991464547107979,5782.822297849418,PASS,0.9999985225091949,PMU2,8,PMU2,CLOCK_DRIFT,PMU2[CLOCK_DRIFT],6180,6199,6.18,6.199
6219,6.219,295760.2662066365,12.591587243743977,5782.822297849418,FAIL,True,PMU2,197741.21730535518,0.6685861486451358,9.487729036781154,PMU2,"4,5,6,7",1.225279477134189,5.991464547107979,5782.822297849418,PASS,0.9999958571869952,PMU2,8,PMU2,CLOCK_DRIFT,PMU2[CLOCK_DRIFT],6200,6219,6.2,6.219
6239,6.239,298667.4646800565,12.591587243743977,5782.822297849418,FAIL,True,PMU2,199776.88594312457,0.6688940362390423,9.487729036781154,PMU2,"4,5,6,7",2.185547460953962,5.991464547107979,5782.822297849418,PASS,0.9999926823383213,PMU2,8,PMU2,CLOCK_DRIFT,PMU2[CLOCK_DRIFT],6220,6239,6.22,6.239
6259,6.259,302372.93705711,12.591587243743977,5782.822297849418,FAIL,True,PMU2,202195.1217171235,0.6686945058146336,9.487729036781154,PMU2,"4,5,6,7",1.4825827040481707,5.991464547107979,5782.822297849418,PASS,0.9999950968406152,PMU2,8,PMU2,CLOCK_DRIFT,PMU2[CLOCK_DRIFT],6240,6259,6.24,6.259
6279,6.279,306216.1001102439,12.591587243743977,5782.822297849418,FAIL,True,PMU2,205021.47051164805,0.6695319757446987,9.487729036781154,PMU2,"4,5,6,7",5.008514016442804,5.991464547107979,5782.822297849418,PASS,0.9999836438579988,PMU2,8,PMU2,CLOCK_DRIFT,PMU2[CLOCK_DRIFT],6260,6279,6.26,6.279
6299,6.299,305544.561674114,12.591587243743977,5782.822297849418,FAIL,True,PMU2,204252.78714974513,0.6684877192073734,9.487729036781154,PMU2,"4,5,6,7",0.989396389336518,5.991464547107979,5782.822297849418,PASS,0.9999967618589448,PMU2,8,PMU2,CLOCK_DRIFT,PMU2[CLOCK_DRIFT],6280,6299,6.28,6.299
6319,6.319,309393.0199558928,12.591587243743977,5782.822297849418,FAIL,True,PMU2,206872.40732810934,0.668639542539134,9.487729036781154,PMU2,"4,5,6,7",1.5100922030404011,5.991464547107979,5782.822297849418,PASS,0.9999951191781791,PMU2,8,PMU2,CLOCK_DRIFT,PMU2[CLOCK_DRIFT],6300,6319,6.3,6.319
6339,6.339,313501.3620390383,12.591587243743977,5782.822297849418,FAIL,True,PMU2,209509.9456912311,0.6682903842221337,9.487729036781154,PMU2,"4,5,6,7",0.6916548085733931,5.991464547107979,5782.822297849418,PASS,0.9999977937741511,PMU2,8,PMU2,CLOCK_DRIFT,PMU2[CLOCK_DRIFT],6320,6339,6.32,6.339
6359,6.359,317484.6568403643,12.591587243743977,5782.822297849418,FAIL,True,PMU2,212437.04058750736,0.6691253766455986,9.487729036781154,PMU2,"4,5,6,7",3.2287576724097953,5.991464547107979,5782.822297849418,PASS,0.9999898301930413,PMU2,8,PMU2,CLOCK_DRIFT,PMU2[CLOCK_DRIFT],6340,6359,6.34,6.359
6379,6.379,316080.20594819356,12.591587243743977,5782.822297849418,FAIL,True,PMU2,211498.26392861808,0.6691284678651571,9.487729036781154,PMU2,"4,5,6,7",3.3226105450079193,5.991464547107979,5782.822297849418,PASS,0.9999894880777648,PMU2,8,PMU2,CLOCK_DRIFT,PMU2[CLOCK_DRIFT],6360,6379,6.36,6.379
6399,6.399,321847.8073887603,12.591587243743977,5782.822297849418,FAIL,True,PMU2,215359.74240830223,0.6691353411899089,9.487729036781154,PMU2,"4,5,6,7",3.1985827617758433,5.991464547107979,5782.822297849418,PASS,0.9999900618159007,PMU2,8,PMU2,CLOCK_DRIFT,PMU2[CLOCK_DRIFT],6380,6399,6.38,6.399
6419,6.4190000000000005,334306.3584183302,12.591587243743977,5782.822297849418,FAIL,True,PMU2,223630.6598689973,0.6689392954625163,9.487729036781154,PMU2,"4,5,6,7",1.9543156956522998,5.991464547107979,5782.822297849418,PASS,0.9999941541174839,PMU2,8,PMU2,CLOCK_DRIFT,PMU2[CLOCK_DRIFT],6400,6419,6.4,6.4190000000000005
6439,6.439,342567.8232972428,12.591587243743977,5782.822297849418,FAIL,True,PMU2,229205.5888064744,0.6690809037473286,9.487729036781154,PMU2,"4,5,6,7",2.1214756905050987,5.991464547107979,5782.822297849418,PASS,0.9999938071367296,PMU2,8,PMU2,CLOCK_DRIFT,PMU2[CLOCK_DRIFT],6420,6439,6.42,6.439
6459,6.4590000000000005,305750.74160736694,12.591587243743977,5782.822297849418,FAIL,True,PMU2,204390.03600022165,0.6684858225550644,9.487729036781154,PMU2,"4,5,6,7",3.751521939472051,5.991464547107979,5782.822297849418,PASS,0.9999877301297136,PMU2,8,PMU2,CLOCK_DRIFT,PMU2[CLOCK_DRIFT],6440,6459,6.44,6.4590000000000005
6479,6.479,296765.0660416918,12.591587243743977,5782.822297849418,FAIL,True,PMU2,198601.3975342799,0.669220943634851,9.487729036781154,PMU2,"4,5,6,7",1.759709196701514,5.991464547107979,5782.822297849418,PASS,0.9999940703627278,PMU2,8,PMU2,CLOCK_DRIFT,PMU2[CLOCK_DRIFT],6460,6479,6.46,6.479
6499,6.4990000000000006,298402.0571604817,12.591587243743977,5782.822297849418,FAIL,True,PMU2,199767.4874443885,0.6694574740714766,9.487729036781154,PMU2,"4,5,6,7",2.318395333584997,5.991464547107979,5782.822297849418,PASS,0.9999922306322026,PMU2,8,PMU2,CLOCK_DRIFT,PMU2[CLOCK_DRIFT],6480,6499,6.48,6.4990000000000006
6519,6.519,301381.69686537416,12.591587243743977,5782.822297849418,FAIL,True,PMU2,201676.85959418924,0.6691742122756625,9.487729036781154,PMU2,"4,5,6,7",1.6996047954545497,5.991464547107979,5782.822297849418,PASS,0.9999943606237104,PMU2,8,PMU2,CLOCK_DRIFT,PMU2[CLOCK_DRIFT],6500,6519,6.5,6.519
6539,6.539,302123.2858003019,12.591587243743977,5782.822297849418,FAIL,True,PMU2,202055.44359335635,0.6687847414942765,9.487729036781154,PMU2,"4,5,6,7",1.0147643304447407,5.991464547107979,5782.822297849418,PASS,0.9999966412243672,PMU2,8,PMU2,CLOCK_DRIFT,PMU2[CLOCK_DRIFT],6520,6539,6.5200000000000005,6.539
6559,6.559,307137.96623743355,12.591587243743977,5782.822297849418,FAIL,True,PMU2,205666.55368039824,0.6696226982287412,9.487729036781154,PMU2,"4,5,6,7",3.198490647518534,5.991464547107979,5782.822297849418,PASS,0.9999895861436906,PMU2,8,PMU2,CLOCK_DRIFT,PMU2[CLOCK_DRIFT],6540,6559,6.54,6.559
6579,6.579,309640.6674133703,12.591587243743977,5782.822297849418,FAIL,True,PMU2,207115.63931242243,0.6688903012727428,9.487729036781154,PMU2,"4,5,6,7",1.4156539431279258,5.991464547107979,5782.822297849418,PASS,0.9999954280748877,PMU2,8,PMU2,CLOCK_DRIFT,PMU2[CLOCK_DRIFT],6560,6579,6.5600000000000005,6.579
6599,6.599,313774.7134841441,12.591587243743977,5782.822297849418,FAIL,True,PMU2,209968.49218600985,0.6691695766511159,9.487729036781154,PMU2,"4,5,6,7",2.0512753975152043,5.991464547107979,5782.822297849418,PASS,0.9999934625853857,PMU2,8,PMU2,CLOCK_DRIFT,PMU2[CLOCK_DRIFT],6580,6599,6.58,6.599
6619,6.619,323465.3118883901,12.591587243743977,5782.822297849418,FAIL,True,PMU2,216819.03406512682,0.6703007280729348,9.487729036781154,PMU2,"4,5,6,7",5.5322291999519075,5.991464547107979,5782.822297849418,PASS,0.9999828969939075,PMU2,8,PMU2,CLOCK_DRIFT,PMU2[CLOCK_DRIFT],6600,6619,6.6000000000000005,6.619
6639,6.639,300478.32112937194,12.591587243743977,5782.822297849418,FAIL,True,PMU2,200741.3833296473,0.6680727666979257,9.487729036781154,PMU2,"4,5,6,7",1.572654388290655,5.991464547107979,5782.822297849418,PASS,0.9999947661635543,PMU2,8,PMU2,CLOCK_DRIFT,PMU2[CLOCK_DRIFT],6620,6639,6.62,6.639
6659,6.659,337126.71933140565,12.591587243743977,5782.822297849418,FAIL,True,PMU2,225758.68714419036,0.6696552785608868,9.487729036781154,PMU2,"4,5,6,7",2.7236247487091405,5.991464547107979,5782.822297849418,PASS,0.9999919210653071,PMU2,8,PMU2,CLOCK_DRIFT,PMU2[CLOCK_DRIFT],6640,6659,6.640000000000001,6.659
6679,6.679,345939.6387596648,12.591587243743977,5782.822297849418,FAIL,True,PMU2,231498.53199494962,0.6691876444832012,9.487729036781154,PMU2,"4,5,6,7",1.6319048587956424,5.991464547107979,5782.822297849418,PASS,0.9999952826890128,PMU2,8,PMU2,CLOCK_DRIFT,PMU2[CLOCK_DRIFT],6660,6679,6.66,6.679
6699,6.699,354543.6108631033,12.591587243743977,5782.822297849418,FAIL,True,PMU2,237322.92116374368,0.6693758225849937,9.487729036781154,PMU2,"4,5,6,7",2.4716534713858835,5.991464547107979,5782.822297849418,PASS,0.999993028633444,PMU2,8,PMU2,CLOCK_DRIFT,PMU2[CLOCK_DRIFT],6680,6699,6.68,6.699
6719,6.719,294201.7245366799,12.591587243743977,5782.822297849418,FAIL,True,PMU2,196256.7902207752,0.6670823922934098,9.487729036781154,PMU2,"4,5,6,7",1.4987878795886778,5.991464547107979,5782.822297849418,PASS,0.9999949055775185,PMU2,8,PMU2,CLOCK_DRIFT,PMU2[CLOCK_DRIFT],6700,6719,6.7,6.719
6739,6.739,355556.47985620936,12.591587243743977,5782.822297849418,FAIL,True,PMU2,237989.57885276453,0.6693439504998192,9.487729036781154,PMU2,"4,5,6,7",2.4408362058686834,5.991464547107979,5782.822297849418,PASS,0.9999931351660168,PMU2,8,PMU2,CLOCK_DRIFT,PMU2[CLOCK_DRIFT],6720,6739,6.72,6.739
6759,6.759,176652.66751783786,12.591587243743977,5782.822297849418,FAIL,True,PMU2,120136.81484776095,0.6800735960334701,9.487729036781154,PMU2,"4,5,6,7",2.266714632510469,5.991464547107979,5782.822297849418,PASS,0.9999871685230438,PMU2,8,PMU2,CLOCK_DRIFT,PMU2[CLOCK_DRIFT],6740,6759,6.74,6.759
6779,6.779,359662.73631676286,12.591587243743977,5782.822297849418,FAIL,True,PMU2,240472.08093161994,0.6686043802987444,9.487729036781154,PMU2,"4,5,6,7",1.1121134981883452,5.991464547107979,5782.822297849418,PASS,0.9999969078990234,PMU2,8,PMU2,CLOCK_DRIFT,PMU2[CLOCK_DRIFT],6760,6779,6.76,6.779
6799,6.799,177192.9239885747,12.591587243743977,5782.822297849418,FAIL,True,PMU2,120522.59849545792,0.6801772654489813,9.487729036781154,PMU2,"4,5,6,7",2.1083244834388863,5.991464547107979,5782.822297849418,PASS,0.9999881015311674,PMU2,8,PMU2,CLOCK_DRIFT,PMU2[CLOCK_DRIFT],6780,6799,6.78,6.799
6819,6.819,179378.88385454915,12.591587243743977,5782.822297849418,FAIL,True,PMU2,122075.30362122177,0.6805444487000352,9.487729036781154,PMU2,"4,5,6,7",1.0319812666653723,5.991464547107979,5782.822297849418,PASS,0.9999942469188988,PMU2,8,PMU2,CLOCK_DRIFT,PMU2[CLOCK_DRIFT],6800,6819,6.8,6.819
6839,6.839,180126.57128986105,12.591587243743977,5782.822297849418,FAIL,True,PMU2,122549.05199700901,0.6803496625703386,9.487729036781154,PMU2,"4,5,6,7",3.012555066050698,5.991464547107979,5782.822297849418,PASS,0.9999832753433073,PMU2,8,PMU2,CLOCK_DRIFT,PMU2[CLOCK_DRIFT],6820,6839,6.82,6.839
6859,6.859,180621.82308364156,12.591587243743977,5782.822297849418,FAIL,True,PMU2,122892.58416869555,0.6803861353552334,9.487729036781154,PMU2,"4,5,6,7",2.8027596282202225,5.991464547107979,5782.822297849418,PASS,0.9999844827187525,PMU2,8,PMU2,CLOCK_DRIFT,PMU2[CLOCK_DRIFT],6840,6859,6.84,6.859
6879,6.879,180987.38671037735,12.591587243743977,5782.822297849418,FAIL,True,PMU2,123161.79015232608,0.6804993010336908,9.487729036781154,PMU2,"4,5,6,7",2.377113672147424,5.991464547107979,5782.822297849418,PASS,0.9999868658600174,PMU2,8,PMU2,CLOCK_DRIFT,PMU2[CLOCK_DRIFT],6860,6879,6.86,6.879
6899,6.899,183223.46861418258,12.591587243743977,5782.822297849418,FAIL,True,PMU2,124752.39505684387,0.6808756323652924,9.487729036781154,PMU2,"4,5,6,7",1.5176876588117043,5.991464547107979,5782.822297849418,PASS,0.9999917167398353,PMU2,8,PMU2,CLOCK_DRIFT,PMU2[CLOCK_DRIFT],6880,6899,6.88,6.899
6919,6.9190000000000005,183193.1961795067,12.591587243743977,5782.822297849418,FAIL,True,PMU2,124706.58179702918,0.6807380645012174,9.487729036781154,PMU2,"4,5,6,7",2.464585890875319,5.991464547107979,5782.822297849418,PASS,0.9999865465206008,PMU2,8,PMU2,CLOCK_DRIFT,PMU2[CLOCK_DRIFT],6900,6919,6.9,6.9190000000000005
6939,6.939,184626.17764089,12.591587243743977,5782.822297849418,FAIL,True,PMU2,125722.38916489386,0.680956464415529,9.487729036781154,PMU2,"4,5,6,7",1.7664651964155502,5.991464547107979,5782.822297849418,PASS,0.9999904322062072,PMU2,8,PMU2,CLOCK_DRIFT,PMU2[CLOCK_DRIFT],6920,6939,6.92,6.939
6959,6.9590000000000005,184916.890141942,12.591587243743977,5782.822297849418,FAIL,True,PMU2,125857.054466021,0.6806141633109515,9.487729036781154,PMU2,"4,5,6,7",4.847443960078979,5.991464547107979,5782.822297849418,PASS,0.9999737858236943,PMU2,8,PMU2,CLOCK_DRIFT,PMU2[CLOCK_DRIFT],6940,6959,6.94,6.9590000000000005
6979,6.979,185229.89347388432,12.591587243743977,5782.822297849418,FAIL,True,PMU2,126095.25340030249,0.6807500184525062,9.487729036781154,PMU2,"4,5,6,7",3.6699445553800483,5.991464547107979,5782.822297849418,PASS,0.9999801870827297,PMU2,8,PMU2,CLOCK_DRIFT,PMU2[CLOCK_DRIFT],6960,6979,6.96,6.979
6999,6.9990000000000006,185838.38773305854,12.591587243743977,5782.822297849418,FAIL,True,PMU2,126567.06659750587,0.6810598614281403,9.487729036781154,PMU2,"4,5,6,7",2.112616919127995,5.991464547107979,5782.822297849418,PASS,0.9999886319670285,PMU2,8,PMU2,CLOCK_DRIFT,PMU2[CLOCK_DRIFT],6980,6999,6.98,6.9990000000000006
7019,7.019,186371.79757255953,12.591587243743977,5782.822297849418,FAIL,True,PMU2,126991.85994027801,0.6813898969388685,9.487729036781154,PMU2,"4,5,6,7",1.02253893323776,5.991464547107979,5782.822297849418,PASS,0.9999945134459904,PMU2,8,PMU2,CLOCK_DRIFT,PMU2[CLOCK_DRIFT],7000,7019,7.0,7.019
7039,7.039000000000001,188098.38097470545,12.591587243743977,5782.822297849418,FAIL,True,PMU2,128131.80394290964,0.6811956768524242,9.487729036781154,PMU2,"4,5,6,7",2.958575030964073,5.991464547107979,5782.822297849418,PASS,0.9999842711297373,PMU2,8,PMU2,CLOCK_DRIFT,PMU2[CLOCK_DRIFT],7020,7039,7.0200000000000005,7.039000000000001
7059,7.059,189157.76024815676,12.591587243743977,5782.822297849418,FAIL,True,PMU2,128872.62189607868,0.6812970386570987,9.487729036781154,PMU2,"4,5,6,7",2.7049186785923127,5.991464547107979,5782.822297849418,PASS,0.9999857001971527,PMU2,8,PMU2,CLOCK_DRIFT,PMU2[CLOCK_DRIFT],7040,7059,7.04,7.059
7079,7.079,188225.52629407385,12.591587243743977,5782.822297849418,FAIL,True,PMU2,128294.13357904366,0.6815979538216488,9.487729036781154,PMU2,"4,5,6,7",0.9991132338929197,5.991464547107979,5782.822297849418,PASS,0.9999946919355012,PMU2,8,PMU2,CLOCK_DRIFT,PMU2[CLOCK_DRIFT],7060,7079,7.0600000000000005,7.079
7099,7.099,189745.23958532812,12.591587243743977,5782.822297849418,FAIL,True,PMU2,129325.7954728659,0.6815759686804067,9.487729036781154,PMU2,"4,5,6,7",1.9310948126714649,5.991464547107979,5782.822297849418,PASS,0.9999898226969125,PMU2,8,PMU2,CLOCK_DRIFT,PMU2[CLOCK_DRIFT],7080,7099,7.08,7.099
7119,7.119,190215.7523658687,12.591587243743977,5782.822297849418,FAIL,True,PMU2,129672.87000447884,0.6817146760540671,9.487729036781154,PMU2,"4,5,6,7",1.5678259904580771,5.991464547107979,5782.822297849418,PASS,0.9999917576437757,PMU2,8,PMU2,CLOCK_DRIFT,PMU2[CLOCK_DRIFT],7100,7119,7.1000000000000005,7.119
7139,7.139,190556.57900402168,12.591587243743977,5782.822297849418,FAIL,True,PMU2,129918.83098454979,0.6817861218100889,9.487729036781154,PMU2,"4,5,6,7",1.7154617685530342,5.991464547107979,5782.822297849418,PASS,0.9999909976250753,PMU2,8,PMU2,CLOCK_DRIFT,PMU2[CLOCK_DRIFT],7120,7139,7.12,7.139
7159,7.159,191306.9931690561,12.591587243743977,5782.822297849418,FAIL,True,PMU2,130450.48365064987,0.68189082630854,9.487729036781154,PMU2,"4,5,6,7",1.5546108139390638,5.991464547107979,5782.822297849418,PASS,0.9999918737376602,PMU2,8,PMU2,CLOCK_DRIFT,PMU2[CLOCK_DRIFT],7140,7159,7.140000000000001,7.159
7179,7.179,191459.5674834247,12.591587243743977,5782.822297849418,FAIL,True,PMU2,130567.03360308509,0.6819561713174179,9.487729036781154,PMU2,"4,5,6,7",1.4201042191017175,5.991464547107979,5782.822297849418,PASS,0.9999925827461235,PMU2,8,PMU2,CLOCK_DRIFT,PMU2[CLOCK_DRIFT],7160,7179,7.16,7.179
7199,7.199,192250.81156742424,12.591587243743977,5782.822297849418,FAIL,True,PMU2,131123.81765857412,0.6820455871656371,9.487729036781154,PMU2,"4,5,6,7",1.477071552658756,5.991464547107979,5782.822297849418,PASS,0.9999923169554364,PMU2,8,PMU2,CLOCK_DRIFT,PMU2[CLOCK_DRIFT],7180,7199,7.18,7.199
7219,7.219,192348.08568589517,12.591587243743977,5782.822297849418,FAIL,True,PMU2,131182.30709213225,0.6820047448060037,9.487729036781154,PMU2,"4,5,6,7",1.7705638625664402,5.991464547107979,5782.822297849418,PASS,0.9999907950013838,PMU2,8,PMU2,CLOCK_DRIFT,PMU2[CLOCK_DRIFT],7200,7219,7.2,7.219
7239,7.239,193187.52890476587,12.591587243743977,5782.822297849418,FAIL,True,PMU2,131763.410032391,0.6820492543146786,9.487729036781154,PMU2,"4,5,6,7",2.130470017869948,5.991464547107979,5782.822297849418,PASS,0.9999889720106161,PMU2,8,PMU2,CLOCK_DRIFT,PMU2[CLOCK_DRIFT],7220,7239,7.22,7.239
7259,7.259,192903.78037470422,12.591587243743977,5782.822297849418,FAIL,True,PMU2,131597.55600717713,0.6821927271282949,9.487729036781154,PMU2,"4,5,6,7",1.5491558774368472,5.991464547107979,5782.822297849418,PASS,0.9999919692819165,PMU2,8,PMU2,CLOCK_DRIFT,PMU2[CLOCK_DRIFT],7240,7259,7.24,7.259
7279,7.279,194079.67934227435,12.591587243743977,5782.822297849418,FAIL,True,PMU2,132402.08357803378,0.6822047729403581,9.487729036781154,PMU2,"4,5,6,7",2.3714890261378305,5.991464547107979,5782.822297849418,PASS,0.9999877808483908,PMU2,8,PMU2,CLOCK_DRIFT,PMU2[CLOCK_DRIFT],7260,7279,7.26,7.279
7299,7.299,194129.28788620047,12.591587243743977,5782.822297849418,FAIL,True,PMU2,132485.54026224648,0.6824603423050216,9.487729036781154,PMU2,"4,5,6,7",1.2557609140112742,5.991464547107979,5782.822297849418,PASS,0.9999935313165381,PMU2,8,PMU2,CLOCK_DRIFT,PMU2[CLOCK_DRIFT],7280,7299,7.28,7.299
7319,7.319,194520.05297483687,12.591587243743977,5782.822297849418,FAIL,True,PMU2,132791.15981240748,0.6826605163920315,9.487729036781154,PMU2,"4,5,6,7",1.085684684680964,5.991464547107979,5782.822297849418,PASS,0.9999944186490386,PMU2,8,PMU2,CLOCK_DRIFT,PMU2[CLOCK_DRIFT],7300,7319,7.3,7.319
7339,7.339,195222.8479992185,12.591587243743977,5782.822297849418,FAIL,True,PMU2,133245.40127612257,0.6825297481402175,9.487729036781154,PMU2,"4,5,6,7",2.3579688243451398,5.991464547107979,5782.822297849418,PASS,0.9999879216554389,PMU2,8,PMU2,CLOCK_DRIFT,PMU2[CLOCK_DRIFT],7320,7339,7.32,7.339
7359,7.359,195065.33058453223,12.591587243743977,5782.822297849418,FAIL,True,PMU2,133167.45477978498,0.6826813067229106,9.487729036781154,PMU2,"4,5,6,7",1.296988577165605,5.991464547107979,5782.822297849418,PASS,0.9999933510041313,PMU2,8,PMU2,CLOCK_DRIFT,PMU2[CLOCK_DRIFT],7340,7359,7.34,7.359
7379,7.379,195367.99309124734,12.591587243743977,5782.822297849418,FAIL,True,PMU2,133352.80490329873,0.6825724254689755,9.487729036781154,PMU2,"4,5,6,7",2.364206643203461,5.991464547107979,5782.822297849418,PASS,0.9999878987002642,PMU2,8,PMU2,CLOCK_DRIFT,PMU2[CLOCK_DRIFT],7360,7379,7.36,7.379
7399,7.399,195716.92662091812,12.591587243743977,5782.822297849418,FAIL,True,PMU2,133627.33869986288,0.6827582110906746,9.487729036781154,PMU2,"4,5,6,7",1.814383679930117,5.991464547107979,5782.822297849418,PASS,0.9999907295515453,PMU2,8,PMU2,CLOCK_DRIFT,PMU2[CLOCK_DRIFT],7380,7399,7.38,7.399
7419,7.419,195839.99200544445,12.591587243743977,5782.822297849418,FAIL,True,PMU2,133693.68809481303,0.6826679613584558,9.487729036781154,PMU2,"4,5,6,7",2.4862546225454887,5.991464547107979,5782.822297849418,PASS,0.999987304663378,PMU2,8,PMU2,CLOCK_DRIFT,PMU2[CLOCK_DRIFT],7400,7419,7.4,7.419
7439,7.439,196072.47162304324,12.591587243743977,5782.822297849418,FAIL,True,PMU2,133865.34457309812,0.6827340088335262,9.487729036781154,PMU2,"4,5,6,7",2.2983945137622634,5.991464547107979,5782.822297849418,PASS,0.9999882778316878,PMU2,8,PMU2,CLOCK_DRIFT,PMU2[CLOCK_DRIFT],7420,7439,7.42,7.439
7459,7.459,196332.20908909224,12.591587243743977,5782.822297849418,FAIL,True,PMU2,134081.1033971579,0.6829297343479396,9.487729036781154,PMU2,"4,5,6,7",2.414784370464959,5.991464547107979,5782.822297849418,PASS,0.9999877005185157,PMU2,8,PMU2,CLOCK_DRIFT,PMU2[CLOCK_DRIFT],7440,7459,7.44,7.459
7479,7.479,196274.58927685092,12.591587243743977,5782.822297849418,FAIL,True,PMU2,134021.1751410319,0.6828248915706108,9.487729036781154,PMU2,"4,5,6,7",2.559224539671743,5.991464547107979,5782.822297849418,PASS,0.9999869609991334,PMU2,8,PMU2,CLOCK_DRIFT,PMU2[CLOCK_DRIFT],7460,7479,7.46,7.479
7499,7.499,196141.08179517,12.591587243743977,5782.822297849418,FAIL,True,PMU2,134004.56690177147,0.6832049954823455,9.487729036781154,PMU2,"4,5,6,7",1.361200661268597,5.991464547107979,5782.822297849418,PASS,0.9999930600940464,PMU2,8,PMU2,CLOCK_DRIFT,PMU2[CLOCK_DRIFT],7480,7499,7.48,7.499
7519,7.519,196526.73033207483,12.591587243743977,5782.822297849418,FAIL,True,PMU2,134219.86372801053,0.68295983707263,9.487729036781154,PMU2,"4,5,6,7",2.908594709874555,5.991464547107979,5782.822297849418,PASS,0.9999852000045746,PMU2,8,PMU2,CLOCK_DRIFT,PMU2[CLOCK_DRIFT],7500,7519,7.5,7.519
7539,7.539000000000001,196266.54146565232,12.591587243743977,5782.822297849418,FAIL,True,PMU2,134094.51952809267,0.6832265883258554,9.487729036781154,PMU2,"4,5,6,7",1.7095650597574863,5.991464547107979,5782.822297849418,PASS,0.9999912895746418,PMU2,8,PMU2,CLOCK_DRIFT,PMU2[CLOCK_DRIFT],7520,7539,7.52,7.539000000000001
7559,7.559,196187.4345679372,12.591587243743977,5782.822297849418,FAIL,True,PMU2,134064.8092134948,0.683350641231153,9.487729036781154,PMU2,"4,5,6,7",1.7956295734505894,5.991464547107979,5782.822297849418,PASS,0.9999908473772675,PMU2,8,PMU2,CLOCK_DRIFT,PMU2[CLOCK_DRIFT],7540,7559,7.54,7.559
7579,7.579,196408.60716195093,12.591587243743977,5782.822297849418,FAIL,True,PMU2,134191.7815580909,0.6832276013618972,9.487729036781154,PMU2,"4,5,6,7",2.4707552142860725,5.991464547107979,5782.822297849418,PASS,0.9999874203312676,PMU2,8,PMU2,CLOCK_DRIFT,PMU2[CLOCK_DRIFT],7560,7579,7.56,7.579
7599,7.599,195913.77272137356,12.591587243743977,5782.822297849418,FAIL,True,PMU2,133917.40966914973,0.6835528090187186,9.487729036781154,PMU2,"4,5,6,7",1.5841367345812978,5.991464547107979,5782.822297849418,PASS,0.9999919141124559,PMU2,8,PMU2,CLOCK_DRIFT,PMU2[CLOCK_DRIFT],7580,7599,7.58,7.599
7619,7.619,195598.85077960428,12.591587243743977,5782.822297849418,FAIL,True,PMU2,133722.95735217875,0.6836592179309597,9.487729036781154,PMU2,"4,5,6,7",1.5645385944560806,5.991464547107979,5782.822297849418,PASS,0.9999920012894339,PMU2,8,PMU2,CLOCK_DRIFT,PMU2[CLOCK_DRIFT],7600,7619,7.6,7.619
7639,7.639,195719.9457719893,12.591587243743977,5782.822297849418,FAIL,True,PMU2,133779.5691132275,0.6835254760855013,9.487729036781154,PMU2,"4,5,6,7",2.4117719348773354,5.991464547107979,5782.822297849418,PASS,0.9999876774340736,PMU2,8,PMU2,CLOCK_DRIFT,PMU2[CLOCK_DRIFT],7620,7639,7.62,7.639
7659,7.659,195206.29577907658,12.591587243743977,5782.822297849418,FAIL,True,PMU2,133482.8884029159,0.6838042178413359,9.487729036781154,PMU2,"4,5,6,7",1.471140675237275,5.991464547107979,5782.822297849418,PASS,0.9999924636617411,PMU2,8,PMU2,CLOCK_DRIFT,PMU2[CLOCK_DRIFT],7640,7659,7.640000000000001,7.659
7679,7.679,194594.9031050156,12.591587243743977,5782.822297849418,FAIL,True,PMU2,133073.1766673875,0.6838471848133293,9.487729036781154,PMU2,"4,5,6,7",2.0138454160656463,5.991464547107979,5782.822297849418,PASS,0.9999896510885745,PMU2,8,PMU2,CLOCK_DRIFT,PMU2[CLOCK_DRIFT],7660,7679,7.66,7.679
7699,7.699,194760.01514888523,12.591587243743977,5782.822297849418,FAIL,True,PMU2,133188.59948753627,0.6838600797279647,9.487729036781154,PMU2,"4,5,6,7",1.8296119479643438,5.991464547107979,5782.822297849418,PASS,0.9999906058132797,PMU2,8,PMU2,CLOCK_DRIFT,PMU2[CLOCK_DRIFT],7680,7699,7.68,7.699
7719,7.719,194239.21267757815,12.591587243743977,5782.822297849418,FAIL,True,PMU2,132837.39401723043,0.6838855665963292,9.487729036781154,PMU2,"4,5,6,7",2.1733584111070066,5.991464547107979,5782.822297849418,PASS,0.9999888109183457,PMU2,8,PMU2,CLOCK_DRIFT,PMU2[CLOCK_DRIFT],7700,7719,7.7,7.719
7739,7.739,195090.17499038804,12.591587243743977,5782.822297849418,FAIL,True,PMU2,133348.83996378043,0.6835241188868196,9.487729036781154,PMU2,"4,5,6,7",3.946593076968226,5.991464547107979,5782.822297849418,PASS,0.9999797704160285,PMU2,8,PMU2,CLOCK_DRIFT,PMU2[CLOCK_DRIFT],7720,7739,7.72,7.739
7759,7.759,193598.74715329774,12.591587243743977,5782.822297849418,FAIL,True,PMU2,132445.82937406795,0.6841254466858355,9.487729036781154,PMU2,"4,5,6,7",1.3667951807601242,5.991464547107979,5782.822297849418,PASS,0.9999929400618502,PMU2,8,PMU2,CLOCK_DRIFT,PMU2[CLOCK_DRIFT],7740,7759,7.74,7.759
7779,7.779,683737.3412722361,12.591587243743977,5782.822297849418,FAIL,True,PMU2,488653.7605527736,0.7146805228503845,9.487729036781154,PMU2,"4,5,6,7",0.5078020492958923,5.991464547107979,5782.822297849418,PASS,0.9999992573141488,PMU2,8,PMU2,CLOCK_DRIFT,PMU2[CLOCK_DRIFT],7760,7779,7.76,7.779
7799,7.799,691644.0327565637,12.591587243743977,5782.822297849418,FAIL,True,PMU2,494168.67143854016,0.7144841103725267,9.487729036781154,PMU2,"4,5,6,7",1.607899980917518,5.991464547107979,5782.822297849418,PASS,0.9999976752492542,PMU2,8,PMU2,CLOCK_DRIFT,PMU2[CLOCK_DRIFT],7780,7799,7.78,7.799
7819,7.819,861545.7285895584,12.591587243743977,5782.822297849418,FAIL,True,PMU2,575605.7243116666,0.6681081516752386,9.487729036781154,PMU2,"4,5,6,7",0.6517766396840893,5.991464547107979,5782.822297849418,PASS,0.9999992434799245,PMU2,8,PMU2,CLOCK_DRIFT,PMU2[CLOCK_DRIFT],7800,7819,7.8,7.819
7839,7.839,549000.6918367879,12.591587243743977,5782.822297849418,FAIL,True,PMU2,357636.4309581752,0.6514316580579042,9.487729036781154,PMU2,"4,5,6,7",1.9799349575164118,5.991464547107979,5782.822297849418,PASS,0.9999963935656423,PMU2,8,PMU2,CLOCK_DRIFT,PMU2[CLOCK_DRIFT],7820,7839,7.82,7.839
7859,7.859,221673.92799047154,12.591587243743977,5782.822297849418,FAIL,True,PMU2,141091.89114821237,0.6364839222512314,9.487729036781154,PMU2,"4,5,6,7",1.4237757546533112,5.991464547107979,5782.822297849418,PASS,0.9999935771618811,PMU2,8,PMU2,CLOCK_DRIFT,PMU2[CLOCK_DRIFT],7840,7859,7.84,7.859
7879,7.879,740780.0096167731,12.591587243743977,5782.822297849418,FAIL,True,PMU2,490902.68791035615,0.662683497850211,9.487729036781154,PMU2,"4,5,6,7",3.817371877203511,5.991464547107979,5782.822297849418,PASS,0.999994846821151,PMU2,8,PMU2,CLOCK_DRIFT,PMU2[CLOCK_DRIFT],7860,7879,7.86,7.879
7899,7.899,189898.66557294116,12.591587243743977,5782.822297849418,FAIL,True,PMU2,129922.04170346473,0.6841651114897431,9.487729036781154,PMU2,"4,5,6,7",3.6024171261426825,5.991464547107979,5782.822297849418,PASS,0.9999810297923091,PMU2,8,PMU2,CLOCK_DRIFT,PMU2[CLOCK_DRIFT],7880,7899,7.88,7.899
7919,7.919,889952.5515256961,12.591587243743977,5782.822297849418,FAIL,True,PMU2,595100.4924576051,0.6686878884019047,9.487729036781154,PMU2,"4,5,6,7",2.920630862903035,5.991464547107979,5782.822297849418,PASS,0.9999967182173275,PMU2,8,PMU2,CLOCK_DRIFT,PMU2[CLOCK_DRIFT],7900,7919,7.9,7.919
7939,7.939,184881.50537596486,12.591587243743977,5782.822297849418,FAIL,True,PMU2,126597.74092728978,0.6847507038080828,9.487729036781154,PMU2,"4,5,6,7",1.0229184414674812,5.991464547107979,5782.822297849418,PASS,0.9999944671672842,PMU2,8,PMU2,CLOCK_DRIFT,PMU2[CLOCK_DRIFT],7920,7939,7.92,7.939
7959,7.959,1031652.2474940692,12.591587243743977,5782.822297849418,FAIL,True,PMU2,692551.8391362573,0.6713035723214847,9.487729036781154,PMU2,"4,5,6,7",1.978682526086255,5.991464547107979,5782.822297849418,PASS,0.9999980820256721,PMU2,8,PMU2,CLOCK_DRIFT,PMU2[CLOCK_DRIFT],7940,7959,7.94,7.959
7979,7.979,443398.27207948844,12.591587243743977,5782.822297849418,FAIL,True,PMU2,290045.80850628065,0.6541428480223844,9.487729036781154,PMU2,"4,5,6,7",1.5324661643891877,5.991464547107979,5782.822297849418,PASS,0.9999965438156599,PMU2,8,PMU2,CLOCK_DRIFT,PMU2[CLOCK_DRIFT],7960,7979,7.96,7.979
7999,7.999,618410.8507264692,12.591587243743977,5782.822297849418,FAIL,True,PMU2,439903.6596114857,0.7113453120926246,9.487729036781154,PMU2,"4,5,6,7",2.6771647230771562,5.991464547107979,5782.822297849418,PASS,0.999995670896266,PMU2,8,PMU2,CLOCK_DRIFT,PMU2[CLOCK_DRIFT],7980,7999,7.98,7.999
8019,8.019,4.498992160833194,12.591587243743977,5782.822297849418,PASS,False,PMU3,2.800311478458123,0.6224308419198307,9.487729036781154,,,4.498992160833194,12.591587243743977,5782.822297849418,PASS,0.0,,12,,,,8000,8019,8.0,8.019
8039,8.039,3.7141822548192267,12.591587243743977,5782.822297849418,PASS,False,PMU3,2.4098618931946563,0.6488270439792803,9.487729036781154,,,3.7141822548192267,12.591587243743977,5782.822297849418,PASS,0.0,,12,,,,8020,8039,8.02,8.039
8059,8.059000000000001,4.087826995287036,12.591587243743977,5782.822297849418,PASS,False,PMU3,2.4380037394656506,0.596405802465831,9.487729036781154,,,4.087826995287036,12.591587243743977,5782.822297849418,PASS,0.0,,12,,,,8040,8059,8.040000000000001,8.059000000000001
8079,8.079,4.136435248349547,12.591587243743977,5782.822297849418,PASS,False,PMU3,2.63289482182322,0.6365130030438058,9.487729036781154,,,4.136435248349547,12.591587243743977,5782.822297849418,PASS,0.0,,12,,,,8060,8079,8.06,8.079
8099,8.099,3.822577954899383,12.591587243743977,5782.822297849418,PASS,False,PMU3,2.1618193821714344,0.5655396456730566,9.487729036781154,,,3.822577954899383,12.591587243743977,5782.822297849418,PASS,0.0,,12,,,,8080,8099,8.08,8.099
8119,8.119,4.276786340664493,12.591587243743977,5782.822297849418,PASS,False,PMU3,2.740808396731035,0.6408569842900289,9.487729036781154,,,4.276786340664493,12.591587243743977,5782.822297849418,PASS,0.0,,12,,,,8100,8119,8.1,8.119
8139,8.139,4.0316041901509,12.591587243743977,5782.822297849418,PASS,False,PMU3,2.50253726404898,0.6207298995676737,9.487729036781154,,,4.0316041901509,12.591587243743977,5782.822297849418,PASS,0.0,,12,,,,8120,8139,8.120000000000001,8.139
8159,8.159,4.685623286379108,12.591587243743977,5782.822297849418,PASS,False,PMU3,3.0322460057326976,0.6471382397614632,9.487729036781154,,,4.685623286379108,12.591587243743977,5782.822297849418,PASS,0.0,,12,,,,8140,8159,8.14,8.159
8179,8.179,2.4725485733220607,12.591587243743977,5782.822297849418,PASS,False,PMU3,1.5234122508361285,0.6161303633316719,9.487729036781154,,,2.4725485733220607,12.591587243743977,5782.822297849418,PASS,0.0,,12,,,,8160,8179,8.16,8.179
8199,8.199,4.638046498123915,12.591587243743977,5782.822297849418,PASS,False,PMU3,2.8842092899264786,0.621858640505898,9.487729036781154,,,4.638046498123915,12.591587243743977,5782.822297849418,PASS,0.0,,12,,,,8180,8199,8.18,8.199
8219,8.219,4.0999022393097455,12.591587243743977,5782.822297849418,PASS,False,PMU3,2.6044378125941754,0.6352438815791509,9.487729036781154,,,4.0999022393097455,12.591587243743977,5782.822297849418,PASS,0.0,,12,,,,8200,8219,8.2,8.219
8239,8.239,2.1065233720731316,12.591587243743977,5782.822297849418,PASS,False,PMU3,1.3251114458784523,0.6290513855416406,9.487729036781154,,,2.1065233720731316,12.591587243743977,5782.822297849418,PASS,0.0,,12,,,,8220,8239,8.22,8.239
8259,8.259,4.197696846147653,12.591587243743977,5782.822297849418,PASS,False,PMU3,2.720118820875095,0.6480026835123707,9.487729036781154,,,4.197696846147653,12.591587243743977,5782.822297849418,PASS,0.0,,12,,,,8240,8259,8.24,8.259
8279,8.279,1.6055189913340522,12.591587243743977,5782.822297849418,PASS,False,PMU3,0.8747705548308892,0.5448522001624084,9.487729036781154,,,1.6055189913340522,12.591587243743977,5782.822297849418,PASS,0.0,,12,,,,8260,8279,8.26,8.279
8299,8.299,3.788049171352863,12.591587243743977,5782.822297849418,PASS,False,PMU3,2.3089058575453887,0.6095237292605646,9.487729036781154,,,3.788049171352863,12.591587243743977,5782.822297849418,PASS,0.0,,12,,,,8280,8299,8.28,8.299
8319,8.319,2.852914312165019,12.591587243743977,5782.822297849418,PASS,False,PMU3,1.5980226606897565,0.5601369287102945,9.487729036781154,,,2.852914312165019,12.591587243743977,5782.822297849418,PASS,0.0,,12,,,,8300,8319,8.3,8.319
8339,8.339,4.326243652680194,12.591587243743977,5782.822297849418,PASS,False,PMU3,2.618204029155911,0.6051910709037115,9.487729036781154,,,4.326243652680194,12.591587243743977,5782.822297849418,PASS,0.0,,12,,,,8320,8339,8.32,8.339
8359,8.359,3.8399804292438624,12.591587243743977,5782.822297849418,PASS,False,PMU3,2.334945351955381,0.6080617844229896,9.487729036781154,,,3.8399804292438624,12.591587243743977,5782.822297849418,PASS,0.0,,12,,,,8340,8359,8.34,8.359
8379,8.379,2.885873567645014,12.591587243743977,5782.822297849418,PASS,False,PMU3,1.6187424221191407,0.5609193833949205,9.487729036781154,,,2.885873567645014,12.591587243743977,5782.822297849418,PASS,0.0,,12,,,,8360,8379,8.36,8.379
8399,8.399000000000001,5.77743480412362,12.591587243743977,5782.822297849418,PASS,False,PMU3,3.7639046317898774,0.6514837050352185,9.487729036781154,,,5.77743480412362,12.591587243743977,5782.822297849418,PASS,0.0,,12,,,,8380,8399,8.38,8.399000000000001
8419,8.419,2.1994136246486855,12.591587243743977,5782.822297849418,PASS,False,PMU2,1.2782408222202637,0.5811734581868104,9.487729036781154,,,2.1994136246486855,12.591587243743977,5782.822297849418,PASS,0.0,,12,,,,8400,8419,8.4,8.419
8439,8.439,3.2665937088335997,12.591587243743977,5782.822297849418,PASS,False,PMU3,2.0836727868220395,0.6378732626550165,9.487729036781154,,,3.2665937088335997,12.591587243743977,5782.822297849418,PASS,0.0,,12,,,,8420,8439,8.42,8.439
8459,8.459,3.935366717597648,12.591587243743977,5782.822297849418,PASS,False,PMU3,2.5237225999863035,0.6412928657197454,9.487729036781154,,,3.935366717597648,12.591587243743977,5782.822297849418,PASS,0.0,,12,,,,8440,8459,8.44,8.459
8479,8.479000000000001,5.531590218610208,12.591587243743977,5782.822297849418,PASS,False,PMU3,3.4237019436294336,0.6189362928784747,9.487729036781154,,,5.531590218610208,12.591587243743977,5782.822297849418,PASS,0.0,,12,,,,8460,8479,8.46,8.479000000000001
8499,8.499,1.3387204513371398,12.591587243743977,5782.822297849418,PASS,False,PMU3,0.7691234622396022,0.5745213360051284,9.487729036781154,,,1.3387204513371398,12.591587243743977,5782.822297849418,PASS,0.0,,12,,,,8480,8499,8.48,8.499
8519,8.519,4.1870796386555185,12.591587243743977,5782.822297849418,PASS,False,PMU3,2.7079491425797277,0.6467393449075299,9.487729036781154,,,4.1870796386555185,12.591587243743977,5782.822297849418,PASS,0.0,,12,,,,8500,8519,8.5,8.519
8539,8.539,4.019988042820229,12.591587243743977,5782.822297849418,PASS,False,PMU3,2.554773120565889,0.6355175919313393,9.487729036781154,,,4.019988042820229,12.591587243743977,5782.822297849418,PASS,0.0,,12,,,,8520,8539,8.52,8.539
8559,8.559000000000001,2.0982933541147135,12.591587243743977,5782.822297849418,PASS,False,PMU3,1.3134045718092826,0.6259394422775638,9.487729036781154,,,2.0982933541147135,12.591587243743977,5782.822297849418,PASS,0.0,,12,,,,8540,8559,8.540000000000001,8.559000000000001
8579,8.579,4.650495700259225,12.591587243743977,5782.822297849418,PASS,False,PMU3,2.6179238125807167,0.5629343582523451,9.487729036781154,,,4.650495700259225,12.591587243743977,5782.822297849418,PASS,0.0,,12,,,,8560,8579,8.56,8.579
8599,8.599,3.431733381926971,12.591587243743977,5782.822297849418,PASS,False,PMU3,2.2062627760011755,0.642900403516291,9.487729036781154,,,3.431733381926971,12.591587243743977,5782.822297849418,PASS,0.0,,12,,,,8580,8599,8.58,8.599
8619,8.619,5.4243206480382025,12.591587243743977,5782.822297849418,PASS,False,PMU3,3.057538955389939,0.5636722372774459,9.487729036781154,,,5.4243206480382025,12.591587243743977,5782.822297849418,PASS,0.0,,12,,,,8600,8619,8.6,8.619
8639,8.639,4.097720375375578,12.591587243743977,5782.822297849418,PASS,False,PMU3,2.65522326845016,0.6479757097156231,9.487729036781154,,,4.097720375375578,12.591587243743977,5782.822297849418,PASS,0.0,,12,,,,8620,8639,8.620000000000001,8.639
8659,8.659,4.906974315957934,12.591587243743977,5782.822297849418,PASS,False,PMU3,3.0123503134388687,0.6138915998892489,9.487729036781154,,,4.906974315957934,12.591587243743977,5782.822297849418,PASS,0.0,,12,,,,8640,8659,8.64,8.659
8679,8.679,4.072647476392934,12.591587243743977,5782.822297849418,PASS,False,PMU3,2.6498027786710723,0.650633965750935,9.487729036781154,,,4.072647476392934,12.591587243743977,5782.822297849418,PASS,0.0,,12,,,,8660,8679,8.66,8.679
8699,8.699,2.318414080761457,12.591587243743977,5782.822297849418,PASS,False,PMU3,1.4260737434440791,0.6151074371389693,9.487729036781154,,,2.318414080761457,12.591587243743977,5782.822297849418,PASS,0.0,,12,,,,8680,8699,8.68,8.699
8719,8.719,1.9397362478807936,12.591587243743977,5782.822297849418,PASS,False,PMU3,1.152005170085057,0.5938978411851865,9.487729036781154,,,1.9397362478807936,12.591587243743977,5782.822297849418,PASS,0.0,,12,,,,8700,8719,8.700000000000001,8.719
8739,8.739,3.872863683232034,12.591587243743977,5782.822297849418,PASS,False,PMU3,2.147728480368168,0.5545582432108267,9.487729036781154,,,3.872863683232034,12.591587243743977,5782.822297849418,PASS,0.0,,12,,,,8720,8739,8.72,8.739
8759,8.759,4.738278534610116,12.591587243743977,5782.822297849418,PASS,False,PMU3,3.0216386758245006,0.6377081156697201,9.487729036781154,,,4.738278534610116,12.591587243743977,5782.822297849418,PASS,0.0,,12,,,,8740,8759,8.74,8.759
8779,8.779,4.564683038275914,12.591587243743977,5782.822297849418,PASS,False,PMU3,2.9553181719242754,0.6474311901052613,9.487729036781154,,,4.564683038275914,12.591587243743977,5782.822297849418,PASS,0.0,,12,,,,8760,8779,8.76,8.779
8799,8.799,5.1354904404018145,12.591587243743977,5782.822297849418,PASS,False,PMU3,3.2008096633848844,0.6232724411681397,9.487729036781154,,,5.1354904404018145,12.591587243743977,5782.822297849418,PASS,0.0,,12,,,,8780,8799,8.78,8.799
8819,8.819,4.499130194459756,12.591587243743977,5782.822297849418,PASS,False,PMU3,2.88782344677944,0.6418626094295995,9.487729036781154,,,4.499130194459756,12.591587243743977,5782.822297849418,PASS,0.0,,12,,,,8800,8819,8.8,8.819
8839,8.839,3.668931870523743,12.591587243743977,5782.822297849418,PASS,False,PMU3,2.0766681865672543,0.5660143768956953,9.487729036781154,,,3.668931870523743,12.591587243743977,5782.822297849418,PASS,0.0,,12,,,,8820,8839,8.82,8.839
8859,8.859,3.3462868080987387,12.591587243743977,5782.822297849418,PASS,False,PMU3,2.1472070022391274,0.6416685494627722,9.487729036781154,,,3.3462868080987387,12.591587243743977,5782.822297849418,PASS,0.0,,12,,,,8840,8859,8.84,8.859
8879,8.879,3.152442789183347,12.591587243743977,5782.822297849418,PASS,False,PMU3,2.0102723469591828,0.6376871782913313,9.487729036781154,,,3.152442789183347,12.591587243743977,5782.822297849418,PASS,0.0,,12,,,,8860,8879,8.86,8.879
8899,8.899000000000001,2.9823133046162273,12.591587243743977,5782.822297849418,PASS,False,PMU3,1.7115621548409614,0.5739042079152747,9.487729036781154,,,2.9823133046162273,12.591587243743977,5782.822297849418,PASS,0.0,,12,,,,8880,8899,8.88,8.899000000000001
8919,8.919,4.615849740170775,12.591587243743977,5782.822297849418,PASS,False,PMU3,2.7258667669746712,0.5905449528072855,9.487729036781154,,,4.615849740170775,12.591587243743977,5782.822297849418,PASS,0.0,,12,,,,8900,8919,8.9,8.919
8939,8.939,3.1487552986220764,12.591587243743977,5782.822297849418,PASS,False,PMU3,2.0325469515572196,0.6455080686792908,9.487729036781154,,,3.1487552986220764,12.591587243743977,5782.822297849418,PASS,0.0,,12,,,,8920,8939,8.92,8.939
8959,8.959,3.4882802691032966,12.591587243743977,5782.822297849418,PASS,False,PMU3,2.237360016841366,0.6413934214685408,9.487729036781154,,,3.4882802691032966,12.591587243743977,5782.822297849418,PASS,0.0,,12,,,,8940,8959,8.94,8.959
8979,8.979000000000001,2.78038333825577,12.591587243743977,5782.822297849418,PASS,False,PMU3,1.7837053709474446,0.6415321752238754,9.487729036781154,,,2.78038333825577,12.591587243743977,5782.822297849418,PASS,0.0,,12,,,,8960,8979,8.96,8.979000000000001
8999,8.999,2.125695839661714,12.591587243743977,5782.822297849418,PASS,False,PMU3,1.3325119693235705,0.6268591886295587,9.487729036781154,,,2.125695839661714,12.591587243743977,5782.822297849418,PASS,0.0,,12,,,,8980,8999,8.98,8.999
9019,9.019,3.2562833202741075,12.591587243743977,5782.822297849418,PASS,False,PMU3,2.0090178822942675,0.6169665488828388,9.487729036781154,,,3.2562833202741075,12.591587243743977,5782.822297849418,PASS,0.0,,12,,,,9000,9019,9.0,9.019
9039,9.039,3.008821756751302,12.591587243743977,5782.822297849418,PASS,False,PMU3,1.9640881337177292,0.6527764994089923,9.487729036781154,,,3.008821756751302,12.591587243743977,5782.822297849418,PASS,0.0,,12,,,,9020,9039,9.02,9.039
9059,9.059,2.6423560500116343,12.591587243743977,5782.822297849418,PASS,False,PMU3,1.7271944210925765,0.6536569593204412,9.487729036781154,,,2.6423560500116343,12.591587243743977,5782.822297849418,PASS,0.0,,12,,,,9040,9059,9.04,9.059
9079,9.079,2.0773003667135677,12.591587243743977,5782.822297849418,PASS,False,PMU2,1.1771296257563846,0.566663177178698,9.487729036781154,,,2.0773003667135677,12.591587243743977,5782.822297849418,PASS,0.0,,12,,,,9060,9079,9.06,9.079
9099,9.099,2.9236479719057527,12.591587243743977,5782.822297849418,PASS,False,PMU3,1.86209304048338,0.6369074041665802,9.487729036781154,,,2.9236479719057527,12.591587243743977,5782.822297849418,PASS,0.0,,12,,,,9080,9099,9.08,9.099
9119,9.119,4.252039902381715,12.591587243743977,5782.822297849418,PASS,False,PMU3,2.5295569506569384,0.5949043303286139,9.487729036781154,,,4.252039902381715,12.591587243743977,5782.822297849418,PASS,0.0,,12,,,,9100,9119,9.1,9.119
9139,9.139,2.7657104865502347,12.591587243743977,5782.822297849418,PASS,False,PMU3,1.7949650753341517,0.6490068588390369,9.487729036781154,,,2.7657104865502347,12.591587243743977,5782.822297849418,PASS,0.0,,12,,,,9120,9139,9.12,9.139
9159,9.159,1.696498023536321,12.591587243743977,5782.822297849418,PASS,False,PMU3,1.1167379448069499,0.658260681305793,9.487729036781154,,,1.696498023536321,12.591587243743977,5782.822297849418,PASS,0.0,,12,,,,9140,9159,9.14,9.159
9179,9.179,2.6851357435051133,12.591587243743977,5782.822297849418,PASS,False,PMU3,1.6656849183012936,0.6203354606299896,9.487729036781154,,,2.6851357435051133,12.591587243743977,5782.822297849418,PASS,0.0,,12,,,,9160,9179,9.16,9.179
9199,9.199,5.1078162287805,12.591587243743977,5782.822297849418,PASS,False,PMU3,2.938318804890122,0.575259303248592,9.487729036781154,,,5.1078162287805,12.591587243743977,5782.822297849418,PASS,0.0,,12,,,,9180,9199,9.18,9.199
9219,9.219,1.6709241641838375,12.591587243743977,5782.822297849418,PASS,False,PMU3,1.0726753847790493,0.6419653313847415,9.487729036781154,,,1.6709241641838375,12.591587243743977,5782.822297849418,PASS,0.0,,12,,,,9200,9219,9.2,9.219
9239,9.239,2.9665007817275812,12.591587243743977,5782.822297849418,PASS,False,PMU3,1.9477084112937189,0.6565676379695559,9.487729036781154,,,2.9665007817275812,12.591587243743977,5782.822297849418,PASS,0.0,,12,,,,9220,9239,9.22,9.239
9259,9.259,3.2086829111612287,12.591587243743977,5782.822297849418,PASS,False,PMU3,2.0216556345101595,0.6300577808663924,9.487729036781154,,,3.2086829111612287,12.591587243743977,5782.822297849418,PASS,0.0,,12,,,,9240,9259,9.24,9.259
9279,9.279,1.9064991000723595,12.591587243743977,5782.822297849418,PASS,False,PMU3,1.2174935623290033,0.6386016978884462,9.487729036781154,,,1.9064991000723595,12.591587243743977,5782.822297849418,PASS,0.0,,12,,,,9260,9279,9.26,9.279
9299,9.299,5.539974976910551,12.591587243743977,5782.822297849418,PASS,False,PMU3,3.487866491280624,0.6295816327361254,9.487729036781154,,,5.539974976910551,12.591587243743977,5782.822297849418,PASS,0.0,,12,,,,9280,9299,9.28,9.299
9319,9.319,5.4244208957449285,12.591587243743977,5782.822297849418,PASS,False,PMU3,3.2904850199791698,0.6066057710529656,9.487729036781154,,,5.4244208957449285,12.591587243743977,5782.822297849418,PASS,0.0,,12,,,,9300,9319,9.3,9.319
9339,9.339,3.2724182181229877,12.591587243743977,5782.822297849418,PASS,False,PMU3,2.148499657897194,0.6565480066082576,9.487729036781154,,,3.2724182181229877,12.591587243743977,5782.822297849418,PASS,0.0,,12,,,,9320,9339,9.32,9.339
9359,9.359,3.3893055413673148,12.591587243743977,5782.822297849418,PASS,False,PMU3,1.7325672200493418,0.5111864949627377,9.487729036781154,,,3.3893055413673148,12.591587243743977,5782.822297849418,PASS,0.0,,12,,,,9340,9359,9.34,9.359
9379,9.379,3.8994628843213195,12.591587243743977,5782.822297849418,PASS,False,PMU3,2.273916785602385,0.5831358966757156,9.487729036781154,,,3.8994628843213195,12.591587243743977,5782.822297849418,PASS,0.0,,12,,,,9360,9379,9.36,9.379
9399,9.399,1.9110726071257833,12.591587243743977,5782.822297849418,PASS,False,PMU3,1.1630286097617095,0.6085737430514909,9.487729036781154,,,1.9110726071257833,12.591587243743977,5782.822297849418,PASS,0.0,,12,,,,9380,9399,9.38,9.399
9419,9.419,5.398863146847497,12.591587243743977,5782.822297849418,PASS,False,PMU3,3.510252528797448,0.6501836466899801,9.487729036781154,,,5.398863146847497,12.591587243743977,5782.822297849418,PASS,0.0,,12,,,,9400,9419,9.4,9.419
9439,9.439,2.02153739713214,12.591587243743977,5782.822297849418,PASS,False,PMU3,1.334361618858095,0.6600726856456334,9.487729036781154,,,2.02153739713214,12.591587243743977,5782.822297849418,PASS,0.0,,12,,,,9420,9439,9.42,9.439
9459,9.459,3.3659026372429555,12.591587243743977,5782.822297849418,PASS,False,PMU3,2.1808996340416655,0.6479390134196105,9.487729036781154,,,3.3659026372429555,12.591587243743977,5782.822297849418,PASS,0.0,,12,,,,9440,9459,9.44,9.459
9479,9.479,2.816069284708829,12.591587243743977,5782.822297849418,PASS,False,PMU3,1.817196789317032,0.6452954830281896,9.487729036781154,,,2.816069284708829,12.591587243743977,5782.822297849418,PASS,0.0,,12,,,,9460,9479,9.46,9.479
9499,9.499,3.870495050701031,12.591587243743977,5782.822297849418,PASS,False,PMU3,2.5080607539711783,0.6479948226563199,9.487729036781154,,,3.870495050701031,12.591587243743977,5782.822297849418,PASS,0.0,,12,,,,9480,9499,9.48,9.499
9519,9.519,3.7135075904689194,12.591587243743977,5782.822297849418,PASS,False,PMU3,2.32005568673484,0.6247612614794407,9.487729036781154,,,3.7135075904689194,12.591587243743977,5782.822297849418,PASS,0.0,,12,,,,9500,9519,9.5,9.519
9539,9.539,3.061886477865566,12.591587243743977,5782.822297849418,PASS,False,PMU3,1.9275376216573286,0.6295261550653604,9.487729036781154,,,3.061886477865566,12.591587243743977,5782.822297849418,PASS,0.0,,12,,,,9520,9539,9.52,9.539
9559,9.559,3.0585126298861756,12.591587243743977,5782.822297849418,PASS,False,PMU3,1.944946007042591,0.6359123673505882,9.487729036781154,,,3.0585126298861756,12.591587243743977,5782.822297849418,PASS,0.0,,12,,,,9540,9559,9.54,9.559
9579,9.579,4.42879103900892,12.591587243743977,5782.822297849418,PASS,False,PMU3,2.9170488337840728,0.658655783957884,9.487729036781154,,,4.42879103900892,12.591587243743977,5782.822297849418,PASS,0.0,,12,,,,9560,9579,9.56,9.579
9599,9.599,6.234091644364662,12.591587243743977,5782.822297849418,PASS,False,PMU2,3.272978667123678,0.5250129215027346,9.487729036781154,,,6.234091644364662,12.591587243743977,5782.822297849418,PASS,0.0,,12,,,,9580,9599,9.58,9.599
9619,9.619,2.7827586960722037,12.591587243743977,5782.822297849418,PASS,False,PMU3,1.8291566163704127,0.6573177253752627,9.487729036781154,,,2.7827586960722037,12.591587243743977,5782.822297849418,PASS,0.0,,12,,,,9600,9619,9.6,9.619
9639,9.639,4.226819594539572,12.591587243743977,5782.822297849418,PASS,False,PMU3,2.7148643467059403,0.6422948237992331,9.487729036781154,,,4.226819594539572,12.591587243743977,5782.822297849418,PASS,0.0,,12,,,,9620,9639,9.62,9.639
9659,9.659,3.053417387146609,12.591587243743977,5782.822297849418,PASS,False,PMU3,1.9936052609271098,0.6529095135565846,9.487729036781154,,,3.053417387146609,12.591587243743977,5782.822297849418,PASS,0.0,,12,,,,9640,9659,9.64,9.659
9679,9.679,2.6665392092260465,12.591587243743977,5782.822297849418,PASS,False,PMU3,1.7182191202461936,0.6443629684128669,9.487729036781154,,,2.6665392092260465,12.591587243743977,5782.822297849418,PASS,0.0,,12,,,,9660,9679,9.66,9.679
9699,9.699,4.510182880293662,12.591587243743977,5782.822297849418,PASS,False,PMU3,2.7859952174816556,0.6177122505729206,9.487729036781154,,,4.510182880293662,12.591587243743977,5782.822297849418,PASS,0.0,,12,,,,9680,9699,9.68,9.699
9719,9.719,3.0046649188328263,12.591587243743977,5782.822297849418,PASS,False,PMU3,1.8240575920404325,0.6070752118172945,9.487729036781154,,,3.0046649188328263,12.591587243743977,5782.822297849418,PASS,0.0,,12,,,,9700,9719,9.7,9.719
9739,9.739,5.458472943731138,12.591587243743977,5782.822297849418,PASS,False,PMU3,3.2511297476150203,0.5956115897485261,9.487729036781154,,,5.458472943731138,12.591587243743977,5782.822297849418,PASS,0.0,,12,,,,9720,9739,9.72,9.739
9759,9.759,3.0292518961284203,12.591587243743977,5782.822297849418,PASS,False,PMU3,1.9369529487051675,0.6394162701295056,9.487729036781154,,,3.0292518961284203,12.591587243743977,5782.822297849418,PASS,0.0,,12,,,,9740,9759,9.74,9.759
9779,9.779,2.5342553347850227,12.591587243743977,5782.822297849418,PASS,False,PMU3,1.6495860645059421,0.6509154945296284,9.487729036781154,,,2.5342553347850227,12.591587243743977,5782.822297849418,PASS,0.0,,12,,,,9760,9779,9.76,9.779
9799,9.799,1.46812137008841,12.591587243743977,5782.822297849418,PASS,False,PMU3,0.9483649941643576,0.6459717932634189,9.487729036781154,,,1.46812137008841,12.591587243743977,5782.822297849418,PASS,0.0,,12,,,,9780,9799,9.78,9.799
9819,9.819,3.0004897712037213,12.591587243743977,5782.822297849418,PASS,False,PMU3,1.9655952414148796,0.6550914654930925,9.487729036781154,,,3.0004897712037213,12.591587243743977,5782.822297849418,PASS,0.0,,12,,,,9800,9819,9.8,9.819
9839,9.839,4.1224999637634445,12.591587243743977,5782.822297849418,PASS,False,PMU3,2.626518505018962,0.6371178964477672,9.487729036781154,,,4.1224999637634445,12.591587243743977,5782.822297849418,PASS,0.0,,12,,,,9820,9839,9.82,9.839
9859,9.859,5.190389295910994,12.591587243743977,5782.822297849418,PASS,False,PMU3,3.0374003398354863,0.5851970183100447,9.487729036781154,,,5.190389295910994,12.591587243743977,5782.822297849418,PASS,0.0,,12,,,,9840,9859,9.84,9.859
9879,9.879,3.574844347922992,12.591587243743977,5782.822297849418,PASS,False,PMU3,2.312783542595128,0.6469606275134386,9.487729036781154,,,3.574844347922992,12.591587243743977,5782.822297849418,PASS,0.0,,12,,,,9860,9879,9.86,9.879
9899,9.899,3.328052219136841,12.591587243743977,5782.822297849418,PASS,False,PMU3,2.1471148492179086,0.6451565984667096,9.487729036781154,,,3.328052219136841,12.591587243743977,5782.822297849418,PASS,0.0,,12,,,,9880,9899,9.88,9.899
9919,9.919,3.0932576922340647,12.591587243743977,5782.822297849418,PASS,False,PMU3,2.0345536006291995,0.6577381528015437,9.487729036781154,,,3.0932576922340647,12.591587243743977,5782.822297849418,PASS,0.0,,12,,,,9900,9919,9.9,9.919
9939,9.939,2.7355141523833955,12.591587243743977,5782.822297849418,PASS,False,PMU3,1.7987948265668416,0.6575710182305545,9.487729036781154,,,2.7355141523833955,12.591587243743977,5782.822297849418,PASS,0.0,,12,,,,9920,9939,9.92,9.939
9959,9.959,2.059147695764166,12.591587243743977,5782.822297849418,PASS,False,PMU3,1.3166597152960977,0.6394197550785566,9.487729036781154,,,2.059147695764166,12.591587243743977,5782.822297849418,PASS,0.0,,12,,,,9940,9959,9.94,9.959
9979,9.979,2.4811911091903003,12.591587243743977,5782.822297849418,PASS,False,PMU3,1.5780878932572169,0.636020291791309,9.487729036781154,,,2.4811911091903003,12.591587243743977,5782.822297849418,PASS,0.0,,12,,,,9960,9979,9.96,9.979
9999,9.999,4.924584979342246,12.591587243743977,5782.822297849418,PASS,False,PMU3,3.1371723545898424,0.6370429930135675,9.487729036781154,,,4.924584979342246,12.591587243743977,5782.822297849418,PASS,0.0,,12,,,,9980,9999,9.98,9.999
