Time (s),Voltage 1 (V),Current 1 (A),Voltage 2 (V),Current 2 (A),Voltage 3 (V),Current 3 (A),Peak (A),Signal Angle (deg),Delta t (s),PMU1 Voltage DFT Real,PMU1 Voltage DFT Imag,PMU1 Voltage Magnitude,PMU1 Voltage Phase,PMU1 Voltage DFT RMS,PMU1 Current DFT Real,PMU1 Current DFT Imag,PMU1 Current Magnitude,PMU1 Current Phase,PMU1 Current DFT RMS,PMU1 Sync Offset,PMU1 Mag Noise,PMU1 Phase Noise,PMU1 Clock Drift,PMU1 Packet Loss,PMU1 Bad Data,PMU2 Voltage DFT Real,PMU2 Voltage DFT Imag,PMU2 Voltage Magnitude,PMU2 Voltage Phase,PMU2 Voltage DFT RMS,PMU2 Current DFT Real,PMU2 Current DFT Imag,PMU2 Current Magnitude,PMU2 Current Phase,PMU2 Current DFT RMS,PMU2 Sync Offset,PMU2 Mag Noise,PMU2 Phase Noise,PMU2 Clock Drift,PMU2 Packet Loss,PMU2 Bad Data,PMU3 Voltage DFT Real,PMU3 Voltage DFT Imag,PMU3 Voltage Magnitude,PMU3 Voltage Phase,PMU3 Voltage DFT RMS,PMU3 Current DFT Real,PMU3 Current DFT Imag,PMU3 Current Magnitude,PMU3 Current Phase,PMU3 Current DFT RMS,PMU3 Sync Offset,PMU3 Mag Noise,PMU3 Phase Noise,PMU3 Clock Drift,PMU3 Packet Loss,PMU3 Bad Data
0.0,0.0,0.0,98.88168919519082,2.91180292615976,223.93213895801685,8.555992052357226,10,0.0,,,,,,,,,,,,,,,,False,False,,,,,,,,,,,,,,,False,False,,,,,,,,,,,,,,,False,False
0.001,99.78156418433811,1.5142920046070447,188.08409363373184,5.538654340054603,281.94490298876497,10.772606995876195,10,18.0,0.001,,,,,,,,,,,,,,,False,False,,,,,,,,,,,,,,,False,False,,,,,,,,,,,,,,,False,False
0.002,189.79576932931263,2.8805613854098846,258.87546883486436,7.62340835640537,312.6318442595572,11.945171942118145,10,36.0,0.001,,,,,,,,,,,,,,,False,False,,,,,,,,,,,,,,,False,False,,,,,,,,,,,,,,,False,False
0.003,261.2314044883419,3.9650372966290637,304.3262748049309,8.961977031492566,313.01790793508576,11.959995101963946,10,54.0,0.001,,,,,,,,,,,,,,,False,False,,,,,,,,,,,,,,,False,False,,,,,,,,,,,,,,,False,False
0.004,307.09586227982936,4.66151557471797,319.98748641594534,9.423309646143935,283.0648007983901,10.815592345459788,10,72.0,0.001,,,,,,,,,,,,,,,False,False,,,,,,,,,,,,,,,False,False,,,,,,,,,,,,,,,False,False
0.005,322.89962300890636,4.901759449683903,304.32609337444984,8.96222304581402,225.67490411869474,8.622840099418971,10,90.0,0.001,,,,,,,,,,,,,,,False,False,,,,,,,,,,,,,,,False,False,,,,,,,,,,,,,,,False,False
0.006,307.0957188639141,4.662184969136828,258.8751601668959,7.623826900965927,146.41015059416904,5.594237212023573,10,108.0,0.001,,,,,,,,,,,,,,,False,False,,,,,,,,,,,,,,,False,False,,,,,,,,,,,,,,,False,False
0.007,261.23116049461544,3.9661761384270844,188.08375724312668,5.539110475685155,52.9530841240199,2.0233153410326583,10,126.0,0.001,,,,,,,,,,,,,,,False,False,,,,,,,,,,,,,,,False,False,,,,,,,,,,,,,,,False,False
0.008,189.79550342158788,2.881802510891941,98.88145339385208,2.9121226657454886,-45.63768434655126,-1.7438074927093006,10,144.0,0.001,,,,,,,,,,,,,,,False,False,,,,,,,,,,,,,,,False,False,,,,,,,,,,,,,,,False,False
0.009000000000000001,99.78137778972295,1.5151620022976209,-2.450184497433376e-13,-7.216052739072814e-15,-139.80547479950818,-5.341973659775376,10,162.00000000000003,0.001,,,,,,,,,,,,,,,False,False,,,,,,,,,,,,,,,False,False,,,,,,,,,,,,,,,False,False
0.01,3.954375280829904e-14,6.005079110595353e-16,-98.88139444936562,-2.9122025656792445,-220.4218940569653,-8.422381663280918,10,180.0,0.001,,,,,,,,,,,,,,,False,False,,,,,,,,,,,,,,,False,False,,,,,,,,,,,,,,,False,False
0.011,-99.78133119109498,-1.5153795406384165,-188.08353300497632,-5.539414433094104,-279.67175520086175,-10.686399853888956,10,198.0,0.001,,,,,,,,,,,,,,,False,False,,,,,,,,,,,,,,,False,False,,,,,,,,,,,,,,,False,False
0.012,-189.79532614987403,-2.8826300759116275,-258.87469721089747,-7.624454443183676,-311.8107715796849,-11.91451999372128,10,216.0,0.001,,,,,,,,,,,,,,,False,False,,,,,,,,,,,,,,,False,False,,,,,,,,,,,,,,,False,False
0.013000000000000001,-261.2307945042474,-3.967884706701243,-304.32536772457297,-8.96320667263035,-313.7225592007117,-11.987643248743098,10,234.00000000000003,0.001,,,,,,,,,,,,,,,False,False,,,,,,,,,,,,,,,False,False,,,,,,,,,,,,,,,False,False
0.014,-307.0951452006156,-4.664863025711659,-319.9865326741738,-9.424602454173089,-285.22092797935574,-10.898634134212424,10,252.0,0.001,,,,,,,,,,,,,,,False,False,,,,,,,,,,,,,,,False,False,,,,,,,,,,,,,,,False,False
0.015,-322.89886902731445,-4.9052792937539484,-304.3251863301675,-8.963452471663818,-229.06812882764206,-8.75302114490486,10,270.0,0.001,,,,,,,,,,,,,,,False,False,,,,,,,,,,,,,,,False,False,,,,,,,,,,,,,,,False,False
0.016,-307.09500178492686,-4.66553265936854,-258.8743886043042,-7.62487262147443,-150.70725744887673,-5.758774863160348,10,288.0,0.001,,,,,,,,,,,,,,,False,False,,,,,,,,,,,,,,,False,False,,,,,,,,,,,,,,,False,False
0.017,-261.2305505109059,-3.9690239555152758,-188.08319668125876,-5.539870169558778,-57.73472800636799,-2.2061532739558887,10,306.0,0.001,,,,,,,,,,,,,,,False,False,,,,,,,,,,,,,,,False,False,,,,,,,,,,,,,,,False,False
0.018000000000000002,-189.79506024256887,-2.883871644965326,-98.88115869491348,-2.91252202545975,40.8360661964877,1.5604328387153228,10,324.00000000000006,0.001,,,,,,,,,,,,,,,False,False,,,,,,,,,,,,,,,False,False,,,,,,,,,,,,,,,False,False
0.019,-99.78114479677437,-1.5162498492615257,-7.837397981971854e-14,-2.308520065069069e-15,135.44853629466647,5.1758075844011175,10,342.0,0.001,0.0011602581856209326,-3228.992460181298,0.9935290100747747,-90.55571138130927,228.3242464994576,-0.005416482227748043,-49.03519392244946,0.48933309105524847,-90.26353883942119,3.4673118350896157,-0.4263978747015637,-0.010188511607994515,0.16880799098280244,0.00038,False,False,988.8156351211817,-3043.2568520746217,0.984602722048254,-71.78264247924052,226.26498434312856,29.11973362303283,-89.627762698837,0.9432175925725884,-71.55637122033629,6.6637432170948125,0.3582061647321209,0.008219891938679757,0.08625214687137214,0.00038,False,False,2202.5325177778736,-2279.0834252213504,0.9751962612526646,-47.19837042158971,224.11348409887816,84.15802994704173,-87.08364829407843,1.2115905059393355,-47.10414747437886,8.563333406090738,-1.095497378159175,0.00552281737724172,-0.030242227377930798,0.00038,False,False
0.02,-7.90873209445517e-14,-1.2018780891332429e-15,98.8810997621913,2.91260185539897,216.92942207950043,8.289434225505648,10,0.0,0.001,997.8146483756998,-3070.9539617838454,0.9935099587458713,-72.47853137383716,228.32424649945764,15.147556863789923,-46.636914492800166,0.49043026801566497,-72.76486390764883,3.4673118350896153,-0.4263978747015637,0.0007832579961709527,-0.3325370772448413,0.0004,False,False,1880.8370781514993,-2588.748606514157,0.9845903140655077,-53.81242553294527,226.26497146353054,55.391774083569096,-76.24232831178371,0.941519229130726,-53.797333795536424,6.6637606734211925,0.3582061647321209,-0.008788429453460013,-0.15519238991457746,0.0004,False,False,2792.3484338571966,-1489.0811226024973,0.9737354333235142,-28.947976522613025,223.76966244059818,106.69585847654119,-56.89758060456777,1.2091414410084798,-29.15518733125,8.550245872107828,-1.095497378159175,-0.00045926387466487656,0.009521662963162598,0.0004,False,False
0.021,99.78109819825686,1.516467465163459,188.08297248786144,5.5401738606926605,277.378229105587,10.599403517219429,10,18.0,0.001,1897.954643347649,-2612.3092370102086,0.9935369538943778,-54.380276180660985,228.32423631727931,28.81985079068344,-39.67281667982299,0.4905795878264783,-54.1508016893514,3.467359357571767,-0.4263978747015637,0.0022092491655274615,0.279087555210386,0.00042,False,False,2588.748606569773,-1880.83595692908,0.9845849434535633,-35.879909333445255,226.26492486567895,76.24232798038723,-55.39329406033528,0.9422398150992757,-35.37665015790534,6.6638238282249445,0.3582061647321209,-0.0016718841479576561,0.2647238487516922,0.00042,False,False,3111.4893817191587,-554.7283645027351,0.9724903502557789,-11.500030882027168,223.48478394439914,118.89138451442831,-21.195504115117203,1.2077387307604697,-11.460247491723418,8.539441055025675,-1.095497378159175,0.000793952501776714,-0.256891982506583,0.00042,False,False
0.022,189.79488297127497,2.884699505045103,258.87392574070094,7.625499613947881,310.9333357340377,11.881710462049343,10,36.0,0.001,2612.309237010645,-1897.9537569890108,0.9935321953341307,-36.08343583787612,228.32419947784598,39.67281704756499,-28.823988404165235,0.4900025813214911,-36.17251801034387,3.4675313408915396,-0.4263978747015637,-0.0038040370276684206,0.25343949886240275,0.00043999999999999996,False,False,3043.2550380809744,-988.8144561674283,0.9845777570969436,-17.598281760990524,226.2648365912269,89.63022098642509,-29.121332004367027,0.9413481265609593,-17.446274827007205,6.6639434615638695,0.3582061647321209,-0.010757956621541357,0.19433186664795335,0.00043999999999999996,False,False,3129.0073661591714,433.40020293486236,0.9719707980192793,6.920153888223328,223.36654666021872,119.56184149556194,16.5617253190524,1.2079531584731307,6.861686640980583,8.535023341313607,-1.095497378159175,0.009185820274671038,0.07030918812704041,0.00043999999999999996,False,False
0.023,261.2301845214047,3.9707331329624598,304.3244608251134,8.96443523679592,314.34047471392154,12.011980208853437,10,54.0,0.001,3070.9525276268732,-997.8137164028417,0.9935577066242198,-18.39174624849408,228.3241296882519,46.64361049768624,-15.151907204747383,0.49056802803886945,-18.369668307024117,3.467857185785728,-0.4263978747015637,0.0013896158775237402,0.05235788879838015,0.00046,False,False,3199.866280756997,-0.0014675112732760454,0.9845633295524802,0.42958763299523617,226.26471460136872,94.24473010647081,0.0019885556539502858,0.9418964619846852,0.5070136584992224,6.664108776421599,0.3582061647321209,-0.0055083928981455674,0.14713855777510912,0.00046,False,False,2843.19265280204,1379.5132344432766,0.9723758244282459,24.751736867972998,223.45918223415714,108.64165464950298,52.71384196815089,1.2079416902916862,24.93310557194755,8.538664491600855,-1.095497378159175,0.003921774341362783,0.1450925253828471,0.00046,False,False
0.024,307.09442812298727,4.668211670777758,319.9855791227469,9.425894129666734,287.2684470928776,10.977535599622836,10,72.0,0.001,3228.9894442573022,-0.0011602570398423495,0.993558532696212,-0.5634564386432918,228.3240332414267,49.049274896608075,0.005417448894705856,0.49029822968282455,-0.6028939036687941,3.4683075103224192,-0.4263978747015637,-0.0019452227501838258,-0.18330429695460784,0.00048,False,False,3043.252317129378,988.8110754090983,0.9846062776436832,18.50382232611178,226.26457973537336,89.6339081866414,29.125913111322664,0.9422321668712712,18.015057697300453,6.664291527004044,0.3582061647321209,-0.002409792384511327,-0.3448373702717826,0.00048,False,False,2281.741771322333,2191.88889707384,0.9735110480973804,42.53546341494946,223.72664624618088,87.18889777568535,83.75600370413406,1.2089153419911673,42.679065360780214,8.548968373969407,-1.095497378159175,-0.0009135988545291877,-0.07546523838395351,0.00048,False,False
0.025,322.8981150475085,4.908800392789236,304.3242794670436,8.964680820275289,232.34142904033297,8.878635108746357,10,90.0,0.001,3070.950376391803,997.8110434771064,0.9935414871981012,17.274786571726235,228.32392661245368,46.653654761017975,15.16438757596937,0.4906492352524193,17.81933121670465,3.468805380180956,-0.4263978747015637,0.0008607386395241998,0.23890173170095472,0.0005,False,False,2588.743795280182,1880.8313402883414,0.9845765340111367,36.690126586827944,226.26445775035552,76.24884781623697,55.39954985356266,0.9420988812058875,36.589935742593305,6.664456811054085,0.3582061647321209,-0.003976395983560909,0.2304824128629338,0.0005,False,False,1499.0747031091423,2791.767272165079,0.9749941439351087,60.917691885853706,224.06683676342877,57.282816363105695,106.678589240123,1.2105688577842182,60.27334872482785,8.56202150568199,-1.095497378159175,-0.0028383568233966722,-0.3973503848864543,0.0005,False,False
0.026000000000000002,307.0942847077512,4.668881542613502,258.87361719592593,7.625917425516114,154.88470945740463,5.918759879294458,10,108.00000000000006,0.001,2612.30543311349,1897.9501069387507,0.9935417427550869,35.97425832120122,228.32383016565606,39.690577719029555,28.841031145615545,0.4902331782375747,35.56219403343123,3.4692557106767814,-0.4263978747015637,-0.0039366950036683855,-0.015838021585360598,0.0005200000000000001,False,False,1880.8313403651619,2588.7422522533993,0.9845636930128618,54.35356938291504,226.26436948293264,,,,,,0.3582061647321209,-0.004277353811897989,0.05801532406151884,0.0005200000000000001,True,False,571.0610177959813,3120.986797979018,0.9762538915184261,78.58096612156835,224.3509447183754,21.82233816012136,119.2590142070986,1.212146233257359,78.22666266661058,8.57290117533838,-1.095497378159175,-0.002450778474195742,-0.30893906537574395,0.0005200000000000001,False,False
0.027,261.2299405288342,3.9718727869905823,188.08263623151433,5.540629197498076,62.40848406733125,2.3848904443839327,10,126.0,0.001,1897.9501069395892,2612.3042131470993,0.993532353521895,53.71437561033975,228.32376037611687,28.841031650647288,39.69627400066601,0.4908139531531357,53.666689526727524,3.469581585875731,-0.4263978747015637,0.001410197025946504,0.09254776589890344,0.00054,False,False,988.810486158259,3043.2486893283944,0.9845756426946158,72.03233074565138,226.26432289067935,29.126710957443926,89.63882365328165,0.942613969203532,72.71466088272328,6.664639524063777,0.3582061647321209,0.0009160887765569525,0.3566614540601795,0.00054,False,False,-412.33403788809363,3147.624270084199,0.9767662472510323,96.3865894270105,224.4722466634148,-15.754906856244626,120.27726878875025,1.2123865884564833,96.47115303580306,8.577539996214014,-1.095497378159175,-0.006607509878694933,0.1035247827848319,0.00054,False,False
0.028,189.79461706481007,2.8859415157066812,98.88086405496415,2.9129210350284054,-36.12026453205833,-1.3803154414797367,10,144.0,0.001,997.8105774928621,3070.947508079607,0.9935556081027608,71.44996774769909,228.3237235367471,15.166564235952729,46.667047999154605,0.4912171891550072,71.36471828863101,3.4697536221457272,-0.4263978747015637,0.005199261018412344,-0.20553359991458278,0.0005600000000000001,False,False,-0.0014673645572003124,3199.8605590157786,0.9845687092646835,90.56272257928748,226.26431001316715,0.0019876839883892217,94.25248273425903,0.9426580575980245,89.99871981058476,6.664656969988284,0.3582061647321209,0.001332300458435282,-0.3588380474776562,0.0005600000000000001,False,False,-1355.7707608539308,2869.0913923109683,0.9764091324667337,114.37227700466929,224.38582590506175,-51.80582543803855,109.63427150150082,1.2120988448780232,114.18286889408499,8.574239627215151,-1.095497378159175,-0.004817519064264036,-0.01447985470368155,0.0005600000000000001,False,False
0.029,99.78091180452473,1.5173380833425405,-4.508471057522752e-13,-1.3281643544553138e-14,-131.14721547510555,-5.011746807062022,10,162.0,0.001,-0.0011602554370711005,3228.9849203745034,0.9935324973640469,89.44805224167368,228.32371335460627,0.00541841341946836,49.0703986370674,0.49035945945814685,89.6712668218232,3.4698011843331233,-0.4263978747015637,-0.003445299040662212,0.10341136653260725,0.00058,False,False,-988.812687912619,3043.247782447224,0.984560397770157,108.42593390126468,226.26431001316715,-29.123728527107865,89.64005210954535,0.9432354792022407,108.6004150583824,6.664656969988284,0.3582061647321209,0.007106516500597577,0.24283720031995784,0.00058,False,False,-2167.7781214012916,2312.38740819611,0.9752704776902892,132.1903970524023,224.12493735872008,-82.83505652464785,88.3615535622859,1.2112624043746905,131.93211560446383,8.564289444367912,-1.095497378159175,0.0008897594330645492,-0.12401082388001335,0.00058,False,False
0.03,1.1863070440963287e-13,1.804110994264628e-15,-98.88080513408983,-2.913000794886628,-213.45718768537012,-8.15724404807187,10,180.0,0.001,-997.812318444652,3070.9467910023113,0.9935332196732579,107.7268308771822,228.3237133546063,-15.158433882216514,46.670396762812935,0.49002100440734997,107.4539270249029,3.4698011843331233,-0.4263978747015637,-0.00682984954863102,-0.11394843038768299,0.0006,False,False,-1880.831472632554,2588.740891487073,0.9846076289984059,126.36322256538631,226.26429713614152,-55.39937043411154,76.25278195899097,0.9416182057556546,126.2122124415301,6.66467441102014,0.3582061647321209,-0.009090883309056013,-0.14584691005824624,0.0006,False,False,-2769.622685573213,1531.4830458462288,0.9737935791472112,149.70766295477094,223.78840609106874,-105.83388112890272,58.52132313819733,1.2085264640409972,149.63653289740955,8.551478134408116,-1.095497378159175,-0.008351715606960085,-0.32797144110048604,0.0006,False,False
0.031,-99.78086520619082,-1.5175557764612206,-188.08241208319083,-5.540932622028062,-275.0678074227433,-10.511750936630179,10,198.0,0.001,-1897.9502115593054,2612.3031371796296,0.9935515634983949,125.50105129505462,228.32370317245366,-28.84054277770226,39.701298787786556,0.4912946278716321,125.55166233642879,3.46984872375553,-0.4263978747015637,0.005839154198275048,-0.018649831163417254,0.00062,False,False,-2588.740891543089,1880.830351633669,0.9845541426946417,144.29962632325993,226.2642505476035,-76.25278162718506,55.40088907973714,0.942601864860287,144.4169166061554,6.664737510475754,0.3582061647321209,0.0006564716313604878,0.058090613000658646,0.00062,False,False,-3102.943376021817,602.0891506037542,0.9725813744227798,167.78946496147387,223.50356753385864,-118.57198468463757,23.006587346790077,1.2064615373824876,167.82194722149177,8.540672869686382,-1.095497378159175,-0.013720030277547849,-0.10248680564563935,0.00062,False,False
0.032,-189.79443979421572,-2.8867696695364247,-258.8731544253824,-7.626543867566439,-310.0036963246006,-11.846901916889907,10,216.0,0.001,-2612.3031371804127,1897.9493252025682,0.9935050448472826,143.51834144882284,228.3236663331192,-39.701299153898084,28.844681867417762,0.49045936121331124,143.76700787492567,3.470020768338316,-0.4263978747015637,-0.0027568201672423624,0.19276538601349236,0.00064,False,False,-3043.2459688165745,988.8115091936813,0.9845564887968425,162.18438304423233,226.26416229080797,-89.64250824196046,29.125325509024346,0.942397528313591,162.49697241744667,6.664857038945612,0.3582061647321209,-0.0015559326187625968,0.1373798687187914,0.00064,False,False,-3135.411666428986,-385.6830087376642,0.972006370421908,-174.1790793165504,223.37812897873334,-119.81377654451364,-14.739298375572824,1.2072132696584466,-174.0655269490848,8.535979137293745,-1.095497378159175,0.0004352324898598053,0.01613213394562109,0.00064,False,False
0.033,-261.229574540778,-3.9735825709059616,-304.32355410785334,-8.965662722659125,-314.8760874916656,-12.033174791601148,10,234.0,0.001,-3070.9453568495546,997.8113864735992,0.9935737922761355,161.80811208935606,228.3235965437235,-46.67709515094988,15.162785776279193,0.4892402300287098,161.66111375138107,3.4703467292391434,-0.4263978747015637,-0.015409110340010175,0.08294136343318675,0.00066,False,False,-3199.8567450543487,0.001467217310334945,0.9845683407107173,180.41692288649216,226.26404032536814,-94.25764799193342,-0.0019868117849379807,0.9425564133169958,-179.61718507245524,6.665022208859716,0.3582061647321209,-0.00020066811733598992,0.022741052537973042,0.00066,False,False,-2863.868163081376,-1336.0582878177036,0.9723949507125237,-156.12112893772675,223.45908578481954,-109.4382823119082,-51.05646889872754,1.2077536446528396,-156.18538822203956,8.539174623986693,-1.095497378159175,0.0013198818142422413,-0.101111516899966,0.00066,False,False
0.034,-307.09371104807656,-4.67156150461748,-319.98462576303257,-9.427184671226376,-289.2116379195251,-11.05245954471197,10,252.0,0.001,-3228.9819044591677,0.001160253375786624,,,228.32350009718772,-49.084484623989454,-0.005419375800531867,0.49078002958566785,-180.16595489181645,3.470797214021795,-0.4263978747015637,-0.0006481964596978597,0.25343700509227135,0.00068,False,False,-3043.2432484097553,-988.8081291125641,0.9845871469062945,-161.38408869662274,226.26390548638824,-89.64619220913193,-29.12990259856641,0.9426434041764242,-161.83812644865162,6.665204799178563,0.3582061647321209,0.0004110187716770213,-0.19822029057370014,0.00068,False,False,-2314.6311525908513,-2156.884070011815,0.9735010566891449,-137.9342381974046,223.71484376338088,-88.45097162143355,-82.42341118074958,1.209637809721952,-138.03430855532056,8.549033012992334,-1.095497378159175,0.006219665070436099,0.08076857507707538,0.00068,False,False
0.035,-322.8973610706791,-4.912322741217495,-304.3233727863794,-8.965908090318491,-235.4985225014807,-8.999823238022838,10,270.0000000000001,0.001,-3070.9432056210526,-997.8087135563048,0.9935278376763005,-162.4317390369204,228.3233934685515,-46.687142988020554,-15.175270586583114,0.4914653341477355,-162.40596827711704,3.4712952609652006,-0.4263978747015637,0.005500504418915919,0.013404527416558688,0.0007000000000000001,False,False,-2588.7360812168117,-1880.825735917707,0.9845789381894158,-143.50900538302358,226.2637835258237,-76.25929574622184,-55.40713938693048,0.9435144089519563,-143.49201382562754,6.665369938252666,0.3582061647321209,0.00888752460872248,0.14833360205360321,0.0007000000000000001,False,False,-1540.9468757668835,-2768.566112463931,0.9749387107314224,-120.18754781161346,224.0477135904243,-58.88636088289154,-105.79844173974664,1.2108384156779906,-120.35698421815731,8.561808737816065,-1.095497378159175,0.00015812131595556187,-0.1623093775207759,0.0007000000000000001,False,False
0.036000000000000004,-307.0935676335199,-4.672231613571429,-258.87284594286785,-7.6269613119597395,-158.9453104034191,-6.074298582260462,10,288.0000000000001,0.001,-2612.2993332948868,-1897.945675163835,0.9935708183854092,-144.2754608884127,228.3232970220737,-39.719066144515104,-28.861730670716796,0.49195340550385713,-144.56804582042582,3.4717457515645935,-0.4263978747015637,0.009744128064749738,-0.14627646124197324,0.00072,False,False,-1880.8257359950787,-2588.7345384991618,0.9845434601418207,-125.70246162465872,226.26369527610805,-55.40713892995713,-76.26138476871773,0.9433840235142666,-125.8377169588276,6.665489423607986,0.3582061647321209,0.0074146924218266835,-0.19664329522358692,0.00072,False,False,-617.8284426048185,-3111.787312457225,0.9761569939934519,-102.47186853752663,224.3315878611531,-23.610821651708395,-118.91468587149913,1.2127863889567787,-102.56704677022582,8.572681440187223,-1.095497378159175,0.00426153095090069,-0.24209862862624126,0.00072,False,False
0.037,-261.2293305493631,-3.974722628343652,-188.0820758946967,-5.541387558681197,-66.97598036493827,-2.5595883243480793,10,306.0,0.001,-1897.9456751651542,-2612.2981133323856,0.993498413742734,-126.08882426172184,228.32322723277693,-28.861731173502832,-39.724764452048035,0.4913903522945532,-126.19484389824514,3.4720717425639727,-0.4263978747015637,0.003652575079175967,0.23081433904534393,0.00074,False,False,-988.8075399807572,-3043.2396213361076,0.9845597169206385,-107.62678388978851,226.26364869320847,-29.130699743318687,-89.65110336405738,0.9426649296253711,-107.53218702145782,6.6655524909523765,0.3582061647321209,0.00013456283909177137,0.10961279206105315,0.00074,False,False,365.2164428634818,-3153.260793238228,0.9767164741233488,-84.71378714539786,224.45975898043764,13.955296320349117,-120.4999494597933,1.212491061791718,-84.14446709083374,8.577583609386005,-1.095497378159175,-0.005624454865672829,0.3442017692618729,0.00074,False,False
0.038,-189.79417388901055,-2.8880121198392956,-98.88056947442603,-2.913319694019397,31.489974220336475,1.203444233488489,10,324.0,0.001,-997.8082475743777,-3070.940337318455,0.9934997582316001,-108.59227526716795,228.323190393541,-15.177448016503643,-46.700540987204775,0.49131354419430684,-108.24640378259102,3.472243839933526,-0.4263978747015637,0.0026411116426410365,0.18314291058897492,0.00076,False,False,0.0014670695415475166,-3199.8510244602962,0.9845855736435498,-89.69884364073606,226.26363581828343,-0.001985939043542384,-94.26539381929734,0.9435294789154887,-89.84505560592524,6.665569921563787,0.3582061647321209,0.008755405133211722,-0.20281469008475272,0.00076,False,False,1312.8639889744784,-2888.9592387688813,0.9763917601651027,-66.70300543103862,224.38468460229248,50.169291367452104,-110.40015396826034,1.2132772580153897,-66.31783961262367,8.574716261348795,-1.095497378159175,0.006292549853309163,0.33836130157566996,0.00076,False,False
0.039,-99.78067881334208,-1.518426702817758,-1.5674702561646654e-13,-4.618304496039141e-15,126.90254951655534,4.849831349928483,10,342.0,0.001,0.0011602508559747093,-3228.977380591521,0.9935413733089455,-90.35059662264936,228.3231802114387,-0.005420336036360496,-49.10561587347511,0.49047883717376745,-90.50924161575513,3.4722914190008107,-0.4263978747015637,-0.005773245524992223,-0.07729936508065662,0.00078,False,False,988.8097412923643,-3043.238714637267,0.9845766326145913,-71.98853889467746,226.26363581828343,29.127719931341673,-89.65233074188586,0.9433809516754088,-71.48618330817452,6.665569921563785,0.3582061647321209,0.0072701327324150924,0.15603760766596503,0.00078,False,False,2133.2176361460274,-2344.5070805943733,0.9753054047107069,-48.6533109564859,224.13534899834067,81.51933340877619,-89.5943543994256,1.2113369574341495,-48.84314583086014,8.565205794276366,-1.095497378159175,0.0003393755592417944,-0.04658947723390727,0.00078,False,False
0.04,-1.5817390320500065e-13,-2.4072070837656264e-15,98.88051056548521,2.9133993837102863,210.00746101647658,8.025898028876211,10,0.0,0.001,997.8099885192196,-3070.9396202439902,0.9935059718375397,-72.48472486620182,228.32318021143874,15.169314778244095,-46.70389093910569,0.49092187828210515,-72.60531002223222,3.4722914190008107,-0.4263978747015637,-0.0013428344416142551,-0.17338777155774157,0.0008,False,False,1880.825868235548,-2588.7331780064196,0.984562238791014,-53.348254852877716,226.26362294384862,55.406960124586405,-76.26322643713873,0.9419621494400688,-53.77696084977344,6.6655873472822345,0.3582061647321209,-0.006942533308348227,-0.13522095908307719,0.0008,False,False,2746.719888693949,-1572.697237832806,0.9738899907756434,-30.91259690747552,223.80624152192266,104.96503353484408,-60.099872344793255,1.209303095426181,-31.04570516145647,8.552675873909694,-1.095497378159175,-0.002279261202441732,-0.1568321975726471,0.0008,False,False
0.041,99.78063221526618,1.5186444728083206,188.08185179176945,5.541690716278742,272.7437666186478,10.423567212575193,10,18.0,0.001,1897.9457797841765,-2612.297037369164,0.9935338210250961,-54.58895934249817,228.3231700293279,28.86124212850587,-39.72979102211504,0.49123871741946445,-54.627154697263684,3.472338975288253,-0.4263978747015637,0.0017583021853015929,-0.19766828216447296,0.0008200000000000001,False,False,2588.733178062836,-1880.8247474618051,0.9845455623524869,-35.549573733865785,226.26357636469103,76.26322610492369,-55.40847743742725,0.9434246356211494,-35.520836515446575,6.665650391321389,0.3582061647321209,0.007593170767256224,0.12013749158671182,0.0008200000000000001,False,False,3093.8683863290253,-648.3729594744423,0.9726595208132098,-12.816706060910708,223.52191264508963,118.23233077742567,-24.776732450982585,1.2089257633049777,-12.905139006863601,8.541888114465728,-1.095497378159175,0.00920361329879897,0.025153874325330002,0.0008200000000000001,False,False
0.042,189.7939966193964,2.888840566107028,258.87238326604745,7.6275872029085665,309.02581477936667,11.810245392688602,10,36.0,0.001,2612.2970373702965,-1897.9448934307393,0.9935273546301757,-36.698428400156814,228.3231331901506,39.729791386593796,-28.865382687905818,0.4925058753937024,-36.472135149535255,3.472511080861741,-0.4263978747015637,0.014186487891493913,-0.0465776365661994,0.00084,False,False,3043.2369013722187,-988.8085628099343,0.984572548707947,-17.625372263587963,226.2634881256787,89.65478471646861,-29.12931551211151,0.9427579064451985,-17.76513945070784,6.665769814792764,0.3582061647321209,0.0007569887148638592,-0.12493124130802416,0.00084,False,False,3140.9877923146632,338.8291252452027,0.9720751325486857,5.127854061692156,223.38990003561227,120.03409269516658,12.949642723839437,1.207462742799042,5.234943748904285,8.536942267529673,-1.095497378159175,0.001567892053835781,0.1721728654193218,0.00084,False,False
0.043000000000000003,261.22896456332967,3.976433016018525,304.3226475740934,8.966889128890783,315.33365932492904,12.051389303311371,10,54.000000000000114,0.001,3070.9381860977155,-997.8090565514442,0.9935237994176284,-18.151970869684,228.32306340106354,46.71059169988898,-15.17366821852698,0.49173762214678274,-18.95109348945514,3.472837157253182,-0.4263978747015637,0.00604281376715166,-0.5294644560207943,0.0008600000000000001,False,False,3199.847211267459,-0.0014669212426809963,0.9845824343305507,0.3727615734468253,226.26336618483208,94.27055453945594,0.00198506576463231,0.9436018437395319,0.20231443613666167,6.665934839584399,0.3582061647321209,0.008962981359738836,-0.15795821232633542,0.0008600000000000001,False,False,2883.4975242906066,1293.1711653478687,0.9723757026959211,23.462066114569154,223.45972383717412,110.19502663864989,49.42059472330626,1.207333906964403,22.90651598269224,8.53971284022421,-1.095497378159175,-0.0036386477727121205,-0.15426949960637593,0.0008600000000000001,False,False
0.044,307.0929939770156,4.674912521924472,319.98367259639866,9.428474077454526,291.0546520889752,11.123563914300883,10,72.0,0.001,3228.9743646896086,-0.0011602478790280202,0.993535821557723,-0.2822477095991448,228.32296695496933,49.119706850861405,0.00542129412541037,0.4914937097865105,-0.32797979331618987,3.473287801568559,-0.4263978747015637,0.0029663828618178467,0.09121440212224341,0.0008799999999999999,False,False,3043.234181514078,988.8051834108792,0.9845502136471119,18.327292131065494,226.2632313730612,89.6584654466063,29.133888579283987,0.942478439847152,18.148781318716463,6.666117269441947,0.3582061647321209,-0.0025290523427853014,-0.21151129672901425,0.0008799999999999999,False,False,2346.3581384029458,2122.098603420955,0.9734367518617251,40.81489857039272,223.70403434326911,89.66877568662568,81.0990398086206,1.2082750505690965,41.0809826351618,8.549135509225078,-1.095497378159175,-0.007552878020555647,0.048495782044499905,0.0008799999999999999,False,False
0.045,322.89660709801694,4.915846333458508,304.32246628947587,8.967134280464425,238.54305374836775,9.116724016233503,10,90.0,0.001,3070.9360348791784,997.8063836468128,0.9935019955322143,17.419843544003687,228.32286032683828,46.72064309479012,15.186157448144595,0.4915074482164289,17.942263951234025,3.473786024808233,-0.4263978747015637,0.0023991730983644838,0.36143905363792717,0.0009,False,False,2588.728368706773,1880.8201326772426,0.9845489111639146,36.12451151700399,226.2631094371249,76.26973450009419,55.414722251818816,0.9427314786550414,36.253946396877275,6.666282263361296,0.3582061647321209,-0.0002320009023461199,-0.10590541751927188,0.0009,False,False,1581.6527604840642,2745.2166520883375,0.9748216467730139,59.18430179871649,224.02946147382,60.445527903542896,104.91251934581682,1.2109997245418858,59.131174727771885,8.56162909703065,-1.095497378159175,0.0020252603899954,0.1742412860170735,0.0009,False,False
0.046,307.09285056336523,4.6755828669344535,258.87207484623667,7.628004279674883,162.89185231942434,6.22549687062252,10,108.0,0.001,2612.293233502406,1897.941243409298,0.9935151277242225,35.81317385709742,228.32276388083264,39.747564668233196,28.882437526058776,0.49144565833049175,34.9905670545544,3.4742366747978384,-0.4263978747015637,0.0011439589118103642,-0.5878621669123862,0.00092,False,False,1880.8201327551656,2588.7268263004694,0.9845587950226221,54.21473578503527,226.26302120524315,55.414721794282556,76.27182168667252,0.9431712490762194,54.40926749866549,6.666401643668533,0.3582061647321209,0.003996874059861232,0.05014116208157753,0.00092,False,False,663.5378110340234,3102.0881110209552,0.9760865448388565,76.91494646816376,224.31265094962194,25.35908600740849,118.55121746406411,1.2126538577051502,76.99819098889006,8.572477589747015,-1.095497378159175,0.003224506491849848,0.16684739401687576,0.00092,False,False
0.047,261.22872057345603,3.977573475058704,188.08151567160954,5.5421452522868835,71.43889524406427,2.7303103227682257,10,126.0,0.001,1897.9412434110968,2612.2920135457207,0.9935041869571251,53.64372726923792,228.32269409188842,28.882438026595878,39.75326499263983,0.49144690862274276,53.73452726775853,3.4745627810813797,-0.4263978747015637,0.0006952779053606037,0.15998550316836951,0.00094,False,False,988.8045943989492,3043.2305551729705,0.9845687760055916,72.25221248062434,226.26297463176402,29.134685021803982,89.66337228449913,0.9429497753130642,72.17958928698533,6.666464655553352,0.3582061647321209,0.0016930241662060244,-0.17881165782431602,0.00094,False,False,-318.94755396736707,3158.096122647873,0.976685528491064,94.37460697022166,224.44708354159226,-12.187903079405507,120.69203703464281,1.2131775429106102,95.04910610099185,8.577619945254211,-1.095497378159175,0.0011889696456311096,0.3772839010915821,0.00094,False,False
0.048,189.79373071587,2.890083454081793,98.88027495372152,2.913718002000995,-26.94478315650068,-1.029804056090918,10,144.0,0.001,997.8059176679365,3070.933166590708,0.9935185610153968,71.50333470728975,228.32265725284455,15.188335644550314,46.73404583380503,0.49111736366494363,71.57757591252528,3.4747349392778917,-0.4263978747015637,-0.002843640129011224,0.0069211822839082785,0.00096,False,False,-0.0014667724224182166,3199.8414918287785,0.9845581553734326,90.56755450836067,226.26296175944455,0.001984191948149139,94.27829355800833,0.9425621358259495,90.92360263067914,6.6664820708327905,0.3582061647321209,-0.0022079996293150944,0.5656423195965121,0.00096,False,False,-1270.5161199725167,2907.803061717099,0.9763676708760769,112.373851109464,224.38281860295535,-48.55391903596785,111.12699308420903,1.2130405303316067,112.68484279533855,8.575165201233492,-1.095497378159175,0.003290376141851087,0.17776549077191806,0.00096,False,False
0.049,99.78044582359377,1.519515705961804,-3.7247114042658775e-13,-1.0975809072584153e-14,-122.71542266184714,-4.690095399800115,10,162.0,0.001,-0.0011602444446339177,3228.969840844258,0.9935280942170415,89.69365620968394,228.3226470707969,0.005422250066147383,49.14084557591015,0.49137881300599834,89.55288080256014,3.4747825351496777,-0.4263978747015637,-0.0002964574458566895,-0.015379249128183082,0.00098,False,False,-988.806795264647,3043.2296486577598,0.9845707095047769,108.27519473634999,226.26296175944455,-29.131707831412832,89.6645985825633,0.9422243337879067,108.17097597823539,6.6664820708327905,0.3582061647321209,-0.005586020009742988,-0.18700433284722076,0.00098,False,False,-2098.874085824885,2375.479544522564,0.9753351963991738,130.33250837662217,224.1447690064657,-80.21174182078042,90.78346053451267,1.2107125065278723,130.2366676652454,8.566084354168172,-1.095497378159175,-0.007147604817882211,-0.13102627919152024,0.00098,False,False
0.05,-3.758620094461908e-13,-5.724260847700453e-15,-98.88021605679872,-2.9137976214382433,-206.5823283439035,-7.895476059350891,10,180.0,0.001,-997.8076586030851,3070.9324495202054,0.9935461200266085,107.5060298959398,228.3226470707969,-15.180199534652804,46.737396968641406,0.49164586750543976,107.5833268105902,3.4747825351496777,-0.4263978747015637,0.0023740875485572517,0.015046758901852806,0.001,False,False,-1880.8202649685222,2588.725466083262,0.9845551382607975,126.40160441421912,226.26294888761902,-55.414543146775884,76.2736617349177,0.9430279129977407,126.23598015391677,6.66649948121896,0.3582061647321209,0.00242515008435054,-0.12248071362476723,0.001,False,False,-2723.673045479007,1612.7519869414068,0.973934750323999,147.95025193934913,223.82318724891246,-104.09057570393892,61.63430109923348,1.2095380752052338,147.98255922570704,8.553839787594931,-1.095497378159175,-0.0015754859310084138,-0.2922425412808997,0.001,False,False
0.051000000000000004,-99.78039922584951,-1.5197335524788809,-188.0812916144006,-5.54244814262367,-270.4091861994265,-10.33496994800784,10,198.0000000000001,0.001,-1897.9413480292626,2612.2909375884446,0.9935357785707076,125.56997746043093,228.32263688874403,-28.88194881032318,39.75829333768998,0.4911156333811532,125.72363494961317,3.474830108226827,-0.4263978747015637,-0.00299553218521603,0.1529199422569273,0.00102,False,False,-2588.7254661400807,1880.8191444215274,0.9845875799864579,144.4827743080487,226.26290231790875,-76.27366140229387,55.41605912518888,0.9429096715068,144.63525931594185,6.666562469773385,0.3582061647321209,0.0011536559070013134,0.2760333231629423,0.00102,False,False,-3084.3041577657477,693.5966213029599,0.9727141879557974,166.33533305743208,223.53979970794865,-117.87393807304437,26.50657517070112,1.2082597018940067,166.21795302845476,8.543086036125333,-1.095497378159175,0.0008488821314162996,-0.01415428848751317,0.00102,False,False
0.052000000000000005,-189.7935534475164,-2.890912191473662,-258.87161226380283,-7.628629618844337,-308.00346142000575,-11.771884656389854,10,216.0000000000001,0.001,-2612.290937589929,1897.940461680521,0.9935211209687196,143.59299308458355,228.32260004978198,-39.75829370053367,28.88609083284891,0.49052402256950806,143.56417140195026,3.4750022745183156,-0.4263978747015637,-0.009155120206075272,-0.010471083199767243,0.0010400000000000001,False,False,-3043.227835760914,988.8056170204129,0.9845620817891435,162.20009874586526,226.26281409680615,-89.6670503966562,29.13330200930819,0.9430198395269201,162.62611491815468,6.666681788116949,0.3582061647321209,0.002086594488493561,0.2661238861922959,0.0010400000000000001,False,False,-3145.778374262873,-292.8347076221815,0.9721071436773521,-176.2488326353123,223.4018100415497,-120.22441344173073,-11.192617409342265,1.2077802448913406,-175.57117202458457,8.537910831075749,-1.095497378159175,0.0033731572739372296,0.20451047913487727,0.0010400000000000001,False,False
0.053,-261.22835459002334,-3.979284463780516,-304.32174122513425,-8.968114454162658,-315.7172849698433,-12.0667797055396,10,234.0,0.001,-3070.9310153826777,997.8067266400537,0.9935012808643288,161.47310699084028,228.32253026111354,-46.74410009145136,15.184554514260991,0.49143971667865766,161.2513271845357,3.4753284658836106,-0.4263978747015637,-0.00045948336730852377,-0.32724235550302283,0.00106,False,False,-3199.8376794100045,0.0014666230689357462,0.9845761313626376,180.34769018274847,226.26269218072778,-94.28344973506248,-0.0019833175946302184,0.9429148337580473,-179.52728744323792,6.666846667607408,0.3582061647321209,0.0008033619882028477,0.11224113566834114,0.00106,False,False,-2902.122146808119,-1250.8612793822658,0.9723677334597769,-157.95808612290395,223.46103570032074,-110.9134630028777,-47.80658310330969,1.2077394585875025,-157.96139479520372,8.54027682903323,-1.095497378159175,-0.00038073216446124286,-0.18425453280093498,0.00106,False,False
0.054,-307.0922769109373,-4.678264717384828,-319.98271962421256,-9.429762346954703,-292.8015140244082,-11.191001829629673,10,252.0,0.001,-3228.966824960531,0.0011602405479322897,0.9935067405093817,179.47199357451515,228.32243381561344,-49.15494152142968,-0.00542320385712225,0.4918371994522923,-180.44290838794691,3.475779269017461,-0.4263978747015637,0.002877812463187271,-0.02391188565617715,0.00108,False,False,-3043.2251164553545,-988.8022383082706,0.9845686594793217,-161.8556600628355,226.26255739635923,-89.67072788577408,-29.13787104915874,0.9431614558930427,-161.39187670341852,6.667028936806089,0.3582061647321209,0.003011815765379855,0.24763190843810776,0.00108,False,False,-2376.958960933874,-2087.554166577521,0.9733983900480568,-139.93038726525646,223.69416957487974,-90.84368665468078,-79.78371927555378,1.2092118951052035,-139.81045163283346,8.549274023697626,-1.095497378159175,0.0016196782948506177,-0.007344049118937716,0.00108,False,False
0.055,-322.8958531307127,-4.919371163924099,-304.32155997763306,-8.968359389385048,-241.47859175155781,-9.229473072281683,10,270.0,0.001,-3070.928864177501,-997.8040537523107,0.9935376084939118,-162.46090988746676,228.32232718815587,-46.754155028251816,-15.197048143395897,0.4917888564341383,-162.54153463605843,3.4762776677636795,-0.4263978747015637,0.001689540015274953,-0.12255722746381398,0.0011,False,False,-2588.720657761129,-1880.8145305749867,0.9845879275432503,-143.65391104405876,226.26243548522612,-76.28016406654979,-55.42229844001588,0.9435452587303816,-143.78846360365233,6.667193785391998,0.3582061647321209,0.006616713032837147,-0.14851465961632743,0.0011,False,False,-1621.2199784398167,-2721.7506501288462,0.9747590378003363,-121.46170591987787,224.0120623980905,-61.96136499796102,-104.02203482078902,1.2110822029008157,-121.42055430111218,8.561481904631929,-1.095497378159175,0.0030582054658446177,0.4542458025778158,0.0011,False,False
0.056,-307.09213349841923,-4.678935297387147,-258.8713039071377,-7.629046327531904,-166.72711008228552,-6.372460012977379,10,288.0,0.001,-2612.287133745677,-1897.9368116821388,0.99353161643728,-144.19658655695005,228.32223074277465,-39.776073245025245,-28.903151678822518,0.4920862884994183,-144.63959075153863,3.476728476429123,-0.4263978747015637,0.004026320939369681,-0.21821854851486236,0.0011200000000000001,False,False,-1880.8145306534584,-2588.719115668386,0.9845650125953634,-125.87212006504413,226.26234727130475,-55.42229798191704,-76.28224941495024,0.9429448412277314,-125.94182344497928,6.667313060521863,0.3582061647321209,0.00044385750002479466,-0.3011497817509627,0.0011200000000000001,False,False,-708.2055507952904,-3091.9279248412904,0.9760150107192181,-104.29815450164783,224.2941527836897,-27.067751762358146,-118.17008578279044,1.2116447637600412,-104.08986158619234,8.572290347211966,-1.095497378159175,-0.006601632026718082,-0.09401499202386598,0.0011200000000000001,False,False
0.057,-261.22811060207584,-3.980425322613522,-188.080955563058,-5.542902277494527,-75.7989494328746,-2.8971214839525503,10,306.0,0.001,-1897.936811684413,-2612.285913796737,0.9935003904433584,-126.16481860706683,228.32216095429334,-28.90315217710743,-39.78177557726994,0.49238573515529105,-126.15364309224024,3.4770546974798227,-0.4263978747015637,0.006559441263865485,0.27161514128923,0.0011400000000000002,False,False,-988.8016494170606,-3043.2214908519895,0.9845727513088991,-107.42142937219884,226.26230070731296,-29.138666788583702,-89.67563040132032,0.943130303754654,-107.88018624836133,6.6673760168788725,0.3582061647321209,0.0022094490353321444,-0.2387879520093204,0.0011400000000000002,False,False,273.52362797303306,-3162.172198924513,0.9765881681763169,-86.10283588255604,224.43426867025698,10.452589927669734,-120.85512889145407,1.2124818046027608,-86.05656505192724,8.577650848445046,-1.095497378159175,-0.005812117144460992,0.09466186914194188,0.0011400000000000002,False,False
0.058,-189.79328754608957,-2.8921555151481466,-98.87998049327429,-2.9141159585418226,22.484181887695414,0.8593760261006949,10,324.0,0.001,-997.8035877772174,-3070.9259959076894,0.993561933722015,-108.32603574714838,228.32212411549966,-15.1992271028299,-46.76756248585028,0.4918114006539609,-108.28289237382278,3.4772269162303093,-0.4263978747015637,0.000572542157931032,0.14625146737532949,0.00116,False,False,0.001466473199187135,-3199.831961134902,0.9845661074035007,-89.69027994482418,226.2622878376176,-0.0019824427037842263,-94.29118193642216,0.9428368352803608,-89.32502207393756,6.66739341680748,0.3582061647321209,-0.0007498429226218684,0.3168163872317605,0.00116,False,False,1228.7363598697566,-2925.663968906372,0.9764025515032974,-67.54038339548174,224.3802876928248,46.960064137019245,-111.81635286033267,1.2136523231823557,-68.30407872510636,8.57558872344616,-1.095497378159175,0.008809353792221523,0.009074311990722455,0.00116,False,False
0.059000000000000004,-99.78021283564887,-1.5206050910468734,9.016861544708935e-13,2.657418263428006e-14,118.58657663021637,4.532567704200065,10,342.0,0.001,0.0011602362018123813,-3228.96230114462,0.9935340059464266,-90.14277316068289,228.32211393352267,-0.00542415549660924,-49.17608768853056,0.4916329723162088,-90.40425222358836,3.4772745288311,-0.4263978747015637,-0.0012790756053687516,0.027285414045259995,0.00118,False,False,988.8038498336939,-3043.2205845217086,0.9845648691587103,-71.35683397318263,226.2622878376176,29.13569222300292,-89.67685561829201,0.942682854799652,-71.48859507183617,6.6673934168074815,0.3582061647321209,-0.002289647729711499,0.15322338933310758,0.00118,False,False,2064.768647882559,-2405.341142258821,0.9753719991412182,-50.297951134024075,224.15324646234484,78.91309262836549,-91.93025299912861,1.2109236738854028,-50.37510327875521,8.566926988324573,-1.095497378159175,-0.006227595894677297,0.0763639961819263,0.00118,False,False
0.06,-2.3725974679534463e-13,-3.615990631437118e-15,98.87992160845346,2.9141955076391697,203.18370226240506,7.766051411993642,10,0.0,0.001,997.8053286999246,-3070.925278842282,0.993533549197987,-72.0114734300412,228.32211393352276,15.191088134198115,-46.770914798307444,0.49123288248131125,-72.2981051758533,3.4772745288310998,-0.4263978747015637,-0.005279973954343003,0.1334124617803409,0.0012,False,False,1880.8146628395152,-2588.7177557286636,0.984541387854075,-53.81938656506284,226.26227496841986,55.42211949246801,-76.28408784102672,0.9426271013587192,-53.886457733536496,6.667410811842513,0.3582061647321209,-0.0028717824334987237,-0.24511935981982194,0.0012,False,False,2700.513187209179,-1651.6754230303097,0.9740122576575969,-32.19177604281845,223.83926350545642,103.21169262090584,-63.12567647918157,1.2104187071280061,-32.60025289666202,8.554970638355998,-1.095497378159175,0.005631568813392913,-0.05543188006045871,0.0012,False,False
0.061,99.78016623830923,1.5208230137445973,188.08073155188657,5.543204900242395,268.06695772104723,10.246069590490592,10,18.0,0.001,1897.9369163015585,-2612.284837847105,0.9935428344332167,-54.08944722350147,228.32210375154378,28.902662790336286,-39.786805689328645,0.491287692331744,-54.59543932506,3.4773221186225216,-0.4263978747015637,-0.0047991775784744966,-0.1663557600106843,0.00122,False,False,2588.717755785884,-1880.8135425208757,0.9845509221557838,-35.98236177108225,226.26222840822362,76.2840875079944,-55.42363413481132,0.9431141278852004,-35.70731373775063,6.667473744843983,0.3582061647321209,0.001909482127114785,-0.06673973034187684,0.00122,False,False,3074.2885293665495,-737.777418925043,0.9727662078916424,-15.0415928151914,223.55721283007665,117.49824936833647,-28.196768704687358,1.209344946155883,-14.482232310432057,8.544266021727502,-1.095497378159175,0.010032573108186362,0.10648219871273137,0.00122,False,False
0.062,189.79311027927415,2.8929845423483918,258.870841419755,7.6296711142446325,306.94022244050063,11.731956471972277,10,36.0,0.001,2612.284837848937,-1897.9360299589143,0.9935193521550066,-36.31244565777842,228.32206691285504,39.786806050534906,-28.906806269419874,0.49209705733307835,-36.518537476992805,3.47749434535892,-0.4263978747015637,0.0030509070484508716,-0.09337996026220592,0.00124,False,False,3043.2187719956655,-988.8026718293447,0.9845430775966789,-17.826301483437025,226.26214020515735,89.67930526923948,-29.137284996297293,0.9425760061981074,-17.224890998952258,6.667592957930506,0.3582061647321209,-0.0036403275075901752,0.4149187282326196,0.00124,False,False,3149.824383155211,247.6948958660994,0.9721728522011406,3.4250716198661495,223.41381342877193,120.3862992430364,9.468042642088616,1.2072130094914004,3.5510092116381147,8.538883087648616,-1.095497378159175,-0.003674175156920548,0.14837167197949683,0.00124,False,False
0.063,261.2277446218221,3.982136909665867,304.3208350622765,8.969338697147503,316.03089645021794,12.079495777599597,10,54.0,0.001,3070.923844715764,-997.8043967431117,0.9935135079647909,-18.541829537010027,228.3219971247157,46.77762027250924,-15.195444646226967,0.49180480846967817,-18.257159186893634,3.477820651180574,-0.4263978747015637,-0.00033304770401564954,0.16407270473163302,0.00126,False,False,3199.82814949566,-0.00146632279151504,0.9845568919914229,0.183448919003424,226.26201831402204,94.29633356478722,0.0019815672764291747,0.9421094158921492,0.27289065723270284,6.667757691941205,0.3582061647321209,-0.008539199639285764,-0.08777953566734155,0.00126,False,False,2919.7821844539776,1209.1365665788728,0.9723828867940589,21.21275956164287,223.4629638362137,,,,,,-1.095497378159175,-0.0004989455747347922,0.07153249501299294,0.00126,True,False
0.064,307.0915598509737,4.68161808567708,319.98176684784175,9.431049478331449,294.4561221858556,11.254921634416004,10,72.0,0.001,3228.9592852838405,-0.0011602313870042735,0.9935246265882788,-0.4538943648178385,228.32190067996183,49.190188579820486,0.005425104983374451,0.491617570125364,-0.4598117694867059,3.478271612417629,-0.4263978747015637,-0.0028431866447044315,-0.041012952033684165,0.00128,False,False,3043.2160532465887,988.7992938089619,0.9845706319911525,18.42747413096369,226.26188355724923,89.68297951335444,29.14185000387704,0.9429869907078695,18.667320969995266,6.6679398002836,0.3582061647321209,-2.099156972033184e-05,0.30663080997847425,0.00128,False,False,2406.4691153950275,2053.2706376708666,0.9733648185928216,39.5766865206735,223.68520195658286,,,,,,-1.095497378159175,0.0010749440776461627,0.12618056063686786,0.00128,True,False
0.065,322.89509916995684,4.922897227018157,304.32065385215134,8.969583415753291,244.30862801150155,9.338203106851948,10,90.0,0.001,3070.921693527346,997.8017238764728,0.993501755216072,17.834854368062164,228.32179405334617,46.7876787352552,15.207942655054474,0.4918666703026653,17.613428165965985,3.4787701858795423,-0.4263978747015637,-0.0010572742233689568,0.03220788905924543,0.0013000000000000002,False,False,2588.7129483909434,1880.8089296189755,0.9845626218508858,36.4715358148438,226.2617616710942,76.29058443429264,55.42986794331577,0.9423158472165454,36.52363982322333,6.668104503357517,0.3582061647321209,-0.006965351803858706,0.1633895262014972,0.0013000000000000002,False,False,1659.6759993412293,2698.197933199532,0.9746839279442628,57.50614924433439,223.99549671267425,63.434914203560794,103.12812735952966,1.2111529325949086,57.14294026858718,8.561366419181136,-1.095497378159175,0.00392882349754434,-0.16686592774724598,0.0013000000000000002,False,False
0.066,307.09141643981417,4.682288899606537,258.87053312667825,7.630087454402041,170.45383657640264,6.515292462879863,10,108.0,0.001,2612.281034034334,1897.9323799893518,0.9935055941039151,35.13576193697427,228.32169760874166,39.804591829668425,28.923873096142287,0.4921431634214833,35.69898116496749,3.4792211525054357,-0.4263978747015637,0.0010698938462952328,0.12015479761525019,0.00132,False,False,1880.808929697996,2588.7114066139734,0.9845671686249908,53.89582511852615,226.26167347525978,55.429867484654785,76.29266794225651,0.9428694887025133,54.3820594657235,6.6682236731808135,0.3582061647321209,-0.0015974685245113457,0.02253312876421313,0.00132,False,False,751.8485329698531,3081.3435972227962,0.975935173302047,75.00350145730486,224.27610863258312,28.737456548171807,117.77269582711668,1.2121741499979577,75.31424598678262,8.572120301082052,-1.095497378159175,-0.0010672881044017399,0.12108208177731222,0.00132,False,False
0.067,261.2275006361865,3.9832781664794825,188.08039556984355,5.5436586334840054,80.05789876341053,3.0600882098445457,10,126.0,0.001,1897.9323799921056,2612.279814095064,0.9935147459193336,53.48098529840817,228.32162782083347,,,,,,-0.4263978747015637,0.002922633674567895,0.011340013490069141,0.00134,True,False,988.7987050393169,3043.2124283861676,0.9845399931149876,72.04684247210872,226.26162692082218,29.14264503934494,89.68787770124393,0.942430312996432,72.36476470638411,6.668286573941819,0.3582061647321209,-0.0060781806946213,0.005962243388588088,0.00134,False,False,-228.93993104130152,3165.5292995287027,0.9765606828593736,93.05988440218165,224.42135858914898,-8.749181763608892,120.9907592279987,1.2129580674190978,93.06184824089223,8.577678007508855,-1.095497378159175,-0.0010878976974721178,0.019986063935656335,0.00134,False,False
0.068,189.79284438036677,2.894228299747611,98.87968609350631,2.9145135632107655,-18.10757261627166,-0.692137878807638,10,144.0,0.001,997.8012579059026,3070.9188252807207,0.9935202180809672,71.70035520919109,228.321590982348,15.210122374055059,46.80109089015983,0.49220896556811644,71.91974029222365,3.479719766836643,-0.4263978747015637,0.0010227681630401411,0.34868269972986576,0.00136,False,False,-0.001466171871513211,3199.822432392339,0.9845612422018754,90.27438227619164,226.26161405376934,0.0019806913120299363,94.30405894057908,0.9426463009525019,90.19970177750297,6.668303958500747,0.3582061647321209,-0.003942886612934431,-0.1586609898997749,0.00136,False,False,-1187.5324763330282,2942.5817866970146,0.9763390611639896,110.81208229940769,224.3771484994255,-45.38802747407232,112.46974871066178,1.2128556307049163,110.68257272248528,8.575988984667177,-1.095497378159175,0.00027637417057119125,-0.2002062216874823,0.00136,False,False
0.069,99.77997984987474,1.5216948563426826,-8.624970635714182e-13,-2.542275885231988e-14,-114.51662046848665,-4.377271946279943,10,162.0,0.001,-0.0011602261246395074,3228.9547615045135,0.9935239340052981,89.3888481690172,228.32158080045798,0.0054260523155769125,49.211342155414876,0.4925940673535174,89.47545350916371,3.4797673960908337,-0.4263978747015637,0.004806428079806411,-0.09321117218333021,0.0013800000000000002,False,False,-988.8009050037269,3043.2115222421176,0.9845872701192602,108.26368343072909,226.26161405376934,-29.13967310179657,89.68910183579601,0.9435307355630631,107.95337434222046,6.668303958500748,0.3582061647321209,0.0049014594926753636,-0.4050084251822683,0.0013800000000000002,False,False,-2030.9207551044105,2434.1274356218278,0.9754301343855776,129.22886667450257,224.1608293877497,-77.62413021175395,93.03608333008476,1.2118313804371963,128.7678730220993,8.56773552128385,-1.095497378159175,0.0017060313466219679,0.0222499773595912,0.0013800000000000002,False,False
0.07,-8.703501047492977e-13,-1.3274230509490298e-14,-98.87962722087195,-2.9145930418820294,-199.81333144163918,-7.637691111095629,10,180.00000000000023,0.001,-997.8029988134166,3070.918108221541,0.9935137757188648,107.32007598989044,228.32158080045798,-15.201980559610968,46.80444437491558,0.4918604003169203,107.72022650204157,3.4797673960908337,-0.4263978747015637,-0.002530242286164313,0.15154182069450509,0.0014000000000000002,False,False,-1880.809061856562,2588.710046953688,0.9845840306355812,126.63365943203178,226.2616011872179,-55.429689153456756,76.29450474417291,0.9430850830119779,126.45212117550128,6.668321338165799,0.3582061647321209,0.00042035542379900183,0.09325878996689221,0.0014000000000000002,False,False,-2677.2694636898987,1689.4954666625588,0.9740713904243288,146.35249069806324,223.85449194822664,-102.32949764387106,64.57505782255521,1.2094048070878143,146.31205199981355,8.556069243768825,-1.095497378159175,-0.006061094263040646,-0.3398647470751237,0.0014000000000000002,False,False
0.07100000000000001,-99.77993325301333,-1.5219128548747054,-188.08017160503428,-5.543960988315197,-265.7197935117659,-10.156969763436434,10,198.00000000000023,0.001,-1897.932484608063,2612.2787381547764,0.9934976513160889,125.65985903314511,228.32157061856907,-28.923384035680613,39.815328031783956,0.4917214861782564,125.67986498421662,3.4798150025209855,-0.4263978747015637,-0.00398670933198046,0.10874711654021636,0.0014200000000000003,False,False,-2588.7100470113096,1880.8079417678866,0.9845798224976553,144.21293057514748,226.26155463660248,-76.2945044107324,55.431202458089786,0.9434957496906595,144.57818631169542,6.668384215546149,0.3582061647321209,0.00443810016655735,0.21856031929164157,0.0014200000000000003,False,False,-3063.8575029654057,780.9330120530528,0.9728566797671985,164.51730931321322,223.57413946822723,-117.10663758788921,29.847980816504606,1.2093365625668349,164.3600620475973,8.54542758613156,-1.095497378159175,0.008306037083918041,-0.24683765830345294,0.0014200000000000003,False,False
0.07200000000000001,-189.79266711537272,-2.8950576154386938,-258.8700707350105,-7.630711687981176,-305.8395067794481,-11.69059086101597,10,216.00000000000023,0.001,-2612.278738156958,1897.9315982729163,,,228.32153378021195,-39.81532839135048,28.927528964744774,0.49187258689132596,143.38811027542715,3.4799872894288186,-0.4263978747015637,-0.002719352682960964,-0.18693220596191806,0.00144,False,False,-3043.20971008948,988.7997272409548,0.9845552964674392,162.48379155436874,226.26146645169925,-89.69154932094446,29.14126446876478,0.9429919508560565,162.25941341738795,6.668503323246493,0.3582061647321209,-0.0007683319046817954,-0.10097609577107697,0.00144,False,False,-3153.165172225986,-203.40390809745503,0.9722238919361536,-177.26620112423558,223.42586861382287,-120.52124910562964,-7.775703350668552,1.2087424929975483,-177.1797941574728,8.53985744862841,-1.095497378159175,0.010242705392289244,0.22281147859115114,0.00144,False,False
0.073,-261.22713465968866,-3.984990349142087,-304.3199290868205,-8.970561856519017,-316.2782674430001,-12.089681282320694,10,234.0,0.001,-3070.916674108298,997.8020668642946,0.9935126807320236,161.27425549269634,228.32146399271167,-46.81115218985933,15.206338597145999,0.4926699713364065,161.7108198211856,3.4803137091886005,-0.4263978747015637,0.004792864516534074,0.13185314960402822,0.00146,False,False,-3199.818621538101,0.0014660204094951723,0.9845606002610622,180.58376588009915,226.2613445856819,-94.30920601467453,-0.001979814811631897,0.9431798204122286,-179.47106788758933,6.668667911598983,0.3582061647321209,0.0008776005767390743,0.16806314852775384,0.00146,False,False,-2936.516545712684,-1168.0035896427748,0.9723880056486565,-159.41365167756902,223.4654538028503,-112.2414755291968,-44.64532447379072,1.2071980993060056,-159.05584650403048,8.541473475443608,-1.095497378159175,-0.007486638562352141,0.34743851377007345,0.00146,False,False
0.074,-307.0908427982571,-4.684972621472224,-319.9808142686534,-9.43233547019031,-296.02225057567176,-11.315466950950475,10,252.0,0.001,-3228.951745671443,0.0011602203934444333,0.993496579331541,179.6819616282945,228.32136754885647,-49.22544797008067,-0.00542699749200426,0.4930648549813205,-180.39430950152675,3.4807648278125747,-0.4263978747015637,0.008103722889410426,0.024291639386051007,0.00148,False,False,-3043.206991900787,-988.7963499171799,0.9845630671853475,-161.27746124590172,226.26120985669837,-89.69522031607625,-29.145825439128522,0.9434975300772519,-161.79330524572572,6.668849858887815,0.3582061647321209,0.0037973849034689594,-0.1541941767924531,0.00148,False,False,-2434.923339802373,-2019.2662042030734,0.9733193228920415,-141.5401054792038,223.67708503723654,-93.07019608352417,-77.18321201284684,1.2090651658381422,-141.26679506922986,8.549651927314263,-1.095497378159175,-0.00038205079568248186,0.15826887305854287,0.00148,False,False
0.075,-322.8943452169401,-4.926424517136641,-304.319747914332,-8.970806358243081,-247.03657506945478,-9.443043834597908,10,270.0,0.001,-3070.9145229400365,-997.7993940229816,0.9935425538774101,-162.29223396940594,228.3212609232511,-46.82121416257432,-15.218840965813378,0.4921218915060318,-162.72339984198288,3.4812635751982137,-0.4263978747015637,-0.002031247180445632,-0.3048177960956567,0.0015,False,False,-2588.70524060728,-1880.8033298172481,0.9845486966632783,-143.43241181651322,226.26108799569627,-76.30099559203498,-55.43743075351868,0.9427276254712094,-143.70699728980387,6.669014416271314,0.3582061647321209,-0.004134380440487848,-0.06744682737450595,0.0015,False,False,-1697.0480919844085,-2674.5864849407335,0.9746141940561946,-123.67353469319877,223.9797434137242,-64.86721013088004,-102.23186598808333,1.2101372722859502,-123.55348595396816,8.56128184723794,-1.095497378159175,-0.0061081768029770216,-0.06392560877430252,0.0015,False,False
0.076,-307.09069938868333,-4.68564366826212,-258.86976250596393,-7.631127659157316,-174.07475838225102,-6.65409769378368,10,288.0,0.001,-2612.2749343780097,-1897.9279483379376,0.993521327581386,-144.40118910787302,228.32116447957563,-39.83312037687564,-28.944601745105818,0.49213425454299464,-144.31983687348446,3.481714699068153,-0.4263978747015637,-0.0025456023059949634,0.10113819391297729,0.00152,False,False,-1880.8033298968176,-2588.7036991482955,0.9845677481651426,-125.58563033210588,226.26099981807545,-55.437430294295964,-76.30307725730523,0.9435145229558562,-125.98107380644474,6.669133480658943,0.3582061647321209,0.0035662119341985615,-0.3408001435914212,0.00152,False,False,-794.4839983709151,-3070.370153785975,0.9758514209843373,-105.83889884658367,224.25853055042467,-30.368852283445634,-117.36038345873772,1.212222188410134,-105.87246483324792,8.571967917169223,-1.095497378159175,-0.000371400586427568,-0.27052854623366007,0.00152,False,False
0.077,-261.22689067675077,-3.986132002121535,-188.07983569277295,-5.54441431943596,-84.21752747731503,-3.2192780045366027,10,306.0,0.001,-1897.927948341171,-2612.2737144503353,0.9934816523657168,-126.64666297816956,228.32109469235075,-28.944602238876882,-39.83882669763797,0.4931117906539795,-126.60449659193367,3.482041148099221,-0.4263978747015637,0.0067680901566925635,-0.17963836216394213,0.00154,False,False,-988.7957612699454,-3043.203367788513,0.9845608754838074,-107.7443138367592,226.26095327325874,-29.146619769777978,-89.70011417100278,0.9429801355856824,-107.77197485896333,6.669196325755805,0.3582061647321209,-0.0018665381558494584,-0.13097808181491627,0.00154,False,False,185.19082929149585,-3168.2060831360786,0.9764892864792786,-87.6328922152763,224.40839365400447,7.077469040366061,-121.10040073828677,1.2125970723371353,-87.181499579157,8.577702963786686,-1.095497378159175,-0.004733142023675221,0.5677259588031939,0.00154,False,False
0.078,-189.79240121940472,-2.8963018045848647,-98.87939175484004,-2.9149108155770413,13.814277614428553,0.5280642886144566,10,324.0,0.001,-997.7989280576708,-3070.9116547211274,0.9935239158176316,-108.4023344521957,228.32105785423175,-15.22102144091389,-46.83463099347758,0.4915041824510068,-108.10917623226692,3.4822134871371477,-0.4263978747015637,-0.009551716077796658,0.31956473642379885,0.00156,False,False,0.0014658684394532884,-3199.8129056147673,0.9845509964020372,-89.87204283086106,226.2609404088669,-0.0019789377744512393,-94.31692455652964,0.9430692480909467,-89.77093938248449,6.669213694926224,0.3582061647321209,-0.0009999768195804574,-0.12950337928214015,0.00156,False,False,1146.910897372171,-2958.5950746390945,0.9763576212309356,-70.18847425309261,224.37345455946596,43.83805871660303,-113.08864799478553,1.213711475911119,-69.69843786006625,8.57636802420723,-1.095497378159175,0.008298783374377963,0.20701089237266013,0.00156,False,False
0.079,-99.77974686663924,-1.5227850001165089,-3.134903174297767e-13,-9.241653088888827e-15,110.50603986625835,4.224227099372064,10,342.0,0.001,0.0011602142152042916,-3228.9472219358445,0.9935211204063652,-90.62958081243251,228.32104767244468,-0.005427940510813967,-49.246608920562366,0.4919940964209267,-90.52988004791298,3.4822611329690303,-0.4263978747015637,-0.00471995776023653,-0.09874705653079421,0.00158,False,False,988.7979607789728,-3043.2024618319947,0.9845258359052167,-71.5055790115987,226.26094040886696,29.14365046348169,-89.70133722180903,0.9434448050437305,-71.96880744103143,6.669213694926224,0.3582061647321209,0.002755592708258162,-0.3273914378290772,0.00158,False,False,1997.3481929486966,-2461.873189676169,0.9754512646584943,-51.993663590305665,224.16756462434233,76.34553616396985,-94.1022729375602,1.2118579997881556,-51.75548098508964,8.568511733136363,-1.095497378159175,0.0008744955271151687,0.2858836061632366,0.00158,False,False
0.08,-3.163448517389133e-13,-4.828232335826847e-15,98.87933289447665,2.9149902237361047,196.47280994437048,7.510456287051098,10,0.0,0.001,997.8006689472404,-3070.9109376693086,,,228.32104767244468,15.212876793597783,-46.837985645202174,0.49231894918648766,-72.21439695964987,3.4822611329690303,-0.4263978747015637,-0.0014714301046264506,0.21671603173231394,0.0016,False,False,1880.8034620277017,-2588.7023397694,0.9845894760493619,-53.585877895164295,226.2609275449802,55.43725212154216,-76.30491243307168,0.9426493736965185,-53.784764786799556,6.669231059202464,0.3582061647321209,-0.005223277558822367,-0.14382793209359998,0.0016,False,False,2653.9692299509807,-1726.2397838023098,0.9741751255776238,-34.38580893565771,223.86889539090112,101.44503579669674,-65.98349499340452,1.2104204856306215,-34.24035142613557,8.55713646593816,-1.095497378159175,0.0025864110990918366,-0.10503198140018684,0.0016,False,False
0.081,99.77970027032964,1.5230030741359915,188.07961177464446,5.544716406022774,263.3702351045544,10.06776758638465,10,18.0,0.001,1897.928052955774,-2612.272638521092,0.9935120968538773,-54.21745817257602,228.32103749066187,28.944112513444953,-39.843860319744714,0.493332046405104,-54.17941415419406,3.4823087559622623,-0.4263978747015637,0.008592192998626659,0.24926654028030906,0.0016200000000000001,False,False,2588.702339827421,-1880.8023421706002,0.9845604704424621,-35.508408790130275,226.2608810040125,76.3049120992232,-55.43876408682552,0.9431754827074623,-35.59269701759425,6.669293880893567,0.3582061647321209,-5.10307369514768e-05,0.04747699018927236,0.0016200000000000001,False,False,3053.0453111031134,-823.0813675764396,0.9729495240878692,-16.50837623295562,223.59057011980863,116.70040835858639,-31.460891174651675,1.2085552454450683,-16.491577168054103,8.546570360256824,-1.095497378159175,-0.0011232608004287734,-0.31019226686973833,0.0016200000000000001,False,False
0.082,189.79222395650913,2.8971314074472896,258.86930021067343,7.631751338926432,304.70455287126833,11.647911358735843,10,36.0,0.001,2612.272638523622,-1897.9271666295265,0.9935114321655804,-36.483426795599875,228.32100065269455,39.84386067766917,-28.948258885903105,0.49222942784706863,-36.58368198548112,3.482481102767666,-0.4263978747015637,-0.002677727771359326,-0.15892446499015775,0.0016400000000000002,False,False,3043.2006500553603,-988.7967832594713,0.9845296095101997,-17.945070703216143,226.26079283739867,89.70378253850672,-29.14524042239985,0.9425484989101072,-17.340310678510512,6.669412883078685,0.3582061647321209,-0.006489163214650949,0.2991005684948578,0.0016400000000000002,False,False,3155.838519891372,159.95512776221128,0.9722643742534097,2.356095358323197,223.43793776491486,120.63070220228087,6.115352504909971,1.2076276850035532,1.4789996013988487,8.540832468230098,-1.095497378159175,-0.002284260491950099,-0.32925820509231213,0.0016400000000000002,False,False
0.083,261.22652470458814,3.987844777670314,304.31902330006653,8.971783930951881,316.46301772116635,12.097474134061086,10,54.0,0.001,3070.909503571607,-997.7997370072826,0.9935094141139585,-18.542872376266082,228.32093086594378,46.844695790222914,-15.217236349714724,0.49306586109214,-18.286494167970634,3.4828076359466134,-0.4263978747015637,0.00522481702912188,0.13434060236250064,0.00166,False,False,3199.809095551,-0.0014657159257751573,0.9845730526875796,0.3535265567133675,226.26067099667426,94.32206707077897,0.0019780602017229754,0.9430311535482904,0.5200662900395798,6.669577325594646,0.3582061647321209,-0.0018951736691217248,0.1589985559962196,0.00166,False,False,2952.3629076525676,1127.4676335389433,0.9724165261981566,19.88586934298772,223.46845418493223,112.85396597719375,43.09853849080224,1.2082830873787411,19.659894599299175,8.542102099841925,-1.095497378159175,0.0024742330152661756,-0.14795149018390424,0.00166,False,False
0.084,307.09012575392035,4.688328319433722,319.9798618880146,9.433620321137857,297.5035504724473,11.372776744945288,10,72.0,0.001,3228.9442061352484,-0.0011602075677785706,0.9935459559695946,-0.10662681345494453,228.32083442313944,49.26071963617782,0.005428881370804772,0.49292973898431447,-0.4337719240070561,3.483258911240211,-0.4263978747015637,0.0032253963102966223,-0.015368451349602286,0.00168,False,False,3043.197932430953,988.7934066371465,0.98454034935805,18.828458464946863,226.2605362956731,89.70745028067803,29.149797350605837,0.9426370481020407,18.31977152999216,6.669759111632783,0.3582061647321209,-0.006093312412201152,-0.04131617130211347,0.00168,False,False,2462.3555989497477,1985.557458945661,0.9732783590953489,37.9240867924609,223.66977353292424,94.12440577682855,75.89935847606745,1.2098426250886356,37.98247744026865,8.549887829650068,-1.095497378159175,0.007058925426563364,0.19453543794975384,0.00168,False,False
0.085,322.89359127285303,4.929953028667586,304.31884216547377,8.972028215529237,249.66576539415794,9.544121940673735,10,90.0,0.001,3070.9073524268983,997.7970641955166,0.9935069826750924,17.530121559778642,228.3207277987127,46.85476125690789,15.229743058341132,0.4927680017479929,17.17586976554025,3.4837578317564835,-0.4263978747015637,0.0009024437864225611,-0.40574585749583003,0.0017000000000000001,False,False,2588.6975344212005,1880.7977311778377,0.9845457614313238,36.28453639810542,226.26041445999897,76.31139752849728,55.44498686243065,0.9429885412215547,36.11752890249427,6.669923523147566,0.3582061647321209,-0.0028108942110773656,-0.24311987511689243,0.0017000000000000001,False,False,1733.3632801113308,2650.9425325709344,0.9745879919154036,55.87668016593765,223.96478039897158,66.25927827393505,101.33425285088205,1.2108297607659897,55.567704058148216,8.561227353081232,-1.095497378159175,0.0008937743729035779,-0.15908907567403652,0.0017000000000000001,False,False
0.08600000000000001,307.08998234615757,4.68899959801583,258.86899204610006,7.632166940670569,177.5925719505271,6.788978052486074,10,108.00000000000023,0.001,2612.2688347863373,1897.9235167348957,0.993510882307338,35.65194445929578,228.3206313561186,39.8616588412957,28.965337592754217,0.49300675882681694,35.75337903636131,3.48420911215305,-0.4263978747015637,0.002651807717406295,0.17415554362631297,0.0017200000000000002,False,False,1880.7977312579583,2588.6959932824107,0.9845470987380097,54.53192553842884,226.26032630071813,55.44498640264668,76.31347734881842,0.9435146747596461,54.267711948719075,6.670042481970522,0.3582061647321209,0.0022822079890475913,-0.09221438861481047,0.0017200000000000002,False,False,836.1294897765092,3059.0408714544183,0.9757804896513195,73.15719622873794,224.24142767230296,31.96260258764038,116.93441801770062,1.2126235098685547,73.64911288944549,8.571833549863701,-1.095497378159175,0.0038318380635894472,0.03056556735560691,0.0017200000000000002,False,False
0.08700000000000001,261.22628072473134,3.98898682499821,188.079275932646,5.54516933453142,88.27964207960433,3.374759239641554,10,126.00000000000023,0.001,1897.9235167386075,2612.2676148721853,0.9935675573007172,53.5485188691299,228.32056156968713,28.965338084263553,39.867367142712,0.4923998953101484,53.426543912520934,3.4845356743958598,-0.4263978747015637,-0.003878656202020492,-0.14879785958877104,0.0017400000000000002,False,False,988.7928181131701,3043.194309072024,0.9845572303971946,72.34405856798818,226.2602797655892,29.15059097557613,89.71233979733915,0.9430318004637819,72.0706613911273,6.670105271335146,0.3582061647321209,-0.002635332540618933,-0.2885425920882471,0.0017400000000000002,False,False,-142.26987349230075,3170.2396346570176,0.9764447902218075,91.23465677090483,224.39541058201007,-5.437210992708065,121.18546631479387,1.213213250515665,91.63471315172288,8.577727120080606,-1.095497378159175,0.0013944776031456973,0.1595118581041943,0.0017400000000000002,False,False
0.088,189.79195806390044,2.89837602635984,98.87909747769902,2.915307715210216,-9.603547081301773,-0.36712716847571597,10,144.0,0.001,997.7965982362005,3070.904484240235,0.9935280705621509,71.66374519287635,228.32052473199292,15.231924286070008,46.868182742472065,0.49255679704635363,71.71011331421762,3.4847080731664786,-0.4263978747015637,-0.0025534475195133272,0.1386528389769551,0.0017599999999999998,False,False,-0.001465562901927342,3199.8033808158552,0.9845428286222234,90.25517071567936,226.26026690387687,0.0019771820926615113,94.32977877033437,0.9431746803018939,90.4841105459968,6.670122625098235,0.3582061647321209,-0.0012310760866173552,0.1253453189822981,0.0017599999999999998,False,False,-1106.8768047076092,2973.741142471933,0.9763181162085819,109.7732995725693,224.36925639701622,-42.31035995368379,113.6744706530489,1.2126413361677353,109.06972629385501,8.576727766946192,-1.095497378159175,-0.002911367119863322,-0.2521224932641547,0.0017599999999999998,False,False
0.089,99.77951388631145,1.5238755206331973,3.526755575215718e-13,1.0398275235418591e-14,-106.5552059571333,-4.073447762022566,10,162.0,0.001,-0.0011602004727677695,3228.9396824505206,0.9935249340545292,89.44370614371041,228.32051455032476,0.005429820070135705,49.28188792789303,0.49272390467135113,89.62960524638189,3.484755735500233,-0.4263978747015637,-0.0009497759883481759,0.06053590221574861,0.00178,False,False,-988.7950171636576,3043.193403304339,0.9845332944777575,108.5108968827209,226.26026690387692,-29.14762430374929,89.71356176307435,0.943792920505061,108.5490423659622,6.670122625098234,0.3582061647321209,0.004951325945056401,0.19025713894772597,0.00178,False,False,-1964.0671925989793,2488.6123603721067,,,224.1734977337917,-75.07793282886679,95.13011262341249,1.211602249603727,126.96533100421912,8.56925735568695,-1.095497378159175,-0.0027374758406205728,-0.22191656785659988,0.00178,False,False
0.09,3.55887127227999e-13,5.4356511109093504e-15,-98.87903862968997,-2.9153870527709893,-193.1635861227557,-7.38440251466661,10,180.0,0.001,-997.7983391050758,3070.903767196909,0.9935372783390767,107.55612276843021,228.32051455032484,-15.22377681884048,46.87153855582821,0.49322310349033127,107.50725700171806,3.4847557355002343,-0.4263978747015637,0.0040422122014512184,-0.06183234244806329,0.0018,False,False,-1880.7978633609698,2588.694634186857,0.9845782668060792,126.40621223886488,226.26025404267335,-55.444808388530156,76.31531089644642,0.9436539811425332,126.43360511528937,6.67013997396685,0.3582061647321209,0.0035373973144891438,0.07434120972765337,0.0018,False,False,-2630.6381301120923,1761.9357455689776,0.9741811914586864,144.7022875983897,223.8824975641615,-100.5592869541637,67.35202684050563,1.209573162958414,144.91433459950514,8.558173202341148,-1.095497378159175,-0.007352982304693668,-0.17880857212330836,0.0018,False,False
0.091,-99.77946729062616,-1.5240936697927958,-188.07905206152066,-5.545471152546512,-261.0206613787074,-9.978553984275317,10,198.0,0.001,-1897.923621351691,2612.266538955687,0.9935197794707888,125.66895173116465,228.3205043686642,-28.96484819067152,39.87240250783559,0.49246192975673353,125.95871727028866,3.4848033749807903,-0.4263978747015637,-0.0036368975340332742,0.3871965217980721,0.00182,False,False,-2588.6946342452748,1880.796743737051,0.9845471680917887,144.20261043484072,226.26020751142008,-76.3153105621902,55.44631901282567,0.9437615841013439,144.8410530319795,6.67020273990063,0.3582061647321209,0.004524662467789891,0.4810270399501622,0.00182,False,False,-3041.8844837990337,864.2406955492938,0.9729994785447162,163.08508649442444,223.6064980341676,-116.28080254168438,33.03618890911088,1.2080276364566072,163.0884882628937,8.547694080094542,-1.095497378159175,-0.007988530519847721,0.042384511670583734,0.00182,False,False
0.092,-189.7917808033833,-2.8992059150722955,-258.8685298478516,-7.632790065953817,-303.53843526390193,-11.604035265004178,10,216.0,0.001,-2612.2665389585613,1897.922735035745,0.9935112878174239,143.51204919764646,228.32046753114474,-39.87240286411559,28.968995999927767,0.49295160966652957,143.58068819491922,3.4849757814095095,-0.4263978747015637,0.0010160820541927874,0.00524571728996678,0.00184,False,False,-3043.191591906306,988.7938398891181,0.9845521024497298,162.62838059630084,226.26011936322212,-89.71600490867145,29.149212852894735,0.9434788716419009,162.25187643915476,6.6703216364415745,0.3582061647321209,0.0015293927726352738,-0.10891155316783158,0.00184,False,False,-3157.8806732300263,-117.34118506617828,0.9722919625376806,-178.95655398128832,223.44998657498795,-120.71603951598658,-4.486714219244586,1.2085254519250104,-179.20615705104674,8.541806834888742,-1.095497378159175,0.005315446179242383,-0.2410611598679099,0.00184,False,False
0.093,-261.2259147574818,-3.9907001907052178,-304.3181177033138,-8.97300491912171,-316.5886176313067,-12.103006568108746,10,234.0,0.001,-3070.90233311701,997.7974071757579,0.9935435800724192,161.2704550682971,228.32039774525362,-46.87825102024586,15.2281378866053,0.4941093753586183,161.61951800963627,3.485302427487926,-0.4263978747015637,0.012131791660887174,0.040154226997825726,0.00186,False,False,-3199.7995715480247,0.0014654093410655378,0.9845900434540449,180.41398822529206,226.25999754796547,-94.3349167191651,-0.0019763034482536135,0.9443882694401807,-180.00588514322519,6.670485932942812,0.3582061647321209,0.010391020415134353,-0.3671516466075245,0.00186,False,False,-2967.3577322013207,-1087.5327964056569,0.9724428370691437,-160.81567948195,223.47191651427784,-113.43397816025221,-41.57454423880766,1.2070248666583856,-161.11255615946715,8.542748424811874,-1.095497378159175,-0.011022015726490085,-0.14724554822490582,0.00186,False,False
0.094,-307.0894087190945,-4.69168517421749,-319.97890970729213,-9.43490402978168,-298.90355236259967,-11.426985397964032,10,252.0,0.001,-3228.9366666871583,0.0011601929136304534,0.9935192587953404,179.19725623889144,228.32030130365234,-49.29600352200015,-0.005430756607534448,0.49318617329700765,-180.5443137105035,3.4857538587328336,-0.4263978747015637,0.0022613508557535176,-0.12610789782896348,0.00188,False,False,-3043.1888748500864,-988.790463973085,0.98455253800682,-161.58499804845957,226.25986287514016,-89.7196693939079,-29.153765734004814,0.9435442403367903,-161.65801847530696,6.6706675575332675,0.3582061647321209,0.0016938734221472245,-0.019304946007283625,0.00188,False,False,-2488.799072199288,-1952.1594915644864,0.9732559854328839,-143.36287181931556,223.6632234217927,-95.14094374112474,-74.62722929670721,1.2092039741209613,-142.77108146588802,8.550152784732907,-1.095497378159175,0.0002977126782490573,0.21239339401615004,0.00188,False,False
0.095,-322.89283733888624,-4.933482755991115,-304.3179366068777,-8.973248986287636,-252.1994506085096,-9.641561050248031,10,270.0,0.001,-3070.9001819992527,-997.7947343977523,0.9935404562391068,-162.26869085913364,228.32019468057268,-46.88831996487916,-15.240648915281707,0.49256870983481155,-162.4699563070936,3.4862529515855294,-0.4263978747015637,-0.0046191076473732365,-0.051769590782668275,0.0019,False,False,-2588.6898298437613,-1880.792133708777,0.984549626745358,-143.662183998088,226.2597410649687,-76.32179023240812,-55.45253626186373,0.9428693827049743,-143.27945583057496,6.670831823001168,0.3582061647321209,-0.005287009348547994,0.35969615228117363,0.0019,False,False,-1768.6483031649211,-2627.2906304754306,0.9745136144073027,-125.01696486716766,223.95058469751916,-67.61213350720962,-100.43622638587621,1.2101217786540448,-125.10125167921609,8.561202067476188,-1.095497378159175,-0.0061502875009578194,-0.0598166364278165,0.0019,False,False
0.096,-307.0892653133704,-4.692356683522109,-258.86822174819446,-7.6332052978155405,-181.0099402246584,-6.92003462966037,10,288.0,0.001,-2612.2627352689487,-1897.9190851872197,0.9935193843294086,-144.59375165885902,228.32009823921223,-39.89020717751331,-28.986080606081963,0.493702029194921,-144.5112143484207,3.4867043877902923,-0.4263978747015637,0.006075658750399148,-0.09063639617789698,0.00192,False,False,-1880.7921337894545,-2588.6882890273764,,,226.25965292415452,-55.452535801519055,-76.32386820552634,0.9424441140183214,-125.34142830305217,6.670950676130542,0.3582061647321209,-0.009707779922567697,0.29844535942699807,0.00192,False,False,-876.8027896632996,-3047.3873461136204,0.975697525640632,-107.26371518676743,224.22480649132868,-33.51938040431345,-116.4960048886763,1.2121092584001696,-107.36829752712366,8.57171745267877,-1.095497378159175,-0.0011464904067797755,-0.22261249499416103,0.00192,False,False
0.097,-261.22567078109336,-3.9918426305616865,-188.0787162902689,-5.545923677952211,-92.24606570520216,-3.5266009391821496,10,306.0,0.001,-1897.9190851914168,-2612.261515370242,0.993497527788271,-126.55127937753406,228.3200284536845,-28.986081095326483,-39.89591745049651,0.49294217602932333,-126.50473664947026,3.4870310627249044,-0.4263978747015637,-0.00198486102859352,-0.08027842345897493,0.00194,False,False,-988.7898755732162,-3043.185252249702,0.9845373341416379,-107.73485520007058,226.25960639878008,-29.15455865243594,-89.72455456700501,0.9436279643774516,-107.21310731387857,6.671013409694882,0.3582061647321209,0.0020420050112280345,0.4274879420346602,0.00194,False,False,100.16987817927162,-3171.665510670481,0.9763814055862211,-88.76571949172143,224.38244267401018,3.8281386520879446,-121.24731076714576,1.2132273300982876,-89.30425955433367,8.577751749090327,-1.095497378159175,0.001500442749799284,-0.019099808707689393,0.00194,False,False
0.098,-189.79151491455366,-2.900450961767862,-98.87880326250229,-2.9157042616800406,5.4745664723547165,0.2092959492714572,10,324.0,0.001,-997.7942684451721,-3070.897313849361,0.9935051068258015,-108.23369810702404,228.31999161647295,-15.242830892162594,-46.90174608373639,0.493218788090814,-108.49611432136923,3.48720352095368,-0.4263978747015637,0.0005373668202360684,-0.06777624564932386,0.00196,False,False,0.0014652552604417224,-3199.79385800927,0.9845618459674905,-89.61175371443112,226.25959353976566,-0.001975424268187087,-94.34262156806402,0.9436692077973114,-89.13087557539428,6.6710307480318365,0.3582061647321209,0.002429919098557988,0.5101579665535338,0.00196,False,False,1067.4342220232743,-2988.056069220973,0.9763042692223738,-71.25348654122512,224.3646016103557,40.805089053337426,-114.22858992216442,1.2129976734978964,-71.17917870367506,8.57707002660489,-1.095497378159175,0.00016797793056379842,0.2564580971235755,0.00196,False,False
0.099,-99.77928090925596,-1.5249664161550842,7.449311936823966e-13,2.1966580865956995e-14,102.6643836277722,3.924944474330407,10,342.0,0.001,0.0011601848982962792,-3228.932143060445,0.9935319284056419,-90.70467344083964,228.3199814349399,-0.0054316909813607595,-49.3171791212476,0.4936894499798353,-90.71709264757622,3.4872511997133837,-0.4263978747015637,0.0051765577618389,-0.2863643355556877,0.00198,False,False,988.7920741620063,-3043.184346672149,0.9845518135733745,-71.92364385306085,226.2595935397657,29.151594618293558,-89.72577544634495,0.9430848268774816,-71.60859979322547,6.6710307480318365,0.3582061647321209,-0.0034138900997396342,0.03241374872232946,0.00198,False,False,1931.0925198420086,-2514.3780857470347,0.9755165518253102,-53.37043089847854,224.1786729182181,73.82188668085647,-96.12086223547598,1.2120687306050493,-53.48565101180326,8.569974069392673,-1.095497378159175,0.0009137479296284103,0.08320464177977441,0.00198,False,False
0.1,7.51715242691245e-13,1.1489587583524714e-14,98.87874442693423,2.915783528556596,189.88697110436587,7.259580135908607,10,0.0,0.001,997.7960092906051,-3070.896596815661,0.9934886931444104,-72.22886582498701,228.31998143493996,15.234680617996533,-46.90510305337925,0.4933602039569466,-72.73564391571901,3.4872511997133833,-0.4263978747015637,0.001884097532951888,-0.3049356036984827,0.002,False,False,1880.7922658644015,-2588.6869302171144,0.9845493110447416,-53.435800852303906,226.2595806812637,55.45235794623272,-76.32570012302884,0.9432767089378263,-53.94588570620522,6.67104808147402,0.3582061647321209,-0.0015195826853135971,-0.30535037254201336,0.002,False,False,2607.300178400297,-1796.6103926617066,0.9742480380704936,-36.02765365708281,223.89532290008063,99.67316891943901,-68.68167983393835,1.2110859179637694,-35.756823437319206,8.55918037759885,-1.095497378159175,0.006350206839732077,-0.09380789310785097,0.002,False,False
0.101,99.77923431427072,1.5251846401070153,188.07849246646882,5.546225227068471,258.6732964112643,9.889413985742431,10,18.000000000000227,0.001,1897.9191898028137,-2612.2604394681857,0.993517149858081,-54.33957416108392,228.3199712534176,28.985591034355977,-39.900954550617094,0.4934236343518051,-54.03559091330892,3.487298855605401,-0.4263978747015637,0.002451005872717698,0.39268689012746893,0.00202,False,False,2588.6869302759337,-1880.791146475268,0.9845493289032597,-35.62233924388174,226.25953415979174,76.32569978836534,-55.45386722790322,0.9429109371717914,-35.89565226685087,6.67111079158246,0.3582061647321209,-0.005265985831515524,-0.25587825869328185,0.00202,False,False,3030.405914057341,-904.4293904997505,0.9730904862083976,-17.300944022930132,223.62191894303942,115.84899871743062,-34.57457037045945,1.209065976725544,-17.808979822160016,8.548798576447188,-1.095497378159175,0.0008328784480170269,-0.098024383991213,0.00202,False,False
0.10200000000000001,189.79133765669766,2.90128113500722,258.86775964765076,7.633827867937504,302.3440710926287,11.559073889964095,10,36.00000000000023,0.001,2612.2604394714112,-1897.9183034985626,0.9935284051954711,-36.320525386114475,228.3199344164043,39.90095490525043,-28.98974027380499,0.49310021670818943,-36.26924376723042,3.487471321382801,-0.4263978747015637,-0.0010270740048822719,0.15511375701968802,0.00204,False,False,3043.1825356553218,-988.790897134113,0.984576965908683,-17.590047278292097,226.2594460301364,89.72821641819378,-29.153181755944672,0.9441662821522568,-17.174858236146797,6.671229582350381,0.3582061647321209,0.0071194684580603695,0.4641545327094388,0.00204,False,False,3159.3263918830326,75.55403294991093,0.9723906465771198,0.2588845185949123,223.4619840413986,120.77858550059923,2.8894866484890263,1.2091207383118163,0.17166976665046302,8.542779362893949,-1.095497378159175,0.009892947752550311,-0.10534606348333689,0.00204,False,False
0.10300000000000001,261.2253048193341,3.9935565836951317,304.31721229786353,8.974224819705162,316.65839258567325,12.106405310697285,10,54.00000000000023,0.001,3070.895162755832,-997.795077373391,0.9935298962708947,-18.28776263388145,228.31986463148294,46.9118178264988,-15.239043190465244,0.4929837360377068,-18.75246061079581,3.4877980798402564,-0.4263978747015637,-0.002653986951861891,-0.33202294129995247,0.00206,False,False,3199.790049542848,-0.0014651006477777173,0.9845230057945877,0.7627685351461371,226.25932424052235,94.34775494590791,0.0019745445530308103,0.9433478262940513,0.6830501524178383,6.671393732658833,0.3582061647321209,-0.0012972337164773424,0.32158488051673867,0.00206,False,False,2981.5362844665365,1048.20207539194,0.972460123591602,18.2193132429482,223.47579518201172,113.98285434359168,40.07346046740646,1.2085867618058672,17.91224015957289,8.543410711813292,-1.095497378159175,0.0036603204887333423,-0.36469437473898036,0.00206,False,False
0.10400000000000001,307.0886916949138,4.695043180471969,319.9779577278527,9.436186594730394,300.225668041596,11.478222786363338,10,72.00000000000023,0.001,3228.929127339081,-0.001160176422061454,0.9934811633682565,-0.008076356817958623,228.31976819123722,49.331299571356844,0.005432623190165131,0.4937727410516131,-0.0956686310468173,3.4882496663171536,-0.4263978747015637,0.004597423466989114,0.3223395299044971,0.0020800000000000003,False,False,3043.179819171186,988.7875219292268,0.9845450086084454,18.223133293618293,226.25918959606608,89.73187764252376,29.15773058502473,0.9440648981131302,18.34317598010739,6.671575195604761,0.3582061647321209,0.005616857115114235,-0.018309259178699414,0.0020800000000000003,False,False,2514.2861447294017,1919.0859760308592,0.9732386669639062,36.327511222172205,223.6573920193177,96.12104120636116,73.36734938634501,1.2088308867666626,36.530100087521355,8.550445169280076,-1.095497378159175,-0.0038466550567718455,0.2697169745087435,0.0020800000000000003,False,False
0.105,322.89208341623026,4.937013693479449,304.3170312398431,8.974468669195069,254.64080102312911,9.735481709739947,10,90.0,0.001,3070.893011668421,997.7924046333769,0.9935231838392247,17.741654530605203,228.31966156967295,46.92189023303615,15.251558519254857,0.4929743393786425,17.693881114778414,3.4887489307109427,-0.4263978747015637,-0.004092659739624181,0.11187017869394462,0.0021,False,False,2588.6821268860203,1880.786537418109,0.9845617866360274,36.395913705095374,226.25906781157224,76.33217369250443,55.46007894363623,0.9440397938929452,36.37402260432424,6.671739314847751,0.3582061647321209,0.005133715253981783,0.012975348154634843,0.0021,False,False,1802.9295815690818,2603.6537408346203,0.9744235343117522,54.32352858277672,223.93713267632697,68.92677875508693,99.53866438764798,1.2105862273783012,53.99413499594958,8.56120509555446,-1.095497378159175,-0.0015100826077531322,-0.21132382993608104,0.0021,False,False
0.106,307.08854829145366,4.695714919427864,258.86745161335125,7.634242729466698,184.32948967665823,7.047367146144861,10,108.0,0.001,2612.2566358354725,1897.914653701915,0.9935107536734871,35.626387123583626,228.31956512969842,39.91876534004912,29.00683075203724,0.4928813470369013,35.214439780260534,3.4892005220044604,-0.4263978747015637,-0.005661229688977821,-0.3651808174165124,0.00212,False,False,1880.7865374993348,2588.6805863942573,0.9845694298407468,53.99016604597923,226.25897968935124,55.460078482731056,76.33424981616776,0.9438028817944547,54.5524815319044,6.6718580621547225,0.3582061647321209,0.0025966602170626623,0.1921551941966975,0.00212,False,False,916.5218630899487,3035.439558830258,0.9756041822277309,72.12406275891458,224.20867111725968,35.03986582035597,116.04628801313461,1.2126109818713653,72.36373829276559,8.571619788096045,-1.095497378159175,0.004008862882629258,0.25866578609512264,0.00212,False,False
0.107,261.22506084679856,3.994699414257695,188.07815676644483,5.546677348880676,96.11863296476761,3.674872582727112,10,126.0,0.001,1897.91465370659,2612.2554159541432,0.9935313081080186,53.65175848931173,228.31949534518463,29.00683123901365,39.92447757549953,0.4933244826183052,53.834328273993435,3.4895273091102066,-0.4263978747015637,-0.0016920206318934892,0.2585864981259112,0.00214,False,False,988.7869336543034,3043.176197334551,0.9845432629938504,72.66532949833557,226.25893317379825,29.15852279605699,89.73675846676241,0.9434062322800807,72.00851459740997,6.671920739850793,0.3582061647321209,-0.0014584745745194621,-0.3510909080547188,0.00214,False,False,-58.882995495359594,3172.517785058852,0.9763025989506234,90.02095763546454,224.36952002971827,-2.2499576610623264,121.2872325491158,1.213215765952356,89.94762119430808,8.577778001586386,-1.095497378159175,0.0013476746545057294,-0.021773795799374836,0.00214,False,False
0.108,189.791071772067,2.9025266074996536,98.87850910967539,2.916100454556775,-1.426463329938085,-0.05453784021055373,10,144.0,0.001,997.7919386882613,3070.890143559836,0.9935318017335297,71.84095300615449,228.3194585085142,15.253741241806331,46.93532096378863,0.4937872883088275,71.14597891555175,3.489699826522218,-0.4263978747015637,0.0026920598095166626,-0.4258844628682025,0.00216,False,False,-0.001464945518478089,3199.7843372086854,0.9845283681207921,90.12962185879887,226.2589203175001,0.0019736643025178857,94.3554529357998,0.9432692290192003,90.42640440405731,6.671938062742818,0.3582061647321209,-0.002853005452165425,0.0672367141475061,0.00216,False,False,-1028.5860983187663,3001.5747240983173,0.9762843236549176,107.71933097910978,224.35953496564966,-39.32236283575368,114.75233312004407,1.2131646777377036,107.8718697901632,8.577396509279557,-1.095497378159175,0.0013763041022430216,0.050077132244992745,0.00216,False,False
0.109,99.77904793584395,1.526057684942163,-7.057430377558069e-13,-2.0813887377606002e-14,-98.83373935625796,-3.7787240164053233,10,162.0,0.001,-0.0011601674943477747,3228.924603777527,0.9935197478056165,89.27116282355668,228.31944832713222,0.0054335532322853375,49.35248244438786,0.4934031879433733,89.36820658166143,3.489747521631839,-0.4263978747015637,-0.0012163949159103413,-0.20126745838389978,0.00218,False,False,-988.7891317782438,3043.1752919484284,0.9845530046137035,108.07343855646022,226.2589203175001,-29.155561402811802,89.73797825838373,0.9445133424595985,108.06201465674664,6.67193806274282,0.3582061647321209,0.009588128951814497,-0.29717303316316096,0.00218,False,False,-1898.4375598832264,2539.202680343383,0.9755074578996676,125.46198155601512,224.18313295873082,-72.57791155055847,97.07575044470589,1.211687773101623,125.56829273703305,8.570663500990896,-1.095497378159175,-0.0038708306211692094,-0.12172467614193344,0.00218,False,False
0.11,-7.12170658044398e-13,-1.089298318126724e-14,-98.87845028663281,-2.916179650663184,-186.6441468802041,-7.136034567551372,10,180.0,0.001,-997.7936795075058,3070.8894265368913,0.9935262808370913,107.59910360948106,228.31944832713228,-15.24558817369891,46.93867908436586,0.49304675969783124,107.6206448589321,3.489747521631839,-0.4263978747015637,-0.004780677371330418,0.05115081888673896,0.0022,False,False,-1880.7866695460343,2588.6792278712355,0.9845409264309221,126.10538261456662,226.2589074617183,-55.45990078646793,76.33608010155913,0.9436597297279417,126.52983076104891,6.671955380739787,0.3582061647321209,0.0010275102890611161,0.17016533343026563,0.0022,False,False,-2583.9778373207164,1830.2904040908131,0.974323532993572,143.50510558922218,223.90739633910667,-98.7875403938246,69.97346686583197,1.2112428135325515,143.4595381180162,8.560158936107792,-1.095497378159175,0.00653527181263249,-0.13635308032257967,0.0022,False,False
0.111,-99.77900134163238,-1.5262759833381239,-188.07793299028864,-5.546978628771131,-256.33021704013646,-9.800427010493019,10,198.0,0.001,-1897.9147583161407,2612.254340068226,0.9935297503898702,125.5970595507283,228.3194381457643,-29.00634101144751,39.929516402585946,0.4932066141716699,125.39799963002332,3.4897951938593486,-0.4263978747015637,-0.0032495513436370115,-0.17392401971359883,0.00222,False,False,-2588.679227930457,1880.785550393291,0.9845194946689071,144.08669519092876,226.2588609500943,-76.33607976648864,55.4614087238775,0.9428624432903995,144.4294891777653,6.672018034954907,0.3582061647321209,-0.007033960527122633,0.06906318610961802,0.00222,False,False,-3018.6389219990597,943.665977714521,0.9731387755560856,161.3549632745832,223.63683080950184,-115.40611561804836,36.07673707837442,1.2093745994011436,161.66258651878007,8.549883765370295,-1.095497378159175,0.0023844163112190873,0.11546340095007124,0.00222,False,False
0.112,-189.79089451714833,-2.903357063940831,-258.86698961117435,-7.634864743752441,-301.1242264015262,-11.513132793907154,10,216.0,0.001,-2612.254340071803,1897.9138720249825,0.9934965696076422,143.43601637194232,228.31940130931528,-39.92951675557031,29.010491674474736,0.49386017440590757,143.64162260137053,3.4899677187104023,-0.4263978747015637,0.0030420640145340893,0.06578012749965155,0.0022400000000000002,False,False,-3043.1734813154053,988.7879549986857,0.9845442175708095,162.21373828978284,226.25877283910793,-89.74041705383837,29.157147127248386,0.9425775499979121,162.56167759259273,6.672136719821039,0.3582061647321209,-0.010050739199328489,0.20049112313414513,0.0022400000000000002,False,False,-3160.2089921663605,-34.58501790150352,0.9724186185640089,-180.09607077483034,223.47390225295177,-120.81960975018713,-1.323344687322348,1.2091264895138132,-180.52051465645636,8.54374898430103,-1.095497378159175,0.0085792080282576,-0.05479641442028737,0.0022400000000000002,False,False
0.113,-261.2246948911063,-3.9964139520819435,-304.3163070850135,-8.975443631379774,-316.6755275507809,-12.107791748951911,10,234.0,0.001,-3070.8879924993976,997.7927476038662,0.9935459009995328,161.69465024879767,228.31933152547393,-46.94539615547717,15.24995224391785,0.4938230649590646,161.49602351071005,3.4902945890257353,-0.4263978747015637,0.002208705113022488,-0.08373736256163092,0.0022600000000000003,False,False,-3199.7805295491357,0.001464789852263948,0.9845196413471393,180.4643300431553,226.25865107531126,-94.36058173709255,-0.0019727835174463415,0.9433541742943063,-179.76987439295135,6.672300723758783,0.3582061647321209,-0.0025164328284258014,-0.13153843255181766,0.0022600000000000003,False,False,-2994.9326528172774,-1009.4774476394373,0.9724535300254037,-162.08616036028107,223.4800473443185,-114.50189212877707,-38.595366956941106,1.2085983927530706,-162.71333259171502,8.544087327389345,-1.095497378159175,0.002819751036600367,-0.24760949833889323,0.0022600000000000003,False,False
0.114,-307.0879746825082,-4.698402332838031,-319.9770059510627,-9.437468014593636,-301.47319285928904,-11.526614365773618,10,252.0,0.001,-3228.921588102922,0.0011601580982016912,0.993516552786197,179.99702049144386,228.31923508673597,-49.36660772797805,-0.005434481106458611,0.49362316302072234,-180.58754969267378,3.4907463300142902,-0.4263978747015637,-0.0004291725030936515,-0.1697391751983895,0.0022800000000000003,False,False,-3043.1707654072525,-988.7845805097895,0.9845250854191029,-161.55336186524767,226.25851645941736,-89.7440750132933,-29.161691899367614,0.942383980278058,-161.50766632536045,6.672482024863482,0.3582061647321209,-0.012474771472047263,0.1306496675870898,0.0022800000000000003,False,False,-2538.8484019070825,-1886.3492539423808,,,223.65223803614313,-97.06589912241316,-72.12019284326584,1.2090343054600234,-144.9677291222375,8.55076341275805,-1.095497378159175,-0.0022625323658523244,-0.486948058743234,0.0022800000000000003,False,False
0.115,-322.89132950607564,-4.9405458354969145,-304.3161260656699,-8.975687262929334,-256.9929054461917,-9.826001378611831,10,270.0,0.001,-3070.8858414457286,-997.7900749060648,0.9935138526124502,-162.922352220138,228.31912846685546,-46.9554720078518,-15.262471852855723,0.4937907790249749,-162.93716972927822,3.491245765152725,-0.4263978747015637,0.0005406795931322351,-0.5193783095129575,0.0023,False,False,-2588.6744255590356,-1880.7809423138606,0.9845522570913536,-143.73293395887185,226.25839470077588,-76.34254789753146,-55.46761489957215,0.9433869204553063,-144.19155673367322,6.672645997703656,0.3582061647321209,-0.0026772623139993375,-0.5528032283620387,0.0023,False,False,-1836.233186183513,-2580.0533113079805,0.9743944866432346,-126.99555411935197,223.92440022508634,-70.20420382040948,-98.64238695907353,1.2107148099097915,-126.52663824869639,8.56123552387189,-1.095497378159175,-0.0002672894320403496,0.0061780157521819186,0.0023,False,False
0.116,-307.08783128153993,-4.699074300372509,-258.8666816426747,-7.635279234499341,-187.55380772365282,-7.171073853745457,10,288.0,0.001,-2612.250536495543,-1897.9102222859765,0.9935303919969257,-144.17508729549567,228.31903202841914,-39.947333283359974,-29.027587997521614,0.4949952858007623,-144.54572384451777,3.491697510814547,-0.4263978747015637,0.01194688250931397,-0.12554298701998176,0.00232,False,False,-1880.7809423956337,-2588.6728853941045,0.984545220869454,-125.585765166226,226.2583065972744,-55.467614438106835,-76.34462216948941,0.9442662564311108,-125.6222248215919,6.6727646390595,0.3582061647321209,0.005948313229551917,0.017248840513730525,0.00232,False,False,-955.3048053964103,-3023.225940540433,0.975537987966035,-108.65791363390177,224.19302351734834,-36.52474406856193,-115.5863523439011,1.2121190366554002,-108.44255266098239,8.571540636735731,-1.095497378159175,-0.0007986523497861891,0.18691604034599818,0.00232,False,False
0.117,-261.22445092280896,-3.997557171525583,-188.07759736197426,-5.547430346499679,-99.89918523812175,-3.8196439255697014,10,306.0,0.001,-1897.9102222911263,-2612.249316633517,0.9935270810915813,-126.21518292265105,228.31896224502935,-29.027588482226697,-39.95304747216501,0.4934305170216602,-126.51342759587364,3.4920244095700212,-0.4263978747015637,-0.004163109935221597,-0.08936937361966578,0.00234,False,False,-988.7839923606525,-3043.1671443395617,0.9845196043800122,-107.89831935398237,226.25826009160937,-29.16248340214202,-89.74895148338263,0.9431967224247029,-107.86706067848186,6.672827260819352,0.3582061647321209,-0.0048355873766098515,-0.2268669458305439,0.00234,False,False,18.40078404007953,-3172.829094654721,0.9762826877527111,-90.63736630620512,224.3566697553338,0.7023508978989139,-121.30647548671206,1.2118489038237936,-91.06246310768454,8.577806914296934,-1.095497378159175,-0.012361835378497514,-0.30103816476783785,0.00234,False,False
0.11800000000000001,-189.7906286371366,-2.9046029602412027,-98.8782150196385,-2.916496293410836,-2.541686357307383,-0.0971819286860901,10,324.0,0.001,-997.7896089691465,-3070.882973382977,0.9935236316792442,-108.40908971603717,228.31892540895808,-15.264655317591542,-46.96890732907157,0.4943204846759623,-108.41750646573583,3.492196985889963,-0.4263978747015637,0.004492506835592673,0.010428696611743005,0.00236,False,False,0.0014646336758943335,-3199.7748184277625,0.984567081875977,-89.77217888325612,226.25824723804615,-0.0019719021972322004,-94.36827285963277,0.9430205002491509,-89.15660286421394,6.672844568247675,0.3582061647321209,-0.0066222855319938035,0.4840282131997975,0.00236,False,False,990.3343865719253,-3014.330788939589,0.9762785671413144,-72.72343447271996,224.35409849583715,37.86226006836267,-115.2469824896594,1.2138319338083428,-73.10003044492682,8.577708817177287,-1.095497378159175,0.007607194744026469,-0.193872143158563,0.00236,False,False
0.11900000000000001,-99.77881496644115,-1.5271493252519062,1.8033401109159862e-12,5.319177394533958e-14,95.06334860087661,3.634789689744321,10,342.0,0.001,0.0011601482596148571,-3228.917064613669,0.9935137801262891,-90.49033588464542,228.3189152277434,-0.005435406810779364,-49.3877978409965,0.4933139596715111,-90.41196327079112,3.4922446972733634,-0.4263978747015637,-0.0056402172944031975,0.018360328857730902,0.00238,False,False,988.7861900165926,-3043.1662391461687,0.9845386158012752,-71.65535090444492,226.25824723804618,29.159524653004496,-89.750170185963,0.9443523750422489,-71.58845945645906,6.672844568247675,0.3582061647321209,0.006696462398986136,0.05215162095463042,0.00238,False,False,1866.1143982174522,-2563.117632523644,0.9755230326508553,-55.042106449240094,224.1869191700097,71.34647170080005,-97.99597463301232,1.212741777258422,-55.1005575955749,8.571327221739658,-1.095497378159175,0.005730568062293682,-0.06412273799638239,0.00238,False,False
0.12,-4.745128458257001e-13,-7.263104409241917e-15,98.87815620920468,2.9165754186612,183.43617400724946,7.013806594198091,10,0.0,0.001,997.7913497594548,-3070.8822563719214,0.993516857405388,-72.62734793775209,228.31891522774342,15.256499468556132,-46.97226659522332,0.49383861960551956,-72.34737715463487,3.4922446972733634,-0.4263978747015637,-0.00039361795431857167,0.08292644501399223,0.0024,False,False,1880.7810744138953,-2588.6715271602707,0.9845425999853356,-53.68953996000541,226.25823438500285,55.46743690105958,-76.34645082078549,0.9437508838823104,-53.66540192267937,6.6728618707806495,0.3582061647321209,0.0006570813228072464,-0.025268112086014774,0.0024,False,False,2560.692092994294,-1863.0020698759206,0.9743645922639278,-36.989147491944784,223.91874315793063,97.90320383927398,-71.22838620233873,1.2106568009024863,-37.50427625645372,8.561109835466414,-1.095497378159175,-0.0006696292574358564,-0.3738332140939496,0.0024,False,False
0.121,99.7787683730757,1.5273676977430892,188.0773736337868,5.547731356837784,253.99336014189376,9.711667145880678,10,18.0,0.001,1897.9103268986642,-2612.248240765439,0.9935306459872466,-54.25504024796089,228.3189050465459,29.02709808884875,-39.95808801817486,0.49329748573308957,-54.19445248531082,3.492292385760287,-0.4263978747015637,-0.005872398383595904,0.23342240668648354,0.00242,False,False,2588.6715272198944,-1880.7799554991486,0.984546855830648,-35.347031613093655,226.25818788329363,76.34645048530834,-55.46894349257359,0.943746074460841,-35.62620428737639,6.672924469034534,0.3582061647321209,0.0005204598084875638,0.013169721154430207,0.00242,False,False,3006.6113175302307,-981.9690641698904,0.9731958500614298,-19.170961985200403,223.65123359471508,114.95321450563752,-37.54339384704552,1.208686381742224,-18.931604530260035,8.550949639289628,-1.095497378159175,-0.0060051336304800485,0.24836390380559942,0.00242,False,False
0.122,189.79045138543884,2.905433698557376,258.8662197395291,7.635900692274505,299.8815223057633,11.466312021152591,10,36.0,0.001,2612.2482407693637,-1897.9094406220033,0.9934978884477632,-36.36180556721883,228.31886821071927,39.9580883695079,-29.031250168830454,0.4928575238632747,-36.21626599234003,3.4924649694095864,-0.4263978747015637,-0.010516087219227414,0.2076915356678819,0.00244,False,False,3043.1644288995485,-988.7850134870569,0.9845710787154837,-17.6571140409381,226.2580997911027,89.75260680237952,-29.16110896250755,0.943558961823826,-17.657224091609688,6.673043047870207,0.3582061647321209,-0.0015183623592811325,-0.018609798877340843,0.00244,False,False,3160.5603912123993,-5.57505410675445,0.9724655096307052,-1.0939655604881964,223.48571618482652,120.84032867011314,-0.2120575156900344,1.2094944056059014,-1.119893417518056,8.544714741139966,-1.095497378159175,0.010892582529562224,0.07370976620731003,0.00244,False,False
0.123,261.2240849737628,3.9992722913012138,304.315402066064,8.97666135282413,316.6430715167463,12.107282100161095,10,54.0,0.001,3070.8808223590245,-997.7904178708653,0.9934946647068175,-18.467675646698677,228.31879842806805,46.97898595360125,-15.26086502956195,0.4934965890320758,-18.245098347709565,3.4927919510609065,-0.4263978747015637,-0.004587857417159741,0.17494224134176983,0.00246,False,False,3199.7710115805476,-0.001464476954794236,0.984542290884575,0.6578977776049288,226.25797805329807,94.37339707881415,0.001971020343082941,0.9439428069296151,0.6152080000115486,6.673206905259437,0.3582061647321209,0.0020883593564658197,0.2533451935300336,0.00246,False,False,3007.579770468019,971.3599466253663,0.9724852571906619,17.051407565269894,223.48463282333864,114.99234526542529,37.14030742563759,1.2081607616422583,16.67251785240192,8.544776739422057,-1.095497378159175,-0.002531535918244442,-0.1338996934030266,0.00246,False,False
0.124,307.0872576830113,4.701762625949102,319.97605437828855,9.438748287982062,302.64930808615185,11.57228126023352,10,72.0,0.001,3228.9140489905835,-0.001160137946143891,0.9935194455931086,-0.5467891396131297,228.31870199099006,49.40192793551485,0.005436330344217755,0.4937190259621381,-0.30075275680992375,3.4932438458397725,-0.4263978747015637,-0.003002563841574332,0.11686012542430385,0.00248,False,False,3043.161713571277,988.7816397189937,0.984547374473415,18.10451973121362,226.25784346615976,89.75626149299369,29.165649672738773,0.9445614076846873,18.537775350753403,6.673388044326355,0.3582061647321209,0.00801819758207556,0.17589257675292416,0.00248,False,False,2562.5166264762406,1853.9604138811042,0.9731784272581254,34.98878001250783,223.64772162046913,,,,,,-1.095497378159175,0.004929941298650213,0.05120782492157947,0.00248,True,False
0.125,322.8905756096129,4.94407917639995,304.3152210856565,8.976904766169158,259.2587712412634,9.913234430641877,10,90.0,0.001,3070.878671342495,997.7877452194894,0.9935116056643993,17.336844002345774,228.3185953729617,46.9890652357239,15.273388898655055,0.4931447349821224,17.549730688221988,3.493743450925293,-0.4263978747015637,-0.009452021929505741,-0.03267552793027277,0.0025,False,False,2588.666725873858,1880.77534840406,0.9845432409372681,36.60927220053879,226.2577217335454,76.35291283624255,55.47514412150151,0.9444220611018009,36.48835911805675,6.673551870585938,0.3582061647321209,0.006393046435036138,0.1269133853544541,0.0025,False,False,1868.584811605244,2556.509349801323,0.9743608035222664,52.95515925024035,223.91236292111464,71.4453843596911,97.74815935254117,1.2104637471076536,52.7348722975369,8.56129242670573,-1.095497378159175,-0.0028583902127747567,-0.008581598931878326,0.0025,False,False
0.126,307.0871142847606,4.702434820987929,258.8659118372715,7.636314811789677,190.68544049440374,7.2912514493852285,10,108.0,0.001,2612.2444372587915,1897.9057909463954,0.9935198736886505,35.726965881992676,228.3184989362159,39.975910961838764,29.048352309390264,0.49411492243644695,35.63446575921267,3.494195350233956,-0.4263978747015637,-0.00038922951739854984,0.054448076972286256,0.00252,False,False,1880.7753484863815,2588.665186037969,0.9845593697309094,54.230532257050704,226.25763364888996,55.47514365947649,76.35498525424634,0.9448038016704613,54.55842515801277,6.673670405862028,0.3582061647321209,0.010042817926575598,0.19769881993188546,0.00252,False,False,993.1697944027319,3010.773435133059,0.975482865923521,70.54408570272054,224.17786374012138,37.97470370150926,115.11722623924854,1.2123368966445995,70.85271599895935,8.571480005878726,-1.095497378159175,0.0014656925224819772,0.20230790301853122,0.00252,False,False
0.127,261.22384101008896,4.000415897798361,188.07703807766387,5.548182669992877,103.58956638525402,3.960984834808134,10,126.0,0.001,1897.905790952026,2612.243217417991,0.9934965207517514,53.510217188297084,228.31842915406034,29.048352791820925,39.98162709487305,0.49429783282401135,53.64370920807299,3.4945223601170277,-0.4263978747015637,0.0009774125465756142,0.06756742844883512,0.00254,False,False,988.7810516964893,3043.1580932777274,0.9845549524215741,72.37304234022379,226.25758715317977,29.166440466397127,89.76113360364687,0.9441347708090022,71.92966722417837,6.67373297161777,0.3582061647321209,0.0032640279716746835,-0.4303398055597114,0.00254,False,False,21.285726997843412,3172.6306847327305,0.976211891949556,88.39275583930957,224.34391616312556,0.8150190781981994,121.30623050097225,1.2124815215830476,88.63716872831758,8.577839417491107,-1.095497378159175,-0.006081624243978611,0.11507295199734031,0.00254,False,False
0.128,189.7901855104658,2.906680016673975,98.87792099281695,2.916891777813118,6.430852239658715,0.24589988101504875,10,144.0,0.001,997.7872792915111,3070.875803330104,0.9935117431398333,71.71600622524677,228.3183923186464,15.275573102084255,47.00250512595295,0.4945588299355195,71.12806537985642,3.4946949950692074,-0.4263978747015637,0.0033432409709443682,-0.44420092211335577,0.00256,False,False,-0.0014643197284840426,3199.765301680162,0.9845389507030577,90.29794049787573,226.25757430236982,0.0019701379540442154,94.38108132566437,0.9436321313551252,89.90756225643057,6.673750263563626,0.3582061647321209,-0.0017868210714463986,-0.4520078996500132,0.00256,False,False,-952.6801179194085,3026.3567819341497,0.9762444014286807,106.4420923273296,224.34833160331013,-36.42482429062727,115.7137760926646,1.2118297743618562,106.71382403339194,8.57800845249828,-1.095497378159175,-0.01283814805555107,0.33360298706622343,0.00256,False,False
0.129,99.77858200141873,1.5282413353394355,-6.273674265301304e-13,-1.850755166581465e-14,-91.35320275990877,-3.4931415823068956,10,162.0,0.001,-0.001160127188185811,3228.9095255807733,0.9935041853127851,89.51560115850239,228.318382137615,0.005437251704801804,49.423125254677316,0.49362695442949817,89.03714843647042,3.4947427226501446,-0.4263978747015637,-0.0060430110815290075,-0.5327303324139132,0.0025800000000000003,False,False,-988.7832488812701,3043.1571882783646,0.9845503452547907,108.5420942436318,226.25757430236982,-29.163484364575083,89.76235121586498,0.9443930893219864,108.51096866507473,6.673750263563625,0.3582061647321209,0.005822758597166863,0.15137850899415756,0.0025800000000000003,False,False,-1834.1338976762756,2586.1536043875935,0.9755180226994224,124.13326072697517,224.19007136905176,-70.1279847575492,98.88270088055319,1.2116790806502231,124.31356622555306,8.571966746198916,-1.095497378159175,-0.005800822183446173,0.062073807864391366,0.0025800000000000003,False,False
0.13,-6.330820427989697e-13,-9.697186500319417e-15,-98.87786219507633,-2.9169708321216343,-180.2639989383649,-6.892932647159703,10,180.0,0.001,-997.7890200501299,3070.8750863320706,0.9935236818880699,107.54396870868338,228.31838213761503,-15.26741448515235,47.0058655323119,0.4942206774451828,107.27494379763655,3.4947427226501446,-0.4263978747015637,-0.0001057809246829283,-0.2949549712477868,0.0026000000000000003,False,False,-1880.7754804760139,2588.6638280952757,0.9845479232639697,126.32730411701384,226.25756145208348,-55.47496628183759,76.35681226946454,0.9428516005922793,126.22656899065377,6.673767550613846,0.3582061647321209,-0.009616576280778607,-0.13349796104630357,0.0026000000000000003,False,False,-2537.462527687628,1894.771267392544,0.9744139387962693,142.0784623681779,223.92938881660035,-97.02090823458752,72.44742057473087,1.2101543634702183,142.34665797139624,8.562034040634327,-1.095497378159175,-0.007001027062992448,0.1889760714985912,0.0026000000000000003,False,False
0.131,-99.77853540897296,-1.5284597815765615,-188.07681439776457,-5.5484834104521665,-251.66452962809396,-9.623203412817423,10,198.0,0.001,-1897.9058955573832,2612.242141569453,0.9934980647924592,125.6328570381399,228.318371956604,-29.047862233416062,39.986669351752724,0.4941992819125067,125.79173493675471,3.4947904273202983,-0.4263978747015637,-0.0003872008429634143,0.21940836540146882,0.0026200000000000004,False,False,-2588.6638281552996,1880.7743618008735,0.9845512274754966,144.42517890556087,226.2575149603559,-76.35681193358096,55.4764715258227,0.9442435875996054,144.27584129895945,6.67383009283862,0.3582061647321209,0.004214845729985026,-0.0849846923233468,0.0026200000000000004,False,False,-2994.3494614735246,1019.3572937981805,0.9732584766154249,160.19615713791313,223.6651290416807,-114.49130149218898,38.975247075679576,1.2095789108107773,159.9562559193302,8.551996258764845,-1.095497378159175,0.0014400135985585935,-0.1512125641369863,0.0026200000000000004,False,False
0.132,-189.79000826226707,-2.907511035536383,-258.86545003382156,-7.636935712380403,-298.6184409894035,-11.418706327721873,10,216.0,0.001,-2612.2421415737267,1897.905009296619,0.9935349851509404,143.45490559651049,228.31833512145812,-39.98666970143215,29.05201572371917,0.4945535532154589,143.71762719454526,3.494963069492049,-0.4263978747015637,0.002911359285831456,0.14138472443157932,0.00264,False,False,-3043.155378420748,988.7820726034495,0.9845390383499016,162.29147851415124,226.25742688708698,-89.76478565060147,29.16506725742706,0.9437368378122519,162.51427079851277,6.673948565515271,0.3582061647321209,-0.001020197809640466,0.15268585394105746,0.00264,False,False,-3160.411150978337,44.93585628356465,0.9725146808125708,178.30431660231602,223.4974035017874,-120.8419071436306,1.7170842191165354,1.2087274407675441,178.24763108694432,8.545675777937452,-1.095497378159175,0.0018638228730446433,0.15456911547838215,0.00264,False,False
0.133,-261.22347506826816,-4.002131596782131,-304.31449724231504,-8.977877982717803,-316.563941933481,-12.10498757984243,10,234.0,0.001,-3070.873652346039,997.7880881780618,0.9935124067956173,161.36432244386066,228.3182653401073,-47.01258716721641,15.271781529971882,0.4933211403432428,161.45035776213058,3.4952901619567376,-0.4263978747015637,-0.009875348036042904,-0.12980018141244706,0.00266,False,False,-3199.761495650753,0.001464161953947496,0.9845307493132104,180.39923225226934,226.25730517544937,-94.38620095717852,-0.001969255031574413,0.9434558889744095,-179.38743574251782,6.674112276178327,0.3582061647321209,-0.00406120802806499,0.25050268493694317,0.00266,False,False,-3019.5094383297674,-933.8497340785337,0.972515356405887,-163.8274070167847,223.4895140045847,-115.45542451165943,-35.70829226853293,1.2079417545464504,-163.98226421979126,8.545477513252978,-1.095497378159175,-0.005712650732169556,-0.07532730239982677,0.00266,False,False
0.134,-307.0865406975558,-4.705124054431104,-319.9751030108963,-9.440027413507368,-303.75708337940074,-11.615340355176633,10,252.0,0.001,-3228.9065100139746,0.0011601159586120957,0.9935256762826239,179.57063548422465,228.31816890484174,-49.43726013753965,-0.005438170891425953,0.49462366616641695,-180.23044719476644,3.4957422098035704,-0.4263978747015637,0.0025106179998663066,0.18696806044881925,0.00268,False,False,-3043.1526636762565,-988.7786995610643,0.9845525904072772,-161.73920081081212,226.25717061725985,-89.76843706841217,-29.169603900846845,0.9437349024137986,-161.9884760725418,6.674293253011053,0.3582061647321209,-0.0015270135254877818,-0.3505576126729526,0.00268,False,False,-2585.320798277109,-1821.9293669393428,0.9731885716881463,-146.1808609505536,223.64380438679922,-98.85454810273916,-69.665710153205,1.2087915071223108,-146.09873254998243,8.551471467457265,-1.095497378159175,-0.0056918563015102485,-0.17939523823616102,0.00268,False,False
0.135,-322.8898217280326,-4.947613710537125,-304.31431630110274,-8.978121177594298,-261.4413246070231,-9.997292163682205,10,270.0,0.001,-3070.8715013700466,-997.7854155773384,0.9935162138138496,-162.2382846974371,228.31806228883391,-47.022669862975306,-15.284309639199462,0.4943157740535728,-162.2906885964058,3.4962419840374976,-0.4263978747015637,-0.0012750906283194603,0.12670755974445277,0.0027,False,False,-2588.659027841544,-1880.7697556967432,0.9845498007546966,-143.29252597400475,226.25704891084732,-76.36326849739959,-55.482666601260604,0.9441536930833218,-143.49259429231597,6.674456932512404,0.3582061647321209,0.0024294153990496565,0.1457607374734839,0.0027,False,False,-1900.0097530099074,-2533.040496354598,0.9742872581027268,-128.22189415349968,223.90099617582229,-72.65128099330562,-96.85669470210374,1.2105428860670524,-128.0447571369205,8.561374871650225,-1.095497378159175,-0.0021835953774425763,-0.07874579188847858,0.0027,False,False
0.136,-307.0863973022484,-4.705796475898556,-258.86514219824795,-7.637349460214747,-193.7268909172874,-7.407995001515251,10,288.0,0.001,-2612.238338134848,-1897.901359690179,0.9935364718758448,-144.36572981307086,228.3179658539308,-40.00449832981467,-29.069123654452248,0.4944167334605109,-144.72984660879644,3.496694036270531,-0.4263978747015637,-0.0009047949577956309,-0.3100628256958402,0.00272,False,False,-1880.7697557796125,-2588.657488336909,0.9845265260981217,-125.60297317661154,226.2569608451645,-55.482666138676315,-76.36533905920216,0.9432910064399248,-125.33309456456564,6.674575361580213,0.3582061647321209,-0.006364935028794176,0.3059790971671846,0.00272,False,False,-1030.1350468078333,-2998.107560870282,0.9754342430668315,-109.827939961099,224.16319012283586,-39.39043492537215,-114.63988379427477,1.2123611271680177,-109.85415888285685,8.571437837368594,-1.095497378159175,0.001767633035600283,0.20141618212496262,0.00272,False,False
0.137,-261.223231109603,-4.003275588502669,-188.07647891431296,-5.548934318544318,-107.19161884652966,-4.098965140249437,10,306.0,0.001,-1897.901359696287,-2612.2371183172045,0.99351156295367,-125.98029281466576,228.3178960731198,-29.06912413460526,-40.01021639794017,0.4941202763565351,-126.3509359908776,3.497021156758342,-0.4263978747015637,-0.0043319842279460575,0.07272222762041868,0.0027400000000000002,False,False,-988.7781116660365,-3043.149044162048,0.9845439186636223,-107.51644745101397,226.2569143594759,-29.17039398453153,-89.7733048143463,0.9439661733537001,-107.81552318150966,6.674637871264,0.3582061647321209,0.0002983320663655805,-0.1757309741418992,0.0027400000000000002,False,False,-60.18597816058991,-3171.9524541996516,0.9761663053408034,-92.35312024181513,224.33128096266847,-2.3025077512359884,-121.28763731985013,1.2137188430027845,-92.26497077642297,8.577876342246956,-1.095497378159175,0.006239370462880941,-0.0846488707742704,0.0027400000000000002,False,False
0.138,-189.78974239275075,-2.9087577734746968,-98.87762702962857,-2.9172869073346086,-10.242044110663562,-0.3916540843659736,10,324.0,0.001,-997.7849496590313,-3070.8686334125478,0.9935168503986657,-108.24535866451073,228.31785923842145,-15.286494577826051,-47.03611430072578,0.49497116117408535,-108.34121035414826,3.497193850066683,-0.4263978747015637,0.003932638728769069,0.08632187448746495,0.0027600000000000003,False,False,0.0014640036795299238,-3199.755786979553,0.9845314736841992,-89.79876970388304,226.25690151143766,-0.001968371574448735,-94.39387832000656,0.9436468565503301,-89.68408392415053,6.674655147708641,0.3582061647321209,-0.002919268549654624,-0.04385531454218878,0.0027600000000000003,False,False,915.6234715586543,-3037.684082428239,0.9762406577669382,-74.16551859455832,224.34227116514413,35.01006647625887,-116.15390874437401,1.2135649879800678,-74.39598834572992,8.578296821417533,-1.095497378159175,0.00410617288999125,-0.07663580262033025,0.0027600000000000003,False,False
0.139,-99.77834904114016,-1.5293337134573215,1.724958206735901e-12,5.08938954523096e-14,87.7032157226319,3.3537768180545022,10,342.0,0.001,0.001160104287833974,-3228.901986690753,0.993498701545737,-90.46555834133191,228.31784905758937,-0.005439087902115336,-49.45846462895543,0.49336652214402743,-90.33577622482139,3.4972415937688037,-0.4263978747015637,-0.012181271362866671,0.09414262954611399,0.0027800000000000004,False,False,988.7803083765051,-3043.1481393580143,0.9845424151597671,-71.89463332363087,226.25690151143766,29.167440533230568,-89.7745213348818,0.9437527172321248,-72.00709288133959,6.674655147708639,0.3582061647321209,-0.001860661731703229,-0.36688427173126925,0.0027800000000000004,False,False,1802.5057717765903,-2608.340434019466,0.9755737495078554,-56.65411866587894,224.19262785636798,68.92282450047746,-99.73706404211916,1.2123519361217912,-56.63049541958274,8.572583531487282,-1.095497378159175,5.546641235233877e-05,-0.18400588606143653,0.0027800000000000004,False,False
0.14,1.7406717594519349e-12,2.668172840339436e-14,98.87756824466778,2.9173658906156046,177.12846099251277,6.773445069680455,10,4.547473508864641e-13,0.001,997.7866903832175,-3070.867916428667,0.9935258049568022,-72.51516271057426,228.31784905758943,15.278333206047478,-47.03947584191707,0.49454954353892555,-72.67268644254253,3.4972415937688033,-0.4263978747015637,-0.0003510574138845603,-0.24278758817504237,0.0028000000000000004,False,False,1880.7698877404298,-2588.656130687304,,,226.2568886639268,55.482488920638275,-76.36716443636122,0.943844404461989,-53.73223599271835,6.674672419257361,0.3582061647321209,-0.0009682150915082123,-0.0925037072167808,0.0028000000000000004,False,False,2514.3073895695074,-1925.6234410696393,0.9744734921858139,-38.60466215612647,223.93935882332863,96.14135172656452,-73.63153639830476,1.210321496098691,-38.49347918548227,8.562932518765365,-1.095497378159175,-0.00660034073667623,0.04654817204062165,0.0028000000000000004,False,False
0.14100000000000001,99.77830244968989,1.529552233090661,188.0762552830229,5.549234788798622,249.34540316481102,9.535100021197323,10,18.000000000000455,0.001,1897.9014642993056,-2612.2360424899007,0.9934833068431375,-54.1454368675203,228.317838876781,29.068633411959627,-40.015260357624726,0.49483197392098405,-54.54013121010143,3.4972893145459016,-0.4263978747015637,0.0024057590365209425,-0.1126592498824083,0.0028200000000000005,False,False,2588.6561307477305,-1880.768769306496,0.9845126946299346,-35.714190184145075,226.25684218224742,76.36716410007156,-55.483992815462095,0.9439550437541951,-36.027749960964925,6.674734905385198,0.3582061647321209,4.980910110595531e-05,-0.3887759520615886,0.0028200000000000005,False,False,2981.8783251059062,-1055.8493067955299,0.9733196038227339,-20.528156621749023,223.67852047522362,114.02132979949357,-40.37300319291896,1.208932119794327,-20.277843029872773,8.553023744869508,-1.095497378159175,-0.006480981350304973,0.31301822029399506,0.0028200000000000005,False,False
0.14200000000000002,189.78956514833092,2.9095890715527584,258.86468049515554,7.637969802947598,297.33733153475197,11.370405402654423,10,36.000000000000455,0.001,2612.236042494528,-1897.9005780558282,0.9934870740331507,-36.65145696806688,228.3178020423738,40.0152607056483,-29.072788305941657,0.49466443978977537,-36.52629560068485,3.4974620149639213,-0.4263978747015637,0.0004861824510432245,-0.10273806892048548,0.0028400000000000005,False,False,3043.146329891999,-988.7791323520848,0.9845370305619195,-17.396181353437207,226.2567541280269,89.77695358529823,-29.16902200771498,0.944400850396009,-17.729048493084754,6.674853271774351,0.3582061647321209,0.004340480166375177,-0.09083267445607071,0.0028400000000000005,False,False,3159.790521978609,-83.50748402275431,0.9725732808522752,-2.5527548920501912,223.50894436994753,120.8254601885346,-3.1921159147454548,1.2087354658296336,-2.377382411018397,8.54663133456227,-1.095497378159175,0.0005927123555079628,0.2286334522965736,0.0028400000000000005,False,False
0.14300000000000002,261.2228651755841,4.004991863947476,304.313592615065,8.979093519741285,316.4409291016002,12.101014568138115,10,54.000000000000455,0.001,3070.8664824717657,-997.7857585291345,0.9935050982150313,-18.707863156102224,228.31773226243374,47.04619974259309,-15.282701727697717,0.494408080396588,-18.165457686867143,3.4977892177186294,-0.4263978747015637,-0.0025401460541846464,0.25418584207040856,0.0028600000000000006,False,False,3199.751981773413,-0.001463844849894258,0.9845444139626172,0.2603334972079394,226.2566324427311,94.3989933583015,0.001967487584507932,0.9443111757077493,0.3122663742456424,6.675016835533696,0.3582061647321209,0.0032124191970002176,-0.04999396354712224,0.0028600000000000006,False,False,3030.7523489148016,896.9461676754579,0.9725287731486771,15.198565510902862,223.49465573208096,115.89229853516602,34.29930113603481,1.207503913794312,15.368975001379681,8.546188307714862,-1.095497378159175,-0.011096273421609258,-0.024950665888859073,0.0028600000000000006,False,False
0.14400000000000002,307.08582372727324,4.708486612902462,319.97415185025176,9.441305389782274,304.79947932995606,11.655904393543567,10,72.00000000000045,0.001,3228.8989711850013,-0.001160092135748414,0.9935002171939328,-0.16218075334681126,228.3176358291328,49.47260427754596,0.005440002735968008,0.4946600681023539,0.02456743561848696,3.4982414179100685,-0.4263978747015637,-0.0006597766401658511,0.4417850720244123,0.00288,False,False,3043.1436157351845,988.7757600402226,0.9845449352646849,18.617174701646277,226.25649791368346,89.78060172634565,29.17355457940354,0.9428933958922923,18.058372739378118,6.675197649935969,0.3582061647321209,-0.011221089137537174,-0.30390756606748415,0.00288,False,False,2607.290096233638,1790.2649185453256,0.9731626978743216,33.52013902024215,223.64044943270116,99.70058908992176,68.45910458365248,1.2096461504837284,33.59726612788997,8.551858413606043,-1.095497378159175,0.0023073528211570065,0.21456318042555586,0.00288,False,False
0.145,322.8890678625251,4.951149432249135,304.3134117133091,8.979336495885512,263.54341105486486,10.07828281698795,10,90.0,0.001,3070.8643315397053,997.7830859832904,0.9935191885444208,17.31351106002715,228.31752921531387,,,,,,-0.4263978747015637,-0.0027362236928465014,0.15326929983415666,0.0029,True,False,2588.651331473147,1880.7641641999392,0.9845272450632823,36.056215837565105,226.25637623364773,76.37361486977278,55.49018233069169,0.9445274551675105,36.18499214719219,6.675361182501583,0.3582061647321209,0.00488823364246398,-0.17685206002205012,0.0029,False,False,1930.5328862457363,2509.664092196009,0.9742672096574424,50.99030532498166,223.89027536423183,73.82283853973355,95.96865664826852,1.2103486511733172,51.37640144067777,8.561481924566806,-1.095497378159175,-0.004277340001312338,0.037889024184978054,0.0029,False,False
0.146,307.0856803351371,4.709159259721352,258.8643727267079,7.638383178652351,196.68061710296814,7.5213978877684795,10,108.0,0.001,2612.232239133348,1897.896928524325,0.9934916701420377,35.80661761567271,228.31743278240594,40.03309534155319,29.089901999470236,0.49533458801666275,35.461570848881514,3.499193564926546,-0.4263978747015637,0.004738883278846053,-0.11884389760540792,0.00292,False,False,1880.764164283356,2588.649792301977,0.9845411247399166,54.327175691133206,226.2562881870639,55.490181867548515,76.37568357312867,0.9425465700905933,54.690611001312405,6.67547950523267,0.3582061647321209,-0.015087950737748204,0.329484662859086,0.00292,False,False,1066.2187785048718,2985.2524701009506,0.9753936602529499,69.32217591393207,224.14899948338217,40.77262808289586,114.15524710785877,1.2118576530344904,69.23936453501213,8.57141401492264,-1.095497378159175,-0.0032334182735144824,-0.012944498626943147,0.00292,False,False
0.147,261.2226212223129,4.006136239058748,188.07591987272804,5.54968529133887,110.70718010531493,4.233654499118766,10,126.0,0.001,1897.896928530906,2612.23101934079,0.9934899832877825,53.567308487800986,228.31736300304965,29.089902477342378,40.03881533561915,0.4947863415568178,53.62072561264742,3.499520795495507,-0.4263978747015637,-0.0012063552282512847,0.044183829267893264,0.00294,False,False,988.7751722735147,3043.1399970055154,0.9845373063309608,72.09768717498045,226.2562417114636,29.174343952257566,89.78546510228182,0.9438795093397532,72.26473106841658,6.675541958776715,0.3582061647321209,-0.0018468808951550642,-0.09567748761394222,0.00294,False,False,98.30982424126992,3170.8230003543104,0.9760907521008393,87.11817407267559,224.3187834435434,3.760486532355594,121.25178617427912,1.2131236911771626,87.52670036799336,8.577918427396337,-1.095497378159175,0.00022833481763190352,0.39565191799168226,0.00294,False,False
0.148,189.7892992846949,2.9108362273155852,98.87733313049975,2.9176816815468727,13.97630680633092,0.5344839557204929,10,144.0,0.001,997.7826200753852,3070.8614636416305,0.9934880339920752,71.23635111627276,228.31732616912498,15.29741972733422,47.06973479960805,0.4952516061141288,71.84699161826373,3.499693546883546,-0.4263978747015637,0.0032019829889749015,0.27432237243547253,0.00296,False,False,-0.0014636855291740858,3199.7462743395954,0.9845186967491796,90.59485226480679,226.25622886621557,0.0019666030600400397,94.40666382878143,0.9434759201579859,90.28771963871037,6.6755592197014,0.3582061647321209,-0.0059071833466186816,-0.07225298680818253,0.00296,False,False,-879.1638405699082,3048.3429566014693,0.9761424926692379,104.74690159838805,224.3359516398054,-33.61796754038497,116.56853298248072,1.2138710593242603,105.17095892082324,8.57857523812494,-1.095497378159175,0.006773145648310147,0.17611536384969287,0.00296,False,False
0.149,99.77811608597776,1.53042645785584,-5.489927489909455e-13,-1.619995376551338e-14,-84.11323003100563,-3.216689791692357,10,162.0,0.001,-0.0011600795582182855,3228.894447955512,0.9935153381126642,89.91214606076866,228.3173159885083,0.005440915390624079,49.4938159072772,0.4949165056456918,89.75063188525853,3.4997413066303955,-0.4263978747015637,-0.00021656417712451957,0.18034835467541732,0.00298,False,False,-988.7773685065181,3043.13909239811,0.9845477010650134,108.56353113177695,226.2562288662156,-29.17139315468088,89.78668052981529,0.9436766027682791,108.39242787407018,6.675559219701399,0.3582061647321209,-0.0039003572436830778,0.03243524855163102,0.00298,False,False,-1771.2386544964888,2629.707139814256,0.9755633104183922,122.7892654907499,224.19462540806603,-67.73132351791978,100.56016790305577,1.2124159010440032,122.91475767354727,8.57317897695478,-1.095497378159175,-0.00014697142131585333,0.045420977197994046,0.00298,False,False
0.15,-5.539941662651304e-13,-8.497936314070144e-15,-98.87727435839668,-2.9177605937144793,-174.03029897834247,-6.655372369004027,10,180.0,0.001,-997.7843607623906,3070.8607466730346,0.9935067440497324,107.19395331308655,228.31731598850845,-15.289255613776898,47.073097470249365,0.49484252459871814,107.42334467851789,3.499741306630395,-0.4263978747015637,-0.0009563746468605917,-0.1469588520652323,0.003,False,False,-1880.7642962151629,2588.6484349474117,0.984557793233191,126.13909285336526,226.2562160214985,-55.49000480930342,76.37750731024893,0.9440451434057433,126.61617929736033,6.675576475729885,0.3582061647321209,-0.0002393545785589459,0.2557108195594147,0.003,False,False,-2491.2436597368787,1955.5835851604886,0.9745016929663662,141.20421135582677,223.94867861552953,-95.26518417770228,74.78168310852973,1.2111945453341495,140.77030201052395,8.563806234658776,-1.095497378159175,0.0008945307517861156,-0.005840090053929846,0.003,False,False
0.151,-99.77806949558995,-1.530645050535042,-188.0756962903665,-5.549985491062208,-247.03753862069644,-9.447416615031415,10,198.0,0.001,-1897.8970331314147,2612.229943536421,0.9934968374683416,125.49387255116565,228.31730580791856,-29.089411591243,40.04386099003249,0.49532579571703916,125.7896198364819,3.4997890434380388,-0.4263978747015637,0.0038088264955561005,0.21689032320401683,0.00302,False,False,-2588.648435008233,1880.7631780240513,0.984512310312862,144.25367852192184,226.25616954993407,-76.37750697355331,55.49150735333522,0.944506496926363,144.22695972189064,6.675638905693012,0.3582061647321209,0.004285891327084139,-0.13426626901991365,0.00302,False,False,-2969.2215480585983,1091.4637026932924,0.9733952340651579,158.9559024124913,223.6914126173874,-113.54420195724632,41.73736724461968,1.2095067570253701,158.63657105965487,8.554032272156855,-1.095497378159175,-0.0021608820076658183,-0.08818235903693311,0.00302,False,False
0.152,-189.78912204433198,-2.9116678032768433,-258.8639111246345,-7.639002962854386,-296.0404155804485,-11.321494082854587,10,216.0,0.001,-2612.2299435413925,1897.8961469066371,0.993487524363115,143.81492125337567,228.31726897430826,-40.04386133639777,29.093567882252557,0.4953143119155891,143.85442213358192,3.4999618018257634,-0.4263978747015637,0.0034496712261212637,0.27777966722409775,0.00304,False,False,-3043.1372833262876,988.776192737192,0.9845534618898406,162.35452877449805,226.25608151488834,-89.78911059327343,29.172973209082777,0.9438017728859711,162.10253260527247,6.675757165666284,0.3582061647321209,-0.00292859393492099,-0.259450812394523,0.00304,False,False,-3158.726486616385,121.30040199499277,0.9726503016453623,176.9481920450749,223.5203212772391,-120.79205459908309,4.6375473091945,1.2080209547244007,176.91868563168646,8.547580739400152,-1.095497378159175,-0.007895059894733438,0.20980955688567096,0.00304,False,False
0.153,-261.2222552966724,-4.007853088213673,-304.31268818561205,-8.980307962576065,-316.2767005075047,-12.095464774136211,10,234.0,0.001,-3070.8593127475206,997.7834289277738,0.9934963879172987,162.11742782005987,228.3171991958889,-47.07982362592673,15.293625605265369,0.4947732143926239,161.72163965893589,3.5002891143464114,-0.4263978747015637,-0.002424193809365223,0.14108466542140327,0.0030600000000000002,False,False,-3199.7424699621815,0.0014635256518857886,0.9845281831044009,180.44145613003639,226.2559598561088,-94.4117742683092,-0.001965718003195338,0.9444319973554954,-179.9633587891136,6.675920582344512,0.3582061647321209,0.003142544677655254,-0.3258178913384703,0.0030600000000000002,False,False,-3041.33811110165,-860.6478647180581,0.9725197059522207,-165.0816321280578,223.50002520227045,-116.30409484747653,-32.913285359749366,1.2078029376682282,-165.08003277442722,8.5469078711143,-1.095497378159175,-0.009123651000917577,0.21124432915443753,0.0030600000000000002,False,False
0.154,-307.08510677329525,-4.711850295974124,-319.9732008977207,-9.442582215420536,-305.77935007304546,-11.694082074363122,10,252.0,0.001,-3228.8914325155642,0.0011600664912378988,0.9935137852155552,179.52842144237252,228.31710276470483,-49.507960298948646,-0.0054418258655408724,0.4953578377426636,-180.19302116926437,3.5007414661580936,-0.4263978747015637,0.0027823176239862193,0.22399885652960827,0.00308,False,False,-3043.1345697610504,-988.7728211606795,,,226.25582535639634,-89.79275545360079,-29.17750170412348,0.9449551266828922,-161.78042540934277,6.676101234120212,0.3582061647321209,0.008118357760360467,-0.14290447928734026,0.00308,False,False,-2628.452902366305,-1758.9748367217258,0.9731641232616247,-147.4931394310633,223.63762134509113,-100.51589058476404,-67.26666886673245,1.209712513191667,-147.55399475447854,8.552265489469702,-1.095497378159175,0.0023952876932398577,-0.25258034411085706,0.00308,False,False
0.155,-322.88831401428104,-4.954686335868825,-304.3125073235717,-8.980550719724423,-265.56779606219425,-10.156311595272053,10,270.0,0.001,-3070.857161862793,-997.7807564410105,0.9935106426934387,-162.4003151678719,228.31699615324308,-47.08991310053302,-15.306162134587645,0.49469851976238266,-162.18136475944272,3.501241576288356,-0.4263978747015637,-0.004518124707720315,0.23563616592303555,0.0031,False,False,-2588.6436367797164,-1880.7585739216659,0.9845334684102225,-143.46620001748929,226.25570370291197,-76.38395194214056,-55.49769130164273,0.9432914034135699,-143.96873363306017,6.67626461957271,0.3582061647321209,-0.008749936855681461,-0.33077707677401635,0.0031,False,False,-1960.1786509122185,-2486.3962460151943,0.974195777174409,-129.33925800700734,223.88017593894392,-74.96098536366908,-95.08466185739618,1.2103721085999157,-129.03081703898857,8.561612653941893,-1.095497378159175,-0.004227644990575457,0.3124283910461844,0.0031,False,False
0.156,-307.0849633845561,-4.7125231670657355,-258.86360342375497,-7.639415965981116,-199.54903099688823,-7.631551742909936,10,288.0,0.001,-2612.2261402639224,-1897.8924974558167,0.9935174854049127,-144.24897574529956,228.3168997224825,-40.0617019512562,-29.11068731116046,0.49443705007786926,-144.3989183261664,3.5016939321987035,-0.4263978747015637,-0.0077725494162878,0.020468402823105487,0.00312,False,False,-1880.7585740056397,-2588.6420979442128,0.9845349580929245,-125.68970791671795,226.25561567555337,-55.49769083794139,-76.38601878480567,0.9443037758120105,-125.48866706720281,6.676382835838734,0.3582061647321209,0.001206604082023013,0.15000659415804007,0.00312,False,False,-1101.439168545428,-2972.23100723562,0.9753327545908512,-111.64971863390183,224.13528729741455,-42.121972275357464,-113.66418848396137,1.2118954560110968,-111.31699390152612,8.571408370881496,-1.095497378159175,-0.0028474066279207968,0.10921340725474848,0.00312,False,False
0.157,-261.2220113491805,-4.008997844880475,-188.0753609537081,-5.5504355875617915,-114.13807948776787,-4.365122273614312,10,306.0,0.001,-1897.8924974628844,-2612.2249204983655,0.9935042017454861,-126.66259808658174,228.3168299446911,-29.11068778674877,-40.06742386209888,0.4951660477036576,-126.27971101795882,3.502021272324494,-0.4263978747015637,-0.0009455020038060462,0.14354719678459207,0.00314,False,False,-988.7722335231474,-3043.1309518211096,0.9845370843801968,-107.8017044451095,226.25556921010812,-29.178290365290863,-89.79761445426367,0.9440582644180763,-107.53322969152231,6.676445233175288,0.3582061647321209,-0.0013367530169311203,0.10616098854548367,0.00314,False,False,-135.667482761909,-3169.2696631055924,0.9760408549229034,-93.6432184994381,224.3064406493981,-5.189340794346362,-121.19971947413173,1.213291561472501,-93.68162175985117,8.577966326142839,-1.095497378159175,0.0018392987140952524,-0.13756040661735203,0.00314,False,False
0.158,-189.78885618699422,-2.9129153748641277,-98.87703929584818,-2.9180761000215356,-17.63471547592666,-0.6744300809922518,10,324.0,0.001,-997.7802905442591,-3070.8542940286634,0.9935378443068166,-108.57577247551617,228.3167931115982,-15.308348533101897,-47.10336656874283,0.4961208067339274,-108.64436258158389,3.5021940815153885,-0.4263978747015637,0.008357699197426573,-0.21723330693765203,0.00316,False,False,0.001463365271206385,-3199.73676377394,0.9845359930419244,-89.96099786349465,226.25555636766876,-0.0019648324125953742,-94.4194378381211,0.9441091547245408,-89.30604513274118,6.6764624785613,0.3582061647321209,-0.000852238611071739,0.3337810057987288,0.00316,False,False,843.2998938517565,-3058.362583836315,0.9761536021552851,-75.707760579388,224.32940517440332,32.24848069900031,-116.95876006263265,1.2131068986074527,-75.52078640775484,8.578844928888234,-1.095497378159175,-0.0012498618548621985,0.15667589618626304,0.00316,False,False
0.159,-99.77788313629497,-1.531519566782705,-6.269657185566995e-13,-1.8503375019303188e-14,80.58302267115195,3.0818723893382067,10,342.0,0.001,0.001160052988325333,-3228.8869093869475,0.9934910341625653,-90.55764601768199,228.3167829312131,-0.005442734158399798,-49.529179033010195,0.49572120026498545,-90.0403305423738,3.5022418572304024,-0.4263978747015637,0.004294069443882218,0.3891835339027124,0.00318,False,False,988.7744292755186,-3043.1300474116347,0.9845633267140156,-71.89176675228666,226.25555636766876,29.17534222463887,-89.79882878747688,0.9450998720266492,-71.47865933994865,6.6764624785613,0.3582061647321209,0.009054934410010915,0.16114679859127534,0.00318,False,False,1740.340166605731,-2650.2819266521665,0.9755935710859133,-57.48718950593938,224.19609927740024,66.55377573103797,-101.35308540592371,1.2126604118347377,-58.10145877432825,8.573754424217482,-1.095497378159175,0.0014843311626882838,-0.3001533107545801,0.00318,False,False
0.16,-6.326778858386221e-13,-9.71185125033615e-15,98.8769805366937,2.9181549409903345,170.9701574841457,6.538739455771595,10,0.0,0.001,997.7820311913192,-3070.8535770764884,0.9935013821699549,-71.94259639511128,228.31678293121314,15.30018169085163,-47.106730363444456,0.49510994790955437,-72.16798034501336,3.5022418572304024,-0.4263978747015637,-0.001818454110428391,0.26151373126317895,0.0032,False,False,1880.7587059082398,-2588.6407408866417,0.984554329561396,-53.488312862129085,226.25554352576398,55.49751393968112,-76.38784087990909,0.9436012225090897,-53.703012158049766,6.676479719050831,0.3582061647321209,-0.005955942499699273,-0.06368139965668783,0.0032,False,False,2468.2871165599154,-1984.676229327923,0.9745260662016123,-39.99702353724953,223.95737345569762,94.39300961229671,-75.89879260458633,1.2109120785206604,-39.90036295067866,8.56465614677587,-1.095497378159175,-0.003132094625927981,-0.006272288019341012,0.0032,False,False
0.161,99.77783654704977,1.531738232157136,188.07513742059982,5.550735516428591,244.74238024945618,9.360208507514644,10,18.0,0.001,1897.8926020607091,-2612.2238447186382,0.9935030652378087,-54.46356652140999,228.3167727508581,29.11019673798371,-40.07247120315382,0.49504194881142255,-54.36851421269491,3.5022896099920904,-0.4263978747015637,-0.0025659776949663845,0.05855479546876237,0.00322,False,False,2588.640740947857,-1880.757587961561,0.984538729293824,-35.43188072350561,226.25549706438142,76.38784054280777,-55.49901513129127,0.9439832074897874,-35.61166359261866,6.676542092781532,0.3582061647321209,-0.0022243024686165115,0.026910416656662935,0.00322,False,False,2956.401494547697,-1126.2190069310072,0.9734251345532796,-21.699072189118425,223.70381141742445,113.06077193811,-43.069041615028695,1.2103193414625986,-22.032899299397226,8.555022062180319,-1.095497378159175,0.004565187889535397,-0.08692889049410298,0.00322,False,False
0.162,189.78867895097184,2.913747227374366,258.86314192336596,7.640035190980018,294.7297928065533,11.272052561400237,10,36.0,0.001,2612.223844723952,-1897.8917158560357,0.9935173444575189,-36.489804167218374,228.31673591810292,40.07247154785847,-29.11435441936007,0.4948081676597421,-36.70412455572919,3.5024624260725745,-0.4263978747015637,-0.005148188056588477,-0.2809670202094801,0.0032400000000000003,False,False,3043.1282387366055,-988.7732537629845,0.9845684238226126,-17.40495254485851,226.25540904863684,89.80125666134072,-29.17692085724468,0.9438798916244566,-17.26990745921031,6.676660246210641,0.3582061647321209,-0.0034245553038100805,0.36790988733016833,0.0032400000000000003,False,False,3157.245802005131,-158.32539508696348,0.9726836707163733,-4.219769347840466,223.5315188626479,120.7427105690145,-6.053785451926646,1.2086096106611084,-3.8568816900563934,8.54852340286051,-1.095497378159175,-0.003341627978052259,0.1056620095689816,0.0032400000000000003,False,False
0.163,261.22164543249886,4.010715264990854,304.3117839552564,8.981521309904672,316.07380509353817,12.08843539776867,10,54.0,0.001,3070.8521431846284,-997.7810993776502,0.9934954173302769,-18.201370151884884,228.31666614131453,47.11345876333823,-15.304553145176147,0.49537041038188157,-18.560685374047324,3.5027898478343613,-0.4263978747015637,1.1194868671840666e-05,-0.14143888495429455,0.0032600000000000003,False,False,3199.73296023072,-0.0014632043525466543,0.9845529287895014,0.5752673022920818,226.25528741654844,94.4245436733382,0.0019639462894618376,0.9446845729282233,0.288748327095396,6.676823515630482,0.3582061647321209,0.004391359905993939,-0.07390953874729204,0.0032600000000000003,False,False,3051.2952755853416,824.9527619885505,0.972562189728146,14.016569765331813,223.505591857586,116.69190076479666,31.550170232994127,1.208894589221411,14.165400081269368,8.547635037199488,-1.095497378159175,0.0007644963911379207,0.1282223429321193,0.0032600000000000003,False,False
0.164,307.08438983675535,4.715215098249608,319.97225015466864,9.443857889036947,306.6994459469505,11.729978153210752,10,72.0,0.001,3228.8838940175706,-0.0011600390148203132,0.9935131591242213,-0.05485694509317735,228.31656971239968,49.543328145084004,0.0054436402682152,0.49499165570296577,-0.34327849384606207,3.5032423505409183,-0.4263978747015637,-0.004416287385109523,0.07354392952070908,0.0032800000000000004,False,False,3043.1255257668427,988.7698829266628,0.9845455404020637,18.456174970022303,226.25515294636418,89.80489823699412,29.181445270725,0.9445727644015373,18.481292087551786,6.677004004583638,0.3582061647321209,0.003018024713723937,0.11861425392248018,0.0032800000000000004,False,False,2648.836807606878,1728.0659169101514,0.9731068502055437,31.96814213882374,223.63528619741024,101.30150217562745,66.08866548312196,1.2095439598825026,32.08047598647584,8.552691403405904,-1.095497378159175,0.00010742133661672638,0.052436444707027574,0.0032800000000000004,False,False
0.165,322.88756018449067,4.95822441572119,304.31160313319043,8.981763847793758,267.51716588115085,10.231480698713447,10,90.0,0.001,3070.849992350631,997.778426954187,0.9935132746786214,17.94701335698924,228.31646310346352,47.12355160311086,15.317093854402842,0.4949854414928,17.501527847317487,3.503742627416886,-0.4263978747015637,-0.00518592782970261,-0.0816688304287343,0.0033000000000000004,False,False,2588.6359437722977,1880.7529848699578,0.9845145110071731,36.53878186282634,226.25503131960568,76.39427970328963,55.50519350596832,0.9441782929660315,36.5101722395235,6.677167242745772,0.3582061647321209,-0.0011575432641200908,0.1479295598133007,0.0033000000000000004,False,False,1988.9710361733096,2463.2518975141693,0.9741643025745759,50.006309679421456,223.8706735298695,76.06663282847013,94.20528243790875,1.210924937097419,50.276574359206364,8.561766134702422,-1.095497378159175,0.0010835854113549633,0.2881249459037332,0.0033000000000000004,False,False
0.166,307.0842464516387,4.7158881925337335,258.8628342904948,7.640447821080587,202.33449727842753,7.7385464162024515,10,108.0,0.001,2612.2200415361995,1897.8880664916608,0.9935284193707516,35.65437017006475,228.3163666750025,40.0903181130619,29.131479556193362,0.49578214523462105,35.65034556172853,3.5041951340781607,-0.4263978747015637,0.0021411685310691883,0.06953377125046732,0.00332,False,False,1880.752984954488,2588.63440527467,0.9845348963672254,54.274443454921176,226.25494331159885,55.505193041709205,76.39634468302185,0.9449429372812114,54.34408909941894,6.677285352418484,0.3582061647321209,0.006321867586680838,-0.017437239405862844,0.00332,False,False,1135.8143264999578,2959.06476496273,0.9752616592711028,68.00253628885612,224.1220478614999,43.439154113912835,113.16753256646466,1.2117967179471978,68.0082239860698,8.57142069242728,-1.095497378159175,-0.003852212564067528,0.0996107933004311,0.00332,False,False
0.167,261.22140149117,4.0118604013754275,188.0748021580576,5.551185206399112,117.48613527599191,4.493437420402863,10,126.0,0.001,1897.8880664992143,2612.218821799569,0.9935524958775751,53.688312402308135,228.31629689888604,29.13148002949466,40.09604193150506,0.4953214652131403,53.740943811865634,3.504522583235738,-0.4263978747015637,-0.0029287147233715595,0.16400202473232497,0.00334,False,False,988.769295419148,3043.121908621823,0.9845304997182392,72.6015460225563,226.25489685637527,29.182233219349982,89.8097528571125,0.944013375868441,71.96981301536482,6.67734769347986,0.3582061647321209,-0.003061910115512836,-0.39099706897199427,0.00334,False,False,172.26948617832818,3167.3185685520584,0.976001131982809,85.57056206775415,224.29426754336373,6.589468047977773,121.13243346037684,1.2134042518314694,85.66369623142025,8.57802061235223,-1.095497378159175,0.002889430010206875,-0.13038949897481153,0.00334,False,False
0.168,189.7884131003503,2.914995212783286,98.87674552609793,2.9184701623307343,21.218371202251596,0.8115340478679918,10,144.0,0.001,997.7779610693228,3070.8471245849732,0.9935005752285504,71.3631126648419,228.31626006668307,15.319280977597707,47.13700955419873,0.49579859905970614,71.62418613533399,3.5046954499522562,-0.4263978747015637,0.0015981532873031784,0.051113925400690735,0.00336,False,False,-0.0014630429159865344,3199.727255296243,0.9845431375766905,90.56049595101975,226.25488401676296,0.001963059633410591,94.43220033416836,0.9440920973908253,90.7294884944205,6.6773649233084855,0.3582061647321209,-0.002299061548988993,0.3691133962050026,0.00336,False,False,-808.0296343580316,3067.771083618114,0.9761331543039103,103.71311831679192,224.32266171169857,-30.901533687823942,117.32566097466307,1.2136873521333684,104.25647368195837,8.579107036108505,-1.095497378159175,0.004183997818589979,0.5930098799115124,0.00336,False,False
0.169,99.77765019246183,1.532613038483309,-4.70619004548666e-13,-1.3891097036173805e-14,-77.11231051292422,-2.9493141958117435,10,162.0,0.001,-0.0011600245906748796,3228.8793709969655,0.9935138154658603,89.42219506656384,228.31624988654556,0.005444544193178746,49.56455394944362,0.4956072834314612,89.39885231445912,3.504743241558765,-0.4263978747015637,-0.0003825905332380113,-0.17183601058227585,0.00338,False,False,-988.7714906877438,3043.1210044115737,0.9845323938899887,108.38038559256132,226.25488401676296,-29.179287738821376,89.8109660946879,0.944111482227963,108.48977058805372,6.677364923308486,0.3582061647321209,-0.0021052131776150957,0.12937548983824218,0.00338,False,False,-1709.816978678112,2670.0921937089834,0.9755851965783764,121.17005876686387,224.1970832045056,-65.39043879200307,102.11685893981,1.2132144151517217,121.79796419178741,8.574311157505235,-1.095497378159175,0.006237024566359666,0.256650907604658,0.00338,False,False
0.17,-4.749070284113962e-13,-7.29522905705956e-15,-98.87668677997642,-2.918548932015181,-167.94859284710873,-6.423567871241003,10,180.0,0.001,-997.779701673699,3070.8464076503487,0.9935103881063018,107.69566621112268,228.31624988654562,-15.311111419758817,47.14037446756336,0.49525412884114817,107.51720638185193,3.504743241558765,-0.4263978747015637,-0.003914136436368572,-0.05350194318945911,0.0034000000000000002,False,False,-1880.753116827702,2588.6330485160343,0.9845429526149988,126.41424315252898,226.254871177689,-55.505016303626036,76.39816513413145,0.944417869599431,126.52727888268716,6.677382148240359,0.3582061647321209,0.0009343008048007554,0.16640887677103583,0.0034000000000000002,False,False,-2445.4523974015683,2012.925426802732,0.9745524179065483,139.16836331181855,223.96546834083637,-93.52538856302041,76.98377879111686,1.2116786921695846,139.474744621497,8.565483203773026,-1.095497378159175,0.0033644066410832463,0.025745204052819323,0.0034000000000000002,False,False
0.171,-99.77760360443284,-1.5328317762017498,-188.07457867452356,-5.5514848640839345,-242.46126461301296,-9.273526906260155,10,198.00000000000045,0.001,-1897.8881710942,2612.2177460461744,0.9934945733751941,125.96062694403386,228.31623970644142,,,,,,-0.4263978747015637,0.0032416449153574896,0.0037982721786215335,0.0034200000000000003,True,False,-2588.6330485776584,1880.7519991270406,0.9845244893290012,144.20342823725733,226.25482472655497,-76.39816479662517,55.50651614118533,0.9439023455818601,144.5719690092445,6.677444465670967,0.3582061647321209,-0.004309069526445214,0.2103430187053158,0.0034200000000000003,False,False,-2943.4393079144957,1160.1336406841897,0.9735150738287626,157.68360439088266,223.7157238955648,-112.57184722890997,44.36872487197992,1.2105617722241366,157.31045449191853,8.555993377537906,-1.095497378159175,0.005615848152874036,-0.08623579791850822,0.0034200000000000003,False,False
0.17200000000000001,-189.78823586894836,-2.915827340506387,-258.8623728924532,-7.641066486204473,-293.4074462458308,-11.222156589279711,10,216.00000000000045,0.001,-2612.217746051846,1897.8872849110105,0.9935275521082539,143.5228718030883,228.3162028745997,-40.101091294144936,29.13514788392615,0.49514347639916234,143.80755545945405,3.504963883693806,-0.4263978747015637,-0.005332695956032524,0.23051299685067456,0.0034400000000000003,False,False,-3043.1191961359427,988.7703154336692,0.9845196010460723,162.38265209834918,226.25473673023805,-89.81339177632358,29.180864947917936,0.9438507204527522,162.0788275006345,6.677562512427725,0.3582061647321209,-0.004992264141926721,-0.28355438811524253,0.0034400000000000003,False,False,-3155.3740421859784,194.59352295917108,0.9727291318409131,175.66938140382413,223.5425237541925,-120.67840329204876,7.44124800098309,1.2092369768977425,175.55674865967495,8.549458811214457,-1.095497378159175,0.0016091672077802213,0.17729967874429337,0.0034400000000000003,False,False
0.17300000000000001,-261.22103558402523,-4.013578389682757,-304.3108799252957,-8.982733560410557,-315.834677455434,-12.080019288987435,10,234.00000000000045,0.001,-3070.8449737944156,997.7787698824284,0.9935178919244358,161.5448460203381,228.31613309955256,-47.14710510087379,15.31548432990702,0.4956266668495005,161.9597004846084,3.5052914141712006,-0.4263978747015637,-0.0009639894958724004,0.3787484613604583,0.0034600000000000004,False,False,-3199.7234525926824,0.0014628809382344343,0.9845462984249015,180.2768451311464,226.25461512501542,,,,,,0.3582061647321209,-0.0019319617508812535,-0.05015163479484676,0.0034600000000000004,True,False,-3060.651360855204,-789.8581719708941,0.9725939972727001,-166.16285781551713,223.51132728045368,-117.05676438936177,-30.20985715317608,1.2090956072007468,-166.83705341577144,8.548368721142607,-1.095497378159175,0.0017370904016440062,-0.2160718725281889,0.0034600000000000004,False,False
0.17400000000000002,-307.0836729187849,-4.7185810143249425,-319.97129962246095,-9.445132409247329,-307.5624161859856,-11.76369354401313,10,252.00000000000045,0.001,-3228.8763557029233,0.0011600096926400738,0.9935160424216847,179.65317812049824,228.3160366730591,,,,,,-0.4263978747015637,0.0035455900768821174,-0.34462702184626265,0.0034800000000000005,True,False,-3043.1164837655433,-988.766945342405,0.9845515833891441,-161.3805041952194,226.2544806845526,-89.81703006335187,-29.1853852749298,0.9444296979515355,-161.51683296496276,6.677905960346829,0.3582061647321209,0.0003118021407411828,0.12029043853623221,0.0034800000000000005,False,False,-2668.4686192097324,-1697.5440434939574,0.9731246422795681,-148.63347257308723,223.6334115389392,-102.05844373277756,-64.92532213185609,1.2106209263357195,-148.3841537219003,8.553134919747789,-1.095497378159175,0.010249859042958324,0.24504756201450248,0.0034800000000000005,False,False
0.17500000000000002,-322.8868063743445,-4.961763666123388,-304.31069914346386,-8.982975878777184,-269.39412848400735,-10.30388935820398,10,270.00000000000045,0.001,-3070.8428230145364,-997.7760975265123,0.9935285503800796,-162.20219170017765,228.31593006681692,-47.15720128961122,-15.328029198906275,0.49597238363297597,-162.5787841256139,3.5062445098648167,-0.4263978747015637,0.0011452974827301787,-0.1621783983022007,0.0035000000000000005,False,False,-2588.6282524619323,-1880.7473970528526,0.984561731850346,-143.45741885009727,226.25435908469473,-76.40459814201503,-55.512688935529255,0.9447429632944573,-143.70388634389374,6.678069051041491,0.3582061647321209,0.0032138104976705707,-0.06632825909782611,0.0035000000000000005,False,False,-2016.933569072226,-2440.244878299477,0.9740969278060079,-130.54234464763547,223.86174403096723,-77.14067484408562,-93.3310482556891,1.2102708453772184,-130.25127997759168,8.561941451536185,-1.095497378159175,-0.005705267234674484,0.41538394246708094,0.0035000000000000005,False,False
0.176,-307.083529537518,-4.719254330719909,-258.86206532803357,-7.641478742831162,-205.03933248506692,-7.842469937363062,10,288.0,0.001,-2612.2139429598037,-1897.8836356388667,0.9935098173047437,-144.41726279863292,228.31583364080782,-40.118943781045076,-29.15227870119331,0.49629051895205667,-144.19830411705726,3.506697166550531,-0.4263978747015637,0.0036864974495016225,0.22068557804528954,0.0035199999999999997,False,False,-1880.74739713792,-2588.626714304406,0.9844987891103856,-125.43284126727751,226.2542710961661,-55.51268847071222,-76.40666125657442,0.9449678659655094,-125.22606510197402,6.678187053992744,0.3582061647321209,0.0052959558341310956,0.41220855901550124,0.0035199999999999997,False,False,-1169.3622629763754,-2945.7741386953157,0.9752013435188543,-112.77131979322108,224.10927444306446,-44.72485659127689,-112.66605840711391,1.2121666762859657,-112.47477777154904,8.571450727299752,-1.095497378159175,-0.00019510490038085652,0.268709512512239,0.0035199999999999997,False,False
0.177,-261.220791649246,-4.014723903944847,-188.0742434865827,-5.551934147037531,-120.75315211212614,-4.618668391203284,10,306.0,0.001,-1897.8836356468871,-2612.2127232540424,0.993467096441947,-126.26164336892032,228.31576386647666,-29.152279172204153,-40.12466949790003,0.49665239852263116,-126.21972579567424,3.507024724214128,-0.4263978747015637,0.006842056664927234,0.20313241531587597,0.0035399999999999997,False,False,-988.7663579657332,-3043.1128674206516,0.9845194394104028,-107.34510015143117,226.25422465123123,-29.18617251015679,-89.82188029765892,0.9447928459356534,-107.73256138328112,6.678249338711306,0.3582061647321209,0.0034576716418500825,-0.09357223252493502,0.0035399999999999997,False,False,-208.1266375914143,-3164.994671840321,0.9759551060055256,-94.69531357448878,224.2822771648791,-7.96127625177585,-121.05087983025577,1.213858634871579,-94.68538851286337,8.578081786517343,-1.095497378159175,0.0073467470773337755,0.16937961581046548,0.0035399999999999997,False,False
0.178,-189.78797002546662,-2.9170757377314454,-98.87645182167523,-2.918863868046995,-24.728396950312536,-0.9458382911486607,10,324.0,0.001,-997.7756316542532,-3070.8399553218924,0.9934974659928725,-108.04285462463962,228.31572703522207,-15.330217043266162,-47.170663701969886,0.4958909282580142,-108.24809706457756,3.507197648178662,-0.4263978747015637,-0.00101719739714519,0.17862923586324234,0.00356,False,False,0.0014627184609423693,-3199.7177489201713,0.9845058507623783,-89.41448605077774,226.25421181446438,-0.001961284724173673,-94.44495130307665,0.9437435633693907,-89.68415456521333,6.678266552963859,0.3582061647321209,-0.007059498650203629,-0.04473090099692499,0.00356,False,False,773.3504538181677,-3076.5955428193097,0.9760836557330913,-77.05734363084419,224.3157490961837,29.577030847466045,-117.67026747388996,1.21354040304143,-77.02014031305562,8.57936262234228,-1.095497378159175,0.0023530533810436896,-0.03750155587936854,0.00356,False,False
0.179,-99.7774172548506,-1.5337068712006554,-7.053322427386268e-13,-2.082191590949978e-14,73.70075541539246,2.8190026892209357,10,342.0,0.001,0.0011599943621121156,-3228.8718327974825,0.993497569887431,-90.30519054524366,228.31571685534828,-0.005446345482952086,-49.599940599788454,0.4957530254360928,-90.45583402241975,3.5072454555998944,-0.4263978747015637,-0.0024638355198473147,-0.02672475694400353,0.00358,False,False,988.7685527474077,-3043.1119634109273,0.9845401697760777,-71.48259155431005,226.25421181446447,29.183229692947783,-89.82309243828007,0.9441915194738387,-71.26635620816076,6.6782665529638585,0.3582061647321209,-0.0025799376057224917,0.37304745605564815,0.00358,False,False,1679.6748709124904,-2689.1645437073976,0.9756107976635842,-58.99707126352181,224.1976094331506,64.24153636098987,-102.85250068486013,1.2126121769446274,-59.13245795030712,8.574850404278063,-1.095497378159175,-0.0005479676041812523,-0.029385907624111557,0.00358,False,False
0.18,-7.117592982248482e-13,-1.094143624752725e-14,98.87639308866461,2.9189425663614132,164.9660788146718,6.309876002811819,10,0.0,0.001,997.7773722132026,-3070.8392384059503,0.9934933656305329,-72.20534665408624,228.31571685534837,15.322044782960997,-47.17402972859283,0.49548514429116775,-72.41602556053961,3.507245455599895,-0.4263978747015637,-0.0051426469690985304,0.013063704936130315,0.0036,False,False,1880.7475289815638,-2588.6253578466544,0.9845298774389679,-53.61924964669135,226.2541989782397,55.51251189299814,-76.4084800617149,0.9441770515951265,-53.57395906962293,6.678283762319381,0.3582061647321209,-0.002748954096823749,0.06497015964954625,0.0036,False,False,2422.7530577717303,-2040.3547448907293,0.9745924262049079,-41.0040215130534,223.97298792421805,92.66284032023496,-78.03753720964187,1.211361495150125,-41.391934638419784,8.566288341504622,-1.095497378159175,-0.0009462002531151456,-0.19707790263855052,0.0036,False,False
0.181,99.77737066810481,1.5339256809113027,188.07402005293835,5.552233533215019,240.19542625211344,9.187419128955474,10,18.0,0.001,1897.8837402388745,-2612.2116475286794,,,228.31570667551102,29.151787800477102,-40.12972018793119,0.4955436439700526,-54.249581759700696,3.5072932400397443,-0.4263978747015637,-0.004625227583155706,0.17708427619181621,0.00362,False,False,2588.6253579086747,-1880.7464115285386,0.984508748386156,-35.81845085547018,226.25415253742074,76.40847972380357,-55.51401037487959,0.9444329109847157,-35.93978331030147,6.678346023382263,0.3582061647321209,-0.0002784106404667867,-0.30160930065515407,0.00362,False,False,2930.3549634641413,-1193.2258937145507,0.9735542484031149,-23.289314990478157,223.7271579997589,112.07819083749811,-45.63711072727298,1.210265097750411,-23.156375507835435,8.556946516409933,-1.095497378159175,0.0013011614959711213,0.09116015698862523,0.00362,False,False
0.182,189.78779279895937,2.917908139329368,258.86160403299783,7.642096847408516,292.07524742121365,11.171877670553645,10,36.0,0.001,2612.211647534696,-1897.8828540785807,0.9935099657472187,-36.309612690267734,228.3156698446407,40.129720529307995,-29.155948242567245,0.49547150875397844,-36.20978247411332,3.5074661706733705,-0.4263978747015637,-0.005591140591321382,0.21297506516013134,0.00364,False,False,3043.11015553728,-988.767377753491,0.9845218898596909,-17.30036016665984,226.25406456065758,89.82551592505513,-29.18480547682413,0.9441711106622985,-17.830996147456915,6.678463963338574,0.3582061647321209,-0.0030632061503982613,-0.1935772709947229,0.00364,False,False,3153.1356396599203,-230.1160780043433,0.9727956004272563,-5.221766138320928,223.5533244155595,120.60006453676412,-8.800361618152241,1.2095709819201974,-5.739469795835619,8.550386520760894,-1.095497378159175,0.0036372380098176546,-0.47405363363686953,0.00364,False,False
0.183,261.2204257522117,4.0164424576867495,304.30997609702695,8.983944712778147,315.5616419604518,12.070305103964941,10,54.0,0.001,3070.8378045881964,-997.7764404458133,0.9934877761944176,-18.371685989661394,228.31560007144463,47.18076258450493,-15.326419141911337,0.4957253891903187,-18.46535437320604,3.507793809340115,-0.4263978747015637,-0.0035156872739862733,-0.04650490375060855,0.00366,False,False,3199.7139470617217,-0.0014625554364897653,0.984531379995699,0.620420962278318,226.2539429824753,94.4500479130579,0.00196039647155688,0.9448602841388996,0.14163416791586766,6.678626937710357,0.3582061647321209,0.003598048048714993,-0.22142122272410894,0.00366,False,False,3069.4328795581805,755.3608356219054,0.9726418387579172,12.654243913351054,223.5172050883807,117.39969560589526,28.892225632979724,1.2086338415093203,12.712644100965814,8.54910791556168,-1.095497378159175,-0.003925945285303806,-0.021334432484971355,0.00366,False,False
0.184,307.08295602051464,4.721948038788703,319.9703493024626,9.446405774668548,308.3708116351863,11.79532542172028,10,72.0,0.001,3228.8688175835277,-0.001159978552422558,0.9934979467382377,-0.40699654586581624,228.3155036475249,49.614099084505625,0.005447242844835776,0.4964842369338175,0.13577486778861922,3.50824661165631,-0.4263978747015637,0.0034324309843648303,0.552202110804898,0.00368,False,False,3043.107443770144,988.764008412099,0.9845056477883731,18.458093183601516,226.2538085719268,89.82915091951047,29.189321712461613,0.945017163725004,18.28437962318543,6.678807100431097,0.3582061647321209,0.004912055346656374,-0.07869573537484043,0.00368,False,False,2687.374369570883,1667.4142481505546,0.9731136905545618,30.629216727877846,223.63196637737173,102.78770573668606,63.77683395168813,1.2094741695766618,30.690614152552566,8.553594858161322,-1.095497378159175,-0.001868159689897545,-0.03598778998752309,0.00368,False,False
0.185,322.88605258503287,4.965304081384749,304.309795355691,8.984186811359383,271.20121462818264,10.373633875183684,10,90.0,0.001,3070.835653865839,997.7737681616381,0.9934962487522083,17.008674307126675,228.31539704414493,47.19086210598347,15.338968150522716,0.49617685656561716,17.3580155473038,3.508747219613217,-0.4263978747015637,-0.0003493392597287636,-0.22557631216861146,0.0037,False,False,2588.62056285968,1880.7418104783528,0.9845175469891099,36.241424467940966,226.25368699914438,76.41490724712077,55.52017758219144,0.9446147142063672,36.34176037250393,6.678970043481308,0.3582061647321209,0.0006571238887861249,-0.020880777691788782,0.0037,False,False,2044.0893051307353,2417.387970182971,0.9740634576275551,48.91512910475865,223.85336367514333,78.18398750219733,92.46244915120795,1.210753609201842,48.790057497049354,8.56213770176101,-1.095497378159175,-0.0011551687180044235,0.09889903079985857,0.0037,False,False
0.186,307.0828126433247,4.7226215762113455,258.861296537473,7.642508730113946,207.6658043415425,7.943408490348323,10,108.0,0.001,2612.20784454438,1897.8792049044082,0.9934972432240229,35.29612434520419,228.3153006207401,40.147578909217344,29.173084712738092,0.4966862352816269,35.36534300424667,3.5092000255958813,-0.4263978747015637,0.0041040835385617435,-0.21586581002930713,0.00372,False,False,1880.7418105639777,2588.619025044448,0.9845269559279628,54.360913538686695,226.25359903022027,55.5201771168175,76.41696849426808,0.9444336994537362,54.17311398608406,6.679087939583049,0.3582061647321209,-0.0013197539035568898,-0.18881235311168754,0.00372,False,False,1202.1008630724677,2932.3783792462373,0.9751301672663014,66.93360613078963,224.0969594179087,45.9797580652091,112.16050146645705,1.2123987609110136,66.6478599690424,8.571498189039731,-1.095497378159175,0.0020586203137232363,0.03062172812552115,0.00372,False,False
0.187,261.2201818243687,4.017588347983577,188.07368494007835,5.5526824086640225,123.94091867232144,4.74088304365745,10,126.0,0.001,1897.879204912916,2612.2066248713973,0.9934932057914996,53.56817818899556,228.31523084830434,29.173085181455647,40.15330651528225,0.4966049010559318,53.66344306017269,3.5095276912390045,-0.4263978747015637,0.0028273520851810276,0.08610126928678004,0.0037400000000000003,False,False,988.763421167135,3043.103828230565,0.9845398305218506,72.35611573030856,226.25355259564054,29.190108233436842,89.83399676274266,0.9452249412768527,72.12634749235694,6.679150167891203,0.3582061647321209,0.006504660210251779,-0.23486412229529516,0.0037400000000000003,False,False,243.2499697546995,3162.3217992318146,0.9758935129109428,84.23180275243266,224.27048077803735,9.305182247265309,120.95596733277364,1.2131015307525004,84.37883236076247,8.578150281401529,-1.095497378159175,-0.00032116050761881696,-0.1302918908655594,0.0037400000000000003,False,False
0.188,189.78752696303528,2.9191569463622207,98.87615818299324,2.919257216742777,28.165933824307505,1.0773859498278102,10,144.0,0.001,997.7733023027411,3070.8327862507267,0.9935078836981013,71.98610784691643,228.31519401805613,15.341156712527793,47.20432895797553,0.49611478016485916,71.55843048850637,3.5097006721735573,-0.4263978747015637,-0.0023184888092211706,-0.015044705717123276,0.00376,False,False,-0.0014623918992953122,3199.708244659364,0.9845288064010361,90.4502945551332,226.25353976173773,0.0019595076866814054,94.45769073100902,0.9444627870634795,90.09085248225911,6.679167366548998,0.3582061647321209,-0.0011412044985871135,-0.26992509190421154,0.00376,False,False,-739.2591841171103,3084.862043236725,0.9760772942330239,102.1535597967769,224.30869317866566,,,,,,-1.095497378159175,0.010659896985383577,0.4238304968522494,0.00376,True,False
0.189,99.77718432382035,1.5348010631751299,-3.9224619260299795e-13,-1.1580984848152895e-14,-70.34796901536681,-2.690923423494749,10,162.0,0.001,-0.0011599622961284695,3228.8642948003876,0.9934784291698602,89.45731217502977,228.31518383846208,0.005448138015774262,49.63533892717692,0.49638338977551333,89.6318659530303,3.50974849533263,-0.4263978747015637,0.00029997513716374424,0.06077280087078884,0.00378,False,False,-988.7656154587205,3043.1029244226665,0.984541750271263,108.42986625343232,226.25353976173773,-29.187168082740584,89.83520780509426,0.9441668010818447,108.41365159533125,6.679167366548999,0.3582061647321209,-0.004101064314938314,0.052854021167915925,0.00378,False,False,-1649.9187898882906,2707.5247934304243,0.9755675397595622,120.30786357238712,224.19770873346258,-63.107260266745776,103.56099300521265,1.2129331663736989,120.22113808217189,8.57537333607129,-1.095497378159175,0.0019223894523550426,-0.04414106839164476,0.00378,False,False
0.19,-3.9582062919695255e-13,-6.08906120809166e-15,-98.8760994631843,-2.919335843601941,-162.02301191065968,-6.1976792883357525,10,180.0,0.001,-997.7750428135002,3070.832069354602,0.9935040571076558,107.64378601509408,228.31518383846213,-15.332981762896459,47.20769609244468,0.4969777427031802,107.66790818049539,3.5097484953326297,-0.4263978747015637,0.006243504413832609,0.09679502833588981,0.0038,False,False,-1880.7419423778472,2588.617668889536,0.9845341142521495,126.36044856886951,226.25352692838064,-55.52000069966374,76.41878565146585,0.9444767487418172,126.47347771071689,6.679184560309494,0.3582061647321209,-0.0010259033644934822,0.1122061746763176,0.0038,False,False,-2400.201627980149,2066.987257619572,0.9746371681758753,138.02114193841007,223.97995644834202,-91.80584508644984,79.06094475168999,1.2123647302990048,138.0198382445425,8.567072480452993,-1.095497378159175,0.007977211300113982,-0.15423927574808255,0.0038,False,False
0.191,-99.77713773843789,-1.535019944525898,-188.0734615566501,-5.552981523009391,-237.94600311129463,-9.10192880970084,10,198.0,0.001,-1897.8793095017243,2612.2055491757724,0.9934944634237666,125.66802696250006,228.31517365890772,-29.172593649434063,40.15835886762591,0.49618565453398655,125.547622265244,3.509796295496385,-0.4263978747015637,-0.0017449769179692007,-0.02591319256050294,0.00382,False,False,-2588.61766895195,1880.740825174068,0.9845245786197966,144.49974093679964,226.2534804979435,-76.41878531314974,55.521497824241365,0.9452944921129681,144.16648432155705,6.679246764937087,0.3582061647321209,0.007063559719033101,-0.1955416686112708,0.00382,False,False,-2917.1673195996864,1225.5139000239396,0.9735629788776367,155.68118229272082,223.73812247460543,-111.58052323514596,46.874887103918326,1.209769386328443,156.25332632288726,8.55788180756022,-1.095497378159175,-0.004978654153208603,0.13224010071804246,0.00382,False,False
0.192,-189.78734974170823,-2.919989620495255,-258.8608353461097,-7.6431262734740075,-290.7349613101808,-11.121283250966961,10,216.0,0.001,-2612.205549182131,1897.8784233657316,0.9934938982932103,143.33653997161503,228.31513682906694,-40.15835920733522,29.176755461853183,0.4955756760982945,143.86910128728317,3.509969282989629,-0.4263978747015637,-0.008089402533956302,0.2916588284330865,0.00384,False,False,-3043.1011169536023,988.7644407266573,0.9845377116003278,162.4286893999054,226.25339254086074,-89.83762909437856,29.188742439686948,0.9448380993668304,162.27979391585308,6.679364597964958,0.3582061647321209,0.0023329911915437045,-0.08298644197148697,0.00384,False,False,-3150.5539261659155,264.90454649886544,0.9728012036202409,174.02899718560516,223.563911001253,-120.5085841932034,10.131560485690361,1.2101724556051008,174.02378694573102,8.551306152315444,-1.095497378159175,0.008351419442020575,-0.0788091010721431,0.00384,False,False
0.193,-261.21981593802684,-4.01930746439401,-304.30907247175105,-8.985154765692966,-315.2569167806753,-12.059377458106285,10,234.0,0.001,-3070.8306355772943,997.7741110714707,0.9934936632055674,161.81965162971184,228.3150670578325,-47.21443116012881,15.337357563617637,0.496660297683379,161.20074047726678,3.510297029318745,-0.4263978747015637,0.0022933100132339103,-0.3806085555380898,0.00386,False,False,-3199.70444365149,0.0014622278346507755,0.9845579018092672,180.46399206043267,226.2532709898934,-94.46278272007348,-0.0019586183701600923,0.9445586071136715,-179.65182619348346,6.679527424547337,0.3582061647321209,-0.0006922029011593356,-0.01508034530465412,0.00386,False,False,-3077.6653651201236,-721.4569718688408,0.9726317361175274,-167.55003710673705,223.52320083067596,-117.72166708829747,-27.597135187072418,1.2089931542171484,-168.15034850657312,8.549851686602958,-1.095497378159175,-0.0013846693009000953,-0.25214509639891697,0.00386,False,False
0.194,-307.0822391430795,-4.725316166222091,-319.9693991960386,-9.447677983918512,-309.12708747555854,-11.824967325419186,10,252.0,0.001,-3228.8612796712873,0.0011599455804542913,0.9935083027114691,179.54290245128325,228.31497063663878,-49.649502064072465,-0.005449030994470139,0.49629728404918644,-180.39270225521486,3.5107499803477,-0.4263978747015637,-0.001977395816930159,0.02352740985346765,0.00388,False,False,-3043.0984057936266,-988.7610721399753,0.9845206142837635,-161.67704796071578,226.2531366094524,-89.84126079231598,-29.19325457904855,0.9448674765866858,-161.96968151941508,6.6797074238585,0.3582061647321209,0.002141934361919534,-0.3329556392233779,0.00388,False,False,-2705.579326281445,-1637.6807651628149,0.9730977062468998,-149.9775362375788,223.6309211556602,-103.49024965367008,-62.64336562694144,1.2103762378798497,-150.04511375027073,8.554070092783208,-1.095497378159175,0.006480440094404135,-0.14030665105159054,0.00388,False,False
0.195,-322.8852988177461,-4.968845655806784,-304.3088917711684,-8.985396644225968,-272.9408790251454,-10.440807665464824,10,270.0,0.001,-3070.8284849158563,-997.771438863256,0.9935009173336004,-162.55113001087452,228.3148640362894,-47.22453399810236,-15.349910691653365,0.4969524388647869,-162.28927070822246,3.511250752637626,-0.4263978747015637,0.0038659533750008217,0.12693985366621222,0.0039000000000000003,False,False,-2588.612874976577,-1880.736225154492,0.9845164149199259,-143.65694606844067,226.25301506391986,-76.42520700741863,-55.52765943782781,0.9445337346101859,-144.16964179753083,6.679870219087411,0.3582061647321209,-0.0014257126236955926,-0.5324821822166984,0.0039000000000000003,False,False,-2070.4608210309652,-2394.6929609618355,0.9740798455219438,-131.86108873763646,223.8455090984001,-79.19742879088739,-91.59993706103722,1.211171381869889,-132.22166357214135,8.562353997784038,-1.095497378159175,0.0027166691932129896,-0.2833287318775766,0.0039000000000000003,False,False
0.196,-307.0820957701915,-4.725989923587729,-258.86052791991835,-7.643537781811007,-210.21613127535647,-8.041446394259015,10,288.0,0.001,-2612.2017462995505,-1897.8747742952928,0.9934804485870602,-144.2270848853747,228.31476761564102,-40.176223451526724,-29.19389755736004,0.4969373830614427,-144.69748941577274,3.511703707188748,-0.4263978747015637,0.003074820872223718,-0.2788967343942978,0.00392,False,False,-1880.7362252406738,-2588.6113375058476,0.9845354146599071,-125.3559096510608,226.25292711472653,-55.52765897189738,-76.42726638491675,0.9447879597848136,-125.80774604516296,6.6799880082116765,0.3582061647321209,0.0009499601455443817,-0.16987238454377673,0.00392,False,False,-1234.047862551097,-2918.8956437376232,0.9750827557631068,-114.31567484837751,224.08509439605086,-47.204531345779,-111.6515555479707,1.2127641683953028,-114.3304764796867,8.571562761788606,-1.095497378159175,0.005621375499398812,-0.3210179426430035,0.00392,False,False
0.197,-261.2195720175025,-4.020453728880196,-188.0731265193505,-5.553429990466512,-127.05120559084585,-4.860148561737193,10,306.0,0.001,-1897.8747743042866,-2612.2005266612723,0.9934821580235923,-126.39677807432193,228.31469784521073,-29.193898023781138,-40.18195293758731,0.4974940057899385,-126.5569012341236,3.512031480284177,-0.4263978747015637,0.008177507000244508,-0.1344430268851604,0.00394,False,False,-988.7604850275583,-3043.094791064549,0.9845137314337659,-108.04257666758994,226.2528806905685,-29.19404038491811,-89.8461022392139,0.9441390821469875,-107.34659113383209,6.680050180041878,0.3582061647321209,-0.005626740478184633,0.2919964856061899,0.00394,False,False,-277.65070717831105,-3159.322689318979,0.9758783709227337,-96.24546131092315,224.25888801162736,-10.621610312082904,-120.848563332238,1.2134034864372356,-95.6047445444016,8.578226467367157,-1.095497378159175,0.002590653113877886,0.5097404994544155,0.00394,False,False
0.198,-189.78708391375977,-2.9212388353248024,-98.87586461047803,-2.9196502079912463,-31.53213761397399,-1.2062207351873169,10,324.0,0.001,-997.7709730184517,-3070.8256173828013,0.9935055697068472,-108.39073139310088,228.31466101602686,-15.352099967778571,-47.23800526806076,0.4962999274014413,-108.29307698720369,3.51220451791037,-0.4263978747015637,-0.004007989042489845,0.13324631887762983,0.00396,False,False,0.0014620632451567417,-3199.6987425274706,0.9845356934064519,-89.84594610958854,226.25286785954796,-0.001957728522134161,-94.47041860413934,0.9440864533965012,-89.55243235009544,6.68006736308625,0.3582061647321209,-0.006177328477442226,0.08658883655069595,0.00396,False,False,705.7521455046788,-3092.5956892646554,0.9760344194720415,-77.5637285921841,224.30151791888065,26.994869694472595,-118.29653433633914,1.2130395173629887,-78.42923058628783,8.579858106580264,-1.095497378159175,-0.0033565239326687813,-0.19228459268024634,0.00396,False,False
0.199,-99.77695139974328,-1.5358956126449035,1.4898181100052274e-12,4.399261217545398e-14,67.05351721540225,2.565060199486208,10,342.0,0.001,0.0011599284065937354,-3228.8567570175846,0.9934893491463502,-90.46392460196809,228.3146508367286,-0.005449921779399514,-49.6707488746632,0.49653651031286755,-90.26794243323695,3.5122523567302952,-0.4263978747015637,-0.001709814236174683,0.16076198882816112,0.00398,False,False,988.7626788259163,-3043.0938874597696,0.9845257434553489,-71.30483668183254,226.25286785954796,29.1911029039262,-89.84731218198131,0.9448055441106928,-71.57684578971156,6.680067363086249,0.3582061647321209,0.0010135786644773182,0.062155396934546185,0.00398,False,False,1620.5529023795261,-2725.1979853333814,0.9755939685901986,-60.34994836785617,224.1974104296906,,,,,,-1.095497378159175,0.003800604743766121,-0.23195293837948228,0.00398,True,False
0.2,1.503395385428542e-12,2.3143857040549362e-14,98.87580590395518,2.919728763309803,159.11971651848924,6.086990409678377,10,0.0,0.001,997.7727134782855,-3070.824900507621,0.9934896742738516,-72.44472294250255,228.31465083672862,15.34392234197966,-47.24137350495644,0.4969136532412618,-72.32390549097711,3.512252356730296,-0.4263978747015637,0.0020616150477665717,0.10477893108794432,0.004,False,False,1880.7363570245882,-2588.6099816557125,0.9845197883552848,-53.73419814574003,226.25285502907698,55.52748271549572,-76.4290818921992,0.944542002610033,-53.67150046949519,6.680084541233056,0.3582061647321209,-0.0016461299103124848,-0.032972771350117495,0.004,False,False,2377.809667355049,-2092.845540331611,0.9746771023938359,-42.54110529563779,223.9863976880409,90.95484603844874,-80.05485944626592,1.2114704427049507,-42.3338080072211,8.567836523545283,-1.095497378159175,-0.0020461847437845625,0.1106475810371034,0.004,False,False
0.201,99.7769048157977,1.5361145652831254,188.07290318645738,5.553728832655,235.7140417253846,9.017096096300383,10,18.0,0.001,1897.8748788897603,-2612.1994509970737,0.9935102124351294,-54.452050543497585,228.31464065747335,29.1934063322577,-40.18700694411127,0.49557504999281593,-54.5294786502072,3.5123001725410314,-0.4263978747015637,-0.011392039204729334,-0.1032156067396989,0.00402,False,False,2588.6099817185345,-1880.73524007164,0.9845290514011411,-35.59285218009289,226.25280860908845,76.42908155347902,-55.52897848114401,0.9446504618079988,-35.620866739560796,6.68014668935784,0.3582061647321209,-0.0006494286516014411,0.01690727045581051,0.00402,False,False,2903.8941672557485,-1257.0156161069679,0.9736037217436989,-24.349739154145077,223.74862674169353,111.07952423460128,-48.0827353024502,1.2094520845658026,-24.631193617505847,8.558799605771496,-1.095497378159175,-0.009449634457525063,-0.13348961720312488,0.00402,False,False
0.202,189.78690669789083,2.9220717806512893,258.86006683288997,7.644154763283403,289.3882511373559,11.070436900058171,10,36.000000000000455,0.001,2612.19945100379,-1897.8739927794472,0.9934918488997189,-36.73573951582952,228.31460382872032,40.18700728215102,-29.197569508307815,0.49693952105341666,-36.132663265665194,3.512473216615414,-0.4263978747015637,0.0020079501243976698,0.28969427736062053,0.00404,False,False,3043.0920803978943,-988.7615043573711,0.9845038560352609,-17.700448643541502,226.2527206718124,89.84973127114701,-29.192675832233213,0.945211220806818,-17.726520436183854,6.680264415329375,0.3582061647321209,0.004791671671001568,-0.08950002779482005,0.00404,False,False,3147.651172646792,-298.970572750521,0.9728504937067596,-6.3632740743523275,223.57427522006532,120.4048117889746,-11.43528493712026,1.2092243199089878,-6.542814404979858,8.552217386015023,-1.095497378159175,-0.0024186165755466144,-0.026040543944174765,0.00404,False,False
0.203,261.21920614243083,4.022173405189267,304.3081690507645,8.98636371784143,314.92261783690793,12.04731707569709,10,54.000000000000455,0.001,3070.8234667730335,-997.7717817630645,0.9935047211168864,-18.265210149918754,228.31453405955776,47.24811077356822,-15.34829957743025,0.4965310414565637,-18.65776720530562,3.512801070079203,-0.4263978747015637,-0.002540500659093751,-0.23931473534233272,0.00406,False,False,3199.694942375636,-0.0014618981181939716,0.9845238163940585,0.6035883890807191,226.25259914823476,94.47550596676004,0.001956838143166273,0.9445286256157865,0.11981133102987211,6.680427093945612,0.3582061647321209,-0.0022643425447027923,-0.2436415811626652,0.00406,False,False,3085.3733985109693,688.1423240032225,0.972674376879362,11.567221096297837,223.52929188725673,118.02361531220492,26.324427100768194,1.2083535601126774,11.377696357819524,8.550599170101178,-1.095497378159175,-0.008837711646442897,-0.10451994988597782,0.00406,False,False
0.20400000000000001,307.0815222876101,4.728685391198813,319.96844930455364,9.448949035616174,309.8336059499402,11.85270926150852,10,72.00000000000045,0.001,3228.853741978104,-0.0011599107622828342,0.9935063896871289,-0.25510612451502646,228.31443764124234,49.684916640933295,0.005450810369250325,0.4970452415317273,-0.4625534433438797,3.513254169091544,-0.4263978747015637,0.0019607213241920065,-0.046521348088988966,0.00408,False,False,3043.089369848965,988.758136530265,0.9845012773244803,18.251678178146378,226.2524647980942,89.85335966862422,29.19718387042195,0.9447912964723024,18.506243429861307,6.680606929651816,0.3582061647321209,0.00010803992574401792,0.14277054961490374,0.00408,False,False,2723.1080032569603,1608.3470838165663,0.9730981610555799,29.28434915647875,223.63024772404293,104.16700835282379,61.525053382661966,1.2102983610581186,29.431273113655976,8.554559551174059,-1.095497378159175,0.005009473182533487,-0.045046937898721974,0.00408,False,False
0.20500000000000002,322.8845450736745,4.972388383683196,304.3079883911948,8.986605376063597,274.6155015989095,10.505501306499397,10,90.00000000000045,0.001,3070.821316175903,997.769109635058,0.9934771311277424,17.802807978257196,228.31433104409192,47.258216911768244,15.36085680467529,0.4967230351506252,17.515096129315097,3.5137551049080504,-0.4263978747015637,-0.0019697727124105106,-0.06889087930266084,0.0041,False,False,2588.605188823655,1880.7306410893038,0.9845115271388939,36.27764249027645,226.25234327998615,76.43549741172873,55.53513449431752,0.9444170982722964,36.346378608681434,6.680769576882713,0.3582061647321209,-0.0038639599941333426,-0.01666100999413516,0.0041,False,False,2096.070209192321,2372.170697750511,0.9740083889064962,47.63749333423117,223.83815739423972,80.18183838169628,90.74392804648863,1.2105700274376692,47.28988013544812,8.562589469189437,-1.095497378159175,-0.003629881984049907,-0.15472923252296542,0.0041,False,False
0.20600000000000002,307.08137891925037,4.729359367421304,258.85975947647387,7.644565896805227,212.69248210131414,8.136666090704198,10,108.00000000000045,0.001,2612.195648234936,1897.870343818529,0.9934944546264991,35.56267691039933,228.31423462635217,40.20487736185798,29.214717201545547,0.49719877147413377,35.533955914972246,3.51420820729814,-0.4263978747015637,0.0021468069774665173,-0.04764990296985752,0.00412,False,False,1880.73064117602,2588.6036516996537,0.9845227401053035,54.23656956896638,226.25225535065,55.53513402783035,76.4375549173428,0.9439593905544902,54.14924897729495,6.680887258901649,0.3582061647321209,-0.008607464679421289,-0.21307736227103888,0.00412,False,False,1265.2208265400645,2905.343044756539,0.9750360571602414,65.31756016975356,224.07367033663195,48.39984287887672,111.13987466580323,1.212408854016847,65.56166978291286,8.571644104671636,-1.095497378159175,0.001953195506456052,0.18549107561840816,0.00412,False,False
0.20700000000000002,261.2189622296103,4.023320042016952,188.0725682251994,5.554176891633364,130.08576361567555,4.976531384978112,10,126.00000000000045,0.001,1897.8703438279867,2612.194428633306,0.9934739547931144,53.4134532776468,228.3141648580377,29.214717665666704,40.210608718687595,0.4971879959456559,53.684732209977874,3.5145360873179357,-0.4263978747015637,0.0015753593218614918,0.10699041534072679,0.0041400000000000005,False,False,988.7575495512136,3043.0857559355914,0.9845124062072025,72.46666248974938,226.25220893698048,29.197968960332005,89.85819671393284,0.9446227812556783,72.49616913454588,6.680949374186412,0.3582061647321209,-0.002061401945682852,0.13455598757410847,0.0041400000000000005,False,False,311.3402311394448,3156.0190333418013,0.975795012809326,83.19163342818497,224.24750699106647,11.910990823749572,120.72949533795335,1.2142181047695468,83.66878081342031,8.578310657396463,-1.095497378159175,0.0106177737557301,0.3946199458727338,0.0041400000000000005,False,False
0.20800000000000002,189.78664087833783,2.9233214012637116,98.87557110454915,2.9200428413657016,34.828175612109305,1.3323868092191848,10,144.00000000000045,0.001,997.7686438050575,3070.818448729444,0.9934884210865836,71.65424604576373,228.31412802997642,15.363046791390438,47.271692577996426,0.4963620728886169,71.34429231861648,3.514709181357012,-0.4263978747015637,-0.006928663186155606,-0.22958588002077104,0.0041600000000000005,False,False,-0.001461732501141455,3199.6892425381457,0.9845104602796333,90.18564856739808,226.25219610886063,0.001955947232069377,94.48313490865208,0.9446170469749919,90.28803865739987,6.680966541598707,0.3582061647321209,-0.0021430231398450613,-0.07314139595438976,0.0041600000000000005,False,False,-672.8251917979792,3099.8206355990296,0.9759890405510819,101.19390870198822,224.29424548574093,-25.73692011429473,118.58007143370072,1.212797862681041,100.6810397685197,8.58009976579269,-1.095497378159175,-0.006114828487830344,-0.4733143228728464,0.0041600000000000005,False,False
0.209,99.77671848298942,1.536990517845704,-3.1387431254294273e-13,-9.26962058267272e-15,-63.81692438721409,-2.441395225250312,10,162.0,0.001,-0.0011598926910920682,3228.8492194609853,0.9934793862960913,89.58768002669345,228.31411785099007,0.005451696761845204,49.70617038522352,0.4963757780175907,89.57299155045433,3.514757035760701,-0.4263978747015637,-0.006859288243133461,0.001493538616369557,0.00418,False,False,-988.7597428532101,3043.084852535223,0.9845380799764683,108.44401388285515,226.25219610886063,-29.195034152233745,89.85940555580248,0.9450895359973875,108.09396101587284,6.680966541598707,0.3582061647321209,0.0025818670841112963,-0.26723903748142963,0.00418,False,False,-1591.5806463494368,2742.2084001046032,0.9755680262880416,119.01397609911125,224.19674243215866,-60.88320743233681,104.90031239541166,1.2126294095046366,119.30379472785675,8.576374667627315,-1.095497378159175,-0.0025312759052282937,0.26461419235480876,0.00418,False,False
0.21,-3.167349685716542e-13,-4.8794292903882606e-15,-98.87551241139666,-2.920121325058362,-156.25644969371004,-5.977819475996524,10,180.0,0.001,-997.7703842112307,3070.8177318763373,0.9935083265993414,107.65824592751044,228.31411785099016,-15.354866502600576,47.2750619118916,0.4969404277041627,107.61266999906708,3.5147570357607,-0.4263978747015637,-0.0012127913774134897,0.04115198722913217,0.0042,False,False,-1880.7307729298027,2588.602296156235,0.9844935227529238,126.17117738206227,226.25218328129412,-55.53495793237255,76.43936877273886,0.9446709311693612,126.56609075443714,6.680983704113172,0.3582061647321209,-0.0016284526568748116,0.20441768626739187,0.0042,False,False,-2355.5878160968905,2117.9516660427093,0.9747069927896663,136.60923385307933,223.99233490275068,-90.11025129969995,81.02012031479927,1.21138891452128,136.98188130352437,8.56858135431987,-1.095497378159175,-0.0039148163635825154,0.03258968775827373,0.0042,False,False
0.211,-99.77667190054993,-1.5372095414181597,-188.07234494316594,-5.554475461340622,-233.5005021749038,-8.93295783878389,10,198.0,0.001,-1897.8704484099699,2612.1933530022275,0.9934836457850712,125.44377839329687,228.31410767204991,-29.214225815435192,40.2156643712486,0.49595314064460644,125.56244873611085,3.514804867141385,-0.4263978747015637,-0.01115330576024758,-0.011489724172680155,0.00422,False,False,-2588.6022962194666,1880.7296562292872,0.9845223741460358,144.4465988344682,226.25213687182082,-76.43936843361497,55.53645233746776,0.9450292817762772,144.47008901074776,6.681045795667681,0.3582061647321209,0.0018672426937910464,0.10766302094909551,0.00422,False,False,-2890.552277642598,1287.7488016094426,0.9736480011615939,154.81882252360816,223.7586807906161,-110.57583480419407,49.261329258972076,1.2105887434729519,154.6770685259189,8.559700287686853,-1.095497378159175,0.0006431980338874078,-0.21877062541988357,0.00422,False,False
0.212,-189.78646366821062,-2.9241546164402417,-258.8592984944401,-7.645182315720011,-288.03668299724603,-11.019398486836726,10,216.0,0.001,-2612.1933530092974,1897.8695623267413,0.9934937500839152,143.77276568759666,228.31407084444282,-40.21566470761646,29.218390348409535,0.4965957952059218,143.32847924694724,3.5149779675180466,-0.4263978747015637,-0.0049715610474204116,-0.24936320815137947,0.00424,False,False,-3043.0830458831283,988.7585686498645,0.9845351925483065,162.720363034159,226.25204895447763,-89.86182244222323,29.196605650193817,0.9451826586752444,162.42037796062542,6.681163414455069,0.3582061647321209,0.0032346735991482163,0.057199135728101314,0.00424,False,False,-3144.4486283547863,332.3259260554115,0.972902585847293,172.6874475287445,223.58441020664748,-120.28955797299017,12.711980194997873,1.2092723004574921,172.89252114817634,8.553119956429754,-1.095497378159175,-0.003215238412013141,0.0163012466672443,0.00424,False,False
0.213,-261.21859636638396,-4.0250402754509365,-304.3072658353637,-8.987571567910928,-314.56076264947467,-12.034200936044453,10,234.0,0.001,-3070.816298186727,997.7694525242923,0.9934924880505096,161.40752692590604,228.31400107746194,-47.28180137057153,15.35924516572989,0.4982356419210241,161.99146579051893,3.5153059275880785,-0.4263978747015637,0.010963100524646496,0.40971976827138834,0.00426,False,False,-3199.685443247801,0.0014615663043429095,0.9845376038708257,180.49659469110796,226.251927458464,-94.48821763930596,-0.0019550557916852007,0.9456630501391396,-179.79432690595294,6.681325944928555,0.3582061647321209,0.007808735438199002,-0.15797857770761664,0.00426,False,False,-3092.580635051868,-655.4122031345564,0.9727063880909944,-168.97953164079095,223.53545736991603,-118.30644156952349,-25.073926086860386,1.2094792218495318,-169.065534258322,8.551349567832087,-1.095497378159175,0.001357683073873497,0.059479392176456126,0.00426,False,False
0.214,-307.080805455237,-4.732055708285162,-319.96749962937224,-9.450218928381526,-310.4926390806033,-11.878637806595073,10,252.0,0.001,-3228.8462045158776,0.001159874119394999,0.9934898688646188,179.5056317315685,228.313904662177,-49.7203427580329,-0.005452580956831543,0.49774143576038465,-180.327329087863,3.5157591738534317,-0.4263978747015637,0.0053800519026956295,0.08850544570096347,0.00428,False,False,-3043.0803359491383,-988.7552015871672,0.9845379752204989,-161.59839459360688,226.25179313881694,-89.86544753530113,-29.20110958231546,0.9450496858223781,-161.75796169085763,6.681505616834559,0.3582061647321209,0.0014209978243348654,-0.12163333073287781,0.00428,False,False,-2739.984172797295,-1579.415998009032,0.973094636924229,-151.29824651187437,223.62991930806731,-104.81888655870098,-60.422006873800726,1.2102496034761534,-151.03515765322587,8.555062213117871,-1.095497378159175,0.0038110260246548146,0.09510577909756944,0.00428,False,False
0.215,-322.88379135400834,-4.975932259299886,-304.30708521706924,-8.987813005559953,-276.22738882101055,-10.567802587589995,10,270.0,0.001,-3070.8141476573023,-997.7667804807006,0.9934939254559583,-162.0409286487037,228.31379806839388,-47.291910792707384,-15.3718064719409,0.49775717536874203,-162.57695328751998,3.5162602723889744,-0.4263978747015637,0.00482878764121865,-0.16113785852371923,0.0043,False,False,-2588.597504411963,-1880.7250582907936,0.9845150959663885,-143.52820565998513,226.25167164830796,-76.44577844888019,-55.542602743545004,0.9448744918781866,-143.79710936144602,6.681668115890868,0.3582061647321209,-0.0005607499868852435,-0.16034821361105858,0.0043,False,False,-2120.9390740692197,-2349.8311379391516,0.9739896610401402,-133.0862464105245,223.8312861592633,-81.13803748243429,-89.89480423219311,1.211171773769855,-133.30230209416285,8.562843264490258,-1.095497378159175,0.002028660581318554,-0.14205094231999751,0.0043,False,False
0.216,-307.08066209163485,-4.7327299022769225,-258.85899120824615,-7.645593073980404,-215.09697585907668,-8.229148137014908,10,288.0,0.001,-2612.1895503601777,-1897.8659134810935,0.9934888106668859,-144.92836663809464,228.31370165371519,-40.233540594032974,-29.235543611734666,0.4978656031430145,-144.54441010436187,3.516713521887544,-0.4263978747015637,0.005272073795927353,-0.12621441660684954,0.00432,False,False,-1880.725058378052,-2588.5959676368943,0.9845354391924217,-125.58681020606068,226.25158373895547,,,,,,0.3582061647321209,0.0019354474479805353,-0.2924878006775073,0.00432,True,False,-1295.6371305702926,-2891.736697774813,0.97497630389759,-115.15491386378979,224.06267765259344,-49.566352018880885,-110.62607484679344,1.2120340767922522,-115.20726447836503,8.571741855792194,-1.095497378159175,-0.0019328176999238533,0.01882467534982879,0.00432,False,False
0.217,-261.21835246165784,-4.026187282769825,-188.07201005843447,-5.554923111353835,-133.04632197820007,-5.090097145879345,10,306.0,0.001,-1897.86591349103,-2612.188330797114,0.9935220606097784,-126.41714717523097,228.3136318876268,-29.23554407355296,-40.23927381239197,0.4979199609259185,-126.38596880157678,3.5170415083030457,-0.4263978747015637,0.005351808787891419,0.036089401911042734,0.00434,False,False,-988.7546147423382,-3043.076722856663,0.9844962140552964,-107.47543483506293,226.2515373358413,-29.201893955413933,-89.8702801737692,0.9454372987946632,-107.88827782872558,6.681847749348608,0.3582061647321209,0.0048132791056877304,-0.250091742606948,0.00434,False,False,-344.3300474188643,-3152.431514564926,0.9757552768599186,-97.23551067154472,224.2363444624621,-13.173759027243264,-120.59955249853584,1.2126747097133297,-97.50038685131096,8.578403111813694,-1.095497378159175,-0.004946927097191773,-0.17521041635763385,0.00434,False,False
0.218,-189.78619785747645,-2.925404640819023,-98.87527766563687,-2.9204351164400837,-38.05522368624422,-1.4559286727267065,10,324.0,0.001,-997.766314666261,-3070.811280301968,0.9934656050700208,-108.41316006365614,228.3135950607465,-15.373997165711701,-47.305390833478924,0.4974554641863083,-108.59490503530651,3.517214658475868,-0.4263978747015637,0.0004619700690567851,-0.16898474367752192,0.00436,False,False,0.0014613996418688657,-3199.6797447050362,0.9845101452271712,-89.78444013244663,226.25152451064082,-0.001954163818854937,-94.49583963074201,0.9442212262268489,-90.23144917669518,6.681864901110194,0.3582061647321209,-0.007371702826307053,-0.5928304708582047,0.00436,False,False,640.4737527343998,-3106.560114879636,0.9759538353991654,-79.45703925180455,224.28689635489923,24.500835507931953,-118.84506968156052,1.213036254664898,-79.2766048774001,8.580338433943535,-1.095497378159175,-0.004068436385090195,0.165760329322898,0.00436,False,False
0.219,-99.7764855739222,-1.5380857770107461,1.4114399478087071e-12,4.1689646272163636e-14,60.63767730565605,2.3199092660719165,10,342.0,0.001,0.0011598551325562312,-3228.8416821424908,0.9934695260923354,-90.4124006795479,228.31358488208812,,,,,,-0.4263978747015637,0.011641202235728978,0.1556876292621968,0.00438,True,False,988.7568075448016,-3043.075819662013,0.9845193814454548,-71.82068936325291,226.25152451064082,29.198961823395106,-89.87148791342884,0.944919788792058,-71.6134743887779,6.681864901110194,0.3582061647321209,-0.00038607717421683716,0.025124317059077268,0.00438,False,False,1563.0047792455878,-2758.5795700381714,0.9755826717707803,-61.45389851230108,224.19573127265974,59.79367310107188,-105.5329592064755,1.2135275314488723,-61.417994741752096,8.576855140957397,-1.095497378159175,0.005770451637367602,0.13776667954286276,0.00438,False,False
0.22,1.4243047385768171e-12,2.1957672544285655e-14,98.87521898593475,2.9205135284214947,153.4334057176667,5.870174197177935,10,0.0,0.001,997.7680550160037,-3070.8105634720737,0.9935134695525333,-72.52621225775901,228.31358488208812,15.365814227124973,-47.30876125893927,0.49756061033584925,-72.54793606777429,3.5172625283861234,-0.4263978747015637,0.0014457332881532472,-0.11965652163022159,0.0044,False,False,1880.7251901015036,-2588.594612402153,,,226.2515116859973,55.54242634217876,-76.44964628191713,0.9446357385113311,-53.432044472410304,6.681882047973683,0.3582061647321209,-0.0032508293083831443,0.20608169260552434,0.0044,False,False,2333.545844838513,-2142.3272034000884,0.97469440397186,-43.92095236181682,223.99779079704257,89.27243582573865,-81.9575472872164,1.2129445666171503,-43.81757793935588,8.569307835407985,-1.095497378159175,0.01061430518749863,-0.17265007113993444,0.0044,False,False
0.221,99.7764389930667,1.5383048711638725,188.0717868275759,5.555221408255491,231.3062628177693,8.849547769438837,10,18.0,0.001,1897.8660180693469,-2612.1872552008663,0.9934812192203143,-54.375911494526136,228.3135747034792,29.235052065407913,-40.24433110283591,0.4974004770277922,-54.28554792981968,3.517310375259622,-0.4263978747015637,-0.00022326548983678756,0.14031210113053907,0.00442,False,False,2588.594612465783,-1880.7240736550427,0.9845068728976022,-35.45823336789404,226.25146528710587,76.44964594238954,-55.54391938509892,0.9454695921940386,-35.96145944667241,6.681944082890504,0.3582061647321209,0.004999976897982252,-0.3240854362863705,0.00442,False,False,2877.1574483170534,-1317.7310022117827,0.9737027019675843,-25.690904478470618,223.7682950799372,110.07005881859189,-50.41133488805451,1.210680747890488,-25.448863194340273,8.560584248029995,-1.095497378159175,0.0003131335033754821,0.24967032747265164,0.00442,False,False
0.222,189.78602065336523,2.926238124500216,258.8585303318691,7.646208929668216,286.68173030940494,10.968224349113017,10,36.0,0.001,2612.187255208283,-1897.8651320146116,0.9934889212532095,-36.43934975072926,228.31353787707624,40.244331437529496,-29.239217948590635,0.49773182456025644,-36.480320527237815,3.517483531659323,-0.4263978747015637,0.0028453297059372984,-0.05836298046106086,0.00444,False,False,3043.074013422291,-988.7556336083641,0.9845420395465392,-17.482305308244317,226.25137738982193,,,,,,0.3582061647321209,0.0023326414607062656,0.30203668426363817,0.00444,True,False,3140.966559057331,-364.9824702866971,0.9729554833200778,-7.582459803532545,223.59431040092488,120.16359596532465,-13.962095208906982,1.210051737381407,-7.729410926026387,8.55401364797262,-1.095497378159175,0.0033152601266361126,-0.010739205312364199,0.00444,False,False
0.223,261.2179866108545,4.02790807055126,304.30636282684895,8.988778314589982,314.17327409301913,12.020102415998052,10,54.0,0.001,3070.809129829705,-997.767123358833,0.9934685178564533,-18.277440451361812,228.3134681123874,47.31550289681312,-15.370194310872852,0.49729039827277627,-18.564002004689033,3.517811597806454,-0.4263978747015637,-0.0020328887634927543,-0.14594651413402457,0.00446,False,False,3199.675946281644,-0.0014612323986114006,0.984527048360535,0.4483251103923116,226.25125592154694,94.50091772391055,0.001953271317181482,0.9454142029269217,0.3053080316853448,6.682223976520309,0.3582061647321209,0.0040502548595205455,-0.05854239882321526,0.00446,False,False,3099.3098311736094,623.2615288609616,0.9727488636760105,10.417625132436749,223.54167802635249,,,,,,-1.095497378159175,0.002697946668363371,0.13139250415093842,0.00446,True,False
0.224,307.0800886470951,4.735427112040086,319.9665501718586,9.451487660835614,311.1063713708034,11.902836209813515,10,72.0,0.001,3228.838667296521,-0.0011598356483517591,0.9934976824347925,-0.46128876384712875,228.31337170028522,49.75578035823832,0.005454342745273122,0.4977861488446399,-0.6987463302630554,3.5182649905934515,-0.4263978747015637,0.002283422726689342,-0.2831093502800565,0.0044800000000000005,False,False,3043.0713041071385,988.7522673148976,0.9845124130429282,18.674899156946037,226.2511216325863,89.87752437922305,29.20503171046649,0.9446521215114917,18.587291852427306,6.682403484431026,0.3582061647321209,-0.0038244218166684787,0.22342145373141006,0.0044800000000000005,False,False,2756.2308784443712,1550.8896531901914,0.9731031820726501,28.602157678790682,223.6299104733379,105.44676133468623,59.33431097304752,1.210123101743376,28.446928604250637,8.555577109295603,-1.095497378159175,0.0018178355391175165,0.17172833960999126,0.0044800000000000005,False,False
0.225,322.8830376599378,4.979477276934969,304.3061822500864,8.989019531403589,277.77877511002583,10.627796562588477,10,90.0,0.001,3070.806979371385,997.7644514038685,0.9934946588608603,17.557919831220907,228.31326511003772,47.32561558657194,15.382759675778958,0.49677014264545105,17.64674418902579,3.518766251039384,-0.4263978747015637,-0.008585528586117558,0.062362063744005804,0.0045000000000000005,False,False,2588.58982175255,1880.7194767669837,0.9845141318769544,36.572105484875344,226.25100016985093,76.45605010771067,55.55006417740144,0.945811146925919,36.10807457315087,6.6825658351363,0.3582061647321209,0.007536233758346792,-0.2553635120039774,0.0045000000000000005,False,False,2145.0885300079685,2327.683397854354,0.9739375061725177,46.1028746932453,223.82487353083147,82.06682874958909,89.05291565748001,1.2108396078485029,46.316366202794825,8.563114552577419,-1.095497378159175,-0.0016766579243744516,0.06952036548371059,0.0045000000000000005,False,False
0.226,307.079945288474,4.736101522711962,258.85822311633336,7.646619312220955,217.43168178884605,8.3189712047405,10,108.0,0.001,2612.1834526849093,1897.8614832899914,0.9934766016941065,35.491877442884125,228.31316869857227,40.26221310181044,29.25637675432206,0.49716344290405984,35.32780222148386,3.5192196469149466,-0.4263978747015637,-0.0052937245963742205,-0.2542005800540375,0.004520000000000001,False,False,1880.719476854793,2588.5882853286125,0.98452238116953,54.43350085258554,226.25091228060816,55.55006370980277,76.45810386285672,0.9455079592046651,54.619191814377785,6.682683302561379,0.3582061647321209,0.004338232520123137,0.2564654744423248,0.004520000000000001,False,False,1325.3139437775042,2878.091766855848,0.9749539312390799,63.96792758452047,224.05210630581564,50.704710383833145,110.11073586760929,1.211309836893165,63.90533900326609,8.571855635862873,-1.095497378159175,-0.009336126009875748,-0.2781642153041172,0.004520000000000001,False,False
0.227,261.21774271460265,4.029055446508368,188.07145201984835,5.555668648817313,135.9345869607209,5.200910614848391,10,126.0,0.001,1897.8614833004085,2612.182233162333,0.993510614564298,53.486871556697935,228.31309893481998,29.256377213834394,40.26794817244661,0.4970937627049336,53.25557502506675,3.519547739196767,-0.4263978747015637,-0.0064545191422971365,-0.32256677332010897,0.004540000000000001,False,False,988.7516806051439,3043.0676918407444,0.9845264461449644,72.57042285696656,226.25086588811604,29.20581536590185,89.88235260560293,0.9445068297745216,72.43072084738394,6.682745304553019,0.3582061647321209,-0.005760745838783074,0.06870616609391793,0.004540000000000001,False,False,376.6317565923126,3148.579846683735,0.9756951262913565,82.26736558111178,224.2254059090627,,,,,,-1.095497378159175,0.00022061065511515284,-0.04331489960807397,0.004540000000000001,True,False
0.228,189.78575485186602,2.927488550625984,98.87498429415193,2.9208270327880803,41.214463588145954,1.576891062484514,10,144.0,0.001,997.7639856057276,3070.8041121116976,0.9934954006339731,71.74382145868674,228.3130621091787,15.38495107306601,47.33909998013071,0.49767557620988273,71.66597681386627,3.5197209452238165,-0.4263978747015637,-0.0008813344053438584,0.09169559075371403,0.004560000000000001,False,False,-0.0014610646810950811,3199.6702490417865,0.9845230405698848,90.6239280046522,226.25085306585322,0.0019523782837076453,94.50853275661436,0.9447734731683465,89.98207585634113,6.682762440645272,0.3582061647321209,-0.0031185459946042166,-0.37950667943825356,0.004560000000000001,False,False,-608.6928736263843,3112.836465188043,0.9759529141125692,99.8277703420529,224.2794894033774,-23.286430293192026,119.09238033709956,1.2133816306755179,99.6758088986685,8.580574832188129,-1.095497378159175,-0.0009489938825171614,-0.29685188023652803,0.004560000000000001,False,False
0.229,99.77625267291158,1.539181388370943,-2.5089990702874565e-12,-7.411837097552407e-14,-57.51522882784198,-2.2005817847970923,10,162.0,0.001,-0.0011598157446428559,3228.8341450740036,0.9934975963401342,89.58012962559343,228.31305193086436,0.005455220335808253,49.777047867080334,0.49698885364899803,89.42934653547736,3.5197688305633337,-0.4263978747015637,-0.007816280110774395,-0.14255636849925593,0.00458,False,False,-988.7538729049202,3043.0667888531107,0.9844871784080735,108.26932789144912,226.25085306585322,-29.202885913146304,89.88355924174115,0.9450283392997483,108.34702979598718,6.682762440645272,0.3582061647321209,-0.0005698846805877476,-0.014572739792228269,0.00458,False,False,-1534.8274237124906,2774.334293094008,0.9755595193168499,117.52809891982554,224.19440214261982,,,,,,-1.095497378159175,-0.0004769817392355552,0.17354232232434297,0.00458,True,False
0.23,-2.5318693379818725e-12,-3.9060241404700564e-14,-98.87492562798882,-2.920905372973211,-150.65072040385425,-5.764060047881772,10,180.0,0.001,-997.7657258962952,3070.803395306146,0.9934832803036537,107.86990025515247,228.31305193086436,-15.376765497894889,47.34247149171434,0.4976247079556244,107.75877653279984,3.519768830563334,-0.4263978747015637,-0.0014577370445116818,0.1868536288231878,0.0046,False,False,-1880.7196085477217,2588.5869304044973,0.9845201783902522,126.47094470823124,226.25084024415105,-55.54988793680562,76.45991440857435,0.9458863459811383,126.67959104026009,6.682779571839168,0.3582061647321209,0.007985954966566297,0.31751643796227325,0.0046,False,False,-2311.6927019838176,2165.993216084718,0.9747394564709687,135.98007023621778,224.00278748857417,-88.44174320524456,82.86794117325095,1.2113715624916015,135.9842953919519,8.570016807298515,-1.095497378159175,-0.006118373730917726,0.21165123598201752,0.0046,False,False
0.231,-99.77620609371364,-1.539400552750627,-188.0712288404853,-5.555966672589396,-229.13212480478165,-8.766896674635145,10,198.0,0.001,-1897.8615878748974,2612.1811576026103,,,228.3130417526027,-29.25588504857165,40.27300709260799,0.49886540881184843,125.60158322711573,3.5198166928524075,-0.4263978747015637,0.010881584019394633,0.027241744291856686,0.00462,False,False,-2588.586930468523,1880.7184923569173,0.9845221712499466,144.33419589636512,226.25079385590809,-76.45991406864323,55.551379615929434,0.9451243131802881,144.27718168770377,6.682841550050925,0.3582061647321209,0.00027797653042623504,-0.08564430172558146,0.00462,False,False,-2863.7245476011954,1346.9795345681375,0.9737553837661495,153.90207539360284,223.77748044741978,-109.5627647469812,51.53340950404582,1.211337404871764,153.71657088211524,8.561451896178015,-1.095497378159175,0.005652663537838986,-0.0023631015721914117,0.00462,False,False
0.232,-189.7855776540506,-2.9283223014647133,-258.8577623462779,-7.647234604013021,-285.32477810880397,-10.916967456584825,10,216.0,0.001,-2612.1811576103773,1897.8607018500466,0.9934730067356065,143.4107030182618,228.3130049274618,-40.27300742562507,29.26005227523743,0.49667673032771925,143.57053857767383,3.5199899049955237,-0.4263978747015637,-0.011250159783859631,-0.007703873674482203,0.00464,False,False,-3043.0649830283555,988.7526992370772,0.9844951077313784,162.24047531610148,226.25070597880983,-89.88597171480123,29.204454545296667,0.9455334969504479,162.03128775243553,6.682958954087009,0.3582061647321209,0.004203779851916609,-0.33228953753657353,0.00464,False,False,-3137.224284311593,396.95213594742006,0.9729689917503216,171.56355799525983,223.60397143507544,-120.0276629719711,15.186081587306967,1.2093061120655908,171.50890743019076,8.55489829059628,-1.095497378159175,-0.005392066627756875,-0.18939984660748974,0.00464,False,False
0.233,-261.21737687680275,-4.03077678585606,-304.3054600265162,-8.989983956567977,-313.7619840530719,-12.005091428764798,10,234.0,0.001,-3070.801961713284,997.7647942703559,0.9934778334674108,161.66121095221018,228.31293516517542,-47.349215297893124,15.381146995191203,0.4982494393678742,161.4997188209543,3.520318076689886,-0.4263978747015637,0.004012825756735047,-0.08242417068266068,0.00466,False,False,-3199.6664514908052,0.0014608963939224395,0.9845128130354033,180.24063752898212,226.25058453844815,-94.51360620678305,-0.0019514847214763265,0.9450010724102602,-179.4725156130093,6.683121187745719,0.3582061647321209,-0.0013498985903822429,0.16343519853539185,0.00466,False,False,-3105.5828710459414,-591.6848673069592,0.9727658043043579,-170.04907588215494,223.54793614719424,-118.8181635070295,-22.638770470402243,1.2102524139698736,-169.96445699060115,8.552856221051174,-1.095497378159175,0.0069588748610669715,0.33894653384252105,0.00466,False,False
0.234,-307.0793718643148,-4.738799597015066,-319.9656009333769,-9.452755231600534,-311.67690248336413,-11.925384494304897,10,252.0,0.001,-3228.831130331934,0.0011597953418345242,0.9935090913329905,179.76411933167734,228.31283875640827,-49.79122938433842,-0.005456095722713883,0.49790239412565285,-180.38511452872058,3.5207716152661663,-0.4263978747015637,-9.902707111288389e-05,0.03032490577885784,0.00468,False,False,-3043.062274335935,-988.7493337176774,0.9845266302861133,-161.85570674311973,226.25045028036675,-89.88959018727564,-29.20895025061585,0.9447840137633501,-161.59104336015923,6.683300531466213,0.3582061647321209,-0.003774115381333467,0.04488748313142073,0.00468,False,False,-2771.8704485167236,-1522.7695907557231,0.9731145201514276,-152.2454407243319,223.6301970876323,-106.05148259243705,-58.26202746181274,1.2099530372213991,-152.50024315700736,8.55610331985741,-1.095497378159175,-0.0006269837938238052,-0.19271668796596447,0.00468,False,False
0.23500000000000001,-322.8822839926532,-4.983023430858783,-304.3052794915451,-8.990224952284176,-279.27182428483206,-10.685565604670108,10,270.0,0.001,-3070.799811329464,-997.7621224082457,,,228.31273216986472,-47.359331238939774,-15.393716398494167,0.49819103130268355,-162.34477846130392,3.521273036812741,-0.4263978747015637,0.0020782275475622913,0.07064186723160967,0.0047,False,False,-2588.582140856446,-1880.7138965258966,0.9845064837163007,-143.68149031469932,226.25032884557942,-76.46631237706575,-55.55751878778416,0.944969390521486,-143.46493257206947,6.683462733644135,0.3582061647321209,-0.0021497363198388552,0.17143011028476518,0.0047,False,False,-2168.5392005132053,-2305.735799198309,0.9739214331015025,-133.96562861762166,223.81889821758926,-82.96899625463192,-88.21858204343278,1.2105289255904692,-134.04569067395667,8.56340252389639,-1.095497378159175,-0.00519073344957401,0.28864234303280684,0.0047,False,False
0.23600000000000002,-307.07922851090126,-4.7394742232764715,-258.8574552018418,-7.647644610412376,-219.69861943152043,-8.406212082907095,10,288.0,0.001,-2612.1773552187515,-1897.857053252222,0.9934975981986321,-144.4745121199994,228.3126357617646,-40.290894838885905,-29.277216595656547,0.4983426669873638,-144.38116953025238,3.5217265783328133,-0.4263978747015637,0.0029531798255787336,0.036629183918942924,0.00472,False,False,-1880.7138966142538,-2588.580604785847,0.9845134254271488,-125.60817668497901,226.2502409765726,-55.55751831963044,-76.46836425363131,0.9445691279822663,-125.76116606229986,6.683580093580876,0.3582061647321209,-0.00631833372625238,-0.12409240241975783,0.00472,False,False,-1354.2682141038285,-2864.4225086753486,,,224.0419458933745,-51.815561286896255,-109.59440292800976,1.2129737498746525,-116.50481202682167,8.57198505149859,-1.095497378159175,0.007119982457783871,-0.10953757695578017,0.00472,False,False
0.23700000000000002,-261.21713298941023,-4.031924528595969,-188.07089411024648,-5.556413503214173,-138.75224064642714,-5.309035652108058,10,306.0,0.001,-1897.8570532631104,-2612.176135738593,0.9934542081724712,-126.51869486596605,228.3125660004585,-29.277217052859637,-40.29663175253456,0.49831061322626224,-126.54282572832085,3.5220547759508456,-0.4263978747015637,0.0021685006920037875,-0.1211675285820879,0.00474,False,False,-988.7487471438342,-3043.0586629008067,0.9844896525597492,-107.84820135582332,226.25019459476871,-29.2097331875367,-89.89441399632383,0.9452843379109914,-107.51605023958659,6.683642038824919,0.3582061647321209,0.0007461617567499678,0.1217343112161823,0.00474,False,False,-408.2570267149108,-3144.482811235098,0.9756439383409541,-98.47097894180459,224.21469566037686,-15.621217107279813,-120.31001578403564,1.21272396438635,-98.28632093280675,8.578613618140077,-1.095497378159175,-0.004752081268725364,0.20241053352230734,0.00474,False,False
0.23800000000000002,-189.78531186220982,-2.9295731273154666,-98.87469099052018,-2.9212185899841527,-44.307080485914724,-1.6953188568784099,10,324.0,0.001,-997.7616566271231,-3070.7969441699493,0.9934793987918193,-108.41362096298623,228.3125291761142,-15.395908495752984,-47.372819963500056,0.4975786316404047,-108.36292141692611,3.522228037552217,-0.4263978747015637,-0.005396344073069523,0.06259584021954577,0.00476,False,False,0.001460727633613601,-3199.6607555620303,0.9845086271416111,-89.60401862928643,226.25018177546195,-0.0019505906278154406,-94.52121427248454,0.9455677793786306,-89.6148213409869,6.683659159229222,0.3582061647321209,0.003556364525180677,0.023394880810560518,0.00476,False,False,577.4772524627838,-3118.6711573286343,0.9759059903771958,-80.48435416084772,224.272042001065,22.093505553870806,-119.32282168113942,1.2133199085051953,-80.62754923533781,8.580809624274364,-1.095497378159175,-0.0018982617384351267,-0.02675066149570285,0.00476,False,False
0.23900000000000002,-99.77601978032537,-1.5402773501547695,3.6065516822415474e-12,1.0655578272966767e-13,54.44900133137926,2.083391072998328,10,342.0,0.001,0.001159774533434188,-3228.8266082674195,0.9934811466950965,-90.17316545914676,228.31251899815993,-0.005456968903058135,-49.81250372393909,0.498686534081231,-90.35931710182487,3.522275938243592,-0.4263978747015637,0.005614938527803075,0.0685775359874546,0.00478,False,False,988.7509389377885,-3043.05776012148,0.9844920343227243,-71.67392409921005,226.25018177546198,29.20680641722641,-89.89561952762995,0.945286066783422,-72.15221612417588,6.683659159229223,0.3582061647321209,0.0007392385730938493,-0.5140199023784534,0.00478,False,False,1507.0501108359101,-2789.494647531925,0.9755543305599964,-62.882196194666186,224.19277893344145,57.66000997231051,-106.7285665622475,1.2130913596275632,-62.801517617619055,8.577780502682218,-1.095497378159175,0.00010007432293499368,-0.09089468083867637,0.00478,False,False
0.24,-9.489991058823172e-13,-1.4651077457616685e-14,98.87463233797602,2.9212968582877816,147.90847516823294,5.659480422607039,10,0.0,0.001,997.7633968557791,-3070.7962273898693,0.9934716000519586,-72.0280234815006,228.31251899816002,15.387720297228023,-47.376192555757704,0.4977132843044168,-72.67171205545397,3.5222759382435913,-0.4263978747015637,-0.004117559240337085,-0.24383741764161893,0.0048,False,False,1880.7140282764706,-2588.579250174294,0.9845178027648115,-53.872146477463055,226.25016895671942,55.55734270815007,-76.4701731415592,0.9450438505930426,-53.51787519890872,6.683676274734914,0.3582061647321209,-0.0017071283109745222,0.11984943098116525,0.0048,False,False,2290.0365588980276,-2188.970263515262,0.9747425920592634,-45.17658022908404,224.0073464826946,87.61848737957322,-83.75208368354504,1.212363453925602,-44.82830192846959,8.570709087356764,-1.095497378159175,0.002821508761751868,-0.030072887602353188,0.0048,False,False
0.241,99.77597320285417,1.5404965844063496,188.07067098270332,5.556711253533077,226.97881638638836,8.685032558725936,10,18.0,0.001,1897.857157833604,-2612.1750602170896,0.9934907068232304,-54.27352048759417,228.3125088202615,29.276724731276026,-40.301692294236815,0.4984723175330858,-54.471419493310776,3.5223238158708923,-0.4263978747015637,0.0034050638564900038,-0.045962494908646845,0.00482,False,False,2588.579250238724,-1880.7129123429186,0.984504135869262,-35.543131008639286,226.25012257919175,76.47017280122513,-55.55883302185731,0.9459971593936869,-35.68301348410313,6.683738196174299,0.3582061647321209,0.007738389556088295,-0.04603947334825214,0.00482,False,False,2850.267557374239,-1375.5114731426374,0.9738096613212764,-26.68508575922204,223.78624802886281,109.05448727961777,-52.628201314761,1.211205326164516,-27.11332638267583,8.56230365306187,-1.095497378159175,0.003127310328368778,-0.2613291432361279,0.00482,False,False
0.242,189.78513467097372,2.9304071439628387,258.85699453877,7.648259337640357,283.9671271744549,10.865677567794073,10,36.0,0.001,2612.1750602252046,-1897.8562718400437,0.9934897122851332,-36.36638899516361,228.31247199644108,40.301692625575065,-29.28089329469066,0.49842987943968076,-36.04980384806449,3.522497083477424,-0.4263978747015637,0.0027356455233622052,0.37175370246179423,0.00484,False,False,3043.055954714289,-988.749765540211,0.984508070848699,-17.605591374859724,226.25003472240527,89.89802979007845,-29.20837361391552,0.9464088759195821,-17.52451272511218,6.683855492643414,0.3582061647321209,0.011689672557599309,0.11171075312569607,0.00484,False,False,3133.2402137835847,-428.2468945285241,0.9730483901649354,-8.965011294625123,223.613390027788,119.88246156355605,-16.384392617194194,1.2097616235182125,-9.295493546555171,8.555773755766296,-1.095497378159175,-0.0020750468183632744,-0.4224114075376907,0.00484,False,False
0.243,261.2167671651914,4.033646416724905,304.30455743566256,8.991188492535358,313.3286369828122,11.989234558955097,10,54.0,0.001,3070.794793848775,-997.7624652625434,0.9934634164157431,-18.3962915308045,228.312402236667,47.38293851933757,-15.392103200993168,0.49898774536566404,-18.46751764067952,3.5228253601884303,-0.4263978747015637,0.007850051406277866,-0.04985910951052901,0.00486,False,False,3199.656958888912,-0.0014605582852880161,0.9845336212598842,0.14331382372939414,226.24991331013115,94.52628307414304,0.001949696006345203,0.9456765204824725,0.28851937910118175,6.684017577630363,0.3582061647321209,0.004136895399704199,-0.07572856649493051,0.00486,False,False,3111.4207930069415,560.6764666724714,0.9727969376117379,8.931905579411692,223.55421547620472,119.04869494416292,21.453695894113295,1.2096451405573707,9.626671374960997,8.553611177574492,-1.095497378159175,-0.00018152901823942407,0.5017133110022717,0.00486,False,False
0.244,307.07865510802816,4.742173157754213,319.9646519152909,9.454021639299425,312.2062498902664,11.946359557622658,10,72.0,0.001,3228.8235936340084,-0.0011597532076592643,0.9934884264316539,-0.4019691368889047,228.31230583138716,49.826689779044194,0.0054578398770699366,0.4989561304281862,-0.5644914460993264,3.5232790438206303,-0.4263978747015637,0.006892296485816235,-0.14924954899832904,0.00488,False,False,3043.0532466484874,988.7464007997226,0.9844854971191134,18.31606722813467,226.2497790831221,89.90164494635435,29.212865198507473,0.9458984311562606,18.36036109705431,6.68419675696584,0.3582061647321209,0.006102604291254816,-0.0039068168624969545,0.00488,False,False,2786.9245102106615,1495.056790007179,0.9731158634226005,27.05026169922161,223.6307562809676,106.63387362319187,57.20519662874137,1.2101172706031917,27.154900507516412,8.556639972915718,-1.095497378159175,0.0002564079907561647,0.03357724920570888,0.00488,False,False
0.245,322.88153035334454,4.986570715333887,304.3043769427436,8.991429266892391,280.70863106164586,10.741189462803078,10,90.0,0.001,3070.7926435428517,997.7597934974995,0.9934733358389637,17.830998704954293,228.31219924871584,47.39305769531474,15.404676622366951,0.49772478910666457,17.656757167867713,3.5237806256570017,-0.4263978747015637,-0.00613046056503685,0.07197995830365711,0.0049,False,False,2588.5744617346772,1880.7083175755479,0.9845131876672703,36.4210325123299,226.24965767645728,76.47656524579945,55.56496656659654,0.9447221599980459,36.501929652223424,6.684358810440239,0.3582061647321209,-0.0058892855122163355,0.13809310258491667,0.0049,False,False,2191.311218785248,2283.9959133429347,0.9738874528943192,44.973511690915046,223.81333952360075,83.84530549893971,87.39209447851455,1.2107871173011147,45.08668817968421,8.563706391379887,-1.095497378159175,-0.0030385498594471404,-0.009295095000690999,0.0049,False,False
0.246,307.0785117600498,4.742847998513108,258.8566874658775,7.6486689674410195,221.8997588404895,8.490945685549276,10,108.0,0.001,2612.1712579713353,1897.8526233747698,0.9934990119118923,35.486768129164034,228.31210284413356,40.31958575889212,29.29806310204103,0.4980474693699861,35.39238550177015,3.524234312088112,-0.4263978747015637,-0.0035452674357624786,-0.19001426335472113,0.00492,False,False,1880.708317664452,2588.5729260196285,0.9845263821186852,54.43137189268218,226.24956982781288,55.564966097888146,76.4786152415561,0.9453711761454413,54.67109909298815,6.684476062761179,0.3582061647321209,0.00043505613924637795,0.3079727526839894,0.00492,False,False,1382.516655345763,2850.7423148865537,0.9748512789111333,62.70321628796653,224.03218572554684,52.89953923825214,109.0775882613733,1.2116435244979118,63.38357480948114,8.5721296981955,-1.095497378159175,-0.006386832630146746,0.34622293237215396,0.00492,False,False
0.247,261.2165232870461,4.0347945243897305,188.07033633043406,5.557157673735415,141.50093983758597,5.414535166022827,10,126.0,0.001,1897.8526233861428,2612.1700385355157,0.9934753884405523,53.276069861397296,228.31203308538406,29.298063556931943,40.325324506275884,0.49810587636654474,53.626467922975436,3.524562614511535,-0.4263978747015637,-0.003425487209940663,0.047926120840287995,0.00494,False,False,988.7458143626362,3043.049636049824,0.9845112320257613,72.28604821608626,226.24952345676442,29.213647416063388,89.90646433283177,0.9458396588733244,72.27157565981942,6.68453795119035,0.3582061647321209,0.005032359962188524,-0.09084055778275645,0.00494,False,False,439.21756824498686,3140.15829399508,0.975620809982445,80.69869717329753,224.20421699425205,16.806792044788317,120.15182133369171,1.2127255774097083,81.12801093000391,8.578731965926005,-1.095497378159175,-0.004903320079079099,0.18141434944755971,0.00494,False,False
0.248,189.78486888921103,2.9316583675137804,98.87439775516732,2.9216097876030878,47.33426070409852,1.8112569894708364,10,144.0,0.001,997.7593277341512,3070.789776488043,0.9934869127281649,71.6082911071864,228.3119962623952,15.406869416048806,47.40655072906138,0.4983237043259181,71.84170898409346,3.5247359314069544,-0.4263978747015637,-0.0014923147202980855,0.26702471650516374,0.00496,False,False,-0.00146038847422858,3199.651264279418,0.9845177102877287,89.86669100176029,226.2495106404322,0.0019488008535510914,94.53388416457908,0.9454270274597455,90.28576816058727,6.684555055888119,0.3582061647321209,0.0008818561308351831,-0.07621686084379145,0.00496,False,False,-546.8212745956849,3124.0848218289884,0.9758810781220691,98.73598434065475,224.26457009894264,-20.921850362941726,119.53718004124504,1.2143824975361386,98.50940271825684,8.581043419894332,-1.095497378159175,0.008396991634414368,-0.32762799878500487,0.00496,False,False
0.249,99.77578689653566,1.5413736605883679,-1.5713334558218137e-13,-4.643149398426324e-15,-51.438389925032084,-1.9683143734793005,10,162.0,0.001,-0.001159731472981207,3228.819071734651,0.9934802320827641,89.3575424343246,228.31198608481722,0.005458708641581822,49.847970914996765,0.4993140527384071,89.78641411341461,3.5247838473726754,-0.4263978747015637,0.008343405996015683,0.21410628493833755,0.00498,False,False,-988.7480056475987,3043.048733480111,0.9844900832204938,108.17381338747947,226.24951064043225,-29.21072333137687,89.90766875799659,0.9455868516289299,108.72243550352125,6.6845550558881195,0.3582061647321209,0.0024800978226756994,0.36043048209022266,0.00498,False,False,-1479.6738210300414,2804.0820070164536,0.9755478193383498,116.68229968757416,224.19088427849897,-56.61598277797355,107.29318127919107,1.2133354885623222,116.66947324587747,8.578227163850686,-1.095497378159175,0.0019096893882911221,-0.0595220556130846,0.00498,False,False
0.25,-1.5856586284126358e-13,-2.449759564671985e-15,-98.87433911632642,-2.9216879839401866,-145.20670087438148,-5.5564367822014615,10,180.0,0.001,-997.7610678981218,3070.7890597345754,0.9935005439625261,107.30721115642926,228.31198608481728,-15.398678607417931,47.40992439653657,0.49830097600224893,107.72100685862264,3.5247838473726754,-0.4263978747015637,-0.0017873613655659019,0.1486790301464209,0.005,False,False,-1880.708449295762,2588.5715717226,0.9844909635127038,126.22486363157957,226.24949782466788,-55.564790648115185,76.48042246972983,0.9457712801494317,126.0027724946716,6.684572155687014,0.3582061647321209,0.00430020026018565,-0.35970364374848396,0.005,False,False,-2268.5848530227213,2211.2784027213097,0.9747666347583406,134.23166905985656,224.01148865299106,-86.80295428350819,84.61073749550152,1.2121215554945906,134.85702431228418,8.571385469070178,-1.095497378159175,-0.0005540237408130746,0.2148035443923041,0.005,False,False
0.251,-99.7757403208648,-1.5415929643567725,-188.07011325502782,-5.557455150277563,-224.8469970181921,-8.603980800306713,10,198.0,0.001,-1897.8527279524665,2612.168963053946,0.9934792065680834,125.73520051312919,228.3119759072982,-29.29757107982525,40.33038666133162,0.4986186564397733,125.44076442488576,3.5248317402607525,-0.4263978747015637,0.00132171223781788,-0.13398010047830047,0.00502,False,False,-2588.5715717874205,1880.7073336210865,0.984514759647238,144.65322108689423,226.24945145792216,-76.48042212899274,55.566279594787716,0.9465157800230679,144.0386734107353,6.684634020286767,0.3582061647321209,0.011657709240546375,-0.32455257832554507,0.00502,False,False,-2836.799614266323,1403.3436387943516,0.9738341641156972,152.68983397835908,223.7946091849191,-108.54572889382035,53.69634898190066,1.2105725660789766,152.63812532835723,8.563139948370809,-1.095497378159175,-0.004382990695079886,0.049686448497540885,0.00502,False,False
0.252,-189.78469170483035,-2.93249264861896,-258.8562269104486,-7.649283129437011,-282.60999799961536,-10.814401381078687,10,216.0,0.001,-2612.168963062401,1897.851841991609,0.9934586555579379,143.7408121083032,228.31193908485648,-40.33038699098867,29.301740973245494,0.4985658279160251,143.5122268755965,3.5250050630503234,-0.4263978747015637,0.000548311560656694,-0.06641557200287203,0.00504,False,False,-3043.0469284930728,988.7468325220007,0.9844894868656542,162.33731451669556,226.24936362157365,-89.91007680721518,29.212289090903305,0.9461114612721298,162.60807571596575,6.6847512090615,0.3582061647321209,0.007448791776579282,0.24409996291132152,0.00504,False,False,-3129.0318825938443,458.8787350218614,0.973087440054381,170.73869645367424,223.62256388549034,-119.72866101730925,17.55748236586675,1.2101757047340966,170.6631758432235,8.556639952699152,-1.095497378159175,0.0008407778903457206,0.09624997835992989,0.00504,False,False
0.253,-261.21615747698337,-4.036516958511096,-304.3036550555849,-8.992391921183547,-312.874893358977,-11.972595193819002,10,234.0,0.001,-3070.7876262475106,997.7601363390806,0.9934934737103421,161.7484349084878,228.31186932770495,-47.41667250659887,15.40306291056297,0.49755021031994096,161.48591673065087,3.5253334442466646,-0.4263978747015637,-0.010072265541679407,-0.09662321038384887,0.00506,False,False,-3199.647468489621,0.0014602180886100768,0.9845174039373359,180.464363867918,226.24924223756167,-94.53894831222141,-0.0019479051729551777,0.9457909046174791,-179.38205963094808,6.684913145200619,0.3582061647321209,0.004014212945891849,0.2534936671203327,0.00506,False,False,-3116.843815730038,-530.2302904306875,0.9728094639357909,-171.51430857566396,223.56050112379862,-119.26337792129652,-20.289991065459567,1.2094418345912092,-171.65663817628555,8.554366443704184,-1.095497378159175,-0.0032826962836659222,-0.2213509995402892,0.00506,False,False
0.254,-307.0779383793668,-4.745547788794263,-319.9637031189643,-9.455286882556491,-312.69635148795646,-11.965835270863469,10,252.0,0.001,-3228.8160572146617,0.0011597092482418248,0.9934795552263725,179.5631499768399,228.31177292606458,-49.862161484989315,-0.005459575196353761,0.49963208252333446,-180.2907662384821,3.5257872722004318,-0.4263978747015637,0.01010464684505444,0.12427812929320464,0.00508,False,False,-3043.0442210577876,-988.7434685652381,0.9845199562595772,-161.18813607293953,226.2491080418177,-89.91368864336563,-29.216776549888245,0.9458256536260308,-161.817149634716,6.685092159956435,0.3582061647321209,0.004108537935869513,-0.18161630503497006,0.00508,False,False,-2801.4140041677047,-1467.7517077915336,0.9731497461638456,-153.38587490243256,223.6315664041181,-107.19473164711299,-56.16383878001055,1.209963480378105,-153.5545074480858,8.55718624297835,-1.095497378159175,-0.002054036791404978,-0.11602821967896676,0.00508,False,False
0.255,-322.880776743202,-4.990119124615091,-304.30347460497615,-8.992632473919786,-282.0912225859794,-10.794745319574792,10,270.0,0.001,-3070.7854760228834,-997.7574646753103,0.9934842443728407,-162.5029605006628,228.31166634743383,-47.42679490112715,-15.415640329653943,0.4985282616126322,-162.42941931796105,3.5262890135146563,-0.4263978747015637,-0.0016431316333472001,-0.01439405755400681,0.0051,False,False,-2588.5667843982956,-1880.7027399239498,0.9845256083433319,-143.71563754413538,226.24898666344984,-76.48680870277519,-55.572407505748075,0.9446737419619794,-144.09455169896975,6.685254064551268,0.3582061647321209,-0.007639546378469182,-0.45858748010313755,0.0051,False,False,-2213.424229400096,-2262.470603555235,0.9738688215054487,-135.43519777413354,223.8081773667687,-84.6965034724465,-86.57371702564596,1.2110237294789303,-135.39128500995835,8.564025391162373,-1.095497378159175,-0.001123561900074654,0.07114501460782768,0.0051,False,False
0.256,-307.07779503704876,-4.746222842957088,-258.8559199095383,-7.649692382193848,-224.0370208934548,-8.573245063072273,10,288.0,0.001,-2612.165160952298,-1897.8481936646376,0.9934517064440245,-144.09990813077022,228.31156994652142,-40.34828581539911,-29.318916239733028,0.499573746500768,-144.59857555051684,3.526742844122334,-0.4263978747015637,0.00816990384761356,-0.18117378995092745,0.00512,False,False,-1880.7027400134143,-2588.565249040993,0.9844954529565237,-125.68194239777624,226.24889883529403,-55.57240703648583,-76.48885681549565,0.9453709622845269,-125.44705450604265,6.685371209129024,0.3582061647321209,-0.0008330106036161472,0.18961915346925806,0.00512,False,False,-1410.0757359049053,-2837.063752863496,0.9748239381425511,-117.38948834292295,224.02281489615814,-53.95726951197531,-108.56077268374811,1.212442316740913,-117.73285062175042,8.57228916301835,-1.095497378159175,0.0013755724846705303,-0.21401109196055132,0.00512,False,False
0.257,-261.2159136084677,-4.037665429240355,-188.06977868120532,-5.557901159572337,-144.18231512856414,-5.517471077335093,10,306.0,0.001,-1897.8481936765008,-2612.1639415627365,0.9934971943931425,-126.50759634716782,228.3115001904386,-29.318916692308747,-40.35402638722799,0.49942614391195067,-126.3708223386654,3.527071250819604,-0.4263978747015637,0.0062294407541863255,0.05043585732602103,0.0051400000000000005,False,False,-988.7428822657648,-3043.040611300767,0.9845215486790219,-107.80734343902218,226.24885247506737,-29.21755804722976,-89.9185036020366,0.9451622231002327,-107.25623857252324,6.68543304067609,0.3582061647321209,-0.003007845458999866,0.38114444097254907,0.0051400000000000005,False,False,-469.52511106226257,-3135.623320351689,0.9755464554100842,-99.43711278139759,224.19397223220992,-17.967522958493134,-119.98555361281007,1.2133091890254937,-99.49757796551137,8.578859177372156,-1.095497378159175,0.0007528919263388855,0.10938925012479497,0.0051400000000000005,False,False
0.258,-189.78442593356178,-2.933744267842502,-98.87410458850613,-2.9220006252196167,-50.29718965808002,-1.9247503699693238,10,324.0,0.001,-997.7569989304766,-3070.7826090773005,0.9934764448480954,-108.2120847512341,228.31146336886312,-15.417833816205095,-47.440292222215255,0.49929836490695784,-108.3629450567095,3.527244622728409,-0.4263978747015637,0.004706465799491514,0.06216914598355699,0.0051600000000000005,False,False,0.0014600472149055577,-3199.641775207583,0.9845299214887023,-89.60530395966792,226.24883966172808,-0.0019470089621931308,-94.5465424191346,0.9456334325693806,-89.51489783213728,6.685450129648736,0.3582061647321209,0.0016800817755961487,0.12291590239859114,0.0051600000000000005,False,False,516.7190451455941,-3129.0972756039037,0.9758569059676853,-81.749647112211,224.25708831392538,19.77124301891844,-119.73621080233119,1.2135053689939928,-81.60884029308257,8.581276777908233,-1.095497378159175,-0.0007043118551899338,0.10523257254132475,0.0051600000000000005,False,False
0.259,-99.77555402190154,-1.5424703178952832,1.2546864249726636e-12,3.707992738243971e-14,48.48276544455346,1.8553279946030172,10,342.0,0.001,0.0011596865841028148,-3228.811535487595,0.9934449164633455,-90.04795127888141,228.3114531916774,-0.005460439539116013,-49.88344938284017,0.49828992577871256,-90.66729010376707,3.5272925538908577,-0.4263978747015637,-0.005445710382956725,-0.2398004065973417,0.005180000000000001,False,False,988.7450730385841,-3043.039708941964,0.9844994869180902,-71.65288052406751,226.24883966172803,29.214636651343596,-89.91970691975166,0.9459316402024662,-71.68956563511394,6.685450129648737,0.3582061647321209,0.004662158106450521,-0.051771900578006826,0.005180000000000001,False,False,1452.6990226755622,-2818.1170560987994,0.9755062593595076,-63.98250769462312,224.188739596322,55.58719261154475,-107.83672879429801,1.2125230263845483,-64.02018534321279,8.578664249021509,-1.095497378159175,-0.006833064165936681,-0.1998646512074171,0.005180000000000001,False,False
0.26,1.2661256614396065e-12,1.957494098777251e-14,98.87404596345706,2.9220787495053466,142.5453814640307,5.454928792210513,10,0.0,0.001,997.75873902702,-3070.7818923515742,0.9934704930117271,-72.12299170994629,228.31145319167746,15.409640410734617,-47.44366695944394,0.49847241927763103,-72.4866595451446,3.5272925538908577,-0.4263978747015637,-0.0036207753937717436,-0.05918984797491577,0.005200000000000001,False,False,1880.7028716136263,-2588.5638950604325,0.9845274354842877,-53.4983902153595,226.24882684896045,55.572231748610875,-76.49066238195186,0.9463321281832041,-53.84218882447549,6.685467213722262,0.3582061647321209,0.008642877385350876,-0.2048657317029727,0.005200000000000001,False,False,2247.3443289887373,-2232.9371912636757,0.9747749139000318,-46.02480821490869,224.01523422712071,85.99540340999636,-85.44464635922913,1.2118681567068834,-46.108585652631255,8.572046721495905,-1.095497378159175,-0.004023163766503465,-0.2023523017072113,0.005200000000000001,False,False
0.261,99.77550744810887,1.542689690825028,188.06955565826019,5.558198362014613,222.737261272565,8.523764301111424,10,18.0,0.001,1897.8482982384944,-2612.1628661227915,0.9934590935135468,-54.478348341829694,228.31144301455402,29.318424060478065,-40.35909014743845,0.4994688429545874,-54.32213140176654,3.527340461962158,-0.4263978747015637,0.006275709131611062,0.10292254411836135,0.005220000000000001,False,False,2588.5638951256487,-1880.7017561994198,,,226.24878049306312,76.49066204081221,-55.57371932663085,0.9455716511186136,-35.664071706915806,6.685529021415168,0.3582061647321209,0.0009506974618783252,-0.027497695792671747,0.005220000000000001,False,False,2823.3330492858095,-1430.492588972183,0.9738416064579593,-28.08020645323526,223.80257543529123,108.03696136059092,-54.73848124291777,1.2110607879989232,-27.89444857767397,8.563961218037795,-1.095497378159175,-0.0006622221970273455,0.06553814012274145,0.005220000000000001,False,False
0.262,189.78424875632007,2.9345788120529503,258.8554594624168,7.650305978290614,281.25453460720144,10.76318267965575,10,36.0,0.001,2612.162866131597,-1897.8474123117212,0.9935075862356035,-36.539751642400766,228.3114061935489,40.359090475412174,-29.322595277151052,0.49966507947975625,-36.069317761206754,3.5275138396540036,-0.4263978747015637,0.007992881300079096,0.3518397930676705,0.005240000000000001,False,False,3043.037904377674,-988.7439001866439,0.984492509156168,-17.42552653993647,226.2486926772789,89.92211275312414,-29.216200972006213,0.944868700552219,-17.486962706506407,6.685646102368203,0.3582061647321209,-0.006244385673744092,0.14886230964363814,0.005240000000000001,False,False,3124.615985677416,-488.85964244625995,,,223.63149161023293,119.56689862180272,-18.705804859396146,1.2101801112177843,-10.12293837458183,8.557496824853123,-1.095497378159175,-0.00032695749414288254,-0.1410402667807166,0.005240000000000001,False,False
0.263,261.2155478131415,4.039388406561653,304.3027528875801,8.993594241204994,312.402333036381,11.955233650650225,10,54.0,0.001,3070.780458920807,-997.7578075036287,0.993486558265901,-18.714161852777938,228.31133643913014,47.45041720505541,-15.414026106160481,0.4989214083409655,-18.141806128415407,3.527842324803658,-0.4263978747015637,9.162175849190153e-05,0.2754554633284935,0.00526,False,False,3199.637980306563,-0.0014598757895498693,0.9845009883994211,0.255493623320113,226.24857132170354,94.55160190725884,0.0019461122233601635,0.9466258703087218,0.2823246358183306,6.685807889483553,0.3582061647321209,0.011098510358538115,-0.08232082164487461,0.00526,False,False,3121.8713640741425,500.34004830631073,0.9728218878722359,8.181478070897585,223.56677948395318,119.46295287707906,19.14741917627888,1.2098189760923002,8.088678477077707,8.555121498618048,-1.095497378159175,-0.0005790901722814573,0.07304536555984423,0.00526,False,False
0.264,307.0772216794628,4.7489234846645765,319.9627545457606,9.456550959996987,313.1490681738378,11.98388257634877,10,72.0,0.001,3228.808521085787,-0.0011596634486608082,0.9934524561217227,-0.4985109975326731,228.31124004128148,49.89764444472952,0.005461301668867824,0.4988829108161218,-0.336292905964834,3.5282962963436497,-0.4263978747015637,-0.0009353661987328016,0.07855394054478765,0.00528,False,False,3043.0351975767935,988.740537018449,0.9845157047669061,18.1352113886112,226.24843715741738,89.92572126522504,29.220684300508914,0.9459188129893125,18.65710740750558,6.68598673946522,0.3582061647321209,0.0037750050947403164,0.29244198158843127,0.00528,False,False,2815.3591994171934,1440.8543159287885,0.9731245164292404,25.884364163643163,223.63260698603008,107.73482837718653,55.13795566553239,1.2092585939069869,26.060863371898463,8.557741349338635,-1.095497378159175,-0.009887940445860747,0.048021612953904,0.00528,False,False
0.265,322.88002316341556,4.99366865294945,304.3025724795408,8.993834572059047,283.42155999137645,10.846307850064154,10,90.0,0.001,3070.7783087808657,997.7551359453674,0.9934820557727434,17.806082992531387,228.31113346685956,47.46054280173313,15.426607502587961,0.4998000200541208,17.38758297393082,3.5287981963226844,-0.4263978747015637,0.007525932423951889,-0.19758928763297248,0.0053,False,False,2588.5591088583196,1880.6971635791251,,,226.2483158075209,76.49704273686389,55.57984159715478,0.9453919471742214,36.37495399221792,6.686148495004577,0.3582061647321209,-0.0017224099337180888,0.010718980086503786,0.0053,False,False,2234.897391013609,2241.1660652296478,0.9738744502188699,43.957026615309395,223.80339229216764,85.52331875150844,85.7636882536018,1.21139983895491,43.975396879566404,8.5643587831002,-1.095497378159175,0.0021660454596597626,-0.014809674796572251,0.0053,False,False
0.266,307.0770783430313,4.749598751136317,258.85515253392975,7.650714853558925,226.11227769340337,8.653181417030279,10,108.0,0.001,2612.159064171253,1897.8437641288272,0.9934836245843405,35.32186417700474,228.31103706976927,40.376994961913795,29.339775974944494,0.4981634272242016,35.45904661143726,3.529252170371467,-0.4263978747015637,-0.009482012131994275,-0.12375009732699718,0.00532,False,False,1880.6971636691396,2588.5575738609723,0.9845057570597266,53.858441312267836,226.24822799997958,55.57984112733883,76.49908896432305,0.9455547018551306,54.59589058290309,6.686265531711867,0.3582061647321209,-0.00026037802337141826,0.23236424223115715,0.00532,False,False,1436.9616691072179,2823.3986048583383,0.9747807761279739,62.175607583400655,224.01382234584779,54.9893677727725,108.04440708277829,1.2119516692971042,62.09591082532349,8.572463027018063,-1.095497378159175,-0.0037767827798217647,0.15997706462806083,0.00532,False,False
0.267,261.2153039546405,4.0405372384924005,188.06922116336534,5.558643959917176,146.79797012121736,5.6179042888369235,10,126.0,0.001,1897.8437641411638,2612.157844829884,0.9934791309546759,53.55731045462765,228.31096731646298,29.339776425201624,40.38273734888551,0.4984311495371113,53.629879191582184,3.529580680810321,-0.4263978747015637,-0.007269372920905743,0.05093738570034487,0.00534,False,False,988.7399508574172,3043.0315886666012,0.9844993877582386,72.38972776317907,226.2481816506412,29.221465076786387,89.93053179085813,0.9455131481413114,72.18681951224733,6.686327306309641,0.3582061647321209,-0.0007632776355461688,-0.17599824365568364,0.00534,False,False,499.1913834432968,3130.894089646049,0.9755264503845816,79.81275061950957,224.18396282834993,19.103854140968153,119.81183107212398,1.213003343529829,79.7692167288645,8.578995310610258,-1.095497378159175,-0.002498084501919819,-0.08114407033540973,0.00534,False,False
0.268,189.7839829959653,2.9358308249188285,98.87381149096217,2.922391102409176,53.19704996994732,2.035843812111642,10,144.0,0.001,997.7546702197609,3070.775441949037,0.9934937296888998,71.48336144746455,228.31093049635896,15.428801678449432,47.47404438828845,0.4997070996955747,71.78187983554423,3.529754107451471,-0.4263978747015637,0.005244866355737387,0.20679250354131976,0.00536,False,False,-0.0014597038705943532,3199.6322883601542,0.9845116757363226,90.30753401198157,226.2481688403131,0.0019452149549308295,94.55918902239813,0.9451317007145239,90.44029932590915,6.686344379538598,0.3582061647321209,-0.004601897095365066,0.07791181560817682,0.00536,False,False,-487.1644192516182,3133.7275482349633,0.9758086733688676,97.79096130627516,224.2496100102683,,,,,,-1.095497378159175,-0.001101387036362025,-0.0758422571359327,0.00536,True,False
0.269,99.77532115679506,1.543567320296868,-2.3522329975573652e-12,-6.952537299176096e-14,-45.58147724581371,-1.7444074169040082,10,162.0,0.001,-0.0011596398817772524,3228.803999538144,0.9934895702847376,89.3432591281793,228.31092031958147,0.005462161583502212,49.91893906997849,0.5000411115364155,89.73576672866622,3.5298020537329244,-0.4263978747015637,0.00851717848264852,0.16305394342857865,0.00538,False,False,-988.7421411149701,3043.0306865199955,0.9844966822920064,108.58380764986568,226.24816884031316,-29.218546372875572,89.93173399981566,0.9461466728251141,108.43746864717478,6.686344379538598,0.3582061647321209,0.00554782401053753,0.0750611368737667,0.00538,False,False,-1426.125708612995,2831.6198059913936,0.9755379401556956,115.60390100786822,224.18636513456448,-54.57364196992428,108.35997106748428,1.2132635035672363,115.95788226199808,8.5790925299846,-1.095497378159175,-3.397308556796314e-05,0.31667258798191694,0.00538,False,False
0.27,-2.373680290227724e-12,-3.6724478314867004e-14,-98.87375287978921,-2.92246915455864,-139.92445738322067,-5.354954453455224,10,180.0,0.001,-997.7564102461547,3070.7747252521744,0.9934880696551318,107.63150415614794,228.31092031958153,-15.420605689423873,47.47742018979909,0.4980438098591323,107.74059139004567,3.5298020537329244,-0.4263978747015637,-0.011455838290183333,0.16785860480800577,0.0054,False,False,-1880.6972952380775,2588.556220198811,0.9845023942019445,126.2989700082039,226.24815603056058,-55.579666001552766,76.50089286709947,0.9447417107000655,126.22233735599697,6.686361447868188,0.3582061647321209,-0.00852593550314065,-0.14054032053477747,0.0054,False,False,-2226.321077799538,2253.965691089299,0.9747958134971683,133.52708391986278,224.0186027773381,-85.196069301613,86.25453523929357,1.2115770724157842,133.67594325239554,8.572693588887853,-1.095497378159175,-0.007848815316242281,0.11975685512294804,0.0054,False,False
0.271,-99.77527458495416,-1.5437867620319232,-188.0689981932018,-5.558940887936608,-220.65014256374758,-8.444403627824633,10,198.0,0.001,-1897.8438686986751,2612.156769433248,0.9934789310870236,125.69982581138217,228.31091014286963,-29.339283639447235,40.38780270604069,0.4997908712763358,125.82273564466611,3.5298499769097864,-0.4263978747015637,0.005947002275181585,0.24758805682279653,0.00542,False,False,-2588.556220264439,1880.6961800859215,0.9845177128711619,144.22280537370537,226.24810968557827,-76.50089252555803,55.58115220930326,0.9451349988465403,144.6373702200261,6.686423198587087,0.3582061647321209,-0.004680382742547975,0.273744231332808,0.00542,False,False,-2809.879425914325,1456.9746093903216,0.9738910219679743,151.39071571614042,223.81015839975518,-107.52862719314598,55.75521658940719,1.2119248876110016,151.68720368987243,8.564767901984933,-1.095497378159175,0.006837950545162594,0.18470201867714334,0.00542,False,False
0.272,-189.7838058261423,-2.936665630880126,-258.8546921957774,-7.651327883089663,-279.9018082141261,-10.712062470975704,10,216.0,0.001,-2612.1567694424148,1897.8429828073702,0.9934681998538345,143.29326656782885,228.31087332335937,-40.38780303232902,29.343456172611056,0.4997280148727087,143.85786004139084,3.5300234092227707,-0.4263978747015637,0.005073167909733222,0.27881759753854235,0.00544,False,False,-3043.028882381055,988.7409685383428,0.9844941235704646,162.3354628311261,226.24802189048452,-89.93413761472812,29.220109252973835,0.9456722687720726,162.29839405232312,6.6865401715912025,0.3582061647321209,0.0005268917039242583,-0.0659801618263471,0.00544,False,False,-3120.0084111510605,518.2015782529128,0.9731403692300399,169.47114315531414,223.6401726139243,-119.39778094417257,19.829813332720775,1.2098531480402128,169.52936679758088,8.558344346660506,-1.095497378159175,-0.004795166104266785,0.04914557437296982,0.00544,False,False
0.273,-261.2149381746284,-4.042260756217335,-304.3018509329431,-8.9947954512931,-311.9124585009448,-11.93720730035232,10,234.0,0.001,-3070.773291879974,997.7554787598618,0.9934605032844063,161.39038652681998,228.31080357178342,-47.484172560011736,15.42499277002181,0.49980679698599706,161.48305954593158,3.530351997792994,-0.4263978747015637,0.005396294630167974,-0.09987732457120205,0.0054600000000000004,False,False,-3199.6284943533597,0.0014595313793961395,0.9845126021805852,180.33114258807473,226.24790056351986,,,,,,0.3582061647321209,0.005167898494738301,0.12173334750959862,0.0054600000000000004,True,False,-3126.522094569733,-470.9992251594796,0.9728808049186127,-172.3994311011939,223.5730381545764,-119.64813102655083,-18.025734754929633,1.2097264862237789,-172.48549484009678,8.555875867379608,-1.095497378159175,-0.0025708273911213566,0.03700937534113579,0.0054600000000000004,False,False
0.274,-307.07650500944635,-4.752300239887129,-319.961806197043,-9.457813870247225,-313.5661863800016,-12.00056958370544,10,252.0,0.001,-3228.8009852592754,0.00115961580917201,0.9934742073953174,179.05244191300176,228.31070717787867,-49.93313860074296,-0.005463019282688553,0.4984300311306633,-180.10671934011992,3.530806112182872,-0.4263978747015637,-0.00901357865220504,0.307929993171684,0.0054800000000000005,False,False,-3043.02617621846,-988.7376061635739,0.9845197506410005,-161.7607178443407,226.24776643088455,-89.9377427988581,-29.224588446123327,0.9460324328402375,-161.32901365013836,6.686880494520159,0.3582061647321209,0.003647243083856087,0.30612216914915213,0.0054800000000000005,False,False,-2828.779708611786,-1414.3641365326375,0.973092231122309,-154.60898739451244,223.63385869053346,-108.25491059453651,-54.12753182504458,1.210242216975612,-154.8963808224916,8.558304554437843,-1.095497378159175,-0.0008482020493085256,-0.37144702431824816,0.0054800000000000005,False,False
0.275,-322.8792696151753,-4.997219294576277,-304.301670567734,-8.995035560003814,-284.70153997760923,-10.8959492814802,10,270.0,0.001,-3070.771141828107,-997.7528073113456,0.9934637301154216,-162.51106058554845,228.3106006078339,-47.4943013424151,-15.437578123377659,0.49935739726743655,-162.1466252851491,3.531308170012581,-0.4263978747015637,-0.0004499342763426269,0.2680049393619094,0.0055000000000000005,False,False,-2588.5514351257675,-1880.6915885490894,,,226.24764510963385,-76.50726733694509,-55.58726883273876,0.946377337604216,-143.55817804472605,6.68704210082827,0.3582061647321209,0.006867744890946583,0.07738771264067688,0.0055000000000000005,False,False,-2255.74937998062,-2220.087864202313,0.973870420388893,-136.86191122059438,223.7989654808679,-86.32646163181863,-84.96222269556112,1.2118199653807498,-136.44163260221993,8.56470585111946,-1.095497378159175,0.005876481418155848,0.10469077834653856,0.0055000000000000005,False,False
0.276,-307.0763616791292,-4.752975717571328,-258.8543853401549,-7.651736380425082,-228.12735304874803,-8.73082411794011,10,288.0,0.001,-2612.152967637823,-1897.8393347743288,0.9934652426943706,-144.4582416477998,228.31050421471804,-40.405713151880526,-29.36064227384166,0.5001243725543568,-144.2680632595098,3.5317622867660194,-0.4263978747015637,0.0065776005212471724,0.1489415673671661,0.005520000000000001,False,False,-1880.691588639636,-2588.5499004905982,0.9844849540768433,-126.20885940463408,226.24755732283347,-55.58726836236899,-76.50931167691998,0.946288545481386,-125.41306197639898,6.687159029537922,0.3582061647321209,0.0058144614956246,0.2232116827452224,0.005520000000000001,False,False,-1463.1904049653285,-2809.757905610786,0.9747314477403773,-118.9126315006201,224.00519691878708,-55.996439757811125,-107.52891384793392,1.2125159241546732,-118.81436001845087,8.572650867399933,-1.095497378159175,0.0016001193802699194,-0.21581828620588162,0.005520000000000001,False,False
0.277,-261.2146943265272,-4.043409947484125,-188.06866377771527,-5.5593860739626875,-149.3494807709637,-5.715894660032416,10,306.0,0.001,-1897.8393347871274,-2612.1517483465836,,,228.31043446429865,-29.36064272177691,-40.41145734468029,0.49922688863369935,-126.22489851876642,3.5320909004134826,-0.4263978747015637,-0.0028619685623516304,0.19595967347873533,0.005540000000000001,False,False,-988.7370201418072,-3043.0225681602947,,,226.24751098445012,-29.225368500487654,-89.94254888622629,0.9455722970495639,-107.76960789926254,6.687220747119278,0.3582061647321209,-0.0014353046631857755,-0.13262642506041783,0.005540000000000001,False,False,-528.2280928647087,-3125.986008479861,0.9754852663837841,-100.96109514647856,224.17418945212378,-20.216229196614997,-119.63124197401257,1.2129650350766352,-100.75439254068793,8.579140393761726,-1.095497378159175,-0.003086347594335105,-0.07276097285479975,0.005540000000000001,False,False
0.278,-189.78354007712093,-2.93791803535535,-98.87351846295671,-2.922781218747404,-56.03501975348598,-2.1445819679974565,10,324.0,0.001,-997.7523416056913,-3070.7682751145694,0.9934589865375683,-108.50034566654588,228.3103976457243,-15.439772984985902,-47.50780717253405,0.499262551249827,-108.29383807985914,3.5322643815055654,-0.4263978747015637,-0.0027506817143135697,0.1308730484725383,0.005560000000000001,False,False,0.001459358432654767,-3199.622803750769,0.9845290695097382,-89.29550268385927,226.24749817715175,-0.001943418833662225,-94.57182396062768,0.94497794964433,-89.46975980037287,6.6872378045859975,0.3582061647321209,-0.007402901616299175,0.16765144368672116,0.005560000000000001,False,False,458.1510302878125,-3137.993907824028,0.9757821041819013,-83.04667346193133,224.24214737750015,17.53223804200215,-120.09116231549126,1.2136939578358015,-82.99385166214041,8.58174418083151,-1.095497378159175,0.0005205690097072755,-0.2099088495479968,0.005560000000000001,False,False
0.279,-99.77508830158395,-1.5446646660120167,3.449773065654097e-12,1.0197947420739208e-13,42.73385580680733,1.6355273924245426,10,342.0000000000009,0.001,0.0011595913479141018,-3228.796463898204,0.9934804119265058,-90.63408790851014,228.31038746937125,-0.005463874763114829,-49.95443991884364,0.4992971020420245,-90.3287038347725,3.5323123428281984,-0.4263978747015637,-0.0024730013452747327,0.09838088954192473,0.005580000000000001,False,False,988.7392098809538,-3043.0216662271805,0.9845025150973032,-71.41990751206615,226.24749817715175,29.22245249172422,-89.94374998511987,0.9457882862528513,-71.48925315630639,6.6872378045859975,0.3582061647321209,0.0007004644689134888,0.1481380877531693,0.005580000000000001,False,False,1399.953430592669,-2844.6096105584,,,224.18378001440465,53.57531646982355,-108.86364508664832,1.2134461859733867,-64.95207683981093,8.579512735695854,-1.095497378159175,0.0011985903600946217,-0.0654483127735705,0.005580000000000001,False,False
0.28,3.4812297495369573e-12,5.3898382970064966e-14,98.87345986574407,2.922859198675769,137.34382881390894,5.25651022521154,10,9.094947017729282e-13,0.001,997.7540815591911,-3070.767558447703,0.9934658023483639,-72.36182574564806,228.31038746937134,15.431574425707307,-47.511184032847915,0.4989256032364355,-72.26017472829044,3.5323123428281975,-0.4263978747015637,-0.00618798940116388,0.16688999602395124,0.005600000000000001,False,False,1880.6917201771214,-2588.5485471487773,0.9845065163517122,-53.50513988764562,226.24748537043266,55.58709339886249,-76.51111391405615,0.9463062946736598,-53.96724593987406,6.687254857153097,0.3582061647321209,0.005856432705332956,-0.3303243862061403,0.005600000000000001,False,False,2205.520574157008,-2274.382473216766,0.9747883346835937,-46.495289503991536,224.0216132151703,84.40516297147951,-87.04111048831048,1.212626782896604,-46.95699158114252,8.573326790482295,-1.095497378159175,0.0017528072093792556,0.013745993405493673,0.005600000000000001,False,False
0.281,99.77504173176837,1.5448841761958745,188.06844086065385,5.55968272723655,218.5861166935993,8.365917147081126,10,18.00000000000091,0.001,1897.8394393399994,-2612.150672994953,0.993488371395114,-54.61305272259806,228.310377293087,29.360149782900088,-40.416524290559394,0.4988078423049437,-54.6479522492748,3.532360281032857,-0.4263978747015637,-0.007433393575267585,-0.22330137581565512,0.005620000000000001,False,False,2588.548547214817,-1880.6906052886188,0.9845207820481918,-35.643898770317115,226.2474390364321,76.51111357211323,-55.58857823472849,0.9462582742804514,-35.28889606860776,6.687316550830886,0.3582061647321209,0.005288980737407879,0.34727794288234337,0.005620000000000001,False,False,2796.449576705647,-1482.8057070631933,0.973926889649543,-29.169450756835463,223.81736974547317,107.02114103871624,-56.74716299740899,1.2108296074336107,-29.149034728824528,8.565560442108648,-1.095497378159175,-0.005235672220428164,-0.12471913788174958,0.005620000000000001,False,False
0.28200000000000003,189.7833629149965,2.938753101711261,258.8539251116332,7.652348842723506,278.55282074850675,10.661079120496185,10,36.00000000000091,0.001,2612.1506730044803,-1897.8385534855618,0.9934836984088806,-36.452431948726726,228.3103404751297,40.41652461516003,-29.36432362578395,0.4998409579586336,-36.32300580009053,3.5325337676854622,-0.4263978747015637,0.0026524157846266406,0.09775175793004397,0.005640000000000001,False,False,3043.0198625161834,-988.7380375813256,0.9844904450255139,-17.359359974268685,226.2473512621549,89.94615137896007,-29.224013929559828,0.9458187611272402,-17.756456906714405,6.687433415758959,0.3582061647321209,0.0007285772390483716,-0.12103035066779644,0.005640000000000001,False,False,3115.22427268494,-546.9164624836944,0.9731959883623932,-11.146324218320016,223.64860703859856,119.2218850597027,-20.92995954655408,1.2104773240556548,-10.919507305452365,8.559182520489136,-1.095497378159175,0.00026123725407902105,0.12742897307524034,0.005640000000000001,False,False
0.28300000000000003,261.2143285624068,4.045134002812651,304.3009491929732,8.9959955501424,311.40669802149876,11.918570687175745,10,54.00000000000091,0.001,3070.7661251363315,-997.7531501114688,0.9934949659763816,-17.963854029470074,228.31027072650673,47.51793851669894,-15.435962884359352,0.49975082832115386,-18.32655952751712,3.5328624591427986,-0.4263978747015637,0.0012862794930278661,0.0903051447006295,0.005660000000000001,False,False,3199.6190106436543,-0.0014591848716207778,0.9845059571173318,0.35823930494600803,226.24722996397554,94.57687411322702,0.0019425199824714134,0.9457310756299016,0.33387387210730196,6.687594904299517,0.3582061647321209,-0.00037665701856138005,-0.03116909401145116,0.005660000000000001,False,False,3130.813920499977,442.2011078949769,0.97290035019893,6.768701659303938,223.57926586134923,119.81959531216833,16.9246846935428,1.2103170354654504,7.061525444676701,8.556629118042814,-1.095497378159175,0.002269407721820096,0.11144332859226261,0.005660000000000001,False,False
0.28400000000000003,307.075788370452,4.755678048976616,319.9608580741743,9.45907561193458,313.9494205608737,12.01596166421771,10,72.00000000000091,0.001,3228.793449747035,-0.001159566338387208,0.9934839697586225,-0.474086832792226,228.31017433669814,49.96864389543067,0.0054647280257771325,0.5006105040551352,-0.3858696718748402,3.5333167156452396,-0.4263978747015637,0.009240621126292373,0.02858215623416743,0.005680000000000001,False,False,3043.017156995763,988.7346760048149,0.9845115021048523,18.11234740178477,226.2470958631836,89.94975323120111,29.228488982488145,0.9456228778116074,18.694083922360043,6.68777342415,0.3582061647321209,-0.0017111003952103958,0.32902098765419674,0.005680000000000001,False,False,2841.694503481125,1388.2802753256851,0.9731278217709386,24.834074293716228,223.63530327268546,108.75570073229821,53.13253585793908,1.2109232659263216,24.4364883786736,8.558875162212727,-1.095497378159175,0.005155326203752117,-0.5114899265643544,0.005680000000000001,False,False
0.28500000000000003,322.8785160996712,5.000771043727161,304.30076887085204,8.99623543644875,285.93299640177173,10.94373945331615,10,90.00000000000091,0.001,3070.763975175936,997.7504787769158,0.9934588645628243,17.458999068163084,228.31006777119887,47.5280704683822,15.448552174207752,0.49979324401641245,17.381769641509887,3.5338189305103924,-0.4263978747015637,0.00035778166554118737,-0.2037976398709188,0.005700000000000001,False,False,2588.543763211681,1880.6860148418486,0.9844662702631226,36.54612912171818,226.24697457075314,76.51748249190769,55.59468920442804,0.9468410804079872,36.11665043899302,6.687934881051231,0.3582061647321209,0.010242591029128343,-0.24798303364636937,0.005700000000000001,False,False,2275.9983947880446,2199.2409732211727,0.9738499311504617,42.77098664767902,223.7948787547714,87.10662429252427,84.169512237609,1.2117698994165234,43.0637525532478,8.565065903411366,-1.095497378159175,0.0048666309415114906,0.13598470242044078,0.005700000000000001,False,False
0.28600000000000003,307.0756450464741,4.756353736775296,258.85361832931625,7.652756961682019,230.0840230234614,8.806240725780372,10,108.00000000000091,0.001,2612.146871361645,1897.8349056081345,0.993461933782955,35.495151194272104,228.30997138220957,40.43444033868133,29.38151510254531,0.4996615302027547,35.303435624741454,3.534273189231046,-0.4263978747015637,-0.001601775314610817,-0.2797580077764884,0.005720000000000001,False,False,1880.6860149329273,2588.542228940895,0.9845108125994235,54.347096483361554,226.24688680481984,55.59468873350488,76.51952494217647,0.9456853674845884,54.25226783426869,6.688051701636159,0.3582061647321209,-0.0014797474604280412,-0.11165850677077803,0.005720000000000001,False,False,1488.777623266655,2796.1519784492157,0.9747211283807989,60.79962269501921,223.9969274133573,56.97908100917406,107.01468824353739,1.212313742479909,61.0526942526452,8.572852259461701,-1.095497378159175,-0.000706508752478175,0.17516972539488662,0.005720000000000001,False,False
0.28700000000000003,261.2140847250905,4.0462835515475355,188.0681065250563,5.560127500902247,151.83839485272168,5.811500986378651,10,126.00000000000091,0.001,1897.8349056213951,2612.1456521224613,0.9934915385078644,53.81073571030563,228.30990163478725,29.381515548155576,40.440186327981664,0.4997720638025348,53.38951732045736,3.534601905553427,-0.4263978747015637,-0.0009613143980933908,-0.18982448917010025,0.005740000000000001,False,False,988.7340901231556,3043.0135497948095,0.9845017745629959,72.58291288999034,226.24684047745808,29.22926831409142,89.95455487508114,0.9454927776435371,72.09320676308572,6.688113362134024,0.3582061647321209,-0.0034928469832853806,-0.2700125331023569,0.005740000000000001,False,False,556.6469085120166,3120.913722991155,0.9754796652528565,79.01120388801458,224.16465206528989,21.305090372024754,119.44434561860749,1.2127250211343692,78.72840547224462,8.579294427870364,-1.095497378159175,-0.005704324142501661,-0.06844208952672948,0.005740000000000001,False,False
0.28800000000000003,189.78309717772828,2.9400058957601165,98.8732255049109,2.9231709738102682,58.812271056949484,2.251009268435076,10,144.0000000000009,0.001,997.7500130919492,3070.7611085852163,0.9934869198614737,71.61039634148634,228.30986481780076,15.4507477179946,47.54158052013164,0.49970938004488624,71.93957157476592,3.534775440814647,-0.4263978747015637,-0.001833567894546798,0.3640811584704544,0.00576,False,False,-0.0014590108972356575,3199.6133213930584,0.9844736317384724,90.5523955073363,226.2468276732079,0.0019416206001383607,94.58444722009168,0.9461563502542841,90.39178949363826,6.688130403819964,0.3582061647321209,0.0031187785408030846,0.028999491256903584,0.00576,False,False,-429.67231616111684,3141.9138863852513,0.9757343445570478,96.65616514112747,224.23471150488427,-16.4433531402552,120.24844800944322,1.2132148243807945,96.69365003851428,8.581979116490237,-1.095497378159175,-0.004603014735219377,-0.0032193708674749287,0.00576,False,False
0.289,99.77485545664032,1.5457623532573053,-3.9609856446389676e-16,-1.1710749738279193e-17,-39.93921514957743,-1.5286620371943138,10,162.0,0.001,-0.001159540978790119,3228.7889285796764,0.9934661326918215,89.37870887268758,228.30985464188834,0.0054655790661197745,49.98995187179018,0.5001485612425427,89.66693287754518,3.5348234171005304,-0.4263978747015637,0.0024903953678487266,0.09381510338352195,0.0057799999999999995,False,False,-988.7362793407444,3043.0126480764866,0.9844847548429332,108.30327462255177,226.24682767320795,-29.226355003644585,89.9557548626053,0.9462099922866513,108.39495435168533,6.688130403819964,0.3582061647321209,0.0036551988644733754,0.03214434930400893,0.0057799999999999995,False,False,-1374.1813317790713,2857.1051824531482,,,224.18100227506721,-52.59218608667888,109.34846347770062,1.2122089206315159,114.70947212263607,8.579925553963124,-1.095497378159175,-0.011757876250981611,0.11351796536468506,0.0057799999999999995,False,False
0.29,-3.997106324763087e-16,-6.192959864025906e-18,-98.87316692173417,-2.923248881432512,-134.80335872051552,-5.159591141351174,10,180.0,0.001,-997.7517529697998,3070.7603919494804,0.993469303437552,107.52854883242996,228.30985464188834,-15.442546601782684,47.54495843376271,0.4990660210485457,107.36158813246097,3.5348234171005304,-0.4263978747015637,-0.008335006572121172,-0.2115496417006405,0.0058,False,False,-1880.686146438759,2588.540875921365,0.9845003198309361,126.35285494001712,226.2468148695404,-55.594513932467834,76.52132551171377,0.9451851790075532,126.36296990110058,6.688147440606036,0.3582061647321209,-0.006617027580428061,-0.0003093155270161451,0.0058,False,False,-2184.9477120006395,2294.205623156836,0.9747899414923696,132.83847265289492,224.0242837897409,-83.62287325631945,87.80506004873388,1.2118617564640013,132.71658332267572,8.573947020423041,-1.095497378159175,-0.006774594710639601,0.20380166408859904,0.0058,False,False
0.291,-99.7748088889105,-1.545981931532778,-188.06788366140998,-5.5604238791078515,-216.54560522507307,-8.288321153920693,10,198.0,0.001,-1897.8350101694475,2612.1445768175427,0.9934804629304003,125.79813928676715,228.3098444660476,-29.381022456958323,40.445254854352996,0.4994228335998251,125.72629002707306,3.5348713702551144,-0.4263978747015637,-0.004834697060898895,0.15073935687329473,0.00582,False,False,-2588.5408759877937,1880.6850318155355,0.9844821450060456,144.3493669520704,226.24676854658782,-76.52132516936902,55.59599739483619,0.9448196471079993,144.26795323166,6.688209077175647,0.3582061647321209,-0.010359513848649726,-0.0960727566663645,0.00582,False,False,-2783.0536384261004,1508.001604587133,0.9739599786167227,150.3892523998052,223.82422114009606,-106.51489101503205,57.714917705331,1.2113120958201686,150.73405181790457,8.566339280485359,-1.095497378159175,-0.0015122321500896123,0.2747054034339957,0.00582,False,False
0.292,-189.78292002357466,-2.940841221152478,-258.8531582110814,-7.653368856082197,-277.2085082237291,-10.610268480025647,10,216.0,0.001,-2612.1445768274043,1897.8341243533068,0.9934773306156316,143.67611612495128,228.30980764970113,-40.44525517726328,29.38519760278281,0.4990605231687944,143.5030354434893,3.5350449109654427,-0.4263978747015637,-0.008703224997376304,-0.07640699661723928,0.00584,False,False,-3043.0108447960047,988.7351073198217,0.9845053903977459,162.29518811937118,226.2466807932531,-89.95815403276256,29.227914997521154,0.9457437011091967,162.45077113195535,6.688325833900648,0.3582061647321209,-0.0012840927806704507,0.08599845869339807,0.00584,False,False,-3110.277940879988,575.0161575634279,0.9732143592679001,168.72658066590026,223.6567956823989,-119.03975974380042,22.006693166582096,1.2099477013650586,168.47218467875896,8.560011373821245,-1.095497378159175,-0.006207165275367548,0.03577093667792982,0.00584,False,False
0.293,-261.2137189774341,-4.048008141675773,-304.3000476689635,-8.99719453644828,-310.88640870099357,-11.899375644648222,10,234.0,0.001,-3070.7589587011817,997.7508215621484,0.9934650335975147,161.59282039497552,228.309737904141,-47.55171502027429,15.446936431361763,0.4996659698675935,161.5762451830857,3.535373704775713,-0.4263978747015637,-0.0031137426750933546,-0.007088597016089517,0.00586,False,False,-3199.609529191064,0.001458836288449561,0.9845112236131763,180.71128189439082,226.24655952403333,-94.58949269669242,-0.0019407206934074495,0.9469868847086509,-179.90580943891672,6.688487172890452,0.3582061647321209,0.010919575426352173,-0.27105115816085024,0.00586,False,False,-3134.76403654198,-413.9388105104756,0.9729042931568541,-173.69371169900603,223.58545238503103,-119.97800133834016,-15.844009204421235,1.2105948068930474,-173.36825887808644,8.557380858887997,-1.095497378159175,0.003983999899143217,0.19856340363299857,0.00586,False,False
0.294,-307.07507176360866,-4.759056906440294,-319.95991017851753,-9.460336183687488,-314.3004156319691,-12.030121543342092,10,252.0,0.001,-3228.7859145609555,0.0011595150627101702,0.9934887929370487,179.8176852958291,228.30964151858072,-50.004160271116106,-0.005466427885849168,0.49858403521195627,-180.27969811893144,3.5358281026524034,-0.4263978747015637,-0.0145757048713947,0.13455621201845896,0.00588,False,False,-3043.0081399216615,-988.731746546359,0.9844916725885187,-161.56622758616254,226.2464254552777,-89.96175254920007,-29.23238590536289,0.9464176490769214,-161.58148842628498,6.688665527384203,0.3582061647321209,0.004974987765083166,0.05324988581727304,0.00588,False,False,-2854.121930436399,-1362.6014530469583,0.9731454285292295,-155.5076704447243,223.63692353504237,-109.23789746547956,-52.15292162053731,1.210744356700207,-155.51603951062268,8.55945251643951,-1.095497378159175,0.002549731764796107,0.052594061246516305,0.00588,False,False
0.295,-322.877762618093,-5.004323894625968,-304.2998673901923,-8.99743420008956,-287.11770187629594,-10.989745877790405,10,270.0,0.001,-3070.7568088356684,-997.7481503457273,0.9934640430495136,-162.74378193711036,228.30953495779514,-47.56185012476989,-15.459529637238743,0.5010269474255887,-162.5753121982479,3.536330473736679,-0.4263978747015637,0.009142957264202643,-0.16107697749902547,0.0059,False,False,-2588.5360931270916,-1880.6804424653897,0.9844878699602583,-143.64974485174483,226.24630419184177,-76.52768819064885,-55.60210270415642,0.9459539156134282,-143.56666387582897,6.688826834703054,0.3582061647321209,0.00010953013212186173,0.06850342202106133,0.0059,False,False,-2295.662161209103,-2178.629806644489,0.9738095173130703,-137.495321849424,223.79111457793687,-87.86448098800264,-83.38572743993797,1.2114292732992038,-137.32845440489763,8.56543827249333,-1.095497378159175,0.00093376036239732,0.2592736602677955,0.0059,False,False
0.296,-307.0749284461991,-4.7597328032540815,-258.85285150251894,-7.653776596220362,-231.98401654880843,-8.879497012855998,10,288.0,0.001,-2612.1407753523563,-1897.8304766372116,0.9934701247681889,-144.5309700185714,228.30943857308478,-40.46317647563567,-29.40239442713048,0.5002041059879916,-144.18636653748302,3.536784873686121,-0.4263978747015637,0.0002719243169891353,0.23024137556083826,0.00592,False,False,-1880.6804425570394,-2588.5345592228687,0.9844921151773288,-125.88081425583938,226.24621644690185,-55.602102232681446,-76.52972874899075,0.9466988296915024,-125.74569381264946,6.68894354703628,0.3582061647321209,0.007393614748319693,-0.10982015387198803,0.00592,False,False,-1513.7387278780702,-2782.5904699243283,0.9746399788265171,-119.52885616440079,223.98900262726755,-57.937876652779565,-106.50209972612382,1.2119744229023612,-119.77802161460586,8.57306677831974,-1.095497378159175,-0.0044030800063810235,-0.1419486363342258,0.00592,False,False
0.297,-261.2134751512957,-4.049158046008433,-188.067549406193,-5.560868239929969,-154.2662315365508,-5.904780982718283,10,306.0,0.001,-1897.83047665098,-2612.1395561671216,0.9934470824594972,-126.29564752519326,228.30936882876986,-29.402394870413357,-40.46892425209612,0.4994678555024656,-126.19951656155665,3.537113692149012,-0.4263978747015637,-0.0075556000680495885,0.22094162694420008,0.00594,False,False,-988.7311608056975,-3043.004533583096,0.9845242188241379,-107.84150104501502,226.24617013062849,-29.233164513359284,-89.96654974437234,0.945078120869843,-107.24551546559357,6.6890051503836325,0.3582061647321209,-0.008900593757586903,0.3910644673339695,0.00594,False,False,-584.4594453789973,-3115.6911501038367,,,224.15534999334832,-22.370877946972573,-119.25167353106966,1.2127223727046315,-101.54891695350078,8.579457389625277,-1.095497378159175,-0.005961271163826906,0.16548898799749112,0.00594,False,False
0.298,-189.78265429849034,-2.942094402736701,-98.87293261725017,-2.9235603671741917,-61.52996845265401,-2.355169868886551,10,324.0,0.001,-997.7476846822402,-3070.75394237228,0.9934911473444146,-108.4806771247769,228.30933201342944,-15.461725859632136,-47.57536437618708,0.5006848265993757,-108.57196507724723,3.5372872812972007,-0.4263978747015637,0.004368618773402416,-0.1476570431233789,0.00596,False,False,0.0014586612338263194,-3199.603841300648,0.9844824920688655,-89.9372816680982,226.24615732944494,-0.0019398202569118617,-94.59705878706907,0.946320754055191,-89.80612709697965,6.689022176270274,0.3582061647321209,0.003501659856090681,-0.1691183466018905,0.00596,False,False,401.72154380071254,-3145.504304745723,0.9756919653186925,-83.76865668464582,224.2273124524252,15.374543486648314,-120.39313789571281,1.213663872087413,-83.55234314727524,8.582215401572883,-1.095497378159175,-0.00044669523749718505,0.25975110682533586,0.00596,False,False
0.299,-99.77462262232312,-1.5468603802467213,1.0979366334992555e-12,3.246518156385932e-14,37.196855092470784,1.4237849172492603,10,342.0,0.001,0.001159488751412141,-3228.7813935944528,0.9934622906536285,-90.1881353634005,228.30932183797358,-0.005467274480987161,-50.025474871095284,0.49934479913952023,-90.72158936476342,3.537335272468299,-0.4263978747015637,-0.009099525590194375,-0.29490964541648146,0.00598,False,False,988.7333494985319,-3043.003632080876,0.9845142416576508,-71.80364815141913,226.2461573294449,29.230253904394456,-89.96774861922322,0.9446734218596091,-71.64612610860048,6.689022176270275,0.3582061647321209,-0.01297166209972792,-0.009137358222675333,0.00598,False,False,1348.8081774036978,-2869.124609340513,0.9754789340192965,-66.3357815149757,224.17804891820288,51.624206323149934,-109.81511511806787,1.214009081931013,-65.78813555956731,8.58033163312749,-1.095497378159175,0.005669454082346644,0.12311298195264334,0.00598,False,False
0.3,1.1079495394131077e-12,1.7178369381122545e-14,98.87287404819786,2.92363820240574,132.30287572055562,5.064190919791228,10,0.0,0.001,997.7494244816423,-3070.7532257688235,0.9934822791028378,-72.82359443943841,228.30932183797358,15.453522199823773,-47.57874333764218,0.499536274463276,-72.55829193966791,3.5373352724683005,-0.4263978747015637,-0.0071847723526381,-0.1316322203209379,0.006,False,False,1880.6805740309983,-2588.533206527604,0.984489325925718,-53.58439908312543,226.24614452884762,55.60192759430299,-76.53152764897274,0.9458372429913295,-53.4253744621426,6.689039197256804,0.3582061647321209,-0.0013575220925192589,0.21114555043986816,0.006,False,False,2164.6068383298048,-2313.452746980133,0.9748466181089604,-48.225141263717525,224.02663208929062,82.84936810429204,-88.54705367949018,1.2132349451600601,-48.18271849277808,8.574554947808952,-1.095497378159175,0.006097553095853137,-0.18925392296480148,0.006,False,False
0.301,99.77457605676567,1.5470800262565512,188.0673265962858,5.561164342745198,214.5289786904237,8.211629993963713,10,18.0,0.001,1897.8305811940154,-2612.138480910641,0.9934696679187386,-54.46907324009786,228.30931166259256,29.401901627698468,-40.47399435071729,0.5006156432587768,-54.59043199026921,3.537383240494839,-0.4263978747015637,0.0035410785686785006,-0.1661842090816867,0.00602,False,False,2588.5332065944076,-1880.6794596746822,0.9845090476900135,-35.89869111555701,226.24609821700992,76.53152730622605,-55.603409681561985,0.9456911882269695,-35.54997720777397,6.689100776651239,0.3582061647321209,-0.0029051561508917968,0.0857968040832513,0.00602,False,False,2769.7010857754485,-1532.5777355637501,0.9739937253403901,-29.912884711020904,223.83072421018755,106.01023999296304,-58.659067035490935,1.2114848719876563,-29.98650403130865,8.567104857780087,-1.095497378159175,-0.0008671602684605371,0.06021890606548296,0.00602,False,False
0.302,189.78247715259104,2.9429299858057045,258.85239149523505,7.654387922057121,275.8697439735463,10.559664010794448,10,36.0,0.001,2612.1384809208266,-1897.8296954175908,0.9934612198673657,-36.22070760201915,228.3092748479153,40.473994671934804,-29.406078069674948,0.5005477817827562,-36.49573393506123,3.537556834980623,-0.4263978747015637,0.0026169641323243067,-0.07537637329509604,0.00604,False,False,3043.0018292335017,-988.7321777580361,0.9844974538927058,-17.446472898462513,226.2460104847441,89.97014556308937,-29.231812452617394,0.9462087850823886,-17.70346834524415,6.689217425046254,0.3582061647321209,0.002105846661040162,-0.06844024732013751,0.00604,False,False,3105.183073655829,-602.5124536140931,0.9732688665320234,-12.371172276968922,223.6647399309817,118.85192662653395,-23.06046120068984,1.210921722985794,-11.953342290033751,8.56083095663836,-1.095497378159175,0.002373985796530323,0.11659766888836623,0.00604,False,False
0.303,261.2131094206835,4.050883168128888,304.29914636221275,8.998392408907293,310.3528794280315,11.879671407731854,10,54.0,0.001,3070.751792585861,-997.7484931155627,0.9934674516806797,-18.28780309978887,228.3092051055285,47.58550201582219,-15.45791339319325,0.49998604734878976,-18.294831424631262,3.5378857306089477,-0.4263978747015637,-0.003465508865522205,0.12163634789945042,0.00606,False,False,3199.6000500092364,-0.0014584856175190453,0.9844822909566642,0.24817953895216163,226.2458892446583,94.60209958218664,0.001938919294279362,0.9456325654392621,0.31530085866288055,6.689378614309914,0.3582061647321209,-0.0038843058130008617,-0.050139612906549225,0.00606,False,False,3138.388942938782,386.20529739205085,0.9729269304077172,5.476049574899727,223.59158849221149,120.12397828834153,14.783442709698566,1.2100867614957245,5.530160781298465,8.558130735788303,-1.095497378159175,-0.0021569401566104603,-0.3964116817232848,0.00606,False,False
0.304,307.07435519005077,4.76243680677818,319.9589625114351,9.461595584135452,314.62074935741043,12.04310939129483,10,72.0,0.001,3228.7783797129523,-0.0011594619610235668,0.9934507193854908,-0.30084769307252474,228.30910872436888,50.039687670045915,0.005468118851354342,0.4997488967922579,-0.507691629305664,3.538340269120587,-0.4263978747015637,-0.006479828958622641,-0.09363478750417199,0.00608,False,False,3042.99912500913,988.7288177924349,0.9844791351154798,18.25560733226864,226.24575520813153,89.97374073981149,29.236279210511604,0.9464252133048913,18.43379062654987,6.68955680325304,0.3582061647321209,0.0037901756232563994,0.06833018626031004,0.00608,False,False,2866.079726265336,1337.3260350458718,0.97312750861863,23.66052138415465,223.63870328412182,109.7021763044988,51.188629354385135,1.2112363677796296,24.09917134652688,8.560035999084338,-1.095497378159175,0.006644673489297453,0.17414833242765182,0.00608,False,False
0.305,322.87700917163073,5.007877841488856,304.2989661270479,8.99863184962284,288.2573693686222,11.034033800372939,10,90.0,0.001,3070.749642818628,997.7458220214819,0.9934821796319058,17.773685802540882,228.30900216846527,47.59564025664035,15.470510494608114,0.5002240418346814,17.591282316839678,3.538842795606569,-0.4263978747015637,-0.002439058306315264,0.00532004772697036,0.0061,False,False,2588.5284248830285,1880.6748714277433,0.9844933297941391,36.43866159175395,226.24563397386447,76.53788442207437,55.60950932386523,0.9467229441154051,36.37551577035115,6.689717960814144,0.3582061647321209,0.006539572519803607,0.010483839185169262,0.0061,False,False,2314.7579380932607,2158.258253439046,0.973790429033201,41.501531125029956,223.78765605483608,88.60068826404103,82.6110187934487,1.2122730492129625,42.0168458040095,8.565822315152618,-1.095497378159175,0.008828401162688484,0.10986130573884201,0.0061,False,False
0.306,307.07421187943316,4.763112911506147,258.8520848608599,7.654795282931371,233.8290160888165,8.950656988728177,10,108.0,0.001,2612.1346796195794,1897.8260478685793,0.9934573386612909,35.83878572377511,228.30890578818594,40.49192151600041,29.423280213627642,0.4998480147391552,35.659441948078744,3.5392973360453825,-0.4263978747015637,-0.006842146514793624,0.07585141163310449,0.0061200000000000004,False,False,1880.6748715199744,2588.526891347562,0.9845107179356327,54.12428959707152,226.24554625004387,55.609508851839195,76.5399230862707,0.9464086760029315,54.55378551397491,6.68983456476878,0.3582061647321209,0.003231988500996337,0.18945917256961778,0.0061200000000000004,False,False,1538.088842165158,2769.0823830171425,0.9746623551914215,59.7200102215131,223.9814113975628,58.87340121988346,105.99149320771141,1.2131410406397831,59.69922790377679,8.57329400044047,-1.095497378159175,0.006941756763030242,-0.1612362078729961,0.0061200000000000004,False,False
0.307,261.2128656061001,4.052033426186263,188.0669924219189,5.561608290240263,156.63448106357518,5.995791270544889,10,126.0,0.001,1897.8260478828606,2612.133460490213,0.9934940534922517,53.577281269849244,228.30883604708836,29.42328065458009,40.49767107026843,0.5007447764826483,53.59847324227906,3.5396262561136616,-0.4263978747015637,0.001660307698639689,0.018731428908611954,0.00614,False,False,988.7282321936241,3042.9955195381262,0.984494472674373,72.14997071677999,226.2454999449253,29.237057094054848,89.97853348106054,0.945061035769182,72.42087090269582,6.689896110898642,0.3582061647321209,-0.01033145320806438,0.05725006424497673,0.00614,False,False,611.6772498490126,3110.3315077597267,0.9753564062829274,77.3856185629664,224.14628199175812,23.414029681915768,119.05373061035175,1.2130230324919569,77.5932603742359,8.579629233885296,-1.095497378159175,-0.0031976977737063414,-0.19114733321860738,0.00614,False,False
0.308,189.78221144009908,2.9441835528839713,98.87263980038685,2.923949398415543,64.18926776330842,2.4571076006273005,10,144.0,0.001,997.7453563802128,3070.7467764870926,0.9934510850336022,71.77169328289808,228.3087992334521,15.472707392030408,47.609158685733334,0.501196538535168,71.54339313913523,3.5397998988662693,-0.4263978747015637,0.00593236028809088,-0.03250038126802606,0.00616,False,False,-0.0014583094736906332,3199.5943634871683,0.9845089624985953,90.339234339827,226.2454871468267,0.0019380178047030405,94.6096586478497,0.9460500593357566,90.24139554952693,6.689913120967475,0.3582061647321209,-0.0004652734123576776,-0.12179694813565696,0.00616,False,False,-374.29183194352686,3148.781296929857,0.9756861427410721,95.4950620914904,224.21995931846607,-14.325549338792458,120.52584725189396,1.2130979914780187,95.59959192434432,8.582453384564653,-1.095497378159175,-0.006442060106018451,-0.08937382238536651,0.00616,False,False
0.309,99.77438979900437,1.5479587451920744,-2.195470667753781e-12,-6.492728846938991e-14,-34.506063342750544,-1.3208691285706085,10,162.0,0.001,-0.0011594346972287894,3228.773858954438,0.9934835985948974,89.15739898385128,228.30878905846873,0.005468960995375083,50.06100885895911,0.5007247402897873,89.68723124878652,3.539847904844442,-0.4263978747015637,0.0011464871288766872,0.11370845363848464,0.00618,False,False,-988.7304203585575,3042.9946182533045,0.9844951659323335,108.35697102842896,226.2454871468267,-29.23414918973647,89.97973124193462,0.9455276029031735,108.56478921347698,6.689913120967475,0.3582061647321209,-0.005689837738189151,0.20157671581435457,0.00618,False,False,-1323.8323836573516,2880.6853701484924,0.9754797016575153,113.38193255356227,224.1749359518974,-50.67131931065409,110.26426575153977,1.2140850523739486,113.811791380245,8.580731583731207,-1.095497378159175,0.005863542943645499,0.22023008991358078,0.00618,False,False
0.31,-2.215494199299355e-12,-3.4374931393604444e-14,-98.87258124554752,-2.924027161171888,-129.8421767881331,-4.970302065585579,10,180.0,0.001,-997.7470960984269,3070.7460599170413,0.9934359474715806,107.71220967451207,228.30878905846873,-15.464501201981179,47.61253868951162,0.5006180076516082,107.57538553503736,3.539847904844442,-0.4263978747015637,7.916074708667335e-05,0.0018427398892697175,0.0062,False,False,-1880.6750029618754,2588.525538978504,0.9844931548262377,126.70754833963424,226.24547434931824,-55.60933437630938,76.54172031474151,0.9458568867481288,126.62475551759715,6.689930126135959,0.3582061647321209,-0.002421048228535268,0.2610747588952906,0.0062,False,False,-2144.5017853777217,2332.140977951115,0.9748531606919767,131.3251512331662,224.02867504548405,-82.08479580020094,89.26774320437194,1.2118939253616448,131.50272266537448,8.575151216848125,-1.095497378159175,-0.008155896650321041,-0.007596716288425314,0.0062,False,False
0.311,-99.77434323569285,-1.5481784585783247,-188.06676966607486,-5.561904117343254,-212.53655964080042,-8.135856179559363,10,198.0,0.001,-1897.826152420725,2612.1323852838605,0.9934811926038539,125.64410800407511,228.30877888356375,-29.4227872611521,40.502742732885466,0.5004358466083875,125.43811743322374,3.539895887664862,-0.4263978747015637,-0.001810307640520027,-0.13783633914813018,0.00622,False,False,-2588.525539045704,1880.6738888740465,0.984497199789729,144.63122994539413,226.2454280486623,-76.54171997159385,55.61081508684702,0.9458589120632459,144.07353603653655,6.689991648288278,0.3582061647321209,-0.0024878005395613297,-0.2908899514232039,0.00622,False,False,-2756.4007637281306,1556.5492410669917,0.974046362102874,149.74442239920873,223.8368905045284,-105.50752682681468,59.58018625554554,1.212045877510414,149.28439427853243,8.567857611841049,-1.095497378159175,0.0036783399569701104,-0.17287580893684376,0.00622,False,False
0.312,-189.78203430273754,-2.945019392268002,-258.85162496519104,-7.655406039540056,-274.5373417522487,-10.509296901405655,10,216.0,0.001,-2612.1323852943965,1897.8252666853855,0.9934723200621989,143.4793559560456,228.3087420706142,-40.50274305240836,29.426964992482084,0.5015132990600956,143.40065052592485,3.5400695356434593,-0.4263978747015637,0.00871864155015002,-0.17919191043714255,0.00624,False,False,-3042.9928158416487,988.7292489001518,0.9844635466565365,162.3602588723145,226.2453403375917,-89.98212595690416,29.235706290610736,0.9457573540243359,162.5652169674062,6.690108188226487,0.3582061647321209,-0.0036681932898345176,0.2000458370094852,0.00624,False,False,-3099.952645656893,629.417055185454,0.9732834653890419,167.32017632839313,223.67244169402608,-118.65888131000892,24.09170749020156,1.210500934236665,167.24096650116837,8.561641339000431,-1.095497378159175,-0.002979955421905322,-0.1928291851001676,0.00624,False,False
0.313,-261.21249989311235,-4.053759077487705,-304.2982452740153,-8.999589166216897,-309.80733372986197,-11.85950472124912,10,234.0,0.001,-3070.744626801701,997.7461647753598,0.9934519639003486,161.66400666725968,228.30867233151105,-47.61929944835357,15.468893751993987,0.5010557137222766,161.60887629261143,3.5403985325542413,-0.4263978747015637,0.0036775162787543213,0.0251456227183879,0.00626,False,False,-3199.590573111802,0.0014581328275795613,0.984494276589021,180.23219234646353,226.2452191268142,-94.61469475600381,-0.0019371157876477696,0.9467749041864971,-179.78410787986823,6.69026922758875,0.3582061647321209,0.0062795642815902455,-0.14974710296436844,0.00626,False,False,-3141.7044691772626,-358.993404959843,0.9729950644252531,-174.79399072791267,223.5976658694478,-120.25812982265028,-13.742714668167881,1.2099037866940179,-174.68029155804973,8.558878429704468,-1.095497378159175,-0.005044087050418125,-0.11035196172462672,0.00626,False,False
0.314,-307.07363865090844,-4.765817744482903,-319.95801507428934,-9.462853811909033,-314.9119346843317,-12.054982911639117,10,252.0,0.001,-3228.7708452149286,0.0011594070017082458,0.9934678363263746,179.3673354747008,228.30857595490437,-50.0752260343895,-0.005469800910929745,0.5006989754486375,-180.59307433569765,3.5408532109605466,-0.4263978747015637,-0.0005328788263522356,-0.17921497504676914,0.00628,False,False,-3042.9901122711226,-988.7258897472847,0.9844900266441348,-161.35206391511952,226.24508512270913,-89.98571779000157,-29.240168893702037,0.9457073452149352,-161.53237840058915,6.690447250787509,0.3582061647321209,-0.004647788256130005,0.10196240752808586,0.00628,False,False,-2877.5850338631117,-1312.4520591531052,0.9731594625116661,-156.41648644527848,223.64062728726407,-110.14919019031325,-50.239586749000864,1.2112300842787393,-156.9450723889204,8.560625028668229,-1.095497378159175,0.005748824854217322,-0.37381691132346473,0.00628,False,False
0.315,-322.8762557614741,-5.0114328785242845,-304.2980650827158,-8.999828383746324,-289.35365379775345,-11.076666260214536,10,270.0,0.001,-3070.742477136129,-997.7434938078884,0.9934570888733472,-162.6621439588057,228.308469404051,-47.62944080898227,-15.481494728429658,0.5011901746428085,-162.3756628661452,3.541355892029733,-0.4263978747015637,0.003668214729765605,0.03817738287630934,0.0063,False,False,-2588.520758490501,-1880.6693017369455,0.9844900604220048,-143.50100451456083,226.24496391778501,-76.54807117509807,-55.61690905550229,0.9461907784623416,-143.57042933478743,6.690608258415632,0.3582061647321209,-4.1154953405356426e-05,0.06433950552409093,0.0063,False,False,-2333.302523713244,-2138.129708547599,0.9737990963643393,-138.81049189878854,223.78448692593096,-89.31588519541927,-81.8455179143846,1.2117615008069267,-138.65597418634235,8.5662174122874,-1.095497378159175,0.00315416537586597,-0.06767922977840801,0.0063,False,False
0.316,-307.073495347309,-4.7664940560227,-258.85131840544403,-7.655813020707404,-235.620658352505,-9.019782926943472,10,288.0,0.001,-2612.1285841729264,-1897.8216193092612,0.9934620542760222,-144.50159773304577,228.30837302835485,-40.52067541296989,-29.44417242802203,0.5011714056151445,-144.6497772710831,3.541810572217517,-0.4263978747015637,0.0028375095650199867,-0.23356625207776888,0.00632,False,False,-1880.6693018297192,-2588.519225326022,0.98449431407952,-125.78826675775488,226.24487621520973,-55.61690858292446,-76.550107942933,0.9467179715377148,-125.75436554400628,6.690724753864887,0.3582061647321209,0.00506602635603502,-0.1188918855945521,0.00632,False,False,-1561.8428054310837,-2755.6361089635943,0.9745989760073517,-120.67032985178702,223.97414263593976,-59.7862185075466,-105.48319026657798,1.21190446663361,-120.57623029931496,8.573533504992907,-1.095497378159175,-0.005762693885008679,0.056831732911857814,0.00632,False,False
0.317,-261.2122560904689,-4.054909687394367,-188.06643557303843,-5.562347651028496,-158.94460451343394,-6.084587368767546,10,306.0,0.001,-1897.8216193240087,-2612.127365101385,0.9934501549853165,-126.67103499403542,228.30830329058458,-29.444172866640244,-40.526426735681035,0.5008479151289461,-126.50579124737115,3.542139593355347,-0.4263978747015637,-0.0008627014523903444,-0.08573306261297564,0.00634,False,False,-988.7253042911171,-3042.986507672873,0.9844973740588646,-107.87873117481077,226.24482992131232,-29.240946051944753,-89.99050607211647,0.9461644857956104,-107.62724916895652,6.6907862427103355,0.3582061647321209,-0.000555789424175373,0.008929220720371224,0.00634,False,False,-638.3117866562546,-3104.8473441443784,0.9753293355803432,-102.81612062230734,224.1374463072235,-24.434980318113112,-118.85099623986277,1.2128971871036667,-102.52771449622364,8.579809896015894,-1.095497378159175,-0.004711646491903658,0.17919337088110582,0.00634,False,False
0.318,-189.78176860325752,-2.9462733427964465,-98.87234705474626,-2.9243380671114036,-66.79131491548908,-2.5568659267553415,10,324.0,0.001,-997.7430281895151,-3070.7396109409833,0.9934773344492877,-108.53658933940413,228.30826647871035,-15.48369229729752,-47.64296339373006,0.5005177777872027,-108.02618148786857,3.5423132894294462,-0.4263978747015637,-0.004409718213546345,0.3977234322617166,0.00636,False,False,0.0014579556486040701,-3199.58488796625,0.9844592035713061,-89.80004677760816,226.244817126317,-0.0019362132442246605,-94.62224678873402,0.9458119951003864,-89.47709216610828,6.690803236942858,0.3582061647321209,-0.004104729850532597,0.1595140873897734,0.00636,False,False,347.37617231513525,-3151.760334007142,0.9756396439576278,-85.1654923704686,224.21266030393028,13.296106029278109,-120.64716612718648,1.2132797225308893,-85.09189983368125,8.582693379721409,-1.095497378159175,-0.004964153982900362,-0.2917527415229015,0.00636,False,False
0.319,-99.77415698705174,-1.5490574463027302,-1.2538719327694495e-12,-3.7086155311346525e-14,31.866117438958945,1.2198873713011156,10,342.0,0.001,0.0011593788397163962,-3228.7663246715374,0.9934543265877573,-90.18565238342633,228.3082563042157,-0.005470638597073307,-50.09655377750491,0.5011448100579357,-90.53311427763838,3.5423613101364517,-0.4263978747015637,0.001792692958660597,-0.10683959527295712,0.00638,False,False,988.727491925051,-3042.9856066067287,0.9844650312991541,-71.45242092129868,226.244817126317,29.23804085543619,-89.9917027177109,0.9456387379442038,-71.80365282180736,6.69080323694286,0.3582061647321209,-0.00583730141235904,-0.16706656830924774,0.00638,False,False,1299.2520449090125,-2891.8043512992745,0.9754687503849792,-66.80135945169684,224.17167843411514,49.733454847243785,-110.69655860255581,1.212916140590775,-67.16338331743343,8.581125980164813,-1.095497378159175,-0.006383335673448657,-0.2675689722141127,0.00638,False,False
0.32,-1.2653085178413806e-12,-1.9646120206797827e-14,98.87228851420404,2.9244157573079756,127.42102979871754,4.877915967977767,10,0.0,0.001,997.7447678238423,-3070.7388944054555,0.9934931531674828,-72.59095919164537,228.3082563042157,15.475483590381408,-47.646344434323225,0.5017410856609454,-72.34681772077002,3.5423613101364517,-0.4263978747015637,0.007755448988758287,0.07943696159545298,0.0064,False,False,1880.6694332394009,-2588.5178732850854,0.9844779059395593,-53.66680957864127,226.24480433191556,55.61673427043387,-76.55190349793756,0.9463479283652726,-53.7361641073224,6.690820226274802,0.3582061647321209,0.0012305762546787069,-0.10004563780232811,0.0064,False,False,2124.6359012039034,-2350.286983654335,0.9748415098592893,-48.919464867471284,224.03042894012765,81.32928613060926,-89.96776277936834,1.2121370748055504,-49.047503934660334,8.575736447104473,-1.095497378159175,-0.006552042776903304,-0.07143729910797691,0.0064,False,False
0.321,99.77411042605969,1.5492772267069883,188.06621287157773,5.562643202097528,210.5686255439967,8.061010500163208,10,18.0,0.001,1897.8217238565662,-2612.126289946832,0.9934909787300071,-54.607780875319875,228.30824612980265,29.44367932330502,-40.53149995402872,0.500880863470068,-54.68550381925616,3.542409307672568,-0.4263978747015637,-0.0009146516865525103,-0.26165915012632207,0.00642,False,False,2588.5178733526927,-1880.6683194216396,0.9844978919136195,-35.84343564763587,226.2447580425076,76.55190315438952,-55.61821360263951,0.9472228592418288,-35.71555347492544,6.6908816911180935,0.3582061647321209,0.009892960605250063,-0.08017946270246441,0.00642,False,False,2743.1609185352827,-1579.9309670629707,0.9740486435018133,-30.991526751934977,223.84273146188897,105.00706753380763,-60.47883947634237,1.2117053855575521,-30.967534537013194,8.568597976464652,-1.095497378159175,-0.0007736132634479321,0.061341976860055186,0.00642,False,False
0.322,189.78159147471348,2.947109437132024,258.85085862205113,7.656423207423795,273.2120587042329,10.459196180829018,10,36.0,0.001,2612.126289957724,-1897.8208381636964,0.9934711767747534,-36.4027674461212,228.30820931863857,40.531500271854824,-29.447858337181223,0.5008194221008454,-35.99444604912008,3.5425830088609507,-0.4263978747015637,-0.0017747159551893172,0.425511516389307,0.00644,False,False,3042.98380463338,-988.7263207503898,0.9844994355552749,-17.768293018656408,226.24467035275816,89.99409520117965,-29.239596507267844,0.9460928504547887,-17.734641899408842,6.690998122472766,0.3582061647321209,-0.001571786066014235,-0.1000122576332841,0.00644,False,False,3094.5989766872403,-655.7415693030667,0.9733280181996383,-12.713703685270467,223.6799033465653,118.46109444897058,-25.100872251366923,1.211003890341121,-12.92464579424387,8.562442608808357,-1.095497378159175,0.0009164389931657167,0.12793623633292409,0.00644,False,False
0.323,261.2118903956831,4.056635865061789,304.2973444056664,9.00078480707559,309.25093252826355,11.83891994463056,10,54.0,0.001,3070.737461359996,-997.7438365452367,0.9934707741741446,-18.55999837786304,228.30813958292904,47.653107262805605,-15.479877489881071,0.4998866022043245,-18.45037005859601,3.5429121065178735,-0.4263978747015637,-0.011568329290163373,-0.03429916597629844,0.0064600000000000005,False,False,3199.5810985123644,-0.00145777793693469,0.9844757204837257,0.22920754602443488,226.24454917146306,94.62727820444796,0.0019353101746344414,0.9466147566370138,0.5190733957529535,6.691159011758508,0.3582061647321209,0.00341974394629917,0.15323542192789594,0.0064600000000000005,False,False,3144.725797151824,332.29586176146034,0.9729591354917392,4.72586380567418,223.60367706073131,,,,,,-1.095497378159175,0.00038575116403526073,-0.10377855095498395,0.0064600000000000005,True,False
0.324,307.07292214731314,4.769199714039795,319.9570678684423,9.464110865639878,315.17542202263616,12.065797427812639,10,72.0,0.001,3228.7633110787656,-0.0011593502111253429,0.9934781211671916,-0.38192113961051716,228.30804321102724,50.11077530623889,0.005471474052329839,0.501436030735837,-0.4298501087858767,3.5433669240775716,-0.4263978747015637,0.003282746863630614,-0.016188221299681414,0.0064800000000000005,False,False,3042.981101720582,988.7229624150941,0.9844836780647583,18.659720894490313,226.24441519997225,89.99768368674634,29.244054950703624,0.9462835278937378,18.177522759943493,6.691336869019308,0.3582061647321209,-0.00014407163685042912,-0.18833518273461025,0.0064800000000000005,False,False,2888.6544179506272,1287.9772619152377,0.9731825523092116,22.94958192865648,223.64268123008574,110.57957008928142,49.305709942373,1.2108087996526127,22.94755602432962,8.56121905865389,-1.095497378159175,0.0006958933307729718,0.005224664943394166,0.0064800000000000005,False,False
0.325,322.8755023888129,5.0149889999330215,304.2971642584915,9.001023801158729,290.40815362346444,11.117704150316936,10,90.0,0.001,3070.735311799476,997.7411657085931,0.9934910649754978,17.72813491126213,228.30793666539242,47.663251726711046,15.492482320792426,0.5014310622963218,17.510856560227737,3.54386975891037,-0.4263978747015637,0.002521946628301709,-0.07550066463259357,0.006500000000000001,False,False,2588.513093960527,1880.6637334009786,0.9844866022250967,36.60912822765051,226.24429402456545,76.55824843864279,55.62430189102014,0.9470723974702822,36.40619636622876,6.691497726539364,0.3582061647321209,0.007517137242120382,0.04076597851086583,0.006500000000000001,False,False,2351.31226259712,2118.2471026934727,0.9737571052982805,40.89958388352801,223.78159156093332,90.0106936421476,81.08933867957415,1.211486206474212,41.075169670276324,8.566622968659013,-1.095497378159175,-0.00017232127232409092,0.1489327866473588,0.006500000000000001,False,False
0.326,307.0727788509583,4.769876231287614,258.85055213737314,7.656829808441605,237.36053504620986,9.08693539330773,10,108.0,0.001,2612.1224890220274,1897.8171909662192,0.9934788588049637,35.49307681313045,228.30784029443166,40.54943811967644,29.465071036252738,0.5002980628658451,35.784546358099256,3.544324578105741,-0.4263978747015637,-0.009451259150987008,0.20055893748889192,0.006520000000000001,False,False,1880.6637334942907,2588.5115611692454,0.984472160873697,54.42861212914919,226.24420634336172,55.62430141789082,76.56028330790159,0.9469602357632582,53.910684707568976,6.691614113356553,0.3582061647321209,0.006230924356529869,-0.45404163420215604,0.006520000000000001,False,False,1585.0151702867634,2742.2594577384675,0.9745776644221164,58.634426404612505,223.9671853597671,60.67688147470275,104.97749030715568,1.212347527323948,59.18348873518492,8.573784875037422,-1.095497378159175,-0.0016875779077564883,0.3003342305378244,0.006520000000000001,False,False
0.327,261.2116466053646,4.057786824939824,188.0658788603521,5.563086321490549,161.19803365508284,6.17122368766313,10,126.0,0.001,1897.8171909814355,2612.121270010237,0.9934835832062897,53.21697090109682,228.30777056009896,29.46507147253366,40.555191201453354,0.5009400237848961,53.54022273555878,3.5446536997765783,-0.4263978747015637,-0.003497098291044664,-0.039919081554018104,0.006540000000000001,False,False,988.7223771024098,3042.977498000276,0.9844835577382738,72.43534862428189,226.24416006075225,29.244831382800484,90.00246750452018,0.9469516614513644,72.53470570355206,6.691675544850723,0.3582061647321209,0.006058303985380628,0.17068332086388255,0.006540000000000001,False,False,664.3744271308934,3099.2505659203944,0.9752766505811232,77.09009004636512,224.12884073433506,25.434161126712034,118.64392536054311,1.2129896386192276,76.64590275029835,8.57999929404941,-1.095497378159175,-0.004054980603980611,-0.1655519743533079,0.006540000000000001,False,False
0.328,189.78132578866501,2.94836376906407,98.87205438074926,2.9247263728390593,69.33724491122352,2.6544879027062454,10,144.0,0.001,997.7407001138567,3070.7324457452523,0.9934630894854068,71.33558121391741,228.3077337500452,15.494680557518748,47.67677844506326,0.5018132588264217,71.4285183964519,3.544827448888873,-0.4263978747015637,0.004989533773153035,-0.14777824781533597,0.006560000000000001,False,False,-0.0014575997228121196,3199.575414751508,0.9844772017181357,90.3443401999267,226.24414726887863,0.001934406578186998,94.63482319603293,0.9452646541719985,90.9106365383623,6.691692523228461,0.3582061647321209,-0.010835779860342966,0.5470415422236621,0.006560000000000001,False,False,-320.96744930061607,3154.45624738696,0.975621458100383,94.70501576966439,224.20542277328136,-12.285944717219778,120.75766022650228,1.2132169541915494,95.05894441487588,8.582935669388986,-1.095497378159175,-0.005934486710209926,0.3385698264689672,0.006560000000000001,False,False
0.329,99.77392418683293,1.550156481785678,1.5633743378313367e-13,4.624667924557641e-15,-29.27628655206035,-1.1208120185817891,10,162.0,0.001,-0.0011593211467015863,3228.7587907576426,0.9934850222439195,89.38059998889663,228.3077235760553,0.0054723072747469015,50.132109568778695,0.5012225092291283,89.60687374046483,3.544875484246364,-0.4263978747015637,-0.000985894453818598,0.032945892365044034,0.006580000000000001,False,False,-988.7245642021992,3042.9765971541055,0.9844916302732365,108.77143041074702,226.2441472688786,-29.24192889726124,90.00366303353358,0.9471117342900335,108.21623804064537,6.691692523228462,0.3582061647321209,0.007635021320005964,-0.14737695549324523,0.006580000000000001,False,False,-1275.064959335224,2902.497862875366,0.9754680615182547,112.75493858946798,224.16829051541393,-48.81053137501271,111.11261498823114,1.2135315637113933,112.79811997417113,8.581515362287126,-1.095497378159175,-0.0007797739455850492,0.1716894233867624,0.006580000000000001,False,False
0.33,1.57763488791698e-13,2.451296723619572e-15,-98.87199585458836,-2.924803990391355,-125.03917592334288,-4.787022991724361,10,180.0,0.001,-997.7424396615453,3070.731729245381,0.993495740375369,107.61122815976074,228.30772357605537,-15.486469347126679,47.68016051695595,0.5011396830621331,107.80107324918387,3.544875484246364,-0.4263978747015637,-0.001814156123770195,0.22712540108411816,0.006600000000000001,False,False,-1880.663864871568,2588.510209458376,0.98447915538481,126.41749909441134,226.2441344776026,-55.62412726862919,76.56207718748722,0.9451304664034341,126.17419645441595,6.691709496705385,0.3582061647321209,-0.012201661667253004,-0.18988584833496835,0.006600000000000001,False,False,-2105.0120787706037,2367.9069735450066,0.9748499252691207,130.43143402144838,224.03190941396286,-80.58295149134256,90.64772917633769,1.2134384873554689,130.51850917090877,8.576311233823878,-1.095497378159175,0.005649211548226596,-0.028672173870016082,0.006600000000000001,False,False
0.331,-99.77387762823382,-1.550376328849057,-188.06565621359496,-5.56338159620415,-208.62541153668653,-7.987102127184044,10,198.0,0.001,-1897.817295508521,2612.1201949091846,0.9934766543486824,125.81901979466421,228.30771340215026,-29.464577780097706,40.56026596725593,0.5007957127639743,125.76075494239622,3.5449234964198926,-0.4263978747015637,-0.005321758572321506,0.1843980480966212,0.006620000000000001,False,False,-2588.510209526389,1880.6627513254757,0.9844756263014658,144.17074370539237,226.2440881995092,-76.5620768435391,55.625605220894045,0.9473323985460487,144.28957164155878,6.691770904172803,0.3582061647321209,0.009730816485638519,-0.07525434603570452,0.006620000000000001,False,False,-2729.989227428533,1602.7374626977507,0.9740415246459084,148.21197282882113,223.8482583828905,-104.50915642428684,61.355579582963536,1.2119939427146595,148.42484116171912,8.569326380316433,-1.095497378159175,0.0010818397015538283,-0.06979826376769986,0.006620000000000001,False,False
0.332,-189.78114866921817,-2.9492001169859074,-258.8500924669174,-7.657439424602004,-271.8945982070687,-10.409388826593077,10,216.0,0.001,-2612.1201949204324,1897.8164098595198,0.9934598842925288,143.59866608253827,228.3076765928298,-40.560266283383,29.46875806970401,0.5018744090705357,143.49425007221225,3.54509725053466,-0.4263978747015637,0.005219479067670022,-0.08599236040734935,0.00664,False,False,-3042.9747956216543,988.723393312966,0.9844702744671543,162.16511943225856,226.24400053120698,-90.0060532828995,29.24348309835853,0.9463125620328331,162.27271258103454,6.691887226817306,0.3582061647321209,-0.0006320537079825063,-0.09285700452516076,0.00664,False,False,-3089.133759186926,681.4974947403416,0.9733578581105938,166.61903866523005,223.68712767485871,-118.25901279510678,26.08839166354137,1.2113135646215598,166.31837257567383,8.563234869739228,-1.095497378159175,0.0028927556441779734,-0.15235574424071685,0.00664,False,False
0.333,-261.21128092935817,-4.059513526154494,-304.2964437584615,-9.001979330182902,-308.684776799872,-11.817959153042404,10,234.0,0.001,-3070.7302962720646,997.7415084288717,0.9934485208854008,161.579222552523,228.30760686062393,-47.68692540404267,15.490864588947554,0.5014824861819629,161.65146767054208,3.5454264484006996,-0.4263978747015637,0.0008346940950850751,0.06734013060346358,0.00666,False,False,-3199.5716262245523,0.0014574209505155977,0.9844955009661245,180.20598772275235,226.24387937956854,-94.63984991383461,-0.0019335024567470604,0.9472840719312698,-179.84543241404964,6.692047965851549,0.3582061647321209,0.008855725954153364,-0.21146913780669918,0.00666,False,False,-3147.467483797607,-306.1053071059823,0.9730291536280008,-175.7581992278392,223.60961540821194,-120.49324892599607,-11.719671513804329,1.210413502639559,-175.1602732349456,8.560366153714902,-1.095497378159175,-0.0020508870676311333,0.3732142354156543,0.00666,False,False
0.334,-307.07220568039645,-4.772582709926889,-319.95612089525594,-9.465366743960685,-315.4126014689651,-12.075605967550734,10,252.0,0.001,-3228.755777316368,0.0011592915898006595,0.993478585621274,179.3331551597506,228.30751049357931,-50.14633542760957,-0.005473138263722532,0.5012888441839269,-179.87134429786076,3.545881404371537,-0.4263978747015637,-0.0017451307895158092,0.5421201244342787,0.00668,False,False,-3042.972093370471,-988.7200358000703,0.9844993609185905,-161.73974500934153,226.24374544088468,-90.00963841703265,-29.247937377289727,0.9463682638654756,-161.4963837638635,6.69222565698095,0.3582061647321209,-0.0005536479088999764,0.13755954346002242,0.00668,False,False,-2899.3038807367325,-1263.8991032766596,0.9731678348732281,-157.66519587571472,223.64485167468777,-110.99392558609574,-48.386904462378595,1.2114459835644094,-157.31854534667275,8.561817575860605,-1.095497378159175,0.006221301297689742,0.21586684297965653,0.00668,False,False
0.335,-322.87474905483674,-5.018546199908159,-304.29626365567003,-9.002218100559777,-291.4224124243872,-11.157206277299005,10,270.0,0.001,-3070.728146819992,-997.7388377272737,0.9934619923571857,-162.3631299497078,228.30740395333123,-47.697072954669174,-15.50347325376222,0.5020603060277967,-161.98030396446168,3.5463843921472713,-0.4263978747015637,0.005258155515030273,0.43314134476773103,0.0067,False,False,-2588.5054313041323,-1880.658166427848,0.9844734860284815,-143.79210270992473,226.24362429516933,-76.56841620164028,-55.63168782237831,0.9462059077044433,-143.83488941629355,6.692386364217985,0.3582061647321209,-0.0024044838734093616,-0.20051903154818343,0.0067,False,False,-2368.8030527792534,-2098.612930688644,0.9737756933267939,-139.56375253658305,223.77895495007894,-90.68571852183446,-80.34257830479444,1.2116658825077549,-139.97793125609408,8.567038412568083,-1.095497378159175,0.0010369126524934931,-0.42831833532345204,0.0067,False,False
0.336,-307.07206239151236,-4.773259431777458,-258.84978605774893,-7.657845645027984,-239.05019366016475,-9.152173275481866,10,288.0,0.001,-2612.1163941765117,-1897.8127628464495,0.9934476290492562,-144.35387867711248,228.30730758725807,-40.578209589190216,-29.4859760042142,0.5012229715674732,-144.2742722264461,3.546839349607862,-0.4263978747015637,-0.003758596099275111,0.14154191825356552,0.00672,False,False,-1880.6581665216981,-2588.5038988882507,0.9844882649226016,-125.49322306024473,226.24353663546316,-55.63168734869795,-76.57044917010978,0.9465309082337134,-125.5792150232783,6.692502642276521,0.3582061647321209,0.0006810794119031292,0.055858634767900844,0.00672,False,False,-1607.620200869971,-2728.959687241625,0.9745379334673007,-121.62286951172497,223.96052871918207,-61.545932170689355,-104.47467167066776,1.2132374341610164,-122.01885637795134,8.574047698564817,-1.095497378159175,0.006839801865978308,-0.4277796931202925,0.00672,False,False
0.337,-261.2110371517497,-4.060664834123508,-188.06532228466034,-5.56382430082294,-163.3961708733681,-6.255753525727504,10,306.0,0.001,-1897.8127628621346,-2612.115175226396,0.9934511538892065,-126.1270334062458,228.30723785647305,-29.485976438154733,-40.583964420643106,0.5018864929745928,-126.33284051415889,3.547168571274448,-0.4263978747015637,0.0024110282260088717,0.08681766685778919,0.00674,False,False,-988.7194506317105,-3042.968490533289,0.9844949166667726,-107.66586252527114,226.2434903642082,-29.24871308239613,-90.0144177652624,0.9463294843407599,-107.6277925565467,6.692564016352596,0.3582061647321209,-0.001419955568394594,0.007984287907910063,0.00674,False,False,-689.8764386376419,-3093.5524654840274,0.9752611863767193,-103.51153803537166,224.12046266784364,-26.41199950336039,-118.43294950693853,1.2129177664826825,-103.20743234246491,8.580197330679102,-1.095497378159175,-0.005053768056990379,0.45326109128766756,0.00674,False,False
0.338,-189.7808829970208,-2.950454828272273,-98.87176177882095,-2.925114315176251,-71.82818090924656,-2.7500161409527406,10,324.0,0.001,-997.7383721569097,-3070.725280911215,0.9934411466462931,-108.39662064885776,228.30720104829786,-15.505672154755063,-47.71060378454615,0.5013441316278523,-108.41599987292936,3.5473423731412614,-0.4263978747015637,-0.0032583781986100326,0.0075019134823126445,0.00676,False,False,0.0014572416972669089,-3199.5659438565644,0.9844866773530915,-89.63149143620163,226.24347757547477,-0.0019325978082243012,-94.64738785606816,0.9464274959368357,-89.45416718861733,6.692580978857086,0.3582061647321209,-0.00046382821153913013,0.18203656481099934,0.00676,False,False,295.0584581951907,-3156.8832515478794,0.9755648761013439,-85.93900253262136,224.19825331228648,11.294793085702551,-120.85787177324397,1.2142050701507976,-85.94587629976941,8.583180506201275,-1.095497378159175,0.003600421341766117,-0.19621822991684196,0.00676,False,False
0.339,-99.7736913987198,-1.5512558498456037,9.411905683826854e-13,2.784543598642856e-14,26.735833153814994,1.0236151803303573,10,342.0,0.001,0.0011592616187812155,-3228.751257224651,0.9934573395167826,-90.34324814376609,228.30719087482885,-0.005473967016572212,-50.16767617474979,0.5018076172041777,-90.2573143800401,3.5473904230707904,-0.4263978747015637,0.001308524702631919,0.16855523342859588,0.0067800000000000004,False,False,988.7216371942113,-3042.967589908389,0.9844714972700569,-71.58298966483382,226.24347757547477,29.24581331098325,-90.01561217639443,0.946770069405456,-71.80343587349141,6.692580978857086,0.3582061647321209,0.002961906474665192,-0.16725212006312748,0.0067800000000000004,False,False,1251.2686530406413,-2912.7816546813438,0.9754356190966113,-67.47871535340207,224.16478548079675,,,,,,-1.095497378159175,-6.467272110480455e-05,0.23125968391255053,0.0067800000000000004,True,False
0.34,9.497763719935769e-13,1.4767930392289588e-14,98.8717032671212,2.9251918599997055,122.69633187987672,4.697612562979273,10,0.0,0.001,997.7401116152131,-3070.7245644481322,0.9934591580801022,-72.64553669661956,228.30719087482888,15.49745845429578,-47.71398688221567,0.5016391054039366,-72.45672354421959,3.5473904230707904,-0.4263978747015637,-0.00037659329977790014,-0.03087393075093375,0.0068000000000000005,False,False,1880.6582978663837,-2588.5025475093944,0.9844736753675191,-53.48445156849189,226.2434647873426,55.63151336285478,-76.5722413723253,0.9472086602532119,-53.70103721796674,6.692597936460524,0.3582061647321209,0.007323833279455994,-0.06532029348086353,0.0068000000000000005,False,False,2085.6327835670368,-2385.0167068616734,0.9748658403935715,-50.439478683863676,224.03313147723136,79.84588793979702,-91.30824208064762,1.213541330499089,-49.71059893566954,8.576876148328356,-1.095497378159175,0.005878733230613824,0.20952975325585427,0.0068000000000000005,False,False
0.341,99.77364484258285,1.5514757632086753,188.06509969292694,5.564119298859894,206.70711303742797,7.91413871353811,10,18.00000000000091,0.001,1897.812867383584,-2612.1141001805427,0.9934691584062338,-54.42680259915315,228.30718070144778,29.485482597425616,-40.58904072561382,0.5011331331570823,-54.774715047700326,3.5474384498033418,-0.4263978747015637,-0.005504235824851212,-0.3512735103528201,0.0068200000000000005,False,False,2588.502547577814,-1880.657184593561,0.9845246248314807,-35.49416257378292,226.24341852063026,76.57224102797744,-55.632989933571295,0.9466997901732823,-35.8308195014777,6.6926592864852745,0.3582061647321209,0.002148370443104956,-0.1958454888898629,0.0068200000000000005,False,False,2716.8928270665315,-1624.9829793743827,0.9740701306597204,-31.512356072359353,223.8534824055906,104.01406718420867,-62.210948195961706,1.2122983271071417,-32.072468752580974,8.570043245994066,-1.095497378159175,0.0031118824626661153,-0.10009290349506982,0.0068200000000000005,False,False
0.342,189.78070588695087,2.9512914284132825,258.8493265008913,7.658454689969214,270.5856125922869,10.359899868334848,10,36.00000000000091,0.001,2612.114100192147,-1897.8119817798488,0.9934544037086877,-36.23862099537136,228.30714389402917,40.58904104003963,-29.48966415593687,0.502568444098079,-36.72541016348157,3.54761225656072,-0.4263978747015637,0.008603073711598366,-0.30585259423061506,0.006840000000000001,False,False,3042.965788819426,-988.720466592089,0.9844925827208306,-17.85089969687455,226.24333087390121,90.01800018905752,-29.247366059655732,0.9467923609104053,-17.55916727597758,6.692775500293083,0.3582061647321209,0.0029097266711984255,0.07506391161924375,0.006840000000000001,False,False,3083.5680847644417,-706.6962124271677,0.973406465897715,-13.766303852211445,223.69411782651719,118.05306020559355,-27.054697500731052,1.21131554267911,-14.038358406022097,8.56401823934348,-1.095497378159175,0.0018046843009961939,-0.04189062583726011,0.006840000000000001,False,False
0.343,261.21067149510014,4.062392056062971,304.2955433336954,9.003172734239378,308.1099101427002,11.796662234959353,10,54.00000000000091,0.001,3070.723131549222,-997.7391804299417,0.9934779948711907,-18.252438628462404,228.30707416543706,,,,,,-0.4263978747015637,-0.001356212702678711,0.3504092453501461,0.006860000000000001,True,False,3199.562156261986,-0.0014570618680522784,0.9844624140106277,0.3155048896565779,226.24320975209372,94.65240987048975,0.0019316926356527375,0.9468905739198517,0.7717959354155283,6.692936088900977,0.3582061647321209,0.0036647501784153585,0.4055604625223634,0.006860000000000001,False,False,3149.9434831803624,280.41430832635774,0.9730641135902589,3.941686216066038,223.615474996081,120.59530401236663,10.736797136600996,1.2103545830758478,4.188721628886575,8.561105700371785,-1.095497378159175,-0.003685959616916888,0.1896365929768432,0.006860000000000001,False,False
0.34400000000000003,307.0714892512897,4.7759667266149215,319.9551741560918,9.466621445505236,315.62480497401845,12.084459345171457,10,72.00000000000091,0.001,3228.7482439396317,-0.0011592311374499786,0.9934380383446282,-0.23687058696991356,228.3069778034018,50.181906340440165,0.005474793533308597,0.5013968241147746,-0.9437862529766039,3.5483966477368853,-0.4263978747015637,-0.004222422760982831,-0.5305192879115034,0.006880000000000001,False,False,3042.963087233742,988.7171099064217,0.9844625002841823,18.31943242437502,226.24307584640923,90.02158196785729,29.251816169237095,0.9471677113538238,18.056882066814694,6.69311361370569,0.3582061647321209,0.006185066531653235,-0.3093733750643222,0.006880000000000001,False,False,2909.5488774856203,1240.2147897884886,0.9731745673266348,21.645957360826777,223.6471260187345,111.39284547330105,47.483066112149594,1.2109663476288322,21.693613000264907,8.562420098911725,-1.095497378159175,0.0005728456713826677,-0.30470897165077443,0.006880000000000001,False,False
0.34500000000000003,322.8739957607353,5.022104472635121,304.2953632755465,9.003411280650223,292.39792046170794,11.195229420633908,10,90.00000000000091,0.001,3070.7209822089917,997.7365098676072,0.9934934332000881,17.628542336733286,228.30687126870876,,,,,,-0.4263978747015637,0.006249276609996881,-0.23138682406762268,0.006900000000000001,True,False,2588.4977705323354,1880.6526008255594,0.98448550968186,36.38394359994925,226.24295473055963,76.57857445303074,55.6390668415427,0.9463158917170773,36.55031746492461,6.693274170484886,0.3582061647321209,-0.0025601914104806016,0.18448862262508903,0.006900000000000001,False,False,2385.790353409572,2079.229278309436,0.9737000033866252,40.04530454881921,223.77656269369845,91.34154809587118,79.60531836868736,1.210535016187548,39.94044762931807,8.567463195465278,-1.095497378159175,-0.010872484283849806,-0.04351874504897951,0.006900000000000001,False,False
0.34600000000000003,307.07134597010264,4.776643651961517,258.849020167673,7.658860529361422,240.69113828379412,9.215553813687883,10,108.00000000000091,0.001,2612.110299646003,1897.8083349569454,0.9934709269660873,35.82008110767003,228.3067749076753,40.60698977451923,29.506887297755725,0.5015725594273933,35.89687391424314,3.5493548826162526,-0.4263978747015637,-0.0038202183971371368,0.31248962917085493,0.006920000000000001,False,False,1880.652600919947,2588.496238494059,0.984489157766456,54.418982591433085,226.24286709247713,55.63906636731171,76.58060551849954,0.9473833593955154,54.305429407860224,6.693390339658281,0.3582061647321209,0.007950197353356277,-0.059696934276045825,0.006920000000000001,False,False,1629.6718718370162,2715.743531229162,0.9745246938471113,57.86963912862714,223.95416202059965,62.393901693331024,103.97499269811834,1.2129264797720238,58.19038769121236,8.5743215693986,-1.095497378159175,0.0033429461285752666,0.2463300850404625,0.006920000000000001,False,False
0.34700000000000003,261.2104277305865,4.063543710240086,188.06476584676346,5.564561588222813,165.54038916432123,6.338229069156838,10,126.00000000000091,0.001,1897.8083349730987,2612.109080759489,0.9934492339029255,53.64843492538219,228.3067051805482,29.50688772935277,40.61274634624588,0.5014107256081756,53.74309246749544,3.5496842037406204,-0.4263978747015637,-0.005904286989770841,0.16255064664192362,0.006940000000000001,False,False,988.7165248832273,3042.959485284864,0.9844828454578858,72.48937451952592,226.2428208326431,29.252591146509076,90.02635684134398,0.9471059471441927,72.48327003190266,6.693451656249496,0.3582061647321209,0.005089360085234502,0.11884610300851638,0.006940000000000001,False,False,714.8289751230045,3087.763747262347,0.975223682736732,75.80574266376591,224.11230915082527,27.368918605118004,118.2184778069192,1.213381682114014,75.69786967193602,8.580403895096845,-1.095497378159175,-0.0007067379447505837,-0.1785926927534758,0.006940000000000001,False,False
0.34800000000000003,189.7804402290241,2.9525465170019825,98.87146924937352,2.925501893700674,74.26523340802756,2.8434927795881912,10,144.0000000000009,0.001,997.7360443223498,3070.718116450187,0.9934824240265822,71.40339350759695,228.30666837430957,15.516667071043804,47.744439356918946,0.5024261637513138,71.48294212274592,3.549858058077904,-0.4263978747015637,0.0040042272799465425,-0.0937576650793866,0.006960000000000001,False,False,-0.001456881581063385,3199.5564752950354,0.9844840962850643,90.66230092868965,226.24280804706825,0.0019307869357350071,94.65994075517214,0.9465133556068117,90.31884656244375,6.693468602862285,0.3582061647321209,-0.0008605214182174426,-0.045150935356438576,0.006960000000000001,False,False,-269.64192211950245,3159.0549661920286,0.9755178615314152,93.77141438823182,224.19115778267013,-10.32237598835631,120.9483203503869,1.2136210767768187,94.01259592802431,8.583428115160284,-1.095497378159175,-0.0025896843460210305,0.22302614911293636,0.006960000000000001,False,False
0.34900000000000003,99.77345862307136,1.5523555486846226,-2.0387120761379403e-12,-6.032414431003173e-14,-24.244014560500737,-0.9282687622701178,10,162.0000000000009,0.001,-0.0011592002648939115,3228.7437240844583,0.9934688552349663,89.54341162642112,228.30665820137745,0.00547561781061523,50.20325353731077,0.5024083897109595,89.47015783226355,3.549906122500915,-0.4263978747015637,0.0037585135175142283,-0.10417510065340792,0.006980000000000001,False,False,-988.7187109052957,3042.958584882529,0.984491467552222,108.39139071530782,226.24280804706822,-29.249694092377133,90.02755013329528,0.9465336496035608,108.21910101112219,6.693468602862284,0.3582061647321209,-0.0006575814507258775,-0.14491648667800733,0.006980000000000001,False,False,-1227.8604027466724,2922.670932166351,0.9754086586426829,111.52720091815875,224.16117579058317,-47.009129858165835,111.8983977398118,1.213282495825857,111.6368896956752,8.582281079864202,-1.095497378159175,-0.004353340983397804,-0.0621356938995025,0.006980000000000001,False,False
0.35000000000000003,-2.057311064926243e-12,-3.201157217320111e-14,-98.87141075222333,-2.925579365711045,-120.39219204887583,-4.609673250024412,10,180.0000000000009,0.001,-997.7377836885215,3070.7174000250234,0.9934528757665496,107.33055725897158,228.3066582013775,-15.508450893943726,47.7478234748353,0.5014609201085599,107.34083173158777,3.549906122500915,-0.4263978747015637,-0.00571618250648191,-0.23352120132924276,0.007000000000000001,False,False,-1880.6527322318511,2588.4948874491556,0.9844830686249925,126.2734568225669,226.24279526209827,-55.63889254507631,76.58239604139526,0.9470382864162336,126.69398143015374,6.693485544573791,0.3582061647321209,0.004364827477816322,0.32949758138475865,0.007000000000000001,False,False,-2066.5000798431556,2401.631500844246,0.9748799090608079,129.6750260605247,224.03410952173286,-79.11817619439574,91.94988440061617,1.2129933574797693,129.8596461847893,8.57743173846756,-1.095497378159175,-0.0003867200725657776,0.23783100097408716,0.007000000000000001,False,False
0.35100000000000003,-99.77341206947442,-1.5525755279876208,-188.06454331037386,-5.564856309262154,-204.81388822654807,-7.842126488142503,10,198.0000000000009,0.001,-1897.808439488747,2612.1080057705303,0.9934600148675099,125.37440399509485,228.30664802853653,-29.506393741139103,40.61782418208702,0.5019744923824636,125.53396544072986,3.549954163713995,-0.4263978747015637,-0.0006484003025338756,-0.042794595191390866,0.007020000000000001,False,False,-2588.494887517982,1880.6516192338984,0.9844814926730704,144.56409814376522,226.24274900683355,-76.58239569664798,55.640367732638225,0.9463491003747082,144.60750889376547,6.693546837089128,0.3582061647321209,-0.0026137136438973245,0.24228290653543452,0.007020000000000001,False,False,-2703.8783407652536,1646.6814705461984,0.9740787579549307,147.5661724821629,223.8584144844644,-103.52205391145593,63.045475660006616,1.2121115385210417,147.30743955826074,8.570748989219926,-1.095497378159175,0.00024592496010173706,-0.26244833880331814,0.007020000000000001,False,False
0.352,-189.78026312860703,-2.9533833679932173,-258.8485607250716,-7.659469002420745,-269.2857057480496,-10.310752486864624,10,216.0,0.001,-2612.108005782488,1897.8075539316776,0.9934544486357086,143.1967997304795,228.30661122307765,-40.61782449480927,29.51057656172117,0.5031170552319051,143.2881332088231,3.550128022829835,-0.4263978747015637,0.01053135427231724,-0.29250922005571545,0.007039999999999999,False,False,-3042.9567842396414,988.7175405919681,0.9844858067106609,162.03933090993337,226.2426613818036,-90.0299359066575,29.25124538693572,0.9466450686833923,162.38468348797292,6.693662941933805,0.3582061647321209,0.00018177239694357468,0.018715449217529153,0.007039999999999999,False,False,-3077.912469801763,731.3489769129828,0.9734367322331695,165.40320535784954,223.70087726462825,-117.84363861650026,28.000216803376446,1.211196514890244,165.59504144592992,8.564792847294205,-1.095497378159175,-0.00048105465710413154,0.049402325454582535,0.007039999999999999,False,False
0.353,-261.2100620938686,-4.065271450078129,-304.29464313266163,-9.004365017946547,-307.5273212507195,-11.775066986252588,10,234.0,0.001,-3070.7159672027765,997.7368525521256,0.9934570970011956,161.34049290885488,228.30654149820924,-47.75459244596401,15.512848798872145,0.5018656604760141,161.50096939092234,3.5504574195001912,-0.4263978747015637,-0.0024484305252102786,-0.08355499937646738,0.0070599999999999994,False,False,-3199.552688638276,0.0014567006925574333,0.9844857603743229,180.2986748155366,226.242540290001,-94.66495806075001,-0.001929880712926213,0.9476895855349335,-179.65276963320403,6.6938233799406435,0.3582061647321209,0.01040004730716428,-0.019203854438379755,0.0070599999999999994,False,False,-3152.1671680335767,-255.21537675350413,0.9730732363964821,-176.54194249544983,223.6212505975254,-120.68771037385659,-9.772643954486558,1.2106172695001665,-176.29760444048694,8.561842093015104,-1.095497378159175,-0.0021005118371427837,0.16142833031868092,0.0070599999999999994,False,False
0.354,-307.07077286112275,-4.779351758567328,-319.9542276523112,-9.46787496890839,-315.8133084526743,-12.092406241700385,10,252.0,0.001,-3228.7407109604474,0.0011591688594165817,0.9934719440988162,179.5131890265913,228.30644514133542,-50.217487986592474,-0.005476439849212866,0.5020303166400071,-180.38088041153318,3.5509126500626227,-0.4263978747015637,-0.0014456621206782661,0.032189104250933555,0.0070799999999999995,False,False,-3042.954083323341,-988.7141847383516,0.9844638559563278,-161.6460453039473,226.24240641750853,-90.03351432622716,-29.25569132232568,0.9468298313896168,-161.64567467391046,6.694000738227532,0.3582061647321209,0.001551683359281745,-0.012128864197043121,0.0070799999999999995,False,False,-2919.404331955317,-1216.9212964209994,0.9731864524624773,-158.31200959712433,223.64949245552108,-111.77689833609215,-46.59408180229261,1.21038960867653,-158.75941218982487,8.56302617671925,-1.095497378159175,-0.006051667306895086,-0.2997578747994506,0.0070799999999999995,False,False
0.355,-322.873242507698,-5.025663812291672,-304.29446311941825,-9.004603340131919,-293.33611622547534,-11.231828391242013,10,270.0,0.001,-3070.7138179777835,-997.7341821332624,0.9934486897834096,-162.6550645927624,228.30633861236555,-47.76474612027809,-15.52546506966741,0.502113513992114,-162.30964503732773,3.551415941257855,-0.4263978747015637,-0.0013254498337305141,0.1034053639465885,0.0070999999999999995,False,False,-2588.4901116561523,-1880.6470366021113,0.984499113021071,-143.76003149835702,226.24228533169904,-76.5887231817631,-55.64643894048536,0.9475577180357542,-143.4432945079215,6.694161144374216,0.3582061647321209,0.00860370127252742,0.19067742322554337,0.0070999999999999995,False,False,-2402.2891926658062,-2060.097847802307,0.9737264327998726,-140.34692119481858,223.77440099035712,-91.97875426732166,-78.87762578459764,1.2117562174336423,-140.1685565894321,8.567896791507051,-1.095497378159175,0.0007263307742217543,0.3046542763774923,0.0070999999999999995,False,False
0.356,-307.0706295878633,-4.78002888630183,-258.84825446825204,-7.659874460337821,-242.28483044480728,-9.277132632337429,10,288.0,0.001,-2612.104205440127,-1897.8039073046916,0.9934729913541369,-144.62478970303422,228.30624225652429,-40.635778628609444,-29.527804882681426,0.5022110199911779,-144.01879734540356,3.5518711730178625,-0.4263978747015637,-0.0009941847721164888,0.396619944662807,0.00712,False,False,-1880.647036697046,-2588.488579997681,0.9844908284326558,-125.7861792299757,226.24219771536642,-55.64643846570446,-76.59075234202146,0.9469172079319639,-125.47720446911637,6.694277204536087,0.3582061647321209,0.0020344663796545604,0.15746918856518852,0.00712,False,False,-1651.183868055954,-2702.6172260320973,0.9745063050190368,-122.61696206827858,223.94807474695614,-63.221310173868254,-103.47869274724636,1.2121448515248467,-121.95740392208897,8.574606087972633,-1.095497378159175,-0.004875706369340037,0.554221942903153,0.00712,False,False
0.357,-261.2098183428429,-4.066423448578118,-188.06420954746903,-5.565298182888164,-167.6320321927058,-6.418701393712479,10,306.0,0.001,-1897.8039073213276,-2612.102986619134,0.993446781886395,-126.41834656373801,228.3061725331654,-29.527805311932134,-40.64153693119516,0.501717672395084,-126.32085281235709,3.55220059306134,-0.4263978747015637,-0.006393531026259859,0.09840536491982708,0.00714,False,False,-988.7135998611806,-3042.9504822679537,0.9844970176594017,-107.48035977150779,226.24215146702028,-29.256465570920458,-90.03828471977612,0.9473710308451355,-107.77521173628178,6.6943384635757415,0.3582061647321209,0.006486062146674464,-0.13983643901536713,0.00714,False,False,-739.2430686915344,-3081.8945530698993,0.975206693415349,-104.65370520087747,224.10437691899713,-28.305337026635264,-118.00089794575227,1.2141995256207774,-104.47527896568249,8.580618864684311,-1.095497378159175,0.0071676842167924,0.10198065248765596,0.00714,False,False
0.358,-189.77999748538153,-2.954638831829743,-98.87117679283615,-2.9258891079908618,-76.64949952307893,-2.934959454508833,10,324.0,0.001,-997.7337166138693,-3070.7109523734825,0.9934411590726392,-108.31484104393687,228.30613572892196,-15.527665288398884,-47.778285106848955,0.5027106434344761,-108.49437801416279,3.5523744995846736,-0.4263978747015637,0.0032902384037790233,-0.07127938113303565,0.00716,False,False,0.0014565193578022217,-3199.5470090805434,0.9844709394324727,-89.63800198282844,226.24213868462226,-0.0019289739628578495,-94.67248187968823,0.9473157173748149,-89.7043726024875,6.69435539427839,0.3582061647321209,0.005908983814160067,-0.0685713523103172,0.00716,False,False,244.71050768025214,-3160.984437818209,0.9755357183370246,-86.44184303907156,224.18414137376027,9.36841604812658,-121.02950371961268,1.2144392457259565,-86.84399340182657,8.58367869560206,-1.095497378159175,0.005237630886132251,-0.18187001019883728,0.00716,False,False
0.359,-99.77322586026384,-1.5534555765027538,-1.410589228716983e-12,-4.174405126393654e-14,21.800084359525414,0.8347445204959801,10,342.0,0.001,0.001159137065414484,-3228.736191348966,0.9934504595479953,-90.57306610995845,228.30612555654267,-0.005477259645395582,-50.23884159827766,0.5030425987456608,-90.45118696025705,3.55242257842251,-0.4263978747015637,0.006541797771095234,-0.025722447501116276,0.00718,False,False,988.7157853396461,-3042.9495820894863,0.9844746990597976,-71.7004584268761,226.24213868462226,29.253571237220726,-90.03947689124861,0.9469607091558674,-71.67755195969242,6.69435539427839,0.3582061647321209,0.002358901624685073,-0.041770709515203064,0.00718,False,False,1204.8372571221596,-2932.1803721766623,0.9754175910148536,-68.46296171949726,224.15747312021207,46.13043992828865,-112.2692626508877,1.2133077748448167,-68.61691799739076,8.582658336480446,-1.095497378159175,-0.004634072216986171,0.13407547157126104,0.00718,False,False
0.36,-1.423458798308038e-12,-2.2164635001676107e-14,98.87111831031105,2.925966507103589,118.12643046106409,4.523192839113953,10,0.0,0.001,997.7354558851298,-3070.710235987379,0.9934740282100788,-72.41813308375647,228.30612555654272,15.519446648101612,-47.781670239475034,0.5020211459840345,-72.34627809222785,3.5524225784225103,-0.4263978747015637,-0.0036727298451689912,0.07916642052812252,0.0072,False,False,1880.6471679759597,-2588.487229288692,0.984484051154188,-53.43980578627726,226.24212590283278,55.6462648072654,-76.59254118364977,0.9467246833256402,-53.66372337039084,6.694372320079527,0.3582061647321209,-2.529337510898089e-05,-0.028407992905274237,0.0072,False,False,2047.6156555132682,-2417.766239205549,0.9748921375581272,-50.83708917550583,224.03485733413422,78.3998825834774,-92.5732225867736,1.2133792038892426,-51.19040786578793,8.577978529118434,-1.095497378159175,0.0026984652679204776,-0.36323659363980615,0.0072,False,False
0.361,99.77317930927171,1.5536756213852367,188.06398706673224,5.565592626608855,202.94586039873124,7.771070345568589,10,18.0,0.001,1897.8040118309846,-2612.101911688789,0.9934435589633653,-54.35028712318158,228.30611538425777,29.52731117704321,-40.646616289598455,0.5025712862431931,-54.58489619065487,3.5524706340375225,-0.4263978747015637,0.0017607118439188771,-0.16185780475270958,0.00722,False,False,2588.4872293578974,-1880.6460552545125,0.9845072241990798,-35.13421416938643,226.24207965908204,76.59254083850256,-55.64773861006874,0.9464882667839026,-35.60894339271203,6.694433555018757,0.3582061647321209,-0.00247605807403467,0.025630620240321186,0.00722,False,False,2690.9519045529205,-1667.8465921585616,0.9741281675901349,-33.05623164106477,223.86306537247185,103.03335210752576,-63.85968105735782,1.2119141909778732,-32.90086954837554,8.571444018151448,-1.095497378159175,-0.0027104698127836573,-0.022114349140115713,0.00722,False,False
0.362,189.77982039489325,2.9554759323004562,258.84779514056487,7.660482360853032,267.9954356078216,10.261968108901595,10,36.0,0.001,2612.101911701075,-1897.8031263220169,0.9934676167882638,-36.088511711829,228.30607858081692,40.64661660061452,-29.5314952528535,0.5024528477734529,-36.67032393421135,3.552644545227302,-0.4263978747015637,0.00033037958328111845,-0.2511663612200085,0.00724,False,False,3042.9477818952496,-988.7146153168324,0.9844796554767429,-17.57777266845123,226.2419920558773,90.04186042271364,-29.255121075978714,0.9473926597217501,-17.556597515866592,6.69454955077398,0.3582061647321209,0.006403828534225867,0.07723521951669989,0.00724,False,False,3072.176880149813,-755.4669088072201,0.9734382795120802,-14.354023445168812,223.7074097256255,117.63112898172159,-28.925371587440985,1.211057698503425,-15.090690855611667,8.56555883377902,-1.095497378159175,-0.0029524870007128757,-0.18755321620637821,0.00724,False,False
0.363,261.2094527266313,4.068151703484814,304.29374315665746,9.005556180007078,306.9379462985038,11.753209200868225,10,54.0,0.001,3070.7088032440497,-997.7345247991173,0.9934577074924401,-18.241401011713922,228.30600885978262,47.78844123601212,-15.523845873798013,0.5021145240343596,-18.412848496042628,3.5529740404914434,-0.4263978747015637,-0.0035188344789369315,0.0024286958416908774,0.00726,False,False,3199.543223367048,-0.0014563374438267829,0.9844748601703479,0.8378799882885957,226.24187099425384,94.67749447096323,0.0019280666896497323,0.9467604475699124,0.28415201227281156,6.694709838005196,0.3582061647321209,-0.00014497336041199241,-0.0824809565085578,0.00726,False,False,3154.151350736249,230.50098248098539,0.9730961407963479,3.17242627516214,223.62693762465204,120.77095683512636,8.826927062377628,1.2118392248303165,3.2275102069982777,8.56257515477572,-1.095497378159175,0.009082335580437126,0.13553728227522086,0.00726,False,False
0.364,307.07005651102986,4.782737800240329,319.9532813852755,9.469127312806076,315.97933383658454,12.09949328282194,10,72.0,0.001,3228.7331783907252,-0.0011591047696981605,0.9934746400062339,-0.6868255072034462,228.30591250822235,50.2530803078521,0.005478077199443154,0.5015159122970325,-0.1983550008281559,3.5534294072323727,-0.4263978747015637,-0.010148937673084231,0.21451707361183378,0.00728,False,False,3042.945081652232,988.7112603000518,0.98446641494335,18.428629464235556,226.2417371551459,90.04543547916,29.25956283233841,0.9472303983217476,18.514551892855522,6.694887029581278,0.3582061647321209,0.004303947427907754,0.14789895495560756,0.00728,False,False,2928.8846516770814,1194.015387052702,0.9732260279504755,21.09946821297596,223.6519399351165,112.1466331312329,45.71983033273992,1.2119557158573373,20.915981944727047,8.563635387008798,-1.095497378159175,0.008747851047362715,-0.17549252345857633,0.00728,False,False
0.365,322.8724892969146,5.029224213047932,304.2935631885744,9.0057942777075,294.23838796102723,11.267056089343956,10,90.0,0.001,3070.7066541377008,997.7318545279065,0.9934288288659834,17.854472861630725,228.30580598514405,47.79859794724921,15.53646591661571,0.5019150575741416,17.624100279923777,3.553932848902001,-0.4263978747015637,-0.006869458939045784,0.03695323912896924,0.0073,False,False,2588.482454686611,1880.641473765494,0.9844622724815272,36.63000665826059,226.24161609955044,76.59886237679542,55.65380411118444,0.9463933686801147,36.724824179712655,6.695047284920897,0.3582061647321209,-0.004292984263153377,0.358596884797293,0.0073,False,False,2418.3141759181412,2041.219982080203,0.9737182117140156,39.12187409221164,223.7724566238006,92.59789288858565,78.15955372262536,1.2108726409563324,39.09058565538229,8.568338697065476,-1.095497378159175,-0.008734382832887614,0.011912372630673712,0.0073,False,False
0.366,307.06991324592,4.783415129253037,258.8474889605765,7.660887436853487,243.8326899674852,9.336963772406925,10,108.0,0.001,2612.0981115685227,1897.7994798966765,0.9934553717469392,35.6023444897843,228.30570963464692,40.66457610434516,29.548728724750518,0.50288938377963,35.31636494663106,3.554388216694243,-0.4263978747015637,0.00222981580818176,-0.2684161832607728,0.00732,False,False,1880.6414738610044,2588.480923410122,0.9844698854937192,54.34379199637844,226.2415285050935,55.653803635854906,76.60088962963461,0.9466955548568171,54.24183661305608,6.695163235944946,0.3582061647321209,-0.001435102006909512,-0.12368972944406459,0.00732,False,False,1672.1695849354367,2689.5865361047736,0.9744577644307595,57.050097567566226,223.94225657498436,,,,,,-1.095497378159175,0.0033727858685176464,-0.07117918400416307,0.00732,True,False
0.367,261.2092089894703,4.0693040444197255,188.06365338756228,5.566034084016969,169.67241440565604,6.497220468734514,10,126.0,0.001,1897.7994799138191,2612.0968928149523,0.9934691949065104,53.45363685574349,228.30563991516604,29.54872915165216,40.67033612836259,0.5031677697734234,53.59392658853895,3.5547177351174413,-0.4263978747015637,0.0045476663229771395,0.012984763946932466,0.00734,False,False,988.7106755697732,3042.9414814954926,0.9844739418489927,72.13263832231078,226.24148226830135,29.260336351414203,90.05020138757979,0.9464134899281145,72.21044131103483,6.695224437366369,0.3582061647321209,-0.00434230317414947,-0.1543841660282705,0.00734,False,False,763.1296221362538,3075.954486544866,0.9751409965993934,74.99974405904925,224.09666244142628,29.221668512749723,117.78057709527975,1.2137776990265206,75.1256793598833,8.580842106566863,-1.095497378159175,0.0026337065762292644,0.14771699265133914,0.00734,False,False
0.368,189.77955476677738,2.9567317693272566,98.87088440962086,2.9262759576251733,78.98206235159104,3.024457274929925,10,144.0,0.001,997.7313890351356,3070.703788692408,0.9934462059631906,71.70494645623542,228.3056031129754,15.538666788810202,47.81214097893066,0.5031973439177603,71.62670486875442,3.5548916935420225,-0.4263978747015637,0.0045973934030137135,0.04960191773866365,0.00736,False,False,-0.0014561550283787028,3199.53754522669,0.9844322357287445,90.45398738882078,226.24146948909865,0.0019271588912368465,94.68501121597009,0.9466505924405775,90.29706763370571,6.695241352140459,0.3582061647321209,-0.001995199152443113,-0.06733236893291386,0.00736,False,False,-220.25683945266087,3162.6841607099627,0.9754596129106212,92.99085516656022,224.17720865122928,-8.43263421114977,121.10189861833956,1.213870431192809,93.14593884508523,8.583932423052282,-1.095497378159175,-0.0008093392465929871,0.2508543993312183,0.00736,False,False
0.369,99.7729931106561,1.5545559314973867,3.1306725690440253e-13,9.26595901376251e-15,-19.403293726302035,-0.7430141118581105,10,162.0,0.001,-0.0011590720267236065,3228.7286590300628,0.9934617272635626,89.5279649016664,228.30559294116526,0.0054788925090480944,50.27444029938975,0.5038763430639388,89.88750300375244,3.5549397867159205,-0.4263978747015637,0.011319370846015128,0.312764954251997,0.00738,False,False,-988.7128605014752,3042.9405815421933,0.984483838082457,108.43153863482183,226.2414694890987,-29.25744474129575,90.05139243727632,0.9463256614386368,108.33169679263645,6.695241352140459,0.3582061647321209,-0.005244509171849653,-0.03272321000212836,0.00738,False,False,-1182.1960568269442,2941.3241385112847,0.975382038325363,111.07716952794479,224.15368839890107,-45.266268797738,112.62616937335832,1.2134693563845622,110.8102995678948,8.583032424086916,-1.095497378159175,-0.0035472965861164103,0.002429131230068827,0.00738,False,False
0.37,3.159237363174605e-13,4.922734960054178e-15,-98.87082594181359,-2.9263532837562756,-115.89870266325815,-4.438158405691521,10,180.0,0.001,-997.733128208726,3070.703072346501,0.9934423890731591,107.26720139726902,228.30559294116526,-15.530445698777308,47.81552712072197,0.5019829781537729,107.57879405711559,3.554939786715922,-0.4263978747015637,-0.0076142782556453325,0.004036007615191603,0.0074,False,False,-1880.6416051067213,2588.4795730389997,0.9844442362854773,126.2743602875988,226.24145671050815,-55.65363014140069,76.60267678804921,0.9467203250123865,126.64906008387405,6.695258262012809,0.3582061647321209,-0.0013217876051672423,0.28417468712384114,0.0074,False,False,-2028.9808457878448,2433.4353808090086,0.9748685721021859,128.57685701028294,224.0353881103055,,,,,,-1.095497378159175,-0.006558206350973179,-0.04976456291641853,0.0074,True,False
0.371,-99.77294656235101,-1.5547760415987113,-188.0634309628093,-5.566328250098879,-201.1031201940443,-7.7009739310729275,10,198.0,0.001,-1897.799584417306,2612.0958179449253,0.9934819312891164,125.48489255287974,228.3055827694525,-29.548234870898508,40.6754170010086,0.5036162631967945,125.29587530262039,3.5549878566541695,-0.4263978747015637,0.008650591015958137,-0.2812878945546414,0.00742,False,False,-2588.4795731085833,1880.6404926633827,0.9844666151864572,144.36138389302056,226.24141047833797,-76.60267644250237,55.655102557841815,0.9471306408928045,144.69955089828323,6.6953194393093,0.3582061647321209,0.00269485343660613,0.3339249114177989,0.00742,False,False,-2678.119192090065,1688.4917036761144,0.9741417099472309,146.7278939992501,223.86744560592336,-102.54817962612309,64.65407224376287,1.2126623215386467,147.0112611484978,8.572128732798323,-1.095497378159175,0.003802503054986999,0.32974833256515534,0.00742,False,False
0.372,-189.77937768650503,-2.9575691179050816,-258.8470297484696,-7.661494764163135,-266.7153165290911,-10.213566497633497,10,216.0,0.001,-2612.0958179575427,1897.7986989578371,0.9934326234596602,143.32700710021723,228.30554596808793,-40.675417310316284,29.552420195084853,0.502284614033276,143.53559500048132,3.555161819632995,-0.4263978747015637,-0.004911921423232553,-0.045447424657620195,0.00744,False,False,-3042.938781799201,988.7116907708646,0.9844622619308234,162.52963503277195,226.2413228970847,-90.05377372425042,29.2589931225669,0.9464212156271115,162.59266639208033,6.695435325848839,0.3582061647321209,-0.004563287536237254,0.22629990209222775,0.00744,False,False,-3066.3707549332903,779.0609881247561,0.9734895727088867,164.72333127406714,223.71371918065373,-117.41589217814771,29.830578588049086,1.2110796826631107,165.0002059346924,8.566316348025032,-1.095497378159175,-0.0038039323242562923,0.3431868488930071,0.00744,False,False
0.373,-261.20884339434775,-4.07103281156157,-304.2928434069758,-9.006746219124553,-306.3426712379802,-11.731122758172965,10,234.0,0.001,-3070.7016396843565,997.7321971745689,0.9934765738258154,161.2131316168864,228.30547625099786,-47.822300131573165,15.534846238038174,0.5020958887754928,161.44453735422235,3.5554914129510644,-0.4263978747015637,-0.0072652893415460695,-0.14038386681183138,0.0074600000000000005,False,False,-3199.5337604619103,0.001455972098611369,0.9844735791274971,180.3436895918062,226.24120186581456,-94.69001908748749,-0.0019262505681818531,0.9472104829873869,-179.52117441462994,6.695595462130005,0.3582061647321209,0.003102919165864249,0.1119938698344814,0.0074600000000000005,False,False,-3155.908303727139,-206.26356799501036,0.9730908103530779,-177.40892349868673,223.63253208126878,-120.84551166391245,-7.899360428444053,1.2111005797947727,-177.31625809884093,8.563304731378905,-1.095497378159175,0.0006641080979853427,0.031822234016595896,0.0074600000000000005,False,False
0.374,-307.0693402021407,-4.786124846082819,-319.95233535634543,-9.47037847583531,-316.1240510691614,-12.105765114653043,10,252.0,0.001,-3228.7256462423575,0.0011590388445767985,0.9934708343170718,179.40314408825262,228.3053799049036,-50.2886832459278,-0.005479705572611238,0.5030519691459606,-180.5284290859645,3.555946915124319,-0.4263978747015637,0.0016513370120246702,-0.11575444494447479,0.0074800000000000005,False,False,-3042.936082233349,-988.708336595749,0.9844877512849617,-161.77505486985262,226.24106806028362,-90.0573454136829,-29.263430695062624,0.9470293168673573,-161.60067763401463,6.695772486802446,0.3582061647321209,0.0010409072729275258,0.03247068126497738,0.0074800000000000005,False,False,-2938.00374304911,-1171.4936337060135,0.9732181367673073,-159.05558137281477,223.65445812664123,-112.50257975907573,-44.86018312688874,1.2108526631119205,-159.64320074411606,8.564247334887401,-1.095497378159175,-0.0031481013961912906,-0.29472819626321795,0.0074800000000000005,False,False
0.375,-322.87173612957423,-5.032785669066382,-304.2926634843119,-9.006984092080865,-295.10607517329004,-11.3009635614874,10,270.0,0.001,-3070.6994907000444,-997.729527055237,0.9934340909822222,-162.58518594330238,228.30527338788494,-47.83245986309015,-15.547470032197484,0.503780095136847,-162.41894393274995,3.556450506443334,-0.4263978747015637,0.00822041124764367,-0.006288407691695095,0.0075,False,False,-2588.4747996347055,-1880.6359123237248,0.9844496013170358,-143.66414501900326,226.24094703507606,-76.60899202709346,-55.661162345625286,0.9468822681156921,-143.5722885170713,6.695932591160593,0.3582061647321209,-0.0006560019984115696,0.06128496244100245,0.0075,False,False,-2433.8794941000847,-2022.596687667994,0.9737248093155,-141.2431681633479,223.77071694891652,-93.19950407707037,-77.45114248411363,1.212582277609713,-141.3768240103122,8.568788430200131,-1.095497378159175,0.007725965002441112,-0.016264251838036446,0.0075,False,False
0.376,-307.06919694540665,-4.7868023752626465,-258.84672364575266,-7.661899457806077,-245.336095846167,-9.39509972440659,10,288.0,0.001,-2612.092018040795,-1897.7950527399082,0.9934442134103793,-144.3016239350887,228.30517704288383,-40.69338215454828,-29.56965878967757,0.5039106900765195,-144.04416200780815,3.556906009521523,-0.4263978747015637,0.008882182013491292,0.3708584472369622,0.00752,False,False,-1880.635912419801,-2588.473268742403,0.9844760052172437,-125.68519664866014,226.24085946262048,-55.661161869747254,-76.61101737030734,0.9468874183975975,-125.39758619363151,6.69604843292062,0.3582061647321209,-0.0007683241674755968,0.23668746368675164,0.00752,False,False,-1692.6421293280587,-2676.6567784446333,0.9744253642879225,-123.52256751741687,223.93669738979617,-64.81646977824869,-102.497098217379,1.2129544075430787,-123.34911514084668,8.575205507011965,-1.095497378159175,0.0023721472780110033,0.047046544722192093,0.00752,False,False
0.377,-261.2085996714364,-4.072185493041109,-188.06309736785053,-5.566769290808491,-171.66282119694506,-6.5738351630956995,10,306.0,0.001,-1897.7950527575424,-2612.090799356577,0.9934651724728262,-126.1878319580935,228.3051073273908,-29.569659214226867,-40.69914389055816,0.5027165415410948,-126.00393439182986,3.5572356257843465,-0.4263978747015637,-0.0035254511300195023,0.4149237817094618,0.00754,False,False,-988.707752013187,-3042.93248298043,0.9844547787634694,-107.65743980164795,226.2408132374486,-29.264203483776996,-90.06210683178668,0.9477164145562279,-107.72448943321245,6.696109576657204,0.3582061647321209,0.0074351671172968705,-0.08951568509491194,0.00754,False,False,-786.4994023531568,-3069.952636685779,0.9750919368805834,-105.62962333887067,224.08916195786708,-30.11832170483241,-117.55786280899255,1.2138155338295094,-105.53223881421717,8.581073479039116,-1.095497378159175,0.0026848445178953725,-0.07419230669249317,0.00754,False,False
0.378,-189.7791120739182,-2.958825326062086,-98.87059210015248,-2.926662442182683,-81.2639904178979,-3.112026801988536,10,324.0,0.001,-997.7290615898006,-3070.6966254182803,0.9934695605966471,-108.39622234859117,228.30507052731087,-15.549671554243805,-47.84600691768593,0.502738366087428,-108.59227580432483,3.557409635824998,-0.4263978747015637,-0.0035532930261659573,-0.1695803442793497,0.00756,False,False,0.0014557886208024229,-3199.528083747079,,,226.24080046145937,-0.001925341721717988,-94.69752875038222,0.947236303346218,-89.57746210512957,6.696126475484318,0.3582061647321209,0.0026101564667046725,0.0579366386234114,0.00756,False,False,196.27351335696846,-3164.166097337251,0.9754523605722668,-87.70102461967494,224.1703636030412,7.514750258478999,-121.16596153458923,1.2130547027372314,-87.31263143929583,8.584189450975806,-1.095497378159175,-0.009330116177725166,0.2263497612172799,0.00756,False,False
0.379,-99.77276037462006,-1.5556566118637525,7.84448224446117e-13,2.322071799282251e-14,17.052892638027394,0.6530491404157076,10,342.0,0.001,0.0011590051769445608,-3228.7211271396363,0.9934302846247768,-90.36147961481107,228.3050603560857,-0.005480516389385404,-50.31004958231001,0.5030689888021469,-90.3943751830216,3.557457743256095,-0.4263978747015637,-0.00031510006048505654,0.030684197304187057,0.00758,False,False,988.7099363950136,-3042.931583253581,0.9844782402612258,-71.5279395924805,226.24080046145937,29.261314600387813,-90.06329675841064,0.947170905611818,-71.40748599331555,6.696126475484319,0.3582061647321209,0.001956179122703724,0.22789275043738821,0.00758,False,False,1159.93345333572,-2950.115897257315,0.9753618436063803,-69.85275413523134,224.14983184711136,44.41649088042033,-112.9696386925297,1.2144109679089425,-69.6844460382092,8.583403732917136,-1.095497378159175,0.005343708674161292,-0.05988784995370429,0.00758,False,False
0.38,7.916061585280162e-13,1.234359740874525e-14,98.87053364714716,2.9267396952479894,113.70864746908697,4.354556381221294,10,0.0,0.001,997.7308006630109,-3070.695909113687,0.9934607094738006,-72.68082907049919,228.30506035608565,15.541448027955262,-47.84939406309046,0.5026198444804892,-72.53774723353538,3.557457743256095,-0.4263978747015637,-0.004806543277061937,-0.11270785320964338,0.0076,False,False,1880.6360436321543,-2588.4719187110677,0.9844743322034291,-53.36118087974941,226.24078768608632,55.6609885394674,-76.61280284356253,0.9471919901949135,-53.65575301114349,6.696143369409478,0.3582061647321209,0.002143133335577967,-0.020839182619649184,0.0076,False,False,2010.596655589786,-2448.652968509717,0.9748843058769666,-51.59649688874419,224.0357144704866,76.99174848501356,-93.76717204084974,1.2127978850409118,-51.73037439587235,8.579047699866782,-1.095497378159175,-0.004626758988191244,-0.031720997196186394,0.0076,False,False
0.381,99.77271382907551,1.5558767868226693,188.0628749994012,5.567063178931416,199.2857277128389,7.631839721212075,10,18.0,0.001,1897.795157254722,-2612.0897245485407,0.9934738462035783,-54.38209864501209,228.3050501849614,29.569164788420693,-40.70422626911602,0.5029527117065052,-54.74900775563149,3.557505827438778,-0.4263978747015637,-0.0015458723201868757,-0.32637254077725336,0.00762,False,False,2588.471918781063,-1880.634931468483,0.9844575875691765,-35.58196373037888,226.24074146556347,76.61280249761737,-55.66245956794261,0.9472114651600678,-36.11155816755415,6.696204488996647,0.3582061647321209,0.002251446838017673,-0.4773841542381133,0.00762,False,False,2665.3854384946517,-1708.6298696375686,0.974161638888653,-34.24361439941829,223.87156549187995,102.06673758016956,-65.42914590457167,1.2125045921588287,-33.829311986711396,8.572803524536454,-1.095497378159175,0.0012709096289628616,-0.07982561719381341,0.00762,False,False
0.382,189.77893500414137,2.9596629213727472,258.8462645498865,7.662506211249076,265.4458215661841,10.16556583925342,10,36.0,0.001,2612.0897245615192,-1897.7942718461063,0.9934761629259151,-36.54942147650988,228.30501338573103,40.70422657671358,-29.57335135412127,0.5027020651457357,-36.56176014182583,3.5576798419213773,-0.4263978747015637,-0.004298431569224586,-0.14300256509593223,0.00764,False,False,3042.929783964437,-988.7087669582445,0.9844816831837354,-17.670821719685414,226.24065390638734,90.06567579830245,-29.26286152248571,0.9475181993836237,-17.66142920635658,6.696320266194373,0.3582061647321209,0.005155055390338843,-0.027994921227220467,0.00764,False,False,3060.503029484876,-802.142048468943,0.9734946668774536,-16.08969554628374,223.71980980020587,117.19826987782378,-30.716249035106365,1.212189985979762,-15.827048613973881,8.56706554694835,-1.095497378159175,0.006239573563986771,-0.05297878369723838,0.00764,False,False
0.383,261.20823409798027,4.073914769580806,304.29194388491084,9.007935134003619,305.7423340094852,11.708839707049732,10,54.0,0.001,3070.6944765350017,-997.7298696821335,0.9934481755364533,-18.761806408665322,228.30494367269512,47.856169077147094,-15.545849873566887,0.5042823058194432,-18.175215919549714,3.558009532752806,-0.4263978747015637,0.011037721922653785,0.2396644513879839,0.00766,False,False,3199.5242999364596,-0.0014556046336480222,,,226.24053290564456,94.70253189669145,0.0019244323508806893,0.947352110558343,0.24055411545147878,6.696480251351191,0.3582061647321209,0.0032679139589831614,-0.12647634604695254,0.00766,False,False,3157.4497793538526,182.49556074011616,0.9731602664676162,1.9490769240406074,223.6380305184199,120.91182332490249,6.989657374984679,1.2103773465707828,2.3685709901909355,8.564030689451116,-1.095497378159175,-0.007594883893347686,0.14794233174573854,0.00766,False,False
0.384,307.0686239355865,4.7895128905364635,319.95138956688174,9.471628456634175,316.2485800430622,12.11126447734218,10,72.0,0.001,3228.7181145272198,-0.0011589710661894514,0.9934467743142652,-0.9990893415069403,228.30484733221883,50.32429674245179,0.005481324957250955,0.5033007065926827,-0.3400271485078783,3.558465169611238,-0.4263978747015637,0.0005773618303377384,0.07245006700364179,0.00768,False,False,3042.927085079617,988.7054136296665,0.9844707598788839,18.231072149080518,226.2403991338831,90.069244116833,29.267294906288917,0.946404868253671,18.640487734542717,6.696657108927312,0.3582061647321209,-0.006454623470495427,0.2734373037931677,0.00768,False,False,2946.7750262216537,1149.3524345960666,0.9732178596776426,20.191045903968995,223.65703738174136,,,,,,-1.095497378159175,-0.0007404785362828282,0.23499740120456206,0.00768,True,False
0.385,322.87098300686637,5.03634817450188,304.29176400792477,9.008172781956876,295.94047010699853,11.333600056672465,10,90.0,0.001,3070.6923276761036,997.7271997189405,0.9934662811797936,17.912644295668734,228.30474082142806,47.86633181227888,15.558477398360477,0.5035463490906754,17.14495993739085,3.5589689097535495,-0.4263978747015637,0.0023213906690967997,-0.4425819637882642,0.0077,False,False,2588.467146511427,1880.630352284816,0.9844717217037984,36.031493865855055,226.24027813923766,76.61911212163176,55.668513635799435,0.946794606437968,36.515028757349434,6.696817062129727,0.3582061647321209,-0.002783449615727418,0.1484030117783448,0.0077,False,False,2448.998932243717,2004.2286564533879,0.9737194686396115,38.221635537813086,223.76916987690484,93.78411253727282,76.75242033071004,1.2121961152863558,38.370530843195546,8.56924553009944,-1.095497378159175,0.00321790489190766,0.16161597461967864,0.0077,False,False
0.386,307.0684806874545,4.790190618770873,258.8459585248814,7.662910522093957,246.79638713003575,9.451591461794264,10,108.0,0.001,2612.085924866548,1897.7906258413839,0.9934459784877283,35.56818765283228,228.3046444820753,40.722196731978954,29.590595043132172,0.5028914529320898,35.41362556877918,3.5594245473704285,-0.4263978747015637,-0.0048719398140764725,-0.17155238635150974,0.00772,False,False,1880.630352381422,2588.465616005544,0.9844634211798844,54.32455525781345,226.2401905889096,55.66851315937232,76.62113555301679,0.9472411511107464,54.38680818536147,6.69693279449965,0.3582061647321209,0.0015183268249052328,0.020881842497924602,0.00772,False,False,1712.614320951664,2663.832845924293,0.9744266961021365,56.3176727750626,223.93138729702284,65.5852065228724,102.0121959773829,1.2132786209027482,55.9650258647339,8.575519646871493,-1.095497378159175,0.005170020024878605,-0.2096108102365717,0.00772,False,False
0.387,261.2079903897034,4.075067789712214,188.0625414891335,5.567503802462413,173.6045091165573,6.648593252892695,10,126.0,0.001,1897.7906258594792,2612.084706253634,0.9934348725634148,54.02829162900769,228.30457477068043,29.59059546532556,40.72796017052999,0.5036226568840683,53.42168975688757,3.559754260932082,-0.4263978747015637,0.0019738143151182617,-0.15965207144166862,0.00774,False,False,988.7048291956262,3042.923486735716,0.984474525088851,72.49566500201631,226.24014437542465,29.268066963799534,90.07400103943891,0.9475947430581841,72.37433682991357,6.696993880484847,0.3582061647321209,0.00496785767054899,0.009109802722484182,0.00774,False,False,809.3630345741844,3063.897600510498,0.9750473171271098,74.15695408661384,224.08187151294857,30.99569991838562,117.33308388381721,1.2134519170000808,73.97027598307288,8.581312832870474,-1.095497378159175,-0.0012898212109023236,-0.14426630376339727,0.00774,False,False
0.388,189.77866940750312,2.9609194985971983,98.87029986485145,2.9270485612426715,83.49633719357193,3.1977080301967082,10,144.0,0.001,997.7267342815433,3070.6894625624154,0.9934463394202665,71.72352955843238,228.3045379727697,15.560679566642605,47.879882867564135,0.5034467403654608,71.5269674825499,3.5599283223032665,-0.4263978747015637,-3.151082277037687e-05,-0.05053865122909064,0.00776,False,False,-0.001455420130966445,3199.518624655332,0.9844740767223736,90.29944572155188,226.24013160266756,0.0019235224560953945,94.71003446930055,0.9472853168203731,90.33188417887507,6.697010763346596,0.3582061647321209,0.001849719320378517,-0.032918331771874615,0.00776,False,False,-172.7531089973562,3165.4416981723466,0.9754474897403869,92.44063103141166,224.16360968271013,-6.614483278261446,121.22212945970328,1.2131665229827324,91.9643029473009,8.58444991242405,-1.095497378159175,-0.008580261835296279,-0.07120564140777627,0.00776,False,False
0.389,99.77252765252322,1.5567576157946612,-1.881957217799865e-12,-5.5715967588783517e-14,-14.748130990986718,-0.5648212002128756,10,162.0,0.001,-0.0011589365056181578,3228.7135956895895,0.9934387559535806,89.42727730916131,228.30452780214566,0.00548213127483721,50.34566938862521,0.5038706375186384,89.85996488823551,3.5599764439125976,-0.4263978747015637,0.004139406476445876,0.28482169048254685,0.0077800000000000005,False,False,-988.707013024458,3042.922587236606,0.9844608709265078,108.22141810423665,226.24013160266756,-29.265180810284875,90.07518984169488,0.9467105875537927,108.53442468600792,6.697010763346599,0.3582061647321209,-0.0038975733454291034,0.16960217536093744,0.0077800000000000005,False,False,-1138.0459266066946,2958.5688318847097,0.9753523831085468,110.07647531333204,224.14591301277108,-43.580973991306344,113.30017303780934,1.2141575342632045,110.05367684124306,8.583772627588774,-1.095497378159175,0.0022876763690618408,0.10212797769976777,0.0077800000000000005,False,False
0.39,-1.8991308866885705e-12,-2.963437289968911e-14,-98.8702414267321,-2.92712574115808,-111.55588860089459,-4.2723726158759625,10,180.0,0.001,-997.7284732516439,3070.688746300263,0.9934356587142908,107.73986413433103,228.30452780214563,-15.552453617595672,47.88327101102276,0.5028187133122461,107.76433289666087,3.5599764439125976,-0.4263978747015637,-0.006379835587476159,0.1891696989078651,0.0078000000000000005,False,False,-1880.6304835602457,2588.4642663159257,0.9844761411061539,126.11259077941122,226.24011883053024,-55.6683399934562,76.62291933916872,0.9477190754656026,126.40046350180742,6.697027641306175,0.3582061647321209,0.006163436733333946,0.035176555116156465,0.0078000000000000005,False,False,-1992.463780809796,2463.4326381197216,0.9748775560918952,127.65768082342125,224.0358484751085,-76.30197657951359,94.33883689672967,1.213371676336654,127.80605191123107,8.579571019861193,-1.095497378159175,0.0003710677356723051,-0.0724490143428653,0.0078000000000000005,False,False
0.391,-99.77248110981273,-1.5569778552494498,-188.06231917730776,-5.567797412306405,-197.49371451993053,-7.563669100246142,10,198.0,0.001,-1897.790730350204,2612.0836315092774,0.9934574231409867,125.30393291287835,228.30451763162569,-29.590100895280003,40.7330440466583,0.5045405746882121,125.50060864457943,3.560024542260808,-0.4263978747015637,0.010770756835816362,-0.07695773342246755,0.00782,False,False,-2588.4642663863324,1880.6293716778382,0.9844532644872138,144.2080644096265,226.24007262172097,-76.62291899282555,55.66980963236421,0.9473940820563429,144.42697614034196,6.697088703117488,0.3582061647321209,0.0028271481990355314,0.060950153839301094,0.00782,False,False,-2652.7554631118205,1728.2738616840295,0.9741753945789702,145.7385490227861,223.87543509784447,-101.58921120872577,66.18538762900675,1.2130120628456116,145.94761783076737,8.573468775709449,-1.095497378159175,0.005404809265558176,0.11954524557792406,0.00782,False,False
0.392,-189.77849234850143,-2.9617573392646297,-258.8454995459162,-7.663516701009748,-264.18738464107014,-10.117982825621306,10,216.0,0.001,-2612.0836315226175,1897.7898449938393,0.9934737611110676,143.6035892560544,228.30448083458776,-40.73304435254349,29.594288695624712,0.5030326648874662,143.5066676211182,3.560198607961538,-0.4263978747015637,-0.004554507246359749,-0.07477480028346928,0.00784,False,False,-3042.9207884038974,988.7058438832044,0.9844968513467452,162.85493451701092,226.23998508474796,-90.0775666319146,29.266726271525513,0.947645876302359,162.29387479543962,6.697204370847367,0.3582061647321209,0.005181511786871328,-0.07289014382487406,0.00784,False,False,-3054.582157429594,824.7207719886696,0.973513864325746,163.47376907979537,223.7256859218094,-116.97858538788117,31.58278845848189,1.212351295783527,163.9066222638399,8.56780659391977,-1.095497378159175,0.006804672924298396,0.10320212724182393,0.00784,False,False
0.393,-261.207624838491,-4.076797572808774,-304.29104459175636,-9.009122923349945,-305.1377266692856,-11.68639034682468,10,234.0,0.001,-3070.6873138072992,997.7275423255119,0.9934431365765153,161.90836244709354,228.30441112571603,-47.890048017161455,15.556856762335574,0.504058340369933,161.85515846445094,3.560528395765055,-0.4263978747015637,0.005235857193869601,0.26984043224374993,0.00786,False,False,-3199.5148418043104,0.0014552350751415588,0.9844637337182858,180.2198375875095,226.23986411470656,-94.71503288495526,-0.0019226120386548473,0.9474455761235214,-179.3389995811933,6.697364204705681,0.3582061647321209,0.0029524707883427023,0.2937712121362121,0.00786,False,False,-3158.787029157018,-159.1893846874356,0.973183242787607,-178.24837193441638,223.6434299925641,,,,,,-1.095497378159175,-0.004073681618233306,0.3961363950926331,0.00786,True,False
0.394,-307.0679077124983,-4.792901928035677,-319.9504440182448,-9.47287725384186,-316.35399248045474,-12.116032276503956,10,252.0,0.001,-3228.7105832572174,0.0011589014576145473,0.9934118071873445,179.58667753394542,228.30431479100983,-50.35992073898045,-0.005482935341277528,0.503744063942313,-180.28651303726656,3.56098416656054,-0.4263978747015637,0.0014485356773607633,0.1257667606361196,0.00788,False,False,-3042.9180902039907,-988.7024914059873,0.9844484196798864,-161.4125201521092,226.23973037690692,-90.08113157565884,-29.27115546181005,0.9459626989809173,-161.69148120440155,6.697540894992957,0.3582061647321209,-0.012126178438304453,-0.05873038038942668,0.00788,False,False,-2955.2114497534594,-1127.588031056473,0.9732117799365614,-160.16103835485822,223.65966869929588,-113.1751362091074,-43.18415440817748,1.2114861331388815,-160.12042098199953,8.565477992470509,-1.095497378159175,0.0014461862287491617,0.08187880391463416,0.00788,False,False
0.395,-322.8702299299803,-5.039911723501662,-304.29086476070694,-9.009360346041412,-296.74281920126685,-11.365013081515288,10,270.0,0.001,-3070.6851650772096,-997.7248725226743,0.9934485364055683,-162.84141233394956,228.3042082866152,-47.90021373922144,-15.569487997028409,0.5035642967528703,-162.1709500929906,3.5614880546989838,-0.4263978747015637,-0.0010617416563714088,0.24131058749056178,0.0079,False,False,-2588.459495327804,-1880.6247936567477,0.9844500086052644,-143.7001570776838,226.23960941299774,-76.62922264939465,-55.675857973703955,0.9467387133979435,-143.69127793199956,6.697700696865511,0.3582061647321209,-0.004592028243503186,-0.05810290216520685,0.0079,False,False,-2463.685878141154,-1986.1162862980118,0.973707103186253,-142.12801457779037,223.7678038598309,-94.35222788781263,-76.0634042700771,1.2118504450003653,-142.36964656477855,8.569709556498081,-1.095497378159175,-0.0008950303942561406,-0.15657196315799793,0.0079,False,False
0.396,-307.06776447319453,-4.793579854210684,-258.84519359906307,-7.66392062861637,-248.21486381592382,-9.506488474708656,10,288.0,0.001,-2612.0798320554227,-1897.7861992080818,0.9934439428750182,-144.69284937606736,228.30411195306297,-40.75101978933624,-29.61153745073878,0.5047052833450141,-144.65539749459782,3.5619438261063157,-0.4263978747015637,0.009703566159475673,-0.24077385502425297,0.00792,False,False,-1880.624793753884,-2588.4579652105404,0.98448358302141,-125.47310471888554,226.23952188492325,-55.67585749672818,-76.63124416674813,0.9475867838798584,-125.63872912742485,6.697816319719342,0.3582061647321209,0.00372516116763782,-0.004855470470012871,0.00792,False,False,-1732.0986942760865,-2651.1192295763544,0.9743584331699909,-124.12956633335057,223.9263166327536,-66.3353535870205,-101.53145917394691,1.2141763153834992,-124.35887064655468,8.575842914112258,-1.095497378159175,0.013689795916232192,-0.11278921953338224,0.00792,False,False
0.397,-261.20738114523346,-4.077950929696823,-188.06198575221077,-5.5682376181790545,-175.49870612086255,-6.721541430695182,10,306.0,0.001,-1897.7861992266382,-2612.0786135157377,0.9934620523814671,-126.55344227356322,228.30404224587647,-29.611537870573194,-40.75678492096439,0.5040269316856748,-126.53235463967856,3.5622736364252967,-0.4263978747015637,0.0024536273399696964,-0.11389646987595292,0.007940000000000001,False,False,-988.7019071213094,-3042.914492774285,0.9844503732598507,-107.39471233152118,226.23947568319167,-29.271926787276314,-90.08588399758841,0.9466309910025534,-107.81886556636351,6.697877347886649,0.3582061647321209,-0.0059190744673024535,-0.18429336935161592,0.007940000000000001,False,False,-831.730997356938,-3057.7975048599037,0.975038298810715,-106.37436502017808,224.0747869874232,-31.85420094954131,-117.10655118946195,1.2134458347483497,-106.17572126840426,8.581560012498844,-1.095497378159175,-0.0017002085109969801,0.12871815730280514,0.007940000000000001,False,False
0.398,-189.77822676823106,-2.9630142834910873,-98.8700077041381,-2.9274343143847563,-85.68014068649713,-3.2815403715298244,10,324.0,0.001,-997.7244071140509,-3070.682300136121,0.9934764700689102,-108.76467467293752,228.3040054501929,-15.571690807926094,-47.91376877294198,0.5041228813357959,-108.48679840018458,3.5624477488410964,-0.4263978747015637,0.0031668917013783333,-0.06450613266588581,0.00796,False,False,0.0014550495476441938,-3199.5091679650513,0.9844843519490065,-89.53184108457249,226.239462913685,-0.001921701096384787,-94.72252835911132,0.9473339753023732,-89.87092666913739,6.697894214764662,0.3582061647321209,0.0010869151632537505,-0.23593043497452726,0.00796,False,False,149.68820102814811,-3166.521920922502,0.9754017557866319,-88.45949183801588,224.15694984998544,5.731552100834232,-121.27082061899803,1.2145039710241574,-88.31785156692698,8.584713921584624,-1.095497378159175,0.004420853243478457,0.06376235854145566,0.00796,False,False
0.399,-99.77229494473309,-1.5578589414805701,2.9794597256407973e-12,8.821977758841632e-14,12.488259627408757,0.47830191460577076,10,342.0,0.001,0.0011588660043315713,-3228.7060646918144,0.9934429274296029,-90.61241764199039,228.30399528018606,-0.005483737153820334,-50.38129965984584,0.5038587558549577,-90.50680156617632,3.562495884549591,-0.4263978747015637,0.00045756272120829427,-0.08214734990052748,0.007980000000000001,False,False,988.7040903940049,-3042.9135935042086,0.9844732132362232,-71.49547681953409,226.23946291368506,29.269043366778273,-90.08707167418217,0.9474220378602665,-71.43524312219007,6.69789421476466,0.3582061647321209,0.0019675407421886246,0.19973311197273746,0.007980000000000001,False,False,1116.5298016569307,-2966.6956580830474,0.9753327586529388,-70.60310455992143,224.14194080623187,42.75957997923871,-113.61825704535069,1.2133867517030907,-70.4788292779791,8.58413944843171,-1.095497378159175,-0.005938912243116802,-0.014852504562147423,0.007980000000000001,False,False
0.4,3.0066504486406973e-12,4.6949602227419953e-14,98.8699492809888,2.927511421066229,109.44003622846616,4.191592437295691,10,0.0,0.001,997.726145978296,-3070.681583917541,0.9934668342828759,-73.04117054733533,228.30399528018603,15.563462449635363,-47.9171579088884,0.5039926440422884,-72.43084105097319,3.5624958845495915,-0.4263978747015637,0.0017964445945142574,-0.006206834697427421,0.008,False,False,1880.624924898989,-2588.4566158645816,0.9844771038371001,-53.591341788558346,226.2394501448018,55.67568449536439,-76.63302626385484,0.9481658837225929,-53.67089614865047,6.697911076740279,0.3582061647321209,0.009382152930844581,-0.03638387104532468,0.008,False,False,1974.582628453666,-2477.7876274620717,0.9748889566904899,-52.32650206878265,224.03580164111168,75.62176155078161,-94.89430547530236,1.213095019117044,-52.947722749589005,8.580087421373769,-1.095497378159175,-0.003125806483141611,-0.41174750074353217,0.008,False,False
0.401,99.77224840493014,1.558079245069039,188.0617634973283,5.568530949424418,195.72708554303088,7.496462432520035,10,18.0,0.001,1897.7863037107431,-2612.0775388367583,0.9934570119498337,-54.514484086597975,228.30398511028648,29.611043157102156,-40.76187028631095,0.5030579454490172,-54.244672205087895,3.562543996984322,-0.4263978747015637,-0.007618582595911694,0.17755981917625058,0.008020000000000001,False,False,2588.456615935399,-1880.6238132994445,0.984474763049131,-35.68300388837561,226.2394039477726,76.633025917114,-55.67715274310526,0.9465630953142471,-35.5736753637858,6.697972080709257,0.3582061647321209,-0.006732003792899712,0.060098649892674584,0.008020000000000001,False,False,2640.233691267074,-1747.436161010946,0.9742011462988929,-34.690535549016545,223.87906424351556,101.11577070529628,-66.92327200068593,1.2126837690350707,-34.50059611163542,8.574124859308922,-1.095497378159175,0.0011940288357223672,0.08538529389233983,0.008020000000000001,False,False
0.402,189.77804972028412,2.9638523681374327,258.8447347376593,7.664526232344922,262.9404026160361,10.070832733196985,10,36.0,0.001,2612.07753885046,-1897.785418408028,0.9934554571871544,-36.507476841583774,228.303948315499,40.761870590481536,-29.615232185211948,0.5033701145725243,-36.66742476707268,3.56271811361717,-0.4263978747015637,-0.004743129464448856,-0.24906718660636962,0.00804,False,False,3042.9117951305216,-988.7029215499488,0.9844562720943871,-17.821690068503873,226.2393164331286,90.08944621214214,-29.270587365479223,0.94722151285105,-17.39215950776445,6.698087638845361,0.3582061647321209,-0.00031125230818948953,0.24087632906518383,0.00804,False,False,3048.616131940669,-846.8076850500483,0.973553040483855,-16.68844323575415,223.73135202055067,116.7571444590438,-32.4305965204897,1.2116899460758062,-16.703867150638107,8.568539657638523,-1.095497378159175,-0.0008455328060548732,-0.09318423598486658,0.00804,False,False
0.403,261.20701561684194,4.079681216505567,304.29014552880454,9.01030958587021,304.52959743582903,11.663803305110902,10,54.0,0.001,3070.6801515125608,-997.7252151083794,0.9934365947860417,-18.554294442216957,228.30387861090168,47.92393689597131,-15.567866886271705,0.5028702831571957,-18.21870863755051,3.563047997850798,-0.4263978747015637,-0.010207970374944012,0.19577493197299922,0.008060000000000001,False,False,3199.505386079067,-0.0014548634237740998,0.9844440433820771,0.281829159198275,226.23919549396246,94.72752203866958,0.0019207896331554508,0.9468515651874269,0.4119657896449226,6.698247321231153,0.3582061647321209,-0.004236553940081807,0.04453783859211357,0.008060000000000001,False,False,3159.9308225915465,136.3374709686616,0.9732046211855231,1.2954021835546117,223.64872802627582,121.02141636080214,5.222694690820003,1.2109910328181344,1.2581483568382816,8.565471311553189,-1.095497378159175,-0.0034953687348407464,-0.12548770036383747,0.008060000000000001,False,False
0.404,307.0671915340057,4.796291953007626,319.94949871179483,9.47412486609862,316.4413137565033,12.120107652504837,10,72.00000000000091,0.001,3228.7030524442425,-0.0011588300195057855,0.9934744071146023,-0.25894728156179514,228.3037822821176,50.39555517699378,0.0054845367129738865,0.5034790401958066,-0.28468517936948456,3.5635039018342383,-0.4263978747015637,-0.004765145585356462,0.1273972088116172,0.00808,False,False,3042.9090976194093,988.6995699289139,0.9844648404014242,19.039097046787454,226.23906179031715,90.0930077772187,29.275012357422746,0.947307479770856,18.438620518297316,6.698423844037209,0.3582061647321209,7.295094781811547e-05,0.07117259786092889,0.00808,False,False,2963.325505022256,1106.1965234027844,0.973232323790324,19.253924255745016,223.6623436913757,113.49271558467777,42.36748484854813,1.2117344426294974,19.65275138235993,8.566096037045265,-1.095497378159175,0.0030552341151370466,0.26927565238251144,0.00808,False,False
0.405,322.8694769001053,5.043476310205367,304.28996574395205,9.01054678304139,297.5143245170268,11.395248454392487,10,90.00000000000091,0.001,3070.67800291467,997.7225454701122,0.9934510109122306,17.46782266605413,228.30367578428718,47.93410558825115,15.580501810101762,0.5042772768985128,17.653148584745164,3.5640079371405693,-0.4263978747015637,0.002504407875577117,0.06521185477204809,0.008100000000000001,False,False,2588.4518460948393,1880.6192364475146,0.9844840343490575,36.258957565878546,226.2389408573181,76.6393235993747,55.68319535134272,0.9474275022606294,36.25908027293839,6.698583494405912,0.3582061647321209,0.0010473961288935013,-0.10794392133363546,0.008100000000000001,False,False,2477.953331097456,1968.2597005612338,0.9736931058754256,37.061478580093144,223.76660787470473,94.90434499208664,75.38410080024724,1.2115634771788681,37.659878131474905,8.570180089075969,-1.095497378159175,-0.004430142162414906,0.2865747491392436,0.008100000000000001,False,False
0.406,307.0670483037578,4.796970076007821,258.84442886939826,7.664929776273442,249.5927877460296,9.559838803902922,10,108.00000000000091,0.001,2612.0737396170416,1897.7817728469906,0.9934444779238097,35.40528695256144,228.3035794566877,40.779851279257265,29.632485978077312,0.504157988556879,35.482094414640855,3.5644638415891445,-0.4263978747015637,0.0006667782049178141,-0.10348034620883949,0.00812,False,False,1880.6192365451823,2588.4503163683967,0.9844848621902383,54.29390414195649,226.23885335162302,55.683194873818735,76.64134320049567,0.9464229704182514,54.57315095868385,6.698699007617762,0.3582061647321209,-0.009161282645716546,0.2068246154572687,0.00812,False,False,1751.107500826764,2638.5200398704565,0.974377889235092,55.24984616968538,223.92147597148593,67.06737681658093,101.05504600201104,1.2122556356915362,55.34475124597279,8.576174950269447,-1.095497378159175,-0.00598657104009445,0.0032336457541308587,0.00812,False,False
0.40700000000000003,261.20677193898865,4.080834908252579,188.06143015788174,5.568970737159373,177.34661185889072,6.792725316181145,10,126.00000000000091,0.001,1897.781772866009,2612.0725211525087,0.99343988175413,53.555000612241656,228.30350975381955,29.63248639554971,40.78561809448618,0.5035322738479349,53.87110974952109,3.564793748123247,-0.4263978747015637,-0.006056927179365822,0.2893679174559995,0.008140000000000001,False,False,988.69898579444,3042.9055011090727,0.9844882953160392,72.27938015044555,226.2388071617114,29.275782950004746,90.0977556932976,0.9477973707119961,72.22796559049432,6.6987599779007345,0.3582061647321209,0.004496495290647903,-0.13766298877855274,0.008140000000000001,False,False,853.6136182735224,3051.6600273691365,0.9749969806692675,73.46653101935432,224.06790412668002,32.69421690826586,116.87855846618142,1.2132018928248214,73.1682961503357,8.581814857120062,-1.095497378159175,-0.004500032465904392,-0.11654726146793844,0.008140000000000001,False,False
0.40800000000000003,189.77778415680112,2.965109677297776,98.86971561843708,2.9278197011890184,87.81642309348857,3.3635626419431994,10,144.0000000000009,0.001,997.7220800909987,3070.6751381507056,0.9934343515604248,71.48926256023229,228.30347296042126,15.582705259990076,47.94766457812384,0.5045753536700296,71.6980504404252,3.5649679112973756,-0.4263978747015637,0.004127567118662496,0.12014110437136148,0.00816,False,False,-0.0014546768666150456,3199.4997136898387,0.9844345682698715,90.18156514636458,226.23879439547358,0.0019198776443851706,94.73501040621171,0.9478856252844674,90.57077191308584,6.6987768287766425,0.3582061647321209,0.005355210278113337,0.20556689126927397,0.00816,False,False,-127.07136960839262,3167.4172491835056,0.9753637580336137,91.0212862680284,224.1503866090728,-4.8656756990634165,121.31243518050597,1.2145755873570871,91.22980847996776,8.58498157523734,-1.095497378159175,0.00475849714708805,0.02032168696679751,0.00816,False,False
0.40900000000000003,99.77206225162152,1.5589605871096566,-4.076955750471531e-12,-1.2073213578736617e-13,-10.272531277606372,-0.39346297235922745,10,162.0000000000009,0.001,-0.001158793668324165,3228.698534158203,0.9934562622313196,89.60540529637953,228.30346279104785,0.005485334014705856,50.41694033740627,0.5037149257686624,89.14237276280708,3.565016061025863,-0.4263978747015637,-0.004544805894061828,-0.4331756147684878,0.008180000000000002,False,False,-988.7011685078539,3042.904602069326,0.9844730386488628,108.68755809676003,226.2387943954736,-29.272902265662793,90.09894224293605,0.947416041972129,107.95037112533853,6.6987768287766425,0.3582061647321209,0.0006593771547290577,-0.41485389647806836,0.008180000000000002,False,False,-1095.3812641029235,2974.508638325604,0.9753191901040873,109.08620669750901,224.13792353394098,-41.95216532033782,113.92435811045858,1.2137346380679062,108.89992227484176,8.584504512767456,-1.095497378159175,-0.0029763275297156927,-0.22877761506653604,0.008180000000000002,False,False
0.41000000000000003,-4.114164844877211e-12,-6.42892960261257e-14,-98.86965721033327,-2.92789673455233,-107.36068841041144,-4.112200705639976,10,180.0000000000009,0.001,-997.7238188466378,3070.6744219768325,0.993422306132567,107.65659111291846,228.30346279104785,-15.574474505987624,47.951054700984564,0.5040692834701274,107.70190525433651,3.565016061025863,-0.4263978747015637,-0.001001228879412296,0.12633687676090496,0.0082,False,False,-1880.6193676563726,2588.4489673680437,0.9844653935394114,126.11132324393553,226.23878162986276,-55.68302203719547,76.64312360661694,0.9474766608495232,126.29387726053501,6.698793674749938,0.3582061647321209,0.0012417421247663287,-0.07181123805109704,0.0082,False,False,-1956.9533357320818,2491.7307854817377,0.9748744011884024,127.00009555554531,224.03558495862168,-74.95111039103054,95.43406695316699,1.21392149723907,127.14106819734258,8.580597323051002,-1.095497378159175,0.004417864869695411,0.08331636824198155,0.0082,False,False
0.41100000000000003,-99.77201571479088,-1.5591809544690107,-188.06120796026235,-5.56926378948667,-193.98582087048666,-7.430219131014073,10,198.0000000000009,0.001,-1897.7818773433214,2612.071446540609,0.993437277761386,125.84889318929223,228.3034526217846,-29.63199153946802,40.79070494068805,0.5043210743862501,125.72400390840468,3.5650641874680025,-0.4263978747015637,0.001448619214633088,0.14603433006484276,0.008220000000000002,False,False,-2588.4489674392617,1880.618256341304,0.9844832915990607,144.2053983621166,226.23873544468006,-76.64312325947837,55.684488892170975,0.9472628973428693,144.33154044198307,6.698854620810153,0.3582061647321209,-0.000982083686703625,-0.03488554415734981,0.008220000000000002,False,False,-2627.8241750408533,1766.1289611978311,0.9742008452401064,145.30664317741542,223.8824624943954,-100.6465720089546,67.6432627026478,1.2138118897966672,144.79872136906258,8.574772138725642,-1.095497378159175,0.011559845121917718,-0.2094626999837435,0.008220000000000002,False,False
0.41200000000000003,-189.77760712018846,-2.9659480045433972,-258.84397012621315,-7.66553480415518,-261.70523727198616,-10.024129498387111,10,216.0000000000009,0.001,-2612.0714465546603,1897.780992095668,0.9934550675748766,143.68813668281064,228.30341582930566,-40.790705243141645,29.636181788455122,0.5042219036525066,143.61791113509008,3.5652383547465814,-0.4263978747015637,0.0002106021497107517,0.0360687174241184,0.00824,False,False,-3042.902804157241,988.6999999626896,0.9844619072432573,162.37615101678284,226.23864795249094,-90.1013145260504,29.274444800143332,0.947445183496342,162.40476155330572,6.69897006922665,0.3582061647321209,0.000677509131658709,0.03759816671712543,0.00824,False,False,-3042.6125061886696,868.4131545674275,0.9735619812874874,162.82019481245104,223.73681268223888,-116.53423606353083,33.26006687356325,1.2110655144972526,163.19248663333323,8.56926491110662,-1.095497378159175,-0.008115511882329918,0.2090340181595552,0.00824,False,False
0.41300000000000003,-261.2064064339925,-4.082565695925098,-304.2892466973532,-9.011495120272276,-303.9186526569998,-11.641105612654673,10,234.0000000000009,0.001,-3070.672989662089,997.72288803442,0.9934406759856778,161.34333903946865,228.30334612909263,-47.95783565785928,15.578880227279376,0.5041407228981527,161.42725225134464,3.565568334867637,-0.4263978747015637,-0.0010678677563387396,-0.15846257253294666,0.00826,False,False,-3199.4959327743327,0.0014544896889105985,0.9844595004313984,180.2827554472147,226.23852704437422,-94.73999934423593,-0.0019189651357978121,0.9478661021927298,-179.378808033816,6.699129599966047,0.3582061647321209,0.004661085560266613,0.2535652715378065,0.00826,False,False,-3160.8914651887253,-113.93226763506935,0.9732330336219667,-178.91274742213363,223.65392257136241,-121.06550213615586,-4.3648622851737136,1.2120632635284623,-179.00299904348725,8.566185799481614,-1.095497378159175,0.006216499849911833,0.019406435239289754,0.00826,False,False
0.41400000000000003,-307.0664754012439,-4.799682959872337,-319.94855364889185,-9.475371292045805,-316.51152466664615,-12.12352804762122,10,252.0000000000009,0.001,-3228.6955221001876,0.0011587567609723237,0.9934360076861906,179.55839296876553,228.303249806383,,,,,,-0.4263978747015637,0.002384011139622092,0.07646585877381014,0.008280000000000001,True,False,-3042.90010733881,-988.6966492026409,0.98448600600497,-161.66263155627738,226.23839337507542,-90.10487270858133,-29.27886558892686,0.9488182096103162,-161.4981295101334,6.699305955098665,0.3582061647321209,0.013932755915787383,0.13422382577065917,0.008280000000000001,False,False,-2971.129240374765,-1085.173885791354,0.973242322823281,-160.55043250533282,223.66505455047542,-113.79844698287667,-41.56484463231526,1.2127997421592112,-161.09926485959213,8.566715486411084,-1.095497378159175,0.012832195717930997,-0.07675165534949985,0.008280000000000001,False,False
0.41500000000000004,-322.8687239184304,-5.047041928745037,-304.28906695895176,-9.011732091664713,-298.25614513625317,-11.424350358524736,10,270.0000000000009,0.001,-3070.6708411997997,-997.7202185649205,0.9934529561919015,-162.41640978152793,228.30314331528507,-47.96800730362911,-15.591518819457423,0.5049463297691706,-162.74861169561558,3.5665285529338684,-0.4263978747015637,0.0056302475417396814,-0.33674582816970833,0.0083,False,False,-2588.444198823542,-1880.6136806651043,0.9844481124118061,-144.0133409251935,226.23827247316044,-76.6494149605734,-55.69052576072579,0.9473763025521775,-144.05093977951643,6.699465453789666,0.3582061647321209,-0.0007118798775934245,-0.4181631974070558,0.0083,False,False,-2491.81391074381,-1950.6587665872696,0.9737062251668052,-142.7115096036634,223.76557140722218,-95.44094429135272,-74.71450661454027,1.2122840170050426,-142.90610616227147,8.570656726844003,-1.095497378159175,0.0021011885034377814,0.12601020776841718,0.0083,False,False
0.41600000000000004,-307.0663321802738,-4.800361278580781,-258.843664336987,-7.665937963966185,-250.93138350777895,-9.611689074772963,10,288.0000000000009,0.001,-2612.067647561027,-1897.7773467650927,0.9934519474319429,-144.2402855474904,228.3030469937902,-40.80869115431777,-29.653440590682923,0.5056086099213948,-144.14699953911978,3.566984589673506,-0.4263978747015637,0.011608115721845296,0.26722730447229864,0.008320000000000001,False,False,-1880.613680763317,-2588.4426694901103,0.9844657368147962,-125.43159277514955,226.23818498997065,-55.69052528265449,-76.65143264326235,0.9484832759157327,-125.5919042289777,6.6995808572337445,0.3582061647321209,0.010194648642197187,0.04156942761466763,0.008320000000000001,False,False,-1769.6527118604538,-2626.039027021163,0.9743421828350505,-125.0916208221371,223.91685613228535,,,,,,-1.095497378159175,-0.006887634528161285,-0.2367001264273089,0.008320000000000001,True,False
0.417,-261.20616277193636,-4.083719720631057,-188.06087470694945,-5.5697031586050745,-179.14939799071084,-6.862189468005833,10,306.0,0.001,-1897.7773467845927,-2612.066429173563,0.9934459817906786,-126.62000832243496,228.30297729535087,-29.653441005790548,-40.81445964365866,0.5047459481988399,-126.46065364415858,3.5673145918798226,-0.4263978747015637,0.002514804900511178,-0.0425954780907318,0.00834,False,False,-988.6960652192317,-3042.8965117530115,0.9844358692380115,-107.82407507469965,226.23813881194562,-29.279635447785953,-90.10961611363919,0.9469631378544872,-107.56427258641635,6.699641769565992,0.3582061647321209,-0.005092875016636403,0.06989805753909009,0.00834,False,False,-875.0210702446884,-3045.492416629464,0.974990467133693,-107.29844765556211,224.0612185667093,,,,,,-1.095497378159175,0.007185563425389294,-0.1743252887541107,0.00834,True,False
0.418,-189.77734157391586,-2.9672056765668855,-98.86942360816427,-2.9282047212356175,-89.90619051156737,-3.4438130501306277,10,324.0,0.001,-997.719753216077,-3070.6679766174802,0.9934425832519627,-108.30685570901997,228.30294050429615,-15.593722904707123,-47.98157022734188,0.504535188375181,-108.70692493962667,3.5674888055256235,-0.4263978747015637,0.00016083136327960335,-0.28503588411545966,0.00836,False,False,0.0014543020809867357,-3199.4902618432957,0.984462279751656,-89.83414837708912,226.23812604899504,-0.0019180521019932506,-94.74748059700981,0.9477659042926938,-89.62472471033857,6.699658604421449,0.3582061647321209,0.002910981284520388,0.009869011077458032,0.00836,False,False,104.89521000244079,-3168.1377105197116,0.9753515326204228,-88.93394987673997,224.143922044504,4.016573556117976,-121.34735594200812,1.2135021627243026,-89.77253900581674,8.58525295412084,-1.095497378159175,-0.006359536878346739,-0.581188495487827,0.00836,False,False
0.419,-99.7718295735516,-1.560062550867615,6.277095963418138e-13,1.8591055097719976e-14,8.100201422922817,0.31027616072293823,10,342.0,0.001,0.00115871948713675,-3228.6910041006518,0.9934441397813834,-90.22285322654926,228.3029303355721,-0.005486921845968995,-50.45259136266496,0.5045664494764689,-90.6370631733735,3.5675369691948293,-0.4263978747015637,0.0004053286619541974,-0.212814152668106,0.00838,False,False,988.6982473701974,-3042.895612944896,0.9844791002694718,-71.74737759057787,226.23812604899507,29.27675750273636,-90.11080153503045,0.9478452904758876,-71.79548086706465,6.699658604421449,0.3582061647321209,0.0037048431164593055,-0.16090714564858805,0.00838,False,False,1074.5963747224398,-2982.01959614839,0.975294414837118,-71.17559070570562,224.13386893082017,41.15858167413539,-114.21892692927923,1.2134837278818331,-71.6855599267276,8.584868116139729,-1.095497378159175,-0.005999642210838049,-0.41497705298962756,0.00838,False,False
0.42,6.334388982142063e-13,9.905344542323957e-15,98.86936521518996,2.9282816811968666,105.31743244332247,4.034181865126754,10,0.0,0.001,997.7214918603308,-3070.6672604894547,0.9934133152605767,-72.38030845309673,228.3029303355721,15.585489768542113,-47.98496133153631,0.504298157056043,-72.31132648263865,3.5675369691948293,-0.4263978747015637,-0.002277595542305334,0.1129025380668065,0.0084,False,False,1880.613811840385,-2588.44132083732,0.9844660006805923,-53.75259107923461,226.23811328667495,55.69035261095944,-76.65321135645979,0.9468063636153158,-53.97316651679634,6.699675434374076,0.3582061647321209,-0.006708226636519927,-0.3390557920606315,0.0084,False,False,1939.5757881419308,-2505.2745813845095,0.9748986200009832,-53.23735928189371,224.0352089078603,74.29002045267535,-95.95859608054839,1.2133556862505097,-53.33990119836535,8.581101124159055,-1.095497378159175,-0.001952727375649675,0.0005795261691421803,0.0084,False,False
0.421,99.77178303976676,1.5602829816347257,188.06065256690553,5.569995931694908,192.26987745297768,7.364937722240727,10,18.0,0.001,1897.7774512549238,-2612.0653546304593,0.9934465577747503,-54.15469823508537,228.30292016696131,29.65294600791384,-40.819547962342284,0.5040841685074432,-54.46360520091131,3.5675851095651634,-0.4263978747015637,-0.0044855617929269245,-0.04177638671747879,0.00842,False,False,2588.4413209089157,-1880.612700811419,0.9844383096508768,-35.651610243447465,226.23806711340504,76.65321100892318,-55.691818071573024,0.9486038688662501,-35.65419591483972,6.69973632245915,0.3582061647321209,0.011180717117127117,-0.020821900798896398,0.00842,False,False,2615.5306131018538,-1784.3641713732281,0.9742119255975724,-35.25262213178527,223.88563915706413,100.18175755970283,-68.34581263525757,1.2131786916148015,-35.55680975814973,8.575410967564414,-1.095497378159175,0.004324422895437195,-0.16721459856018395,0.00842,False,False
0.422,189.77716454890972,2.968044245030244,258.8432057126807,7.666542415342127,260.48221719604317,9.977885789445267,10,36.0,0.001,2612.065354644835,-1897.7765660637624,0.9934386025324449,-36.484319605494655,228.3028833768489,40.81954826307626,-29.657137470881842,0.5053671523875929,-36.535551980867716,3.5677593272027166,-0.4263978747015637,0.008097896062738065,-0.11759439666599265,0.00844,False,False,3042.8938154969865,-988.6970791256392,0.9844601985597318,-17.724174243393836,226.2379796437966,90.11317156071522,-29.278298571317734,0.9472470879788402,-17.550498428730148,6.699851661030309,0.3582061647321209,-0.002550205128571162,0.08213896175011456,0.00844,False,False,3036.578413006129,-889.5473849418149,0.9736231053815108,-17.334576567945703,223.7420725790262,116.31013314319245,-34.071587041144795,1.211537335898274,-17.51653854310788,8.56998253069674,-1.095497378159175,-0.004412165229087039,-0.10220029574719224,0.00844,False,False
0.423,261.20579729090747,4.085451006315217,304.2883480986897,9.012679525264756,303.30555870066405,11.618322775270551,10,54.0,0.001,3070.665828267196,-997.7205611073216,0.9934324689790587,-18.61870542374722,228.30281368113023,47.99174424703585,-15.589896767239264,0.5042272555989584,-18.574897786472366,3.5680894026678165,-0.4263978747015637,-0.00376786902295843,-0.16081099889022982,0.00846,False,False,3199.4864819037034,-0.0014541138812091958,0.9844481955316253,0.7282251643666293,226.23785876690323,94.75246478806665,0.0019171385479439529,0.9478720087427233,0.1680450227817311,6.700011039949572,0.3582061647321209,0.003473606681084183,-0.19978041466978266,0.00846,False,False,3161.6788161642125,91.96624859783604,0.9732360590987157,0.7477526698675641,223.65901197428522,121.10295490375984,3.5237486266271665,1.210585431267928,0.4232466635449852,8.566896313953423,-1.095497378159175,-0.009566641957727105,-0.15638854716099904,0.00846,False,False
0.424,307.0657593153381,4.803074943042471,319.9476088308953,9.476616530325858,316.56556313835915,12.126329271095472,10,72.0,0.001,3228.6879922369453,-0.0011586816956992152,,,228.30271736464698,50.466855143014484,0.00548771237198542,0.5036941612622947,-0.4606591662873231,3.568545570775995,-0.4263978747015637,-0.009743931514904063,-0.04897157393575349,0.00848,False,False,3042.891119375129,988.6937292313596,0.9844621274368313,18.424755715413568,226.23772513214325,90.11672635682572,29.282715152125554,0.9474492504607129,18.642714517128674,6.700187227216689,0.3582061647321209,-0.0010031425616950005,0.27486911016124516,0.00848,False,False,2978.6342750039385,1064.515980128733,0.9732850946646249,18.65811316862427,223.6677940180221,114.09277330518827,40.776077813301555,1.2114448035805832,18.438608678798786,8.567336062716784,-1.095497378159175,-0.0015948174963579588,-0.14096095991823168,0.00848,False,False
0.425,322.86797098614477,5.050608573245128,304.28816840700654,9.01291627062058,298.9693985319721,11.452361393960487,10,90.0,0.001,3070.663679943913,997.7178918107616,0.9934537949404417,17.649428200541365,228.3026108804497,48.001918829544216,15.602539006948762,0.5039193208387298,17.518263620764518,3.5690498979290757,-0.4263978747015637,-0.008205562050311288,-0.07006790650939938,0.0085,False,False,2588.4365535249244,1880.6081263175017,0.9844546810268899,36.28743586710079,226.2376042614867,76.65949672200122,55.69784919386966,0.9480550821746216,36.577583232059524,6.700346574056287,0.3582061647321209,0.004829824115711761,0.21016059103748772,0.0085,False,False,2505.2798658827096,1933.313113204363,0.9737139369377829,36.78929609863439,223.7646844352928,95.96249213916055,74.05460926889543,1.2121878000135466,36.400596609390696,8.571139087521338,-1.095497378159175,0.00045685757663397903,-0.16990754139148645,0.0085,False,False
0.426,307.0656161038805,4.803753456340983,258.84290000293197,7.666945190596555,252.23183933338626,9.662084531386519,10,108.0,0.001,2612.061555897018,1897.7729209693703,0.9934493512152094,35.5418181350696,228.302514565212,40.837539367032235,29.67440125404614,0.504784279937334,35.637320322431485,3.5695060662086315,-0.4263978747015637,-0.00020109043194147574,0.05134877532304018,0.00852,False,False,1880.6081264162972,2588.435024586679,0.9844554866703439,54.223111902334885,226.23751680092826,55.69784871525256,76.66151248406,0.9481036771849606,54.287157256883184,6.700461867606907,0.3582061647321209,0.005152724516160181,-0.07956908670491421,0.00852,False,False,1787.7460213717093,2613.6796003645513,0.9743253054956151,54.70906479205429,223.91244818334883,68.47886215837252,100.11575526784205,1.2122514238404463,54.745644109741015,8.576863941836733,-1.095497378159175,-0.007003070769810766,0.2046268094865624,0.00852,False,False
0.427,261.205553645025,4.086605362077408,188.06031940020938,5.570434881718287,180.90820853400965,6.929977396755315,10,126.0,0.001,1897.7729209893844,2612.0603375885134,0.9934521849891493,53.83884477370032,228.30244487131102,29.674401666786444,40.84330952098368,0.5046873434602402,53.48867003619494,3.569836163543542,-0.4263978747015637,-0.0016372833308125959,-0.0934717996034829,0.00854,False,False,988.6931453998983,3042.8875247190344,0.9844539661585502,72.63520550446165,226.23747063485615,29.283484276424428,90.12146524569633,0.9484529724792299,72.1520014012708,6.700522721922091,0.3582061647321209,0.008559616460991163,-0.21402873203151135,0.00854,False,False,895.9633684688188,3039.3015115641965,0.9749643399665485,72.23914606351698,224.05472585770653,34.32033278735656,116.41928681909937,1.2131927899807429,72.09306434861234,8.582346877778427,-1.095497378159175,-0.005343451737212158,-0.39449441931401713,0.00854,False,False
0.428,189.77689902027055,2.9693022778434672,98.86913167373115,2.928589374104922,91.95043270303512,3.5223291883397616,10,144.0,0.001,997.7174264929637,3070.660815547748,0.9934503048677253,71.34391767491684,228.30240808265802,15.60474372392617,48.015485664755936,0.5054518640377916,71.17579790237083,3.570010427373985,-0.4263978747015637,0.005761476172257387,-0.4025146554076237,0.00856,False,False,-0.00145392519235088,3199.48081243902,0.9844435775127125,90.2525932993534,226.2374578752109,0.0019162244708446075,94.75993891792454,0.9469685377135182,90.32375509604229,6.700539540738754,0.3582061647321209,-0.0063085165947546745,-0.041852440096179694,0.00856,False,False,-83.15234138119064,3168.692893977386,0.9753400604406409,90.17768144208614,224.13755785476872,-3.183966002759217,121.37594899661056,1.2133020417005826,90.08873264913389,8.58552812421418,-1.095497378159175,-0.008749896393506866,-0.3269834066029227,0.00856,False,False
0.429,99.77159691088198,1.561164830937731,2.821516185889161e-12,8.357687676553842e-14,-5.9705290845487475,-0.2287133956799406,10,162.0,0.001,-0.0011586434685000313,3228.6834745310425,0.9934422238512457,89.25086123484037,228.30239791459908,0.0054885006358247335,50.48825267690428,0.5046651799786457,89.8869000026155,3.570058604904527,-0.4263978747015637,-0.0021734977362961767,0.3109464137463534,0.00858,False,False,-988.6953269852427,3042.8866261438507,0.9844798387892578,108.21409853666962,226.23745787521088,-29.280609073800775,90.12264953754945,0.9475865993000971,108.67402840092231,6.700539540738754,0.3582061647321209,-0.00012790072896551023,0.3084008647839731,0.00858,False,False,-1054.1710830911027,2989.239930133979,0.975273700371535,108.14811160813413,224.12978419135717,-40.378676404468195,114.50239802938,1.214023124851975,108.48238769364728,8.585230533496267,-1.095497378159175,-0.0011182080502747046,0.14437127054900523,0.00858,False,False
0.43,2.847270814221733e-12,4.455550609471979e-14,-98.86907329598763,-2.9286662605807865,-103.30984612404696,-3.957519992261933,10,180.0,0.001,-997.7191650230592,3070.6600994667056,0.9934442067615671,107.48946032189416,228.30239791459908,-15.59650821916536,48.01887774469619,0.5050188025436873,107.4793005372226,3.5700586049045273,-0.4263978747015637,0.001362727914119052,-0.0966730516464529,0.0086,False,False,-1880.6082574590364,2588.4336762834046,0.9844663279374373,126.39100489938453,226.23744511620018,-55.69767620867333,76.66328950239668,0.948315904133865,126.54212480134801,6.700556354652387,0.3582061647321209,0.00714136914401791,0.17603474891891543,0.0086,False,False,-1922.449636586362,2518.431113777814,0.9748700813113963,126.19421811177003,224.03468347618852,-73.63848010120239,96.46835352705168,1.2131655813458468,126.2333443351907,8.581599205228418,-1.095497378159175,-0.004558169425735327,-0.03582316337652388,0.0086,False,False
0.431,-99.7715503802339,-1.5613853247492744,-188.06009731806046,-5.5707273752517334,-190.57919071371344,-7.300615907659695,10,198.0,0.001,-1897.7730254525559,2612.059263115913,0.9934413310610103,125.51164854389717,228.3023877466571,-29.673906527931578,40.848399303764495,0.5042319843239216,125.93749314336989,3.5701067591237434,-0.4263978747015637,-0.006573554633437834,0.35912034524227227,0.008620000000000001,False,False,-2588.4336763553806,1880.6071467177687,0.9844705841708093,144.33239743707665,226.23739895490954,-76.6632891544624,55.69914027332882,0.9482938238819358,144.26629847308024,6.700617184696001,0.3582061647321209,0.0068345399520463555,-0.10052751269788603,0.008620000000000001,False,False,-2603.356369635474,1802.153419675717,0.9742666191456197,144.1701703158383,223.88860327594253,-99.72145701944486,69.0313640454964,1.2131167475560147,144.58756930660647,8.576041689515868,-1.095497378159175,0.002813006769733066,0.36704921948281544,0.008620000000000001,False,False
0.432,-189.7767220071504,-2.970141086141357,-258.842441498167,-7.667549064808344,-259.2716395820866,-9.932113075062981,10,216.0,0.001,-2612.0592631306185,1897.7721403192775,0.993416810268907,143.59132798961633,228.30235095896936,-40.848399602776716,29.67809919797452,0.5051020992989577,143.62781113445075,3.5702810268331437,-0.4263978747015637,0.0018811433588048418,0.045568720519600904,0.00864,False,False,-3042.8848291627114,988.694159042979,0.984483340447294,162.59405096793208,226.23731150800796,-90.12501730322342,29.282148674804787,0.9480223275667425,162.03401084779875,6.700732413296212,0.3582061647321209,0.0039566189509223125,-0.3335509841660908,0.00864,False,False,-3030.5205837900157,910.2204155582069,0.9736082134438414,162.44349154606604,223.74713644730667,-116.08509332872364,34.865538319941734,1.2122273937966512,161.6941584356521,8.570692695307015,-1.095497378159175,0.0014840893313143129,-0.5016244445579277,0.00864,False,False
0.433,-261.205188188554,-4.088337142917698,-304.28744973410977,-9.01386279955755,-302.690943770786,-11.595478842951422,10,234.0,0.001,-3070.658667339203,997.7182343307295,0.9934558888365375,161.84393641659392,228.3022812678555,-48.025662607639546,15.600916488007933,0.5052166570549765,161.61096456656833,3.5706111970982115,-0.4263978747015637,0.002559789652242165,0.024852970462864547,0.00866,False,False,-3199.477033480787,0.0014537359760566915,0.984461124248596,180.4280813402868,226.23719066251167,-94.76491835658538,-0.001915309872022597,0.9488798078210315,-179.46440947853887,6.700891640221735,0.3582061647321209,0.012306240616244682,0.16756634199091952,0.00866,False,False,-3162.3023054782534,-70.43192180270125,0.973236076885309,-179.57913977126117,223.6639949437761,-121.13413467726285,-2.6990697716217373,1.2120643025034115,-179.68288873663678,8.56760280406408,-1.095497378159175,0.004222942500933355,0.12751469347959088,0.00866,False,False
0.434,-307.065043277422,-4.806467896923618,-319.94666425916483,-9.477860579582307,-316.6043258881938,-12.128545562119156,10,252.0,0.001,-3228.68046286641,0.0011586047921667841,0.9934121820773106,179.524792318748,228.30218495775065,-50.50252055360213,-0.005489286636239266,0.5058220209640867,-180.6872979412533,3.571067496141226,-0.4263978747015637,0.007968124448214306,-0.2758077350345654,0.00868,False,False,-3042.8821337413,-988.6908100192984,0.9844567654654219,-161.63169919064333,226.23705706248288,-90.12856870904133,-29.286561042826474,0.947493311695305,-161.44902885987395,6.7010676594314385,0.3582061647321209,-0.0018076493946229438,0.1829269910738246,0.00868,False,False,-2985.851812543231,-1044.2185690840633,0.9732895051013801,-161.6315961377439,223.67055535415994,-114.37612164200961,-40.00102460566337,1.2105602392045267,-161.88656101800876,8.567957507880937,-1.095497378159175,-0.011319317436338823,-0.07612473621739174,0.00868,False,False
0.435,-322.86721810443726,-5.05417623782253,-304.2872700893978,-9.01409931861869,-299.6551619083014,-11.479322628430618,10,270.0,0.001,-3070.656519158312,-997.7155652113405,0.9934334853453073,-162.26356477051303,228.3020784806221,-48.03584011011306,-15.613562354406413,0.5050041621181268,-162.75948653190156,3.5715719679710243,-0.4263978747015637,-0.0009238949149200961,-0.3480154460468123,0.0087,False,False,-2588.4289102099706,-1880.602573412722,0.9844884749328573,-143.44628688488262,226.23693622325828,-76.66956887267668,-55.705165642798114,0.9477271093778074,-143.22951930440325,6.701226854246052,0.3582061647321209,0.0003051919645145839,0.40285883192954713,0.0087,False,False,-2518.363083339532,-1916.222147282876,0.973682714327846,-144.03951693063328,223.7639374124525,-96.46944113614947,-73.4043878133964,1.2122579225237042,-144.04224552470856,8.571626806907926,-1.095497378159175,0.00046834330706540264,-0.22325162166599705,0.0087,False,False
0.436,-307.0649000756972,-4.807146603692352,-258.8421358683302,-7.66795145506725,-253.49530799671905,-9.711069070421482,10,288.0,0.001,-2612.055464634607,-1897.7684954668355,0.9934388143337796,-144.40427236676388,228.30198217179333,-40.86639586985317,-29.695367933613433,0.5055673693602113,-144.2828336073599,3.572028267038371,-0.4263978747015637,0.00406287317638497,0.13099645968071458,0.00872,False,False,-1880.6025735120888,-2588.4273816691193,0.9844483012552736,-125.23473147023164,226.23684878545694,-55.70516516363536,-76.67158271190988,0.9478777251111815,-125.80216105707338,6.701342037777631,0.3582061647321209,0.0016484551857340632,-0.1690874008418678,0.00872,False,False,-1805.39884939165,-2601.444846840255,0.9743622513257709,-125.70985012685081,223.90824344512654,-69.15920331230886,-99.65312821106733,1.2127567520100802,-125.73527285232625,8.577220227161215,-1.095497378159175,-0.0024536526114266196,0.11212627064264793,0.00872,False,False
0.437,-261.20494455923006,-4.089491827831077,-188.05976423845314,-5.571165905701678,-182.6241602355541,-6.996131578858099,10,306.0,0.001,-1897.768495487348,-2612.0542464069977,0.9934329708300725,-126.60344752994557,228.30191248254079,-29.695368343983127,-40.87216767890216,0.5045150854060073,-126.40679780552465,3.5723584589575617,-0.4263978747015637,-0.006926928255960797,0.010860356810930697,0.00874,False,False,-988.6902263406021,-3042.8785400200786,,,226.23680263140383,-29.287329431726533,-90.13330307656267,0.9482011087823787,-107.45545505012998,6.70140283400945,0.3582061647321209,0.0047963130421288715,0.1783140388238301,0.00874,False,False,-916.450367898465,-3033.093760041937,0.9749303760783111,-107.80945131908452,224.0484214854745,-35.107187329439775,-116.18851648378337,1.2133117253313404,-107.96813747551363,8.582623714484628,-1.095497378159175,-0.004545604455706384,-0.06881450228235696,0.00874,False,False
0.438,-189.77645649655653,-2.9713994776680606,-98.86883981557506,-2.9289736593784093,-93.95012291020568,-3.5991480250865666,10,324.0,0.001,-997.7150999252933,-3070.6536549528228,0.9934435846359975,-108.4511881915858,228.30187569634714,,,,,,-0.4263978747015637,0.006571276948189033,-0.007989194137200837,0.00876,True,False,0.0014535462190963244,-3199.471365490607,0.984464890037063,-89.70116847371767,226.23678987508245,-0.0019143947520863236,-94.77238535538578,0.9467129878677703,-89.71399128261255,6.701419636769006,0.3582061647321209,-0.010108658794406856,-0.07980007709182069,0.00876,False,False,61.83541487545946,-3169.091967039134,0.9753000980752278,-89.90063997541137,224.1312953838083,2.367574526104032,-121.39856437715295,1.2145172335014738,-90.01918726048032,8.585807137937122,-1.095497378159175,0.003007436624332729,-0.049718726139092624,0.00876,False,False
0.439,-99.77136426399761,-1.5622674255013602,2.8226961000754466e-12,8.362304439060932e-14,3.8827775429743303,0.14874674954872633,10,342.0,0.001,0.0011585656310018067,-3228.6759454612666,0.9934252560380059,-90.53913298136489,228.30186552896964,-0.005490070372335953,-50.52392422133095,0.5050089178121467,-90.96542506238661,3.5725809639976425,-0.4263978747015637,-0.002303273839945232,-0.5415812686739166,0.00878,False,False,988.6924073572218,-3042.8776416791097,0.9844553666852436,-71.41490743231503,226.23678987508245,29.28445697466192,-90.13448623758734,0.9476549744652762,-71.86289715897038,6.701419636769006,0.3582061647321209,-0.000688792819346371,-0.22872595344969193,0.00878,False,False,1034.1012403443394,-2996.1806275918393,0.9752671006776399,-71.99216127127627,224.12567599940806,39.612293067056456,-114.77519028889687,1.2142524694128984,-72.18716811201233,8.585592020321853,-1.095497378159175,0.0006640179875986177,-0.1415105273711376,0.00878,False,False
0.44,2.848463264953785e-12,4.460574996829675e-14,98.86878145312906,2.92905047228461,101.33749892962095,3.882198840931982,10,0.0,0.001,997.7168383385273,-3070.652938919883,0.9934212470303081,-72.1516502700591,228.30186552896959,15.607529839700799,-48.0528038845447,0.5055529701246785,-72.86103961623826,3.5725809639976434,-0.4263978747015637,0.0031372492853715796,-0.4372158225255987,0.0088,False,False,1880.6027045203227,-2588.426033717285,0.9844173914969514,-53.4447193550265,226.23677711939928,55.704992822360246,-76.67335803344955,0.9489030940829263,-53.762341561974615,6.701436434625321,0.3582061647321209,0.011768647600935439,-0.12863239205466823,0.0088,False,False,1905.574313578631,-2531.2121197901247,0.9748694326709701,-53.85943846235824,224.03401817517675,72.99646933317825,-96.96378622672293,1.2139625541484624,-54.226104916082335,8.582091928699919,-1.095497378159175,0.0027147423845268292,-0.11264504417757407,0.0088,False,False
0.441,99.77131773654227,1.5624879819929995,188.0595422145336,5.5714581193605,188.91367607154658,7.237250621779185,10,18.0,0.001,1897.7685999432124,-2612.0531720065765,0.9934131642709327,-54.56013323969607,228.30185536171226,29.69487306496847,-40.877258917384346,0.5061924412344292,-54.2086781568479,3.572629131986322,-0.4263978747015637,0.009463840560017004,0.21274742785525552,0.00882,False,False,2588.4260337896653,-1880.6015940683274,0.9845000670955674,-35.51665179005335,226.2367309701547,76.67335768511869,-55.70645548946213,0.947885299176266,-35.429397863823574,6.701497206561223,0.3582061647321209,0.001504754038365861,0.203576150578725,0.00882,False,False,2591.3044924027963,-1819.5080569749016,0.9742415625519152,-36.09480810031813,223.891363631377,99.26578795991458,-69.7003486662584,1.2135972690816408,-36.149899096352144,8.57666463827889,-1.095497378159175,0.006737239436664298,0.0117286408193579,0.00882,False,False
0.442,189.7762794956168,2.972238524415737,258.84167748376103,7.6685547514568135,258.0737719476326,9.886821689780819,10,36.0,0.001,2612.053172021641,-1897.767714869185,0.9934346844340686,-36.279267862625474,228.30181857650769,40.87725921467307,-29.69906693517115,0.5052935725088705,-36.48507783147841,3.572803449480079,-0.4263978747015637,0.0002286311405997947,-0.06752024354323816,0.00884,False,False,3042.8758451673375,-988.6912397188951,0.9844718000291197,-17.71906271588337,226.23664354608567,90.13685174067143,-29.2859951064104,0.947220750833233,-17.74143180530975,6.7016123250649455,0.3582061647321209,-0.005303531541207494,-0.10919285923447866,0.00884,False,False,3024.4453666643285,-930.4421187966832,0.9736366968174038,-18.18923188580472,223.75200906771977,115.85935963079638,-35.64229570182938,1.2112821534436296,-18.200326216512316,8.57139558559598,-1.095497378159175,-0.008962351178416494,-0.013983882776694002,0.00884,False,False
0.443,261.2045791278833,4.091224100967937,304.286551604909,9.015044941861603,302.0753996514143,11.57259647624032,10,54.0,0.001,3070.6515068894123,-997.7159077083027,0.9934256984811719,-18.069953736868612,228.30174889010843,48.05959068373656,-15.61193937141873,0.5055064495522068,-18.0516580001776,3.5731337140003254,-0.4263978747015637,0.0018903370102605055,0.36203202487418235,0.00886,False,False,3199.467587519176,-0.001453355958815905,0.9844599680109424,0.4371987469291528,226.23652273216064,94.77736003622627,0.0019134791101493853,0.9480866940415031,0.27428627308941206,6.701771399823282,0.3582061647321209,0.0031309348608238303,-0.09393664761418986,0.00886,False,False,3162.770950355335,49.321836688789446,0.9732945275323943,-0.4143345131696779,223.66887052053025,121.15938574639623,1.8905432968810296,1.211530865780438,-0.2064413689154535,8.568305231608356,-1.095497378159175,-0.002104807288499701,-0.01376165928996567,0.00886,False,False
0.444,307.06432728862904,4.809861815914174,319.94571993505957,9.47910343845978,316.62867002497467,12.130209650776614,10,72.0,0.001,3228.6729340004676,-0.0011585260353399462,0.9934277498590983,-0.37769470239906777,228.3016525865344,50.53819617083513,0.005490851841865041,0.5053527676805499,-0.0677603233710336,3.573590143225205,-0.4263978747015637,-0.0002919701063968283,0.3435325045526602,0.00888,False,False,3042.873150450244,988.687891570671,0.9844453385434071,18.096164099768366,226.23638916705522,90.14039975232765,29.290403256840236,0.9478481378549122,18.138611343822124,6.701947250783816,0.3582061647321209,0.0004966821815702847,-0.2296315465296082,0.00888,False,False,2992.7926543695744,1024.2773282541466,0.9732735509047024,17.479581709516705,223.67333230879285,114.64890377747184,39.23952184876913,1.2111479662563833,17.489837136325335,8.568579582490912,-1.095497378159175,-0.006321793268009958,-0.31747452877054166,0.00888,False,False
0.445,322.8664652744968,5.0577449165865636,304.2863720074267,9.015281234370352,300.3144735099424,11.505273647051315,10,90.0,0.001,3070.649358854296,997.7132387703447,0.9934487831706783,17.04642983338508,228.30154611664278,48.06977108938019,15.624588843637365,0.5048497609994038,17.65200989862694,3.574094758899188,-0.4263978747015637,-0.006035671247790403,0.06328360544624158,0.0089,False,False,2588.421268889669,1880.5970219587657,0.9844200804184262,35.940813102122206,226.23626835943634,76.67963140162733,55.712475099541,0.9477323153835133,36.42146541174797,6.702106293400012,0.3582061647321209,-0.0008864627572383606,0.0536443259208386,0.0089,False,False,2531.075096797659,1899.385069397104,0.9736811255691629,35.17436183962096,223.76332125124884,96.96223046433784,72.76381338969058,1.2129230963393254,35.79343050532614,8.572119538255716,-1.095497378159175,0.006423254108623511,-0.005803201276611899,0.0089,False,False
0.446,307.0641840968633,4.810540715031941,258.8413719342761,7.66895675628177,254.72290770578545,9.758685274948888,10,108.0,0.001,2612.0493737834026,1897.7640702644883,,,228.30144981437488,40.89526061517208,29.716340594786608,0.505171305500604,35.35080282643654,3.574551188001234,-0.4263978747015637,-0.0034657144621640687,-0.2355654875320716,0.00892,False,False,1880.5970220586623,2588.4197407484335,0.9844446270607679,53.92627200609584,226.23618094451754,55.71247461983179,76.68164331584171,0.9477673379582342,54.44138807624631,6.7022213667870485,0.3582061647321209,-0.000698975354644028,0.07426173229714353,0.00892,False,False,1822.6223455441634,2589.3375486147515,0.9743303569205212,53.65362386084043,223.90423349216914,69.82317897132316,99.19532717216043,1.2130954382069592,53.67436443297386,8.577583941429362,-1.095497378159175,0.00041883970652128864,-0.09750284642228954,0.00892,False,False
0.447,261.2043355155026,4.092379113125022,188.0592092224944,5.571896229759203,184.298342964165,7.060693471325984,10,126.0,0.001,1897.7640702854615,2612.048155638642,0.9934052202544086,53.56984110551242,228.30138012988087,29.71634100278206,40.901034069793646,0.5047944185782681,53.47995944391067,3.5748814739596946,-0.4263978747015637,-0.007701678567439526,-0.10258239561972525,0.00894,False,False,988.6873080455398,3042.869557669074,0.984441944270985,72.42793002264686,226.23613480255008,29.291170909503087,90.14512959334226,0.9478994314792633,72.21000395897765,6.702282104869279,0.3582061647321209,0.0005360632360035567,-0.15642773029800638,0.00894,False,False,936.4917612207248,3026.8752367505863,0.9749079403853095,71.65520579118852,224.04230089079397,35.87706586484401,115.95730468501553,1.21338104215215,71.58010904521159,8.582907539081345,-1.095497378159175,-0.0042538248416244305,-0.14132215568713138,0.00894,False,False
0.448,189.77601400348755,2.9734972725771147,98.86854803409871,2.9293575766368676,95.90621771549826,3.674305899605021,10,144.0,0.001,997.7127735167455,3070.6464948440216,0.9934667270253016,71.79031584577511,228.30134334620496,15.626794813147038,48.08334568045206,0.5054876729877541,71.75199684189903,3.5750558372968433,-0.4263978747015637,-0.0010157214687562992,0.1732810430053259,0.008960000000000001,False,False,-0.0014531651740838925,3199.46192101165,0.9844442296811778,90.36574257907027,226.2361220495709,0.0019125629470413408,94.78481989583429,0.9481225598895359,90.6126854043098,6.70229889155342,0.3582061647321209,0.002743607382349288,0.24667535070416485,0.008960000000000001,False,False,-40.9371209297624,3169.343692028355,0.9752851299702894,89.68918472271803,224.12513565048812,-1.5671220516992577,121.41553667978286,1.213553063530248,89.64047089548157,8.58609003527351,-1.095497378159175,-0.007034340337806239,-0.012472820739910321,0.008960000000000001,False,False
0.449,99.77113163324836,1.5633703327369768,6.265157980965803e-13,1.8563167138811855e-14,-1.8362149928741784,-0.07034847612166466,10,162.0,0.001,-0.0011584859806674785,3228.668416903221,0.9934310383402795,89.57987789217417,228.30133317952496,0.005491631043764711,50.55960593707617,0.505813380799428,89.18156176600559,3.575104042311524,-0.4263978747015637,0.0021731844624461546,-0.39479706553132704,0.00898,False,False,-988.6894884903256,3042.8686595636045,0.9844326409210694,108.41470438493444,226.2361220495709,-29.28830120112788,90.14631162224914,0.9475499153597348,108.42126099737564,6.70229889155342,0.3582061647321209,-0.0029828379156606926,0.05523094376997722,0.00898,False,False,-1014.3826111131166,3002.8522779288396,0.9752501442466255,107.679993943703,224.12155055673566,-38.85927186560764,115.03770744400225,1.2143092835280465,107.38814867782216,8.585952813723429,-1.095497378159175,0.0007219202173537758,-0.19009414212575992,0.00898,False,False
0.45,6.322353799643818e-13,9.907555333476168e-15,-98.86848968705152,-2.9294343158902185,-99.39995311964203,-3.8082018845414236,10,180.0,0.001,-997.7145118103961,3070.6457788603093,0.9934526703692089,107.27231297278315,228.30133317952496,-15.618554611967797,48.08673969509077,0.5052491338467557,107.53685007669942,3.5751040423115232,-0.4263978747015637,-0.003469285064274249,-0.03952875483753471,0.009000000000000001,False,False,-1880.597153032235,2588.41839314996,0.9844477466543107,126.16279516753835,226.23610929723364,-55.71230244404957,76.68341693864964,0.9476291663962894,126.2450440927154,6.702315673334117,0.3582061647321209,-0.002214060571977876,-0.1214475155011485,0.009000000000000001,False,False,-1888.9490485733002,2543.6289841481307,0.974861196945636,125.55737482755507,224.0332220576273,-72.3639603610527,97.44532772161836,1.2147970373688328,125.50482437917698,8.582579639569216,-1.095497378159175,0.010369847262352724,-0.006659566841340184,0.009000000000000001,False,False
0.451,-99.77108510907672,-1.5635909515444557,-188.05898725710887,-5.572188163224559,-187.2732303812298,-7.174838087103886,10,198.0,0.001,-1897.7641747338816,2612.047081312082,0.993438385785954,125.36556852564473,228.30132301296828,-29.715845584427196,40.90612675557068,0.5059237358334433,125.38502409685407,3.575152223990145,-0.4263978747015637,0.003208595619235154,-0.1937519404520696,0.00902,False,False,-2588.4183932227515,1880.5960428710946,0.9844630471382799,143.86692414905406,226.23606316010134,-76.68341658992267,55.71376371200388,0.9479466940111203,144.2830464723961,6.702376387096082,0.3582061647321209,0.0008753533507373462,-0.08417951302138466,0.00902,False,False,-2579.3777299648023,1836.4391608192307,0.974254335883288,143.26321071036827,223.89392873890992,-98.81485651887462,70.35318786438876,1.213306952043658,143.36654230345187,8.577280137528376,-1.095497378159175,0.0029636216705823636,-0.09726472252821206,0.00902,False,False
0.452,-189.77583701499282,-2.9743365563875868,-258.840913670573,-7.66955947419204,-256.8888537705147,-9.842020896350538,10,216.0,0.001,-2612.047081327508,1897.7632897204926,0.9934530606525408,144.11088106337212,228.30128623030464,-40.90612705113372,29.7200406478658,0.5053519447171022,143.68624477127562,3.575326590980389,-0.4263978747015637,-0.0027559077066079004,0.10360236107659138,0.009040000000000001,False,False,-3042.866863523785,988.6883211576001,0.98447260295557,162.4676420051053,226.23597575899055,-90.14867486016608,29.289837861944655,0.9477230951879412,162.38396937846855,6.702491395377895,0.3582061647321209,-0.0015232811529792168,0.01600910306873214,0.009040000000000001,False,False,-3018.3587439254043,950.2221985150661,0.9736290663332604,161.39472215491074,223.75669524711157,-115.63316110396406,36.40222781379213,1.212198496964683,161.36004009770937,8.572091383292214,-1.095497378159175,-0.0007829225065666747,-0.07909089883165067,0.009040000000000001,False,False
0.453,-261.2039701098678,-4.094111875695556,-304.2856537123741,-9.016225950888646,-301.4594833808326,-11.549697009950929,10,234.0,0.001,-3070.64434692913,997.7135812437361,0.9934399119568201,161.88031124395053,228.30121654873,-48.09352841932118,15.622965399282204,0.5055802423841391,161.72451912849127,3.575656949210329,-0.4263978747015637,-0.000940128125461453,0.13801077953790977,0.00906,False,False,-3199.458144032451,0.0014529738462556452,0.9844203284372107,180.2377929528948,226.23585497681046,-94.78978981343415,-0.0019116462635277998,0.94775356377558,-179.64903956865678,6.702650317795721,0.3582061647321209,-0.001443345515245453,-0.01746122980913926,0.00906,False,False,-3163.0933712717665,-28.628590978714172,0.9733155665267794,-180.68670329352972,223.673638048886,-121.17903728469943,-1.09788856002258,1.2120159469494822,-180.44646810505225,8.569003570000657,-1.095497378159175,0.0017584047764246863,0.120880648543113,0.00906,False,False
0.454,-307.0636113500842,-4.813256694405223,-319.9447758599384,-9.480345105603996,-316.63941460011074,-12.13135281698449,10,252.0,0.001,-3228.665405651004,0.0011584454481408102,0.9934456227390565,179.31246436855568,228.30112025183874,-50.57388193581424,-0.005492407976879221,0.5058773153781997,-180.40377323475641,3.5761135078631265,-0.4263978747015637,0.001384930376339121,0.00732222269821804,0.009080000000000001,False,False,-3042.8641695148817,-988.6849738896581,0.9844686606591411,-161.76623342533335,226.23572144682063,-90.15221947379469,-29.29424178997988,0.9486316045009604,-161.8050916591851,6.702826000315481,0.3582061647321209,0.0070886091364416514,-0.17353329005167517,0.009080000000000001,False,False,-2999.467212608704,-1004.6878575286688,0.973293120297015,-162.55121243409394,223.67611909388285,-114.91151668304252,-38.491403441603815,1.211269461917337,-162.43093634062407,8.569202064749515,-1.095497378159175,-0.005987159510923143,0.1364044373329882,0.009080000000000001,False,False
0.455,-322.86571249751233,-5.061314603639003,-304.28547416237996,-9.016462016587509,-300.9483339006402,-11.53025260085613,10,270.0,0.001,-3070.6421990431772,-997.710912491425,0.9934235771640797,-162.42724036349284,228.30101378935214,-48.103711711318454,-15.635618456424684,0.5057136471397768,-162.3268887803206,3.5766182665476927,-0.4263978747015637,-0.0009655885853283357,0.08418755528734521,0.0091,False,False,-2588.4136295750204,-1880.591471963603,0.984447733787428,-143.628368444344,226.2356006709815,-76.68968429789,-55.71977755613375,0.9483189712443133,-143.83977366915616,6.702984890559975,0.3582061647321209,0.0037375718312793937,-0.20779397665819277,0.0091,False,False,-2543.4270955966585,-1882.8008886340829,0.9736888889337316,-144.49376093612096,223.7628273066881,-97.44128622011894,-72.13284979594597,1.2118107942772753,-144.70786582235561,8.572616951641908,-1.095497378159175,-0.005403215268735168,-0.13290007021979355,0.0091,False,False
0.456,-307.06346816850373,-4.813935784749396,-258.8406082018795,-7.669961093144968,-255.91572298864037,-9.804974447976111,10,288.0,0.001,-2612.04328335304,-1897.7596453692977,0.9934346899946632,-144.12132717479295,228.3009174937973,-40.924133555319706,-29.737319202922567,0.5067480665939835,-144.81954437119975,3.577074824930387,-0.4263978747015637,0.008732934899916986,-0.4061110613430141,0.009120000000000001,False,False,-1880.5914720640294,-2588.412101835606,0.9844554447569867,-126.11620524530055,226.23551327907134,-55.71977707587851,-76.69169428489357,0.9479902340796647,-125.58261265943636,6.7030998536770925,0.3582061647321209,0.0002876177853931836,0.050060996434019046,0.009120000000000001,False,False,-1839.4273928268794,-2577.3601998807753,0.9742671010420024,-126.68776429982283,223.90041015383787,-70.47120309742101,-98.74244859067167,1.213683064546252,-126.6160322423196,8.577954773627393,-1.095497378159175,0.0057706671756260165,-0.014697727050657805,0.009120000000000001,False,False
0.457,-261.20372651481506,-4.095267213186421,-188.05865435311702,-5.5726258530945945,-185.93182012246652,-7.1237035272197184,10,306.0,0.001,-1897.7596453907324,-2612.042065293052,0.9934305709841071,-126.26916331337593,228.30084781417207,-29.73731960854073,-40.929908645976205,0.5055857306752729,-126.43546138790823,3.5774052043824023,-0.4263978747015637,-0.0033576513889581683,-0.018203229304150123,0.00914,False,False,-988.6843905189301,-3042.860577678941,0.9844461132471497,-107.7385572706513,226.2354671492559,-29.295008705568915,-90.1569447831492,0.9483789728237649,-107.70234702210031,6.70316053354355,0.3582061647321209,0.004089190936288361,-0.0689794900900236,0.00914,False,False,-956.0970773001741,-3020.651660355367,0.974883824806375,-108.49274756401006,224.0363594869097,-36.63033036903512,-115.72587043829827,1.2142764572827847,-108.80711415884878,8.583198177732603,-1.095497378159175,0.004289301342363578,-0.15678578668432913,0.00914,False,False
0.458,-189.77557154174744,-2.975595659102177,-98.86825632973927,-2.9297411254624506,-97.81965694320078,-3.747838517891413,10,324.0,0.001,-997.7104472710091,-3070.639335232643,0.9934413321083859,-108.12212020207386,228.30081103307194,-15.637825046730045,-48.11729014669408,0.5059506641257718,-108.46152260733675,3.577579617040885,-0.4263978747015637,4.5026368954651796e-05,-0.04044003404049483,0.00916,False,False,0.0014527820379726109,-3199.4524790157398,0.9844547839847438,-89.59606649628688,226.2354543996373,-0.0019107290579709613,-94.7972425257218,0.9476856588715888,-89.3445334083229,6.703177304133989,0.3582061647321209,-0.002867665781920686,0.289255278160933,0.00916,False,False,20.45019600252239,-3169.4564419732264,0.9752290185796136,-90.86651345636237,224.1190793761447,0.7823332006592194,-121.42718566705152,1.2143125727089292,-90.89270023566424,8.586376844821526,-1.095497378159175,0.0001551414963843554,-0.1755040026392473,0.00916,False,False
0.459,-99.77089901901905,-1.5644735508212697,5.017656698460432e-12,1.486890981517018e-13,-0.1698848626336709,-0.006508966510304106,10,342.0,0.001,0.001158404500969823,-3228.6608888687906,0.9934442999181131,-90.2336317615698,228.3008008671055,-0.00549318263875942,-50.595297765195355,0.5057989365004556,-90.42637013377812,3.5776278356781583,-0.4263978747015637,-0.0015404413349983561,-0.0029315983835469326,0.00918,False,False,988.6865703887445,-3042.8596798102626,0.9844312117865007,-71.52561805854725,226.2354543996373,29.292141749010106,-90.1581256786503,0.9485584034599606,-72.18102733887228,6.703177304133989,0.3582061647321209,0.005859780101797393,-0.547258652388498,0.00918,False,False,995.0108846793955,-3009.2650857050085,0.9752324881796823,-72.67079676585836,224.11741361029544,38.119450078191946,-115.29033858449948,1.2141287948926833,-72.67074817798095,8.58631313346779,-1.095497378159175,-0.001592535205542322,0.1196834501765966,0.00918,False,False
0.46,5.0634669744083755e-12,7.940412263333892e-14,98.86819799815756,2.9298177909788063,97.49676476551367,3.7355123553637584,10,0.0,0.001,997.712185442331,-3070.6386192992877,0.9934478421549493,-72.18196956952208,228.30080086710547,15.629582517762403,-48.12068512027123,0.5058143949529073,-72.3701223823995,3.5776278356781592,-0.4263978747015637,-0.0013858568104825936,0.05329615299503254,0.0092,False,False,1880.5916030027518,-2588.4107545924317,0.9844454854018873,-53.455827234120044,226.23544165066423,55.71960506577685,-76.69346620703715,0.9482437328884774,-53.604498114453,6.703194069820779,0.3582061647321209,0.002689364125323872,0.028809498709277466,0.0092,False,False,1872.572882466843,-2555.6927481928433,0.9748760199311295,-55.144413702911486,224.0323037344801,71.74091816635222,-97.91339850315978,1.213054896694803,-55.266785734712236,8.58306266602715,-1.095497378159175,-0.007734662045742632,-0.41063455395076676,0.0092,False,False
0.461,99.7708524981871,1.5646942315793173,188.05843244659977,5.5729175060487695,185.6577332946369,7.113373866074704,10,18.0,0.001,1897.7597498315424,-2612.04099104205,0.9934356471597198,-54.434200429904465,228.30079070126556,29.736824051665863,-40.93500277063103,0.5066519981920361,-54.30906340063414,3.577676030967102,-0.4263978747015637,0.006922017149538623,0.11195893521812805,0.00922,False,False,2588.4107546656337,-1880.5904931340642,0.9844834967254494,-35.726349456496834,226.23539552571054,76.69346585791442,-55.72106493299134,0.9480091215528237,-35.68779104786732,6.703254725342653,0.3582061647321209,0.00025747090712084387,-0.055217033104854846,0.00922,False,False,2567.578548105427,-1852.9575395799143,0.9742891266477981,-36.92463962938373,223.89630684959081,98.3687580258593,-70.99029279628974,1.2131972857702211,-36.96172162136456,8.577888500922882,-1.095497378159175,0.0010066031728528078,-0.058394792604173795,0.00922,False,False
0.462,189.77539456599214,2.976435178587149,258.84015005969127,7.6705632319187815,255.71709804866106,9.79771894517351,10,36.0,0.001,2612.0409910578364,-1897.7588648801898,0.9934125088199639,-36.73253226067744,228.3007539212009,40.93500306446617,-29.741020301407893,0.5055358460212613,-36.42052954850255,3.5778504471655967,-0.4263978747015637,-0.00448616631161589,-0.0033719568362215926,0.00924,False,False,3042.8578842449806,-988.6854033632997,0.9844569346253408,-17.47456649168913,226.2353081476838,90.16048664882486,-29.293676937220813,0.947200049140343,-17.829407696753538,6.703369623277231,0.3582061647321209,-0.007995743435056171,-0.19756719314420698,0.00924,False,False,3012.266348792299,-969.5701889635642,0.9736475933720292,-19.033466671177198,223.7611998023041,115.40671348418304,-37.14569687439384,1.2116974895155472,-18.959695856444636,8.572780270572864,-1.095497378159175,-0.006767230733161739,-0.03174676345667822,0.00924,False,False
0.463,261.2033611354585,4.097000462323744,304.28475605780017,9.017405825351707,300.8437188580888,11.526800514320248,10,54.0,0.001,3070.6371874696615,-997.7112549407052,,,228.300684244561,48.12747575831591,-15.633994553385232,0.5058964384777441,-18.327429708445273,3.578180898559046,-0.4263978747015637,-0.0013475705891091646,0.08586357342642734,0.009260000000000001,False,False,3199.4487030342043,-0.0014525896435912955,0.9844176945915001,-0.08601909659592415,226.23518739742232,94.80220767466524,0.0019098113337077116,0.9480513595851944,0.21187200927801914,6.703528393181359,0.3582061647321209,0.0002928264617426269,-0.1567483915394935,0.009260000000000001,False,False,3163.2778074201087,8.344836844489762,0.9732995606280672,-0.9726805076066001,223.67829715037766,121.19340393742402,0.32082693634913095,1.2116365981874917,-0.9077274706996628,8.569697803266669,-1.095497378159175,-0.0030168769437279204,0.026835097853553605,0.009260000000000001,False,False
0.464,307.062895462921,4.816652526780809,319.94383203515997,9.481585579661775,316.6373421060373,12.132004947465354,10,72.0,0.001,3228.657877829909,-0.0011583630326583716,0.993425126973121,-0.1833383311379233,228.30058795450432,50.60957778956478,0.005493955029637121,0.5060737231970949,-0.04146101054151831,3.578637585884851,-0.4263978747015637,-0.00022057680551930206,0.3694370842578054,0.00928,False,False,3042.855190948142,988.682056980455,0.9844406142306648,18.283626312911533,226.23505390274028,90.16402786056315,29.298076638062298,0.9482531741756214,18.33429478001946,6.703703907068905,0.3582061647321209,0.0020627582458615707,-0.03434559057827117,0.00928,False,False,3005.8855228377115,985.4456917007327,,,223.67891035697664,115.16434299970722,37.756500748416315,1.212179409999335,17.179624894210285,8.569824749468152,-1.095497378159175,0.002231712134877974,0.1141697095522552,0.00928,False,False
0.465,322.86495977467246,5.064885293074085,304.2845765555553,9.017641663983484,301.55770721034423,11.55429625414653,10,90.0,0.001,3070.635039736261,997.7085863782536,0.9934197829244671,17.621283689378757,228.30048149959083,48.13766191982882,15.64665117452845,0.5057675665456121,17.266313409917274,3.5791424867453316,-0.4263978747015637,-0.003996180964893726,-0.3228076178742851,0.009300000000000001,False,False,2588.4059922770216,1880.5859234352188,0.9844476337344662,36.446337498497265,226.23493315885466,76.69972755051032,55.72707300461869,0.9480931389158375,36.396871225160496,6.7038626447685425,0.3582061647321209,0.00023791664033595905,0.028651696467930362,0.009300000000000001,False,False,2555.4299334750135,1866.4684365908474,0.9736857634237082,35.22301431362249,223.76244735980606,97.90702174525433,71.51145402092021,1.212133946950955,35.0719189166703,8.57311873334666,-1.095497378159175,-0.0028813150241466245,0.013660952940951699,0.009300000000000001,False,False
0.466,307.06275229175463,4.817331807227373,258.839844672229,7.670964464561963,257.0748055715441,9.849976645705434,10,108.0,0.001,2612.037193353135,1897.7552207882497,0.9934231891589759,35.46776324047912,228.30038521090125,40.95301464256548,29.75830372333412,0.5051797478640341,35.64187743474874,3.579599173653653,-0.4263978747015637,-0.010520220600180381,0.05511237325792595,0.00932,False,False,1880.585923536176,2588.4044649416246,0.9844320539978405,54.22089586181407,226.23484579007888,55.72707252381791,76.70173560811273,0.9480675573359957,54.19253439671828,6.703977497490459,0.3582061647321209,-0.00018032543509185825,-0.17499194759163667,0.00932,False,False,1855.824611586982,2565.5150228667276,0.9742460881035084,52.869018190121665,223.8967655140069,71.10367968998796,98.2945785092621,1.212971815002987,53.07633964784171,8.578332422379624,-1.095497378159175,-0.001875904244241248,0.0434922648181613,0.00932,False,False
0.467,261.2031175581184,4.098156123236024,188.05809963113435,5.573354774913107,187.5256290744609,7.185201211726656,10,126.0,0.001,1897.7552208101465,2612.0359753798416,0.9934190380614168,54.11609194491305,228.3003155362547,29.758304126571993,40.95879135970702,0.5063864380500908,53.705771005596276,3.5799296460528125,-0.4263978747015637,0.001079322711505903,0.12282916233530781,0.009340000000000001,False,False,988.6814737649715,3042.8516000625996,0.9844360067206711,72.11676638058702,226.23479967248187,29.298842815741693,90.16874863310817,0.9473705544381315,72.1256872526459,6.704038119075018,0.3582061647321209,-0.0072360862807911465,-0.24114599454183672,0.009340000000000001,False,False,975.275680045817,3014.4284099639663,0.9748653728253472,70.93724056090268,224.03059267527186,37.367336585279176,115.49441980223338,1.2143388548845466,70.94131282091946,8.58349545608666,-1.095497378159175,0.004492862279877377,-0.04393871119941112,0.009340000000000001,False,False
0.468,189.7751291120498,2.9776946337708297,98.86796470289927,2.930124305436626,99.69136359944606,3.819780950211408,10,144.0,0.001,997.7081211917571,3070.6321761299896,0.993436147445473,71.7160372443752,228.30027875778842,,,,,,-0.4263978747015637,0.0010597155878746974,0.16066253377111128,0.00936,True,False,-0.0014523968101940454,3199.443039516461,0.9844728710140941,90.22049881626768,226.23478692624218,0.0019088930865929221,94.80965323151096,0.9483019342324541,90.35954747818924,6.704054873553478,0.3582061647321209,0.0020540172517677807,-0.006865096020608252,0.00936,False,False,-0.36742865569871697,3169.438215940538,0.9752127986092852,89.00147693459978,224.11312701031326,-0.012934523502937445,121.43381685091698,1.2142287028325822,89.04769321675568,8.58666758477465,-1.095497378159175,-0.0010947256519174527,0.12772773474668006,0.00936,False,False
0.46900000000000003,99.77066642165956,1.5655770779280522,-1.5684586804618288e-12,-4.648462562442521e-14,2.136242273911468,0.08185289527743361,10,162.0,0.001,-0.0011583211911698754,3228.65336136986,0.993427999680114,89.33278218819189,228.30026859255156,0.005494725145733126,50.63099964666851,0.507029500192086,89.46586065342127,3.580152339924204,-0.4263978747015637,0.007195007438279864,-0.11090345205934507,0.009380000000000001,False,False,-988.6836530566754,3042.8507024320043,0.9844602150806001,108.2543145428856,226.23478692624212,-29.29597861412368,90.16992839391654,0.9479085158596338,108.1209093135111,6.704054873553478,0.3582061647321209,-0.0018801664764358408,-0.24552326069876537,0.009380000000000001,False,False,-975.9816853950359,3015.4288833711685,0.9751835100785397,106.85791201688106,224.1132704782966,-37.392662455552674,115.53345863740978,1.2141621439241062,107.23795455523727,8.586673182972836,-1.095497378159175,-0.0017682317844761306,0.38978179345934444,0.009380000000000001,False,False
0.47000000000000003,-1.5827793961939295e-12,-2.483834677540768e-14,-98.86790638688426,-2.930200897132937,-95.62748471038194,-3.6641132812510246,10,180.0,0.001,-997.709859238004,3070.631460248123,0.993421997327098,107.15543381298195,228.30026859255156,-15.64061353885746,48.15464010395114,0.5061785213457124,107.35170353008387,3.580152339924204,-0.4263978747015637,-0.0013147810254574201,-0.22508057539678697,0.0094,False,False,-1880.5860544398583,2588.4031180556904,0.9844464120439991,126.45428203571365,226.2347741806517,-55.72690067958426,76.7035058276609,0.9479678640004794,126.386609780111,6.704071623128089,0.3582061647321209,-0.0013103725435594294,0.019716614168044298,0.0094,False,False,-1856.4446813072932,2567.414118818203,0.9748494114521976,124.59297434062194,224.03127139153128,-71.12730102276998,98.36840635064581,1.2137061574924695,124.90489419287725,8.583541320093214,-1.095497378159175,-0.0018989731409908388,0.12140655894854774,0.0094,False,False
0.47100000000000003,-99.77061990425824,-1.5657978202714808,-188.05787778379002,-5.573646147037768,-184.06704854711035,-7.0528529101584105,10,198.0,0.001,-1897.7553252431808,2612.034901206095,0.9934286370640714,125.55745750034112,228.30025842744448,-29.75780843199832,40.963886914811816,0.506543113487133,125.54245948920402,3.580200548743744,-0.4263978747015637,0.002262962822330169,-0.036719806610114716,0.009420000000000001,False,False,-2588.403118129302,1880.584944865222,0.9844569562323047,144.68837511597212,226.234728067943,-76.70350547814267,55.728359144468044,0.948390182576129,144.4435074938409,6.704132220343763,0.3582061647321209,0.0028271158086882854,0.07588150878318636,0.009420000000000001,False,False,-2555.90914548602,1869.0737367630938,0.9742678577567531,142.68972714547292,223.89850595120805,-97.92757759869698,71.61206457003074,1.2126986737293382,142.72716807604954,8.578490032147577,-1.095497378159175,-0.004830210852132612,-0.009654486439628782,0.009420000000000001,False,False
0.47200000000000003,-189.77495214929846,-2.9785343875397694,-258.83938665222564,-7.671566023543323,-254.55869278608483,-9.753923130933343,10,216.0,0.001,-2612.0349012222414,1897.754440355263,0.9934402333272484,143.48454562430987,228.30022165003697,-40.963887206916844,29.762005861102423,0.5060597018573395,143.6199569182246,3.5803750138618864,-0.4263978747015637,-0.002817884411843232,0.03691451175584672,0.00944,False,False,-3042.8489073438445,988.6824863401928,0.9844379624305791,162.67223953702003,226.23464071312614,-90.17228709377554,29.297512328055376,0.9484242244489209,162.10950206394674,6.704247007805885,0.3582061647321209,0.003005200550883855,-0.2588566529511471,0.00944,False,False,-3006.173481484281,988.4954540949611,0.9736943367805163,160.322930334397,223.7655275455284,-115.18021980078457,37.873058665388626,1.212211812422666,160.5938209617009,8.573462429505659,-1.095497378159175,-0.002588720076427417,-0.1184475564573872,0.00944,False,False
0.47300000000000003,-261.2027522056279,-4.09988985606993,-304.2838586424819,-9.018584563964863,-300.228598384178,-11.503925853679693,10,234.0,0.001,-3070.6300285223106,997.7089288028832,0.9934281720158578,161.58193229403037,228.3001519784418,-48.16143264457146,15.64502681549136,0.5074809840233511,161.38977361390258,3.5807055578719664,-0.4263978747015637,0.010927477426255572,-0.1971314685781256,0.009460000000000001,False,False,-3199.4392645380294,0.0014522033495865116,0.9844561623676338,180.14962409311428,226.23451999495742,-94.8146136063868,-0.0019079743224286183,0.9477753685187593,-179.54822440210916,6.704405625023293,0.3582061647321209,-0.0037076773708149212,0.08295645819082288,0.009460000000000001,False,False,-3163.332131660159,11.536713509292767,0.9733604989165979,178.8403868160779,223.68284769906032,-121.20278638997857,0.4409179666022345,1.2119173595380182,178.83942593484758,8.570387925102354,-1.095497378159175,-0.0011852430981768138,0.1338960389280108,0.009460000000000001,False,False
0.47400000000000003,-307.0621796282727,-4.820049307417816,-319.9428884620828,-9.48282485928104,-316.6231999238622,-12.132194590795708,10,252.0,0.001,-3228.6503505490737,0.0011582787869173217,0.993441801199493,179.7760438850397,228.30005569537207,-50.645283673036715,-0.005495492988577988,0.507195823502864,-180.13940470565507,3.58116237311491,-0.4263978747015637,0.007429837909315598,0.27129603429044463,0.00948,False,False,-3042.8462147629516,-988.6791408472632,0.9844467826576891,-161.6418564571063,226.23438653577514,-90.1758248997642,-29.301907796907983,0.9479061016098098,-161.67202118818054,6.704580970087329,0.3582061647321209,-0.0026483218279631554,-0.040860297726769045,0.00948,False,False,-3012.0572564813338,-966.5463103651556,0.9733091526465597,-163.2502973444423,223.68170115593225,-115.40775150859241,-37.03464297722438,1.2120218685773898,-163.35894153953706,8.570447447105517,-1.095497378159175,-0.00022432952859460412,-0.06449288303427379,0.00948,False,False
0.47500000000000003,-322.8642071071659,-5.068456978978515,-304.28367918823915,-9.018820175272307,-302.14352235089785,-11.577440030653738,10,270.0,0.001,-3070.6278809448595,-997.7062604345069,0.9934068157284127,-162.42212904631734,228.29994924819985,-48.17162165874065,-15.657686979685558,0.5066166636068739,-163.1614340833585,3.5816674153155716,-0.4263978747015637,0.0009240014196678298,-0.7507524667499219,0.009500000000000001,False,False,-2588.3983570066675,-1880.5803763816025,0.9844342592228157,-143.52992764894393,226.2342658240169,-76.70976114854278,-55.73436143704482,0.9482379276986199,-143.71829851273807,6.704739555069097,0.3582061647321209,0.0004456660281286928,-0.08671726213736165,0.009500000000000001,False,False,-2567.094137241258,-1850.386380599541,0.9736826902193483,-145.23944636584397,223.76217360142337,-98.35983795524376,-70.89957674863817,1.2125825847693574,-145.22092602781845,8.573624585237518,-1.095497378159175,0.0008896805552736076,0.0803159545955801,0.009500000000000001,False,False
0.47600000000000003,-307.0620364677408,-4.820728776841191,-258.83908134643406,-7.671966869439394,-258.2011752476078,-9.893730710440298,10,288.0,0.001,-2612.0311037933075,-1897.750796528335,0.9934130519876361,-144.76310095961261,228.29985296652748,-40.98190382911791,-29.779294121289904,0.5068991892296243,-144.5349266496084,3.5821242299935387,-0.4263978747015637,0.00310322413410012,-0.12189007762727866,0.00952,False,False,-1880.5803764830896,-2588.3968300774877,0.9844458716696708,-125.91363359318004,226.23417847850115,-55.734360955698904,-76.71176727455548,0.9487463207038141,-125.77788450756937,6.704854297270633,0.3582061647321209,0.0053673261024829435,-0.14561085205936639,0.00952,False,False,-1871.8243636647485,-2553.8039830886937,0.9742342093372353,-126.96841886155421,223.89329190988076,-71.72100294152844,-97.85179315495563,1.214461888569199,-127.64208200987775,8.578716595907265,-1.095497378159175,0.01248152800478317,-0.3163497338139349,0.00952,False,False
0.47700000000000004,-261.202508646385,-4.101045838488825,-188.05754505733006,-5.574082994419762,-189.08078158673206,-7.245225018766598,10,306.0,0.001,-1897.750796550693,-2612.0298859086333,0.9934217091744648,-126.1895830001539,228.29978329696962,-29.779294522144426,-40.987682163182455,0.5071587940762853,-126.41740940419002,3.582454794792732,-0.4263978747015637,0.0052317833784478246,-0.0005512493155981416,0.009540000000000002,False,False,-988.678557787862,-3042.842624832975,0.9844296387843327,-107.81201511374681,226.234132373189,-29.302673235842505,-90.1805411303545,0.9488503582814788,-107.50177181203385,6.704914860507223,0.3582061647321209,0.006322052528564441,0.1311941610970469,0.009540000000000002,False,False,-994.0367676667031,-3008.210540921589,0.9748672794758374,-109.20626406561706,224.02499585966996,-38.088433994226634,-115.26314647980371,1.213519921588444,-109.24198578927154,8.583799199817422,-1.095497378159175,-0.004126029184680311,0.129987239345419,0.009540000000000002,False,False
0.47800000000000004,-189.7746867150784,-2.979794193105765,-98.86767315401575,-2.930507116142225,-101.52224384683754,-3.8901676299339916,10,324.0,0.001,-997.7057952826626,-3070.6250175473724,0.9934453004140916,-108.50078219662947,228.2997465211954,-15.65989480061874,-48.18520771532729,0.5070086809003027,-108.37564800047346,3.582629305227992,-0.4263978747015637,0.0034838565943009743,0.04503130273575824,0.00956,False,False,0.0014520094928798244,-3199.433602527404,0.9844383736572758,-89.57577106735546,226.23411963034658,-0.0019070550345601234,-94.82205199967561,0.9489553038350893,-89.81378903903851,6.704931598855444,0.3582061647321209,0.007347836465603647,-0.18040287472414507,0.00956,False,False,-19.318334925618203,-3169.2966538501723,0.9751987095618063,-91.21845098381436,224.10727875473162,-0.7413452877654403,-121.43572205606006,1.214077874846136,-91.3495101586051,8.586962263837068,-1.095497378159175,-0.0030197446429950283,0.08620426838464856,0.00956,False,False
0.47900000000000004,-99.77043384155463,-1.5666809122293603,7.21259141218372e-12,2.1378911808210912e-13,-4.063570959587325,-0.15571038346905533,10,342.0,0.001,0.0011582360530866254,-3228.645834418322,0.9934220658633203,-90.33072548323997,228.29973635670416,-0.005496258553067124,-50.66671152240042,0.5069887320060492,-90.46694672853393,3.5826775508709976,-0.4263978747015637,0.0032161380091025133,-0.043913482684206175,0.009580000000000002,False,False,988.6807364983206,-3042.841727441756,0.9844470531281333,-71.670160477423,226.23411963034658,29.29981179228724,-90.18171975518425,0.9481578267966644,-71.75511201649267,6.704931598855444,0.3582061647321209,-0.0006269339186458946,-0.12174585217837547,0.009580000000000002,False,False,957.2905824054614,-3021.3531436863955,0.9751860546812668,-73.54856189352732,224.10912607506475,36.678741592922066,-115.7674288384674,1.2144228837555875,-73.61464846943406,8.58703315025334,-1.095497378159175,0.00033009592023759097,-0.10856104488452156,0.009580000000000002,False,False
0.48,-1.8978919533262976e-12,-2.980443407103785e-14,98.86761485362548,2.9305836339342286,93.79165946411236,3.593987519867488,10,0.0,0.001,997.707533201083,-3070.6243017181264,0.9934292932494431,-72.36806817374196,228.29973635670413,15.651647657002453,-48.18860458992407,0.5063957240417662,-72.25270266571384,3.5826775508709976,-0.4263978747015637,-0.002713941633727484,0.17031058013600747,0.0096,False,False,1880.5805073515369,-2588.395483550734,0.9844412744958374,-53.534647455590644,226.23410688815696,55.73418927752043,-76.71353578957887,0.9487649804862113,-53.94666662507721,6.704948332299612,0.3582061647321209,0.0054209383131351195,-0.31376057060867024,0.0096,False,False,1840.5631492515079,-2578.803477317497,0.9748561007848592,-55.579605412104144,224.03013280591787,70.5230609906171,-98.81074666635422,1.2145287006539731,-55.69561809515016,8.584015898240382,-1.095497378159175,0.005655303621914013,-0.12587432665017623,0.0096,False,False
0.481,99.77038732763123,1.566901715791833,188.05732326948538,5.574374085397495,182.50102517229126,6.993269606214708,10,18.0,0.001,1897.7509009757719,-2612.028811813845,0.9934425568905573,-54.338136026238736,228.29972619234567,29.77879869069402,-40.992779140298765,0.5067512433258035,-54.34018736059847,3.582725773141306,-0.4263978747015637,0.000773054617966861,0.08043170710406003,0.00962,False,False,2588.395483624739,-1880.5793980725628,0.984454850759122,-35.54162227029367,226.23406078775923,76.71353543966501,-55.73564633848427,0.9477594182823379,-35.54668358700483,6.705008871143026,0.3582061647321209,-0.004720298579003502,0.08549042811732421,0.00962,False,False,2544.371468562893,-1884.7980354645042,0.9743052384240426,-37.32802734196531,223.9005337703301,97.49139071201341,-72.21889441297776,1.2136992287440225,-37.348184558356294,8.57908502498818,-1.095497378159175,0.004333892350018769,0.26770537421796253,0.00962,False,False
0.482,189.774509765618,2.9806341797667244,258.83862344925893,7.672567847972047,253.41380240828767,9.710639846544344,10,36.0,0.001,2612.028811830325,-1897.7500161527155,0.9934424231355579,-36.12825390789868,228.29968941765313,40.992779430671064,-29.78299729221041,0.5064061608513015,-36.45370060684508,3.58290028689012,-0.4263978747015637,-0.002924569837446643,-0.036943011448958306,0.00964,False,False,3042.8399328332853,-988.6795700924905,0.9844555649184762,-17.632137406429223,226.2339734562776,90.18407618215619,-29.301344030268623,0.9484295442642257,-17.54843043848473,6.705123548007564,0.3582061647321209,0.0018187836627531462,0.0830116245934982,0.00964,False,False,3000.0851246475245,-1007.0071872360895,0.9737121942412338,-19.86494269627073,223.76968327139954,114.95387096373287,-38.58466251716538,1.2120174699928734,-19.57523192118799,8.574138041549743,-1.095497378159175,-0.005487604090000444,0.06513010818567826,0.00964,False,False
0.483,261.20214332132133,4.102780052145039,304.2829614677054,9.01976216544298,299.61458414005284,11.481090742726796,10,54.0,0.001,3070.622870098367,-997.7066028339652,0.9934292516709682,-18.696541152084375,228.2996197512123,48.19539902186677,-15.656062167341187,0.5074606131418631,-18.371604618857017,3.583230922969247,-0.4263978747015637,0.007152363040858275,0.041291939125295565,0.00966,False,False,3199.4298285574964,-0.001451814982601718,0.9844548419889373,0.2704989692528678,226.23385277037514,94.82700759507654,0.0019061352308447077,0.9477571902768771,0.6642164484988837,6.705282012365347,0.3582061647321209,-0.005128858654662682,0.29519857069826394,0.00966,False,False,3163.2638649668597,-31.02328280561862,0.9733381113661465,-1.2871858028236791,223.68728979851662,121.20747191730422,-1.1876201152525958,1.212596805089344,-1.3407126711690505,8.57107393799699,-1.095497378159175,0.0046390436755247315,0.3065046428336415,0.00966,False,False
0.484,307.06146384726395,4.8234470306858395,319.9419451420649,9.48406294311081,316.5977017213283,12.131949010570155,10,72.0,0.001,3228.6428238203707,-0.0011581927386856705,0.9934212644719156,-0.3808519736983484,228.29952347528146,50.68099952710443,0.0054970218416912076,0.5068212183060092,-0.15457262571155458,3.583687865372491,-0.4263978747015637,0.00011220053842906974,0.25593076716992147,0.00968,False,False,3042.8372409722215,988.6762254942582,0.9844301647515595,17.92952138054408,226.23371934688487,90.18761057853908,29.305735262340093,0.9484218785253258,18.71717081653188,6.705457188414738,0.3582061647321209,0.0012702874849720254,0.3481329688190733,0.00968,False,False,3017.991732899775,947.985147145249,0.973342158524808,16.466422388804254,223.68448693482728,115.6420975899399,36.325657532725785,1.2117125023851527,16.274681921431164,8.57106998285105,-1.095497378159175,-0.004198389945359352,-0.07812050550740644,0.00968,False,False
0.485,322.8634544961812,5.0720296554314785,304.28278206172865,9.019997549169394,302.70667420012285,11.59971805850636,10,90.0,0.001,3070.6207226802703,997.7039346638277,0.9934078915074628,17.50835910420014,228.29941703601867,48.20559087181151,15.668725853609109,0.5068073644624752,17.642090959202942,3.5841930480765374,-0.4263978747015637,-0.0007407741284506759,0.05257522799950207,0.0097,False,False,2588.390723774947,1880.5748308107159,0.9844496404029883,36.59361240580053,226.23359866742769,76.71978508105079,55.741642845466814,0.9481826702978834,36.539564661369646,6.705615620505773,0.3582061647321209,-0.001345851601308147,0.17094669174704427,0.0097,False,False,2578.4299153589536,1834.553236218454,0.9736825483434627,34.701409794084284,223.76199861613657,98.80012366451413,70.29716283512494,1.2120076750926607,34.20175423068971,8.574134224162623,-1.095497378159175,-0.005580154491489546,-0.1446362088453562,0.0097,False,False
0.486,307.06132069759843,4.824126687959196,258.8383182255882,7.672968306684317,259.2958207349945,9.936274303103264,10,108.0,0.001,2612.0250146831786,1897.7463725965104,0.9934372012008934,35.479920624595366,228.29932076151553,41.01080106712464,29.800290362013765,0.5069875494998539,35.53260647963408,3.584649989767204,-0.4263978747015637,0.0004148631091827397,-0.05455531010050903,0.00972,False,False,1880.574830912765,2588.3891972541633,,,226.23351134529815,55.7416423635772,76.72178927328643,0.9480464871514961,54.4455840666992,6.705730252061857,0.3582061647321209,-0.00286979656646988,0.07765772202965525,0.00972,False,False,1887.4367566794244,2542.2288038768675,0.9742727332613577,52.51360937897228,223.8899819300291,72.32355739891582,97.414159492799,1.213019354976069,52.41200658397355,8.579107011957234,-1.095497378159175,-0.0024959395993483535,0.08922251929469019,0.00972,False,False
0.487,261.2018997805711,4.103936354153489,188.0569906325172,5.5748105108211075,190.59826428073913,7.303812488028653,10,126.0,0.001,1897.746372619377,2612.023796889018,,,228.29925109715674,29.80029076048266,41.0165810085375,0.5074058239922274,53.500021412124354,3.5849806464186296,-0.4263978747015637,0.0041299889119821845,-0.08332043486485036,0.00974,False,False,988.6756425918161,3042.8336520029716,0.9844106997170541,72.30902548185988,226.2334652523371,29.306499961696332,90.19232226203343,0.9481465907892226,72.29038779416571,6.705790756884454,0.3582061647321209,-0.0019543269299117545,-0.07684701286712387,0.00974,False,False,1012.3893722826383,3002.002799958458,0.9747929823938597,70.367299754285,224.01956445887996,38.79396579709206,115.03223239506067,1.21391508603731,70.18343779070334,8.584109235109137,-1.095497378159175,-0.0006128408103785859,-0.09441899271794305,0.00974,False,False
0.488,189.77424435154674,2.981894333625729,98.86738168349972,2.930889557161656,103.31318701094915,3.9590323535864584,10,144.0,0.001,997.7034695474251,3070.617859496077,0.9934437492674034,71.58032323029026,228.2992143241325,15.670934284365973,48.219180705247936,0.5059942026300386,71.46188246627189,3.585155205308601,-0.4263978747015637,-0.010233088259537337,-0.11763987278020312,0.00976,False,False,-0.0014516200569971716,3199.4241680621462,0.9844430072264991,90.61787059433233,226.23345251291045,0.0019052149044331834,94.83443881670026,0.948074874769857,90.27672392342393,6.7058074790841955,0.3582061647321209,-0.0026951358852345983,-0.09009117451815485,0.00976,False,False,38.61418594540446,3169.039050781488,0.9751480090158576,88.07455806444061,224.10153458571253,1.480775207876699,121.43317996393625,1.2138713651967157,88.27146191915945,8.587260882077006,-1.095497378159175,-0.005507151102092865,0.05583837559798445,0.00976,False,False
0.489,99.77020127906286,1.5677850518944974,-3.7634072704676796e-12,-1.1156640323064589e-13,5.952577670075032,0.2281082439322617,10,162.0,0.001,-0.0011581490478107526,3228.638308026055,0.993450809625827,89.49151505490897,228.29920416040312,0.005497782849809729,50.702433333220455,0.5064747759081369,89.25878632487958,3.5852034643345423,-0.4263978747015637,-0.0054956040475459544,-0.318383085721944,0.00978,False,False,-988.6778207178475,3042.832754852437,0.984423490992332,108.60485510966957,226.23345251291047,-29.303641279321816,90.19349974960022,0.9485777973408528,108.29745504741813,6.705807479084196,0.3582061647321209,0.002334089824720652,-0.06938005052401033,0.00978,False,False,-938.933098717633,3027.0469918142753,0.9751675244787282,105.911660191348,224.10498493473264,-35.97751827684703,115.99259719147923,1.2145762228891825,106.1710556156084,8.587393208822341,-1.095497378159175,0.0013542875446570627,0.02440838142413995,0.00978,False,False
0.49,-3.797773518773635e-12,-5.968228244062766e-14,-98.8673233988354,-2.9309660009664356,-91.9888320367065,-3.525117790576684,10,180.0,0.001,-997.705207335228,3070.6171437206003,0.9934186972369209,107.5536128799908,228.29920416040315,-15.662684853923476,48.22257852191188,0.5072891562849311,107.74553422203081,3.5852034643345423,-0.4263978747015637,0.0026481997203961706,0.16834481142925348,0.0098,False,False,-1880.574961745759,2588.387851088556,0.9844094917191989,126.41404108607301,226.23343977414015,-55.74147085164019,76.72355608185792,0.9489776644891996,126.42363655134673,6.705824196379686,0.3582061647321209,0.006309119482183232,0.056341825744305296,0.0098,False,False,-1824.9268408069454,2589.870888124524,0.974837607129824,124.32190696533132,224.02889536232294,-69.92814438403676,99.2408028067341,1.2133303539069495,124.0877542409522,8.584486682009521,-1.095497378159175,-0.0069939526395816,0.0037408948012004842,0.0098,False,False
0.491,-99.77015476870821,-1.5680059163098974,-188.0567689044839,-5.575101320334318,-180.95949864925976,-6.934617820286111,10,198.0,0.001,-1897.7464770363063,2612.0227228749127,0.9934244149257855,125.40746466034825,228.29919399680963,-29.799794792978368,41.021679399216474,0.506837739731578,125.63564253773554,3.585251699975695,-0.4263978747015637,-0.0019341813110439574,0.05605996414524085,0.00982,False,False,-2588.3878511629377,1880.5738527640747,0.9844226245266027,144.59631370493278,226.23339368612014,-76.72355573154823,55.74292650709664,0.9481427109417778,144.48203389823806,6.705884676784848,0.3582061647321209,-0.002125948201274271,0.11400791354014293,0.00982,False,False,-2532.9672257987268,1900.1404629429187,0.9742863123553593,142.00203332664964,223.90239777505096,-97.06026373888253,72.81116384403641,1.2127890169147502,141.90736453406723,8.57967376343196,-1.095497378159175,-0.005600827834590942,-0.13102895963142397,0.00982,False,False
0.492,-189.77406741564917,-2.9827345517847568,-258.837860451911,-7.67356870411334,-252.28256910992783,-9.667874634523821,10,216.0,0.001,-2612.0227228917192,1897.7455922795243,0.9934141051351839,143.46821661053227,228.29915722489025,-41.02167968785375,29.803994559948237,0.5068238600366045,143.3400063277989,3.5854262620658486,-0.4263978747015637,-0.0023198463361494555,-0.24343607494049296,0.00984,False,False,-3042.8309607262368,988.6766546243902,0.9844344997927617,162.35692792554016,226.23330637809974,-90.1958539011161,29.305172039683857,0.9490663560397039,162.3319472420889,6.705999242926793,0.3582061647321209,0.006948481786260693,-0.03680991437423776,0.00984,False,False,-2994.0059581526757,1025.114411088613,0.9737237793360545,160.08727681891835,223.77367174530693,-114.72784632698874,39.280851306806696,1.2124687712759399,160.06513052949944,8.574807287110481,-1.095497378159175,-0.0019210474078889986,0.05111416725059453,0.00984,False,False
0.493,-261.2015344835219,-4.105671045754513,-304.2820645347649,-9.020938628502233,-299.0021096036517,-11.458311800480427,10,234.0,0.001,-3070.615712209159,997.7042770376074,0.9934076576631979,161.72481192212445,228.29908756371424,-48.229374833909795,15.66710059065144,0.5075748295140748,161.47240028213918,3.585756989665754,-0.4263978747015637,0.004722128981315971,-0.11490151460802529,0.00986,False,False,-3199.420395106202,0.0014514245381320734,,,226.2331857246371,-94.83938962722401,-0.0019042940608064995,0.9484122829805948,-179.91799412782785,6.70615755425219,0.3582061647321209,0.00018386517171460352,-0.2872107429482542,0.00986,False,False,-3163.080190385782,50.122024161462576,0.9733737862226891,177.69937715172645,223.69162376044608,-121.20773491458047,1.9195508755034898,1.211723561701349,177.91871773828566,8.57175585241637,-1.095497378159175,-0.005057762824690376,-0.08833504524290564,0.00986,False,False
0.494,-307.060748121028,-4.826845690947475,-319.9410020764642,-9.485299829801212,-316.5615288022409,-12.13129423672499,10,252.0,0.001,-3228.6352976557027,0.001158104864899201,0.9934130225076954,179.52281896575474,228.29899129507413,-50.7167252925676,-0.00549854157778662,0.5069704795686842,-180.6851980916449,3.5862140584714997,-0.4263978747015637,-0.001967763376612177,-0.2748920380503432,0.00988,False,False,-3042.828269588882,-988.6733109256463,0.9844427615418218,-161.85659450819804,226.23305233703084,-90.19938488404017,-29.309559030186115,0.9474649375827771,-161.45999294962454,6.706332561095958,0.3582061647321209,-0.009537085858427085,0.1707704652769358,0.00988,False,False,-3023.697931166792,-929.7575982866457,0.9733548060411997,-163.90533982756332,223.68726350101036,-115.86772367037932,-35.62937034508256,1.2119069095961392,-163.83572830199319,8.57169219575179,-1.095497378159175,-0.0031342597584046333,0.15720565307141443,0.00988,False,False
0.495,-322.8627019429068,-5.075603316504658,-304.28188517731246,-9.021173784390962,-303.2480247544058,-11.62116321400729,10,270.0,0.001,-3070.6135649538064,-997.7016090699153,0.9934021154608353,-162.22866420969692,228.29888486388865,-48.23956950272771,-15.679767777989909,0.5071881361574334,-162.33090808773224,3.586719380841069,-0.4263978747015637,-0.0005058312375362893,0.07937884102758892,0.0099,False,False,-2588.3830925928596,-1880.5692867305547,0.9844449117821105,-143.61300383054746,226.23293169004862,-76.72979933710687,-55.748917221946904,0.9487876068836197,-143.7007229401826,6.706490840123535,0.3582061647321209,0.003465766802561046,-0.06954012954572736,0.0099,False,False,-2589.447166432663,-1818.9673790253664,0.9736673686573898,-146.086553510005,223.7619153665851,-99.22825590793272,-69.70415175857607,1.2129318615804296,-145.8445973012222,8.57464738135417,-1.095497378159175,0.002935996526282913,0.15438862531183217,0.0099,False,False
0.496,-307.0606049824548,-4.827525534942466,-258.83755531078447,-7.673968775204682,-260.3597005233555,-9.977643935315035,10,288.0,0.001,-2612.018926032366,-1897.7419489997899,0.9933870065785394,-144.5279116609222,228.29878859670714,-41.039706308672464,-29.821292410686326,0.5077086673418895,-144.46148973692323,3.58717644878653,-0.4263978747015637,0.004053088919626758,-0.04884988356897541,0.00992,False,False,-1880.569286833177,-2588.3815664826498,0.9844255044827324,-125.7993614118944,226.23284439143026,-55.74891673951436,-76.73180159337991,0.9484408055943016,-125.5314366303489,6.706605360909169,0.3582061647321209,-0.00016420293883778275,0.10043702480233362,0.00992,False,False,-1902.671648434398,-2530.7909802071313,0.9742086617654571,-128.03336326854205,223.88682841174293,-72.91171812927257,-96.98173575309666,1.2131724375350903,-127.54834925722817,8.579503397704892,-1.095497378159175,-0.0015256881094068656,0.47339402409427866,0.00992,False,False
0.497,-261.2012909616327,-4.106827665432607,-188.05643635748635,-5.575537323323683,-192.07903909434293,-7.36100022236822,10,306.0,0.001,-1897.7419490231625,-2612.017708330633,0.993440804032024,-126.37363870319442,228.29871893765682,-29.821292806766525,-41.04548784784714,0.507881140389628,-126.41798913184441,3.5875071967416816,-0.4263978747015637,0.005310071153108597,-0.0015309806968114893,0.009940000000000001,False,False,-988.6727281810255,-3042.8246815855146,0.9844413346500944,-107.70047423644795,226.23279831088706,-29.310322989130942,-90.20409201530146,0.9489212587081044,-108.22569263381072,6.706665807251822,0.3582061647321209,0.0045548441616140006,-0.5931282214891164,0.009940000000000001,False,False,-1030.3423598588854,-2995.80963971198,0.9747669960051756,-110.2061370042748,224.01429391794176,-39.484268911243575,-114.80184824605853,1.214177908800641,-110.27423088073132,8.584425389088791,-1.095497378159175,0.0015682775771082309,-0.20883341494761623,0.009940000000000001,False,False
0.498,-189.77380202214593,-2.9839950518447016,-98.86709029176208,-2.9312716280776616,-105.06506561565827,-4.026408282014457,10,324.0,0.001,-997.7011439896953,-3070.6107019874235,0.9934179153340669,-108.2924033114574,228.29868216744094,-15.681976814903644,-48.25316309047209,0.5078826689962062,-108.01824655771355,3.5876818037967593,-0.4263978747015637,0.005078425553515036,0.40202945617097063,0.00996,False,False,0.0014512285351884202,-3199.414736134268,0.9844288623083746,-89.67248041917203,226.23278557489422,-0.0019033726969555076,-94.84681366908072,0.9476405831456015,-89.72166948907687,6.706682513284843,0.3582061647321209,-0.008275537361886253,-0.0886858500555297,0.00996,False,False,-57.52714850473838,-3168.672370783305,0.9751400816476091,-92.20772970768893,224.09589427497968,-2.2056217054479452,-121.42645663800357,1.214981099163086,-92.43296764254849,8.587563431721627,-1.095497378159175,0.005162318750895964,-0.30680927718709433,0.00996,False,False
0.499,-99.76996873454269,-1.568889495090448,3.142434653854328e-13,9.31700551772366e-15,-7.803961796951471,-0.29907301402193454,10,342.0,0.001,0.001158060226501334,-3228.6307822049466,0.9934270273056761,-90.55001416762046,228.29867200448916,-0.005499298023609933,-50.73816501988297,0.507864088285759,-90.7316491047073,3.5877300761255393,-0.4263978747015637,0.004824351066996052,-0.30902117953030106,0.009980000000000001,False,False,988.6749057194754,-3042.8237846769566,0.9844277824307887,-71.90353354394557,226.23278557489422,29.307467071053424,-90.20526836432151,0.9479245542474051,-71.607148650666,6.706682513284845,0.3582061647321209,-0.005435826343852043,0.025814988355466473,0.009980000000000001,False,False,920.9047196497195,-3032.51921709812,0.9751699653060919,-73.88979329618363,224.10085123379739,35.28882180844692,-116.20929891554901,1.2142634976487126,-74.41908547817684,8.587753518549464,-1.095497378159175,-0.0022825197627963827,-0.22532441518986693,0.009980000000000001,False,False
