Time (s),Voltage 1 (V),Current 1 (A),Voltage 2 (V),Current 2 (A),Voltage 3 (V),Current 3 (A),Peak (A),Signal Angle (deg),Delta t (s),PMU1 Voltage DFT Real,PMU1 Voltage DFT Imag,PMU1 Voltage Magnitude,PMU1 Voltage Phase,PMU1 Voltage DFT RMS,PMU1 Current DFT Real,PMU1 Current DFT Imag,PMU1 Current Magnitude,PMU1 Current Phase,PMU1 Current DFT RMS,PMU1 Sync Offset,PMU1 Mag Noise,PMU1 Phase Noise,PMU1 Clock Drift,PMU1 Packet Loss,PMU1 Bad Data,PMU2 Voltage DFT Real,PMU2 Voltage DFT Imag,PMU2 Voltage Magnitude,PMU2 Voltage Phase,PMU2 Voltage DFT RMS,PMU2 Current DFT Real,PMU2 Current DFT Imag,PMU2 Current Magnitude,PMU2 Current Phase,PMU2 Current DFT RMS,PMU2 Sync Offset,PMU2 Mag Noise,PMU2 Phase Noise,PMU2 Clock Drift,PMU2 Packet Loss,PMU2 Bad Data,PMU3 Voltage DFT Real,PMU3 Voltage DFT Imag,PMU3 Voltage Magnitude,PMU3 Voltage Phase,PMU3 Voltage DFT RMS,PMU3 Current DFT Real,PMU3 Current DFT Imag,PMU3 Current Magnitude,PMU3 Current Phase,PMU3 Current DFT RMS,PMU3 Sync Offset,PMU3 Mag Noise,PMU3 Phase Noise,PMU3 Clock Drift,PMU3 Packet Loss,PMU3 Bad Data
0.0,0.0,2.2872453577253893,-11.34898061516352,1.1637348473402656,-22.62551225890704,-3.450980205065618,10,0.0,,,,,,,,,,,,,,,,False,False,,,,,,,,,,,,,,,False,False,,,,,,,,,,,,,,,False,False
0.001,101.03305582900218,4.519672639932336,89.63460470403929,1.803203498907164,78.4673618976219,-6.32287613883959,10,18.0,0.001,,,,,,,,,,,,,,,False,False,,,,,,,,,,,,,,,False,False,,,,,,,,,,,,,,,False,False
0.002,192.17619619251573,6.309646589115682,181.844104662334,2.266189228088942,171.87929171176395,-8.575835817204654,10,36.0,0.001,,,,,,,,,,,,,,,False,False,,,,,,,,,,,,,,,False,False,,,,,,,,,,,,,,,False,False
0.003,264.50770982101045,7.481942755814145,256.2534144852112,2.507378669866693,248.4664681969487,-9.989321425680837,10,54.0,0.001,,,,,,,,,,,,,,,False,False,,,,,,,,,,,,,,,False,False,,,,,,,,,,,,,,,False,False
0.004,310.9473065336364,7.921803759869519,305.5788382009455,2.503166088097967,300.73200749505463,-10.424969847967484,10,72.0,0.001,,,,,,,,,,,,,,,False,False,,,,,,,,,,,,,,,False,False,,,,,,,,,,,,,,,False,False
0.005,326.94918318596376,7.586173018745157,324.9920669911297,2.2539637195561464,323.55979784872915,-9.840136738301304,10,90.0,0.001,,,,,,,,,,,,,,,False,False,,,,,,,,,,,,,,,False,False,,,,,,,,,,,,,,,False,False
0.006,310.94699579915334,6.507909418592549,312.5928069813356,1.7841614322948482,314.7152999349391,-8.292070850887372,10,108.0,0.001,,,,,,,,,,,,,,,False,False,,,,,,,,,,,,,,,False,False,,,,,,,,,,,,,,,False,False
0.007,264.5071811679364,4.792570367369989,269.59479244099634,1.139739646261123,275.06427876625474,-5.932310013631089,10,126.0,0.001,,,,,,,,,,,,,,,False,False,,,,,,,,,,,,,,,False,False,,,,,,,,,,,,,,,False,False
0.008,192.175620059112,2.608078175137846,200.2069762032514,0.3837691438941153,208.4880561942381,-2.9918473190319403,10,144.0,0.001,,,,,,,,,,,,,,,False,False,,,,,,,,,,,,,,,False,False,,,,,,,,,,,,,,,False,False
0.009,101.03265197400276,0.1682813787588692,111.22152729385914,-0.4097617873153349,121.50357972806732,0.2414804085565829,10,162.00000000000003,0.001,,,,,,,,,,,,,,,False,False,,,,,,,,,,,,,,,False,False,,,,,,,,,,,,,,,False,False
0.01,4.0039627036423226e-14,-2.287979732666512,11.348965504488016,-1.163188730969437,22.625498014390395,3.4511684636360225,10,180.0,0.001,,,,,,,,,,,,,,,False,False,,,,,,,,,,,,,,,False,False,,,,,,,,,,,,,,,False,False
0.011,-101.03255101030878,-4.520254033577414,-89.63448537069308,-1.802772309178944,-78.4673124963229,6.323026342756347,10,198.0,0.001,,,,,,,,,,,,,,,False,False,,,,,,,,,,,,,,,False,False,,,,,,,,,,,,,,,False,False
0.012,-192.17523597039863,-6.310018078890315,-181.8438625904149,-2.265915200233965,-171.8791835003959,8.575933279124282,10,216.0,0.001,,,,,,,,,,,,,,,False,False,,,,,,,,,,,,,,,False,False,,,,,,,,,,,,,,,False,False
0.013,-264.50638818880543,-7.482067962643343,-256.2530733913396,-2.5072886628764377,-248.46631176799747,9.989356625519816,10,234.00000000000003,0.001,,,,,,,,,,,,,,,False,False,,,,,,,,,,,,,,,False,False,,,,,,,,,,,,,,,False,False
0.014,-310.9457528620066,-7.921670410692273,-305.57843148931465,-2.5032689521285625,-300.73181816087884,10.424939362820863,10,252.0,0.001,,,,,,,,,,,,,,,False,False,,,,,,,,,,,,,,,False,False,,,,,,,,,,,,,,,False,False
0.015,-326.94754955918125,-7.585794149546956,-324.99163448214864,-2.2542494257315764,-323.5595941426797,9.840043575278498,10,270.0,0.001,,,,,,,,,,,,,,,False,False,,,,,,,,,,,,,,,False,False,,,,,,,,,,,,,,,False,False
0.016,-310.9454421280143,-6.507322100031001,-312.59239101288193,-1.784602050471802,-314.7151017971846,8.291924150502775,10,288.0,0.001,,,,,,,,,,,,,,,False,False,,,,,,,,,,,,,,,False,False,,,,,,,,,,,,,,,False,False
0.017,-264.5058595365658,-4.791832077574964,-269.59443372400153,-1.1402920754291797,-275.06410559189817,5.9321241530040885,10,306.0,0.001,,,,,,,,,,,,,,,False,False,,,,,,,,,,,,,,,False,False,,,,,,,,,,,,,,,False,False
0.018,-192.17465983790444,-2.607261174590894,-200.20670983731205,-0.3843793282923252,-208.48792493478985,2.9916405028831754,10,324.00000000000006,0.001,,,,,,,,,,,,,,,False,False,,,,,,,,,,,,,,,False,False,,,,,,,,,,,,,,,False,False
0.019,-101.0321471559473,-0.1674656377573894,-111.22137933282436,0.4091535687829711,-121.50350323211242,-0.2416879310256942,10,342.0,0.001,0.0025138927352941,-3269.483663726146,1.0060129925490546,-90.4680299254114,231.18740696000788,22.8796463364925,-75.85870554009969,0.7927624939018016,-73.7032839169787,5.602687490259709,-0.5701156920474232,0.0042283045546582,0.0826832783471756,0.00038,False,False,-113.4890046132186,-3249.918484191074,1.000575476251636,-92.42397512593276,229.94401392572615,11.631992914652614,-22.54190661534682,0.2537781690985449,-63.36564759351537,1.7936566185052611,-0.4968318115350719,0.0011681748550436,-0.1636707141257186,0.00038,False,False,-226.25468091706276,-3235.5969380370047,0.9980005800070112,-93.53363663030312,229.3499370620289,-34.51163925114561,98.40061215544634,1.0424583446597493,109.45721030304604,7.373511279020256,0.3086130419915178,-0.0031362065039412,-0.1788706120967916,0.00038,False,False
0.02,-8.007885395007932e-14,2.2887143617309373,-11.34895040807396,1.1626420195960208,-22.62548376987933,-3.451356381327029,10,0.0,0.001,1010.3284057767124,-3109.4629664717268,1.0059649189075297,-72.90420179996396,231.18740696000796,45.20286302785745,-65.07526273115987,0.7922668129410517,-56.05086202066101,5.602717485936948,-0.5701156920474232,-0.000770925346406,-0.2659318369703993,0.0004,False,False,896.345613311708,-3125.926173583667,1.0005653229595428,-74.62429315659409,229.94401385118255,18.02747554778729,-17.844481389510687,0.2537601225977359,-45.39807216078791,1.7936211844849823,-0.4968318115350719,0.0010378211190018,-0.1939216433706944,0.0004,False,False,784.6734792672003,-3147.152084681399,0.9980186793045374,-75.34455652526219,229.34993692150613,-63.23033857564526,82.9197441206702,1.042523173301627,127.66255355827754,7.373520082507457,0.3086130419915178,-0.0025003700961587,0.0262575991295071,0.0004,False,False
0.021,101.03204619249256,4.5208356329269215,89.6343661499966,1.802340637680728,78.46726309504567,-6.323176270607648,10,18.0,0.001,1921.755353709956,-2645.066681151482,1.0059935018981805,-54.48751878120776,231.18738489859905,63.10094560725005,-47.92144041547813,0.7933998223998817,-37.61294536775676,5.602764401625037,-0.5701156920474232,0.010492820439512,0.1712741236868349,0.00042,False,False,1818.439420313104,-2695.9465032148223,1.000605262976901,-56.37615545832573,229.94400920164117,22.658575467448863,-11.400580634239402,0.2541035353973505,-26.976434727700347,1.793577822415116,-0.4968318115350719,0.0045332723424448,0.2290669447792138,0.00042,False,False,1718.792209703323,-2750.642088310914,0.9979900879953024,-57.62719666351468,229.34993523134312,-85.75952107469924,59.32202104971708,1.043242089194087,146.00348331535417,7.37353295116556,0.3086130419915178,0.0046705897976226,0.3670362231859106,0.00042,False,False
0.022,192.1742757501009,6.310389705880782,181.84362074705183,2.2656408509465265,171.87907528907886,-8.576030556827334,10,36.0,0.001,2645.0666811524266,-1921.7534332662408,1.005985995585157,-36.50326519821193,231.1873050798129,74.82181173351222,-26.07650398791173,0.792103809816782,-19.54137795974724,5.602806248353018,-0.5701156920474232,-0.0025264856017389,0.2424965405014199,0.0004399999999999,False,False,2562.5314853650707,-2002.0689548855585,1.0005999672238863,-38.64539529222888,229.94399006718865,25.072037472349955,-3.840881071829085,0.2540467914755391,-9.216101293924416,1.7935431837885245,-0.4968318115350719,0.0040148195398394,-0.0100628629033742,0.0004399999999999,False,False,2484.663476096553,-2084.880146364496,0.9980216727229896,-40.03657310368926,229.3499271217788,-99.89384920586232,29.91738505974029,1.0426870012012983,163.72510532003227,7.373544275983,0.3086130419915178,-0.00089630584068,0.0885773567876077,0.0004399999999999,False,False
0.023,264.50506655931315,7.482193224851127,256.25273261957744,2.507198526187516,248.4661553391262,-9.989391751038657,10,54.0,0.001,3109.459859131619,-1010.3263865021866,1.0059894388483597,-18.64548482481137,231.18715386903952,79.21809270652655,-1.6789402651328986,0.7925470141925175,-1.6678682781507712,5.60282297260663,-0.5701156920474232,0.0018819064893375,0.1159266169810062,0.00046,False,False,3055.784949845324,-1112.2151587255237,1.0005944680186032,-20.39665831433622,229.9439520731087,25.031650812623,4.094735023425578,0.2538755604023155,8.658401673815806,1.7935305925982383,-0.4968318115350719,0.0023203154396716,-0.1355182751341573,0.00046,False,False,3007.318488658281,-1215.0357061561656,0.9979947939257192,-21.370424028076844,229.3499101750461,-104.24974351914952,-2.415794758293234,1.0430549672260845,-178.28595549303606,7.373549039683215,0.3086130419915178,0.0027766175177321,0.0774854577070338,0.00046,False,False
0.024,310.9441991938117,7.921537029727826,305.5780251618319,2.503371890814519,300.7316288268079,-10.424908920542364,10,72.0,0.001,3269.4771292241558,-0.0025138902532404,1.0059827448857517,-0.37812502416667,231.18694490094097,75.85945067604274,22.882887404515124,0.7927685097954649,16.431375401282114,5.602804116171953,-0.5701156920474232,0.0041235295444695,0.2151543832539093,0.00048,False,False,3249.9168011485226,-113.49024481365956,1.0005558121237847,-2.4713237574332108,229.943898049669,22.541367639283823,11.629593521427758,0.2535702929397282,26.57256933350258,1.793544954166171,-0.4968318115350719,-0.0007526695103483,-0.2212955658291308,0.00048,False,False,3235.596167053068,-226.25522239263668,0.997982584027167,-3.72314976890157,229.3498853488753,-98.4008183153264,-34.512480925943414,1.0431078824909366,-160.00902360231174,7.373544732619951,0.3086130419915178,0.0033118612735334,0.3543965728763273,0.00048,False,False
0.025,326.9459159362684,7.585415164599495,324.9912023817586,2.2545354035334597,323.55939043675096,-9.839950568132952,10,90.0,0.001,3109.4551981223017,1010.3205951630928,1.005994831479708,17.590088553952402,231.18671387149945,65.07470303753401,45.20454443074744,0.7921721797615788,34.2200367428187,5.602752811169996,-0.5701156920474232,-0.0017672145648038,0.0036374607715955,0.0005,False,False,3125.924143200221,896.3436178146078,1.00057517173902,15.465037869259143,229.94383694979757,17.8449162475235,18.02624303747437,0.2534556686794137,45.104881877136535,1.7935808790339247,-0.4968318115350719,-0.0019497175486965,0.3115890572179576,0.0005,False,False,3147.1511400890336,784.672573054288,0.9980125942038358,14.000003215305089,229.349856610674,-82.91961928505718,-63.23078746822226,1.0426284178387712,-142.62080185331385,7.3735323103076995,0.3086130419915178,-0.0014652174456578,-0.2574355334517993,0.0005,False,False
0.026,310.94388846080057,6.506734593171872,312.59197543746734,1.7850431105899198,314.714903659555,-8.291777703761761,10,108.00000000000006,0.001,2645.058439375257,1921.7455248240092,1.0059827389862843,35.18730912336212,231.1865049034153,47.91963059236856,63.10090264849676,0.7924599142970744,52.12772784096384,5.602684584716566,-0.5701156920474232,0.0012066175659037,-0.0891761158756185,0.00052,False,False,2695.944324285464,1818.436864976784,1.000571355559536,33.42901079173026,229.94378042853867,11.401946962523642,22.65863074236926,0.2534630655845126,62.86508538020927,1.7936247400937069,-0.4968318115350719,-0.0019377774033119,0.0731878829424362,0.00052,False,False,2750.6410625734184,1718.7910274595397,0.9980132478249318,32.372435028343496,229.34982942211275,-59.32157755489175,-85.75953339086634,1.0429858057483647,-124.54937936536062,7.373515827276752,0.3086130419915178,0.0021319721761925,-0.1861307144809931,0.00052,False,False
0.027,264.50453790874366,4.791093545431851,269.59407534601485,1.14084507353936,275.06393241765807,-5.931938618971242,10,126.0,0.001,1921.745524825827,2645.055796114744,1.006012579220887,53.36131447612932,231.18635369273304,26.073621113416404,74.82004850209391,0.7918222121389107,70.08817179830068,5.6026214292158265,-0.5701156920474232,-0.0050810886500483,-0.1296026479130806,0.00054,False,False,2002.066840707042,2562.528620405857,1.000582925032872,51.37335302291911,229.9437383911315,3.843045312317368,25.07337539405261,0.2537631280073945,80.85202101219996,1.793659877072027,-0.4968318115350719,0.0010131556342257,0.0623339254133735,0.00054,False,False,2084.8791398882104,2484.662133548185,0.9979693841361176,50.1482219129097,229.3498086529529,-29.91666642573329,-99.89342389614671,1.041973107607303,-105.94348722359317,7.373500887544482,0.3086130419915178,-0.0079738812624282,0.4195736000870811,0.00054,False,False
0.028,192.17369961942669,2.6064439014105334,200.20644372315147,0.3849901529075959,208.487793675435,-2.9914340543180957,10,144.0,0.001,1010.319585530564,3109.4489834458755,1.006008841678877,71.42925884676806,231.18627387411263,1.6752664695429536,79.21478168801977,0.7928952376380973,88.05316269089174,5.602583402156816,-0.5701156920474232,0.0057029447244079,-0.1657477337836413,0.00056,False,False,1112.2133162166165,3055.782055737457,1.000605686021723,69.30956203505941,229.9437152102293,-4.091984567829201,25.0341406782228,0.2537862399386776,98.6260884876102,1.793672959600498,-0.4968318115350719,0.0012257734578633,-0.1608925043703071,0.00056,False,False,1215.0348174619949,3007.3171172233288,0.9980082226297208,68.32989354455206,229.34979672096216,2.416718098286776,-104.2489223662426,1.04197146995515,-88.01835867651585,7.373492503857809,0.3086130419915178,-0.0079784014605683,0.3444646213110943,0.00056,False,False
0.029,101.03164233940636,0.1666496205393932,111.2212315116738,-0.4085447014392506,121.50342673621452,0.2418950808999082,10,162.0,0.001,-0.0025138867804486,3269.4673274780903,1.0059929543941442,89.46451112329393,231.18625181283,-22.886992549197544,75.85491587946396,0.7927800269457541,105.9495282496221,5.602580963728938,-0.5701156920474232,0.0045542862587513,-0.2705818930475986,0.00058,False,False,113.48885426359338,3249.9141611662385,1.000585807270195,87.21245776239304,229.94370805689508,-11.626525979503846,22.544765949913444,0.2533706798939301,116.49406859547211,1.793659078655214,-0.4968318115350719,-0.0029101963685331,-0.2902193115923147,0.00058,False,False,226.25453847213976,3235.59490097714,0.9980069422420922,85.96234967447637,229.34979266840972,34.51351852870184,-98.3996818293773,1.0430147816721045,-70.16414684266778,7.37349318347611,0.3086130419915178,0.0024537545835585,0.1984286714000297,0.00058,False,False
0.03,1.201176807428638e-13,-2.289449243571478,11.348935325935072,-1.162094714314676,22.62546952537924,3.4515439578862224,10,180.0,0.001,-1010.323357592775,3109.447429778402,1.0059894728350067,107.22419721861864,231.18625181283,-45.208679103871305,65.06938828850701,0.7917861861512658,124.26712619178905,5.6026109799616215,-0.5701156920474232,-0.0054265710494848,0.0459786986923431,0.0006,False,False,-896.3444203874176,3125.9220156909555,,,229.94370798242187,-18.02315863574249,17.848890521544206,0.2545701707460679,134.70190780897786,1.7936236228083218,-0.4968318115350719,0.0091348542923855,-0.0802038009964262,0.0006,False,False,-784.6729852542398,3147.1501033044437,0.9980236561017296,104.00859962824168,229.34979252788705,63.231837739614186,-82.91827881005099,1.0434233835376108,-52.363158246860245,7.3735019715025,0.3086130419915178,0.0065273450925168,-0.0007974222962731,0.0006,False,False
0.031,-101.03154137634986,-4.521417436911016,-89.63424704205462,-1.8019084852790408,-78.46721369380911,6.323325922190095,10,198.0,0.001,-1921.7457515018789,2645.053464851893,,,231.1862297514768,-63.104662111885695,47.91405609538296,0.7929760686240855,142.36552159310313,5.602657919133903,-0.5701156920474232,0.0064058716646653,0.1436632001698234,0.00062,False,False,-1818.4370011295475,2695.94291738809,1.00058707386181,123.80038168119492,229.9437033372737,-22.65583142129031,11.406108264658618,0.2535201874837,152.75954613194097,1.7935802228155824,-0.4968318115350719,-0.0013036014729545,-0.021212457738425,0.00062,False,False,-1718.7911275899855,2750.6403565678297,0.9980169474009384,122.14267756910913,229.3497908377251,85.76049353317634,-59.3201643600412,1.0435530809262858,-34.49768343837154,7.373514816814395,0.3086130419915178,0.0078061529649748,-0.1354735038332357,0.00062,False,False
0.032,-192.1733155331392,-6.3107614693991145,-181.8433791324597,-2.2653661807801364,-171.8789670778562,8.576127650179295,10,216.0,0.001,-2645.053464853592,1921.7438310622808,1.0060027132673452,143.4103681157482,231.18614993290493,-74.8230647194082,26.068332534483268,0.7927678330503523,160.26954660846465,5.602699784538319,-0.5701156920474232,0.0042643093046137,0.0473431423606561,0.00064,False,False,-2562.52807693833,2002.0662919891884,,,229.94368422090437,-25.07113525023356,3.8469863161404354,0.2548546589419247,170.94037241889913,1.793545547863331,-0.4968318115350719,0.012090150897041,0.160151508671739,0.00064,False,False,-2484.661911807708,2084.8788337703177,0.9980059603012196,140.52874517084547,229.34978272816628,99.894199969642,-29.91531885062324,1.0429790512148611,-16.324175988475375,7.37352612035425,0.3086130419915178,0.0020498702313601,0.0379531917947304,0.00064,False,False
0.033,-264.50374493462164,-7.482318542198987,-256.25239217022846,-2.507108259985652,-248.46599891039773,9.989426802184662,10,234.0,0.001,-3109.444322447429,1010.3213383221608,1.0059774464980566,161.55666340582096,231.18599872256135,-79.21675935405909,1.6707815230144396,0.7919531596091253,177.71636713733173,5.602716516769591,-0.5701156920474232,-0.0039060880560494,-0.5059159437688334,0.00066,False,False,-3055.780885971605,1112.2136792231968,1.000572534666615,159.2798362133888,229.94364626273767,-25.032679126122183,-4.088649708972234,0.2532958260003997,-171.23131512966867,1.7935329390257546,-0.4968318115350719,-0.0034803469291026,-0.0114942332747582,0.00066,False,False,-3007.3165953174853,1215.0349411966874,0.997999501970664,158.48616628343152,229.3497657814456,104.24943848018135,2.417868185958311,1.042176714762862,1.524992986522538,7.373530874010695,0.3086130419915178,-0.0059802169740471,-0.1129088950702494,0.00066,False,False
0.034,-310.94264553150515,-7.921403617210319,-305.5776192188581,-2.5034749039560524,-300.7314394929164,10.424878521166375,10,252.0,0.001,-3269.4607929948625,0.0025138823141332,1.0059885745424697,179.3988492808844,231.18578975508976,-75.85566133228257,-22.890234781226507,0.7915365910666032,-163.5849969717224,5.602697655816178,-0.5701156920474232,-0.0080451000651546,0.1927040152776271,0.00068,False,False,-3249.9124797146164,113.49009329184452,1.0006291666347626,177.71985931047777,229.9435922903724,-22.544226230933145,-11.624123855887806,0.2529201520023012,-153.38267932295415,1.793547311570724,-0.4968318115350719,-0.0072574127581085,-0.162803434377084,0.00068,False,False,-3235.5941299937576,226.25507994733445,0.9979990338157394,176.16962903571044,229.3497409552934,98.3998875632156,34.514358637114825,1.042736265560145,19.21947602687618,7.3735265730126915,0.3086130419915178,-0.0003786264715064,-0.4184466298483476,0.00068,False,False
0.035,-326.9442823198047,-7.585036064586744,-324.9907706903437,-2.2548216523960445,-323.5591867310233,9.839857716982737,10,270.0000000000001,0.001,-3109.439661452342,-1010.3155470013568,1.006013663212685,-162.73989861401165,231.18555872637788,-65.06882847367284,-45.21036115830144,0.7921607958805182,-145.69583727710605,5.602646336777072,-0.5701156920474232,-0.0017304758448919,0.081685340823045,0.0007,False,False,-3125.9199872270806,-896.3424267765422,1.0006095761039084,-164.65268949430452,229.94353124827643,-17.849325665470563,-18.021924597519806,0.2534613062665922,-135.29933234286062,1.7935832750540404,-0.4968318115350719,-0.0018967301610554,-0.0788840931251471,0.0007,False,False,-3147.1491587127894,-784.6720790419752,0.9980078637495946,-165.22293040822973,229.3497122171148,82.91815413914313,63.23228575582169,1.0434142462220315,37.766827549927925,7.373514171597079,0.3086130419915178,0.0064187183975087,0.1288510925865581,0.0007,False,False
0.036,-310.94233479996603,-6.506146899081777,-312.5915602554616,-1.7854846117728915,-314.7147055221289,8.291631510854634,10,288.0000000000001,0.001,-2645.045223101617,-1921.7359226450255,1.0059992377693496,-144.7637046369984,231.1853497589868,-47.91224572531329,-63.10461922902815,0.7924154085448804,-127.72406270939572,5.602578093379615,-0.5701156920474232,0.0009121615369556,0.0529549979988753,0.00072,False,False,-2695.940740519087,-1818.4344482089675,1.000570822431566,-146.01227897362108,229.94347478047357,-11.407475879319032,-22.655886519855063,0.2534784573287111,-116.99076008264086,1.793627190831188,-0.4968318115350719,-0.0017873258275101,0.2310845639728369,0.00072,False,False,-2750.639330831143,-1718.7899453470804,0.9979964136759306,-147.95789494652558,229.3496850285761,59.31972160463192,85.76050574888355,1.0429910803266813,55.86002715815192,7.373497717350743,0.3086130419915178,0.0022103292623325,0.2219331981167684,0.00072,False,False
0.037,-264.50321628655627,-4.79035477228589,-269.59371730735404,-1.1413986394903983,-275.06375924360253,5.931753411776207,10,306.0,0.001,-1921.735922647884,-2645.042579849532,1.005978103958669,-126.71676013131848,231.1851985488299,-26.0654487412423,-74.8213009814417,0.7922613829122047,-109.89386060558456,5.602514925744428,-0.5701156920474232,-0.0005387622634169,-0.1177137483776296,0.00074,False,False,-2002.064179810137,-2562.5252146879798,1.000613623452932,-128.95173852984888,229.94343278283148,-3.849152717201775,-25.072474363883845,0.2535482516367774,-99.59174371876053,1.7936623809512684,-0.4968318115350719,-0.0011391490919263,-0.3676866445629614,0.00074,False,False,-2084.877827294861,-2484.660569260379,0.9979990911218558,-129.94860763834183,229.34966425943432,29.914601458443563,99.89377534532574,1.0428227225915048,73.5893062357817,7.37348280433335,0.3086130419915178,0.0005478421020203,-0.0489752588994184,0.00074,False,False
0.038,-192.17273940519445,-2.605626357089036,-200.20617786100516,-0.385601616520995,-208.4876624162252,2.991227973610036,10,324.0,0.001,-1010.314537373847,-3109.433446796713,1.0059651583354698,-108.29098810381188,231.18511873049937,-1.667106527169287,-79.21344729674328,0.792067709607326,-91.69117693057822,5.602476897233426,-0.5701156920474232,-0.0024217148761879,0.0838335157131218,0.00076,False,False,-1112.2118384571136,-3055.777994600594,1.000572903713218,-110.579250677066,229.94340962386136,4.085896430375694,-25.035171434809453,0.2536250656822977,-81.08554897052825,1.7936754979790188,-0.4968318115350719,-0.0003895589152658,0.1412169487866235,0.00076,False,False,-1215.0340525032796,-3007.31522388364,0.9979932380728436,-111.53887178172504,229.3496523274545,,,,,,0.3086130419915178,0.0003428005860267,0.1086811406660951,0.00076,True,False
0.039,-101.03113752517724,-0.1658333285976149,-111.2210838305387,0.4079351865006873,-121.5033502404044,-0.2421018579030727,10,342.0,0.001,0.0025138768553603,-3269.450991281629,1.0060066640935832,-90.4910558972134,231.1850966693003,22.894341289958387,-75.85112506682869,0.7921808370683161,-73.55138734111766,5.602474469823481,-0.5701156920474232,-0.0012870073902222,0.2224229638772894,0.00078,False,False,-113.4887040572964,-3249.9098422292545,1.0005912515034472,-92.56281791220742,229.9434024772964,11.621053105053363,-22.547627996230663,0.2535096384076378,-63.38759009335264,1.793661622947421,-0.4968318115350719,-0.0015242094040014,-0.1581280950875992,0.00078,False,False,-226.2543960274466,-3235.5928639188924,0.9979895489718088,-93.5295388079053,229.3496482749059,-34.51539439501214,98.39875306305926,1.0433027367827292,109.617426788741,7.373475115102833,0.3086130419915178,0.0053588582283489,-0.021339221234851,0.00078,False,False
0.04,-1.601561074179359e-13,2.2901843768409327,-11.348920258084602,1.1615468162208469,-22.625455280896308,-3.4517311930618044,10,0.0,0.001,1010.3183094210058,-3109.431893135372,1.0059989841142447,-72.52598914838241,231.18509666930024,45.21449722565916,-65.0635119698579,0.7925982290466635,-55.82649565304216,5.602504506567122,-0.5701156920474232,0.0028444340230266,-0.0537230353632876,0.0008,False,False,896.3432285900037,-3125.9178617303214,1.000586783757457,-74.68459607964868,229.94340240289367,18.01883691514602,-17.853304067274195,0.2540268031758629,-44.96707472831815,1.793626145400956,-0.4968318115350719,0.0036976111056204,0.2645662223512896,0.0008,False,False,784.6724912415498,-3147.148121929101,0.9980082627985786,-75.89014624827911,229.34964813438327,-63.23333414080547,82.91681603713192,1.043837365558081,127.50657368851114,7.373483887653899,0.3086130419915178,0.0106927397211728,-0.1324066562105764,0.0008,False,False
0.041,101.03103656267922,4.521999444459756,89.63412804697444,1.801475852840748,78.46716429263358,-6.323475297300526,10,18.0,0.001,1921.7361493224328,-2645.040248595885,1.006004984959391,-54.18991810945165,231.18507460803767,63.10837998041824,-47.9066693595916,0.7918286133972049,-37.52886610214372,5.602551469144252,-0.5701156920474232,-0.0049181375850626,0.2431954094363496,0.00082,False,False,1818.4345842329951,-2695.9393349526963,1.0005748627426447,-56.04588585892565,229.9433977621429,22.65308416748313,-11.41164157814115,0.2539674105764202,-27.343145251099585,1.793582707609318,-0.4968318115350719,0.0031651154252469,-0.1101494167020114,0.00082,False,False,1718.7900454774417,-2750.638624826184,0.9980082291154856,-57.57075994289112,229.34964644422317,-85.76146414790159,59.31831093773247,1.043077092686386,145.4285284231452,7.373496709600311,0.3086130419915178,0.0030718780337075,-0.2106025684392215,0.00082,False,False
0.042,192.17235532103012,6.311133368757437,181.8431377468536,2.2650911902881496,171.87885886677046,-8.576224559045583,10,36.0,0.001,2645.040248598338,-1921.7342288899847,1.00599707985301,-36.37015807611352,231.18499478980624,74.82431825464754,-26.060158362549032,0.7928623631025362,-19.642154162083468,5.602593353150804,-0.5701156920474232,0.0053601265381386,0.1295621950027945,0.00084,False,False,2562.524671735049,-2002.0636316113164,1.000589280313422,-38.02147130315421,229.9433786638736,25.07023173467786,-3.8530979562420855,0.2534039038137698,-9.43867908920612,1.793547996417779,-0.4968318115350719,-0.0024208631634162,-0.205144654717839,0.00084,False,False,2484.660347520143,-2084.877521177236,0.997983572699682,-40.17559018521419,229.34963833467293,-99.8945499893255,29.913256318790797,1.042488654803848,163.52701035551866,7.373507991846054,0.3086130419915178,-0.0028284562966153,-0.1122012734505481,0.00084,False,False
0.043,264.50242331681693,7.4824439144483055,256.2520520435943,2.507017864456863,248.46584248187247,-9.989461778905197,10,54.000000000000114,0.001,3109.428785818443,-1010.3162901574916,1.0060195315254008,-18.84689124368389,231.1848435801313,79.21542568352996,-1.6626200258343684,0.7923519216700567,-1.6941919308581603,5.602610093328449,-0.5701156920474232,0.0002320380270826,0.0774448014880479,0.00086,False,False,3055.776825942416,-1112.2122011198132,1.0005863631589924,-20.187996760638445,229.94334074165403,25.03370818624893,4.082557912180999,0.2537568886843495,8.904082011257833,1.793535369961488,-0.4968318115350719,0.0011268420481122,0.1376584392101356,0.00086,False,False,3007.3147019783632,-1215.0341762378184,0.9979993398191348,-21.742659449123767,229.34962138797096,-104.24913386977892,-2.419937886346983,1.042506537695419,-178.34527359451798,7.373512735451422,0.3086130419915178,-0.0026563358519508,0.0154837388115998,0.00086,False,False
0.044,310.94109187754003,7.921270173373883,305.5772136607536,2.5035779913533864,300.7312501592787,-10.42484816472728,10,72.0,0.001,3269.4444568274844,-0.0025138704047122,1.0060105126189605,-0.774132589786422,231.1846346136166,75.85187083511224,22.897584680015427,0.7926190256055711,16.275527669540274,5.602591227889568,-0.5701156920474232,0.0029297571417515,0.0471484512228685,0.0008799999999999,False,False,3249.908162370056,-113.48994191225646,1.0005986767857449,-2.274491401111635,229.943286820411,22.54708753544005,11.618648255875298,0.2539328014853015,26.481111212101823,1.7935497534561875,-0.4968318115350719,0.0028656287243538,-0.2852574256305122,0.0008799999999999,False,False,3235.59209293637,-226.25493750204828,0.998013385770127,-3.5492822618806392,229.3495965618472,-98.3989583705522,-34.51623293589107,1.043472532357036,-160.80678920877622,7.373508440523532,0.3086130419915178,0.0070096847094911,-0.4460526501511678,0.0008799999999999,False,False
0.045,326.9426487123701,7.584656850192638,324.9903394082873,2.2551081717532475,323.55898302557694,-9.83976502194585,10,90.0,0.001,3109.424124844946,1010.3104988641232,1.005973816738574,17.314730598206218,231.18440358599915,65.06295203478956,45.21617992849307,0.7922659331269187,34.56596690496787,5.602539894908016,-0.5701156920474232,-0.0005285718460644,0.3374092127588836,0.0009,False,False,3125.9158351878195,896.3412368671251,1.0005733788081548,15.26850539808144,229.94322583614476,17.853739496274937,18.0176013515158,0.2533404476384948,44.58482846692988,1.793585755495108,-0.4968318115350719,-0.0031088243154278,-0.1809675299585978,0.0009,False,False,3147.147177338532,784.6715850302905,0.9979891599792408,14.377764550473456,229.34956782370267,-82.91669153106427,-63.233781280009154,1.0428780226150358,-142.48185390861318,7.373496060019869,0.3086130419915178,0.0010820959656783,-0.1211710958424831,0.0009,False,False
0.046,310.9407811479641,6.505559018827687,312.5911454672334,1.7859265531436903,314.7145073849846,-8.291485571971359,10,108.0,0.001,2645.032006884575,1921.726320510195,1.0059811363973643,35.512560809671484,231.1841946196311,47.904858445825454,63.108337173469,0.7915243718339742,52.05412609131069,5.602471634696076,-0.5701156920474232,-0.0078476502580126,-0.1749367463681132,0.00092,False,False,2695.937160145982,1818.4320337304237,1.000573687544481,33.48440998106625,229.94316942184807,11.413010476474565,22.653139089622304,0.2547194433256038,62.654505669903706,1.7936297259327136,-0.4968318115350719,0.0106189489664574,-0.1098928598896361,0.00092,False,False,2750.637599090711,1718.7888632358804,0.99799549543224,32.649623323122576,229.3495406351973,-59.31786892229972,-85.76147626309151,1.0427446178974051,-124.19041093296156,7.373479634578216,0.3086130419915178,-0.0002287221282756,0.1701545435452768,0.00092,False,False
0.047,264.5018946720909,4.789615759482333,269.59335960833727,1.1419527721802736,275.0635860697999,-5.93156853166253,10,126.0,0.001,1921.7263205140923,2645.0293636450906,1.0059776547454848,53.68802985739598,231.18404341023825,26.057273655796088,74.82255401329321,0.792087545975336,70.32302707471045,5.602408455050928,-0.5701156920474232,-0.002126559333361,0.0930930275122127,0.00094,False,False,2002.0615214336065,2562.5218121961047,1.0005869706135075,51.62484405431652,229.9431274640085,3.8552665135738056,25.0715720376404,0.2528529015811387,80.8810231663185,1.7936649691752298,-0.4968318115350719,-0.0080963099497423,0.1188390756748209,0.00094,False,False,2084.8765147030053,2484.6590049743827,0.9979862006546248,50.241920630209485,229.3495198660817,-29.91254016936945,-99.89412605093368,1.0426947649484393,-106.57128275032278,7.373464748293019,0.3086130419915178,-0.0007061992315163,-0.2109045156739441,0.00094,False,False
0.048,192.1717791967237,2.6048085431182666,200.2059122511092,0.3862137179137053,208.48753115721195,-2.991022261031949,10,144.0,0.001,1010.309489243225,3109.417910219927,1.0059691206825612,71.50216074319592,231.1839635923236,1.658943836425541,79.21211259340402,0.7931656580873373,88.26851404599249,5.602370425169389,-0.5701156920474232,0.0087083441608996,0.0374431574230579,0.00096,False,False,1112.210362098188,3055.773937310825,1.0005684489327045,69.37821534293539,229.9431043269909,-4.079801816065576,25.036202933080837,0.2537771772423683,99.01239740774164,1.793678120740699,-0.4968318115350719,0.0011278475403003,0.2529249064653593,0.00096,False,False,1215.0332875455238,3007.313330546165,0.9980330169407798,68.11102205757336,229.34950793411736,2.420857979640465,-104.2483155264848,1.0434406538513945,-88.57407461678987,7.373456395567522,0.3086130419915178,0.0067645023357167,-0.2139331371416074,0.00096,False,False
0.049,101.03063271405652,0.1650167634250153,111.2209362895497,-0.4073250251844713,121.50327374471158,0.2423082617595079,10,162.0,0.001,-0.0025138629623313,3269.4346551625586,1.0059548207045677,89.64392106126344,231.183941531243,-22.901692545302247,75.84733310903363,0.792648975394837,106.1825692489058,5.602368008794255,-0.5701156920474232,0.0035449345063831,-0.0497022021028293,0.00098,False,False,113.48855399445895,3249.905527383959,1.0005786532556225,88.06106159240043,229.9430971872015,-11.615574302253972,22.55049274863869,0.2539345269762183,116.5662161106968,1.7936642517171224,-0.4968318115350719,0.0027209586400394,-0.190557322975154,0.00098,False,False,226.2542535830389,3235.5908268630665,0.997996878905276,86.37062192739607,229.3495038815742,34.5172668475566,-98.3978258576721,1.04271826766589,-70.79426658204794,7.37345707390441,0.3086130419915178,-0.0004603188325532,-0.434372067773317,0.00098,False,False
0.05,-3.8057122522471036e-13,-2.2909197601916365,11.348905204535365,-1.1609983264104418,22.625441036435287,3.4519180866021086,10,180.0,0.001,-1010.3132612693784,3109.4163565671724,1.0059912776909337,107.38844170901709,231.183941531243,-45.22031738252077,65.057633785881,0.7927244524484619,124.69896789555492,5.602398066004286,-0.5701156920474232,0.0042571977285598,0.4656584222440796,0.001,False,False,-896.3420379205284,3125.9137117054543,1.0005935627919054,105.93171016852672,229.94309711286937,-18.01451039466684,17.857722017932872,0.2526776055395482,134.98006288329444,1.7936287525981007,-0.4968318115350719,-0.009798052391089,0.225471053587271,0.001,False,False,-784.671997229326,3147.146140556153,0.9980148275850717,104.20101116834483,229.34950374105185,63.234827777187874,-82.91535580381355,1.0427514767221415,-52.27610130598601,7.373465830965656,0.3086130419915178,-0.0001406126248189,0.0835792285568823,0.001,False,False
0.051,-101.03053175227645,-4.522581654502769,-89.63400916486036,-1.8010427412332009,-78.46711489153745,6.32362439573605,10,198.0000000000001,0.001,-1921.726547186784,2645.0270324043267,1.005987487506217,125.245310853012,231.18391947010588,-63.11209920596737,47.89928022155709,0.7923872144837707,142.2906721863743,5.602445051906853,-0.5701156920474232,0.0008183699809948,0.0566514020298279,0.00102,False,False,-1818.432169625596,2695.935755911821,1.000558861500619,123.7622979746983,229.9430924765201,-22.65033371156337,11.417180563669246,0.2531735087181088,152.5620313934975,1.793585277131549,-0.4968318115350719,-0.0047775370110547,-0.1912036908515202,0.00102,False,False,-1718.7889633661173,2750.63689308666,0.9979870402870156,122.32524172763384,229.349502050894,85.76243291753096,-59.31646078522596,1.042755354249943,-33.78920121399871,7.37347862952733,0.3086130419915178,-0.0001199372463037,0.5703289170127274,0.00102,False,False
0.052,-192.1713951152896,-6.311505403267532,-181.842896590447,-2.2648158800243565,-171.87875065586414,8.576321283291945,10,216.0000000000001,0.001,-2645.027032407538,1921.7246267645137,1.0059918252777065,143.1107410020402,231.18383965234077,-74.82557233684363,26.05198148702987,0.7927431141925699,160.4092495325808,5.602486954441201,-0.5701156920474232,0.0043181079366166,0.1748835130719432,0.00104,False,False,-2562.521269758254,2002.060973754304,1.0005747152652165,141.69619918157565,229.94307339636788,-25.069326927543564,3.859215979944703,0.254043406831131,170.48474510557048,1.7935505297871055,-0.4968318115350719,0.0039705842849356,-0.2679504583229192,0.00104,False,False,-2484.658783234476,2084.876208585768,0.998001600007454,140.1677025609448,229.3494939413557,99.8948992643873,-29.911197466974137,1.0430552183060515,-16.34144419715573,7.373489890462455,0.3086130419915178,0.0028627779476059,0.0180054134293688,0.00104,False,False
0.053,-264.5011017079865,-7.482569341360427,-256.25171223997694,-2.506927339787344,-248.4656860536128,9.989496681147758,10,234.0,0.001,-3109.4132492691942,1010.3112420161484,,,231.18368844357315,-79.21409169728005,1.6544557885207638,0.7918377461655471,178.19086286417027,5.602503702533923,-0.5701156920474232,-0.0047592577134838,-0.0435827896860801,0.00106,False,False,-3055.772769761358,1112.2107244166846,1.000580634823494,159.54919398410516,229.943035510129,-25.03473799100662,-4.0764596452197495,0.2534992909060914,-171.28331414680812,1.7935378857407154,-0.4968318115350719,-0.0014526935835722,-0.0359675301449824,0.00106,False,False,-3007.312808641661,1215.0334112798605,0.9979962796236168,158.5528210208098,229.3494769946791,104.24882968828658,2.4220038566994138,1.042248052244228,1.6023903295123127,7.373494624009448,0.3086130419915178,-0.0052155769169858,-0.0381910734298652,0.00106,False,False
0.054,-310.9395382343703,-7.921136698452694,-305.5768084878791,-2.503681152806721,-300.73106082597,10.424817851259416,10,252.0,0.001,-3269.428120747816,0.0025138545234995,1.0059460774372493,179.545144936857,231.18347947834545,-75.84807919137117,-22.90493708740783,0.7928715071861234,-163.7536312494112,5.602484832642843,-0.5701156920474232,0.0056050385481652,0.0119071272800527,0.00108,False,False,-3249.903849118676,113.48979067502836,1.000588854523898,177.362783128097,229.94298164005625,-22.549951547145525,-11.613166732345574,0.2542904824676317,-153.06962519366814,1.7935522801578283,-0.4968318115350719,0.0064388652519276,0.1777762990105615,0.00108,False,False,-3235.5900558817075,226.2547950568346,0.9979664130779288,176.3373765365487,229.3494521685936,98.39803073851648,34.51810381975378,1.0431122245645867,19.5366940222993,7.373490335156523,0.3086130419915178,0.0034322116405739,-0.1039081549162331,0.00108,False,False
0.055,-326.9410151165441,-7.58427752210133,-324.9899085359726,-2.255394961038776,-323.55877932049265,9.839672483140047,10,270.0,0.001,-3109.408588324646,-1010.3054507593656,,,231.1832484521873,-65.05707373155272,-45.22200073062132,0.7920280279926613,-145.98707601443778,5.602433485813554,-0.5701156920474232,-0.0027571380040913,-0.2217162162268607,0.0011,False,False,-3125.9116870861244,-896.3400480874147,1.0005895929566746,-164.52263102246462,229.94292071367371,-17.85815773116869,-18.013273308132582,0.252972342439865,-134.73789926552422,1.7935883206923235,-0.4968318115350719,-0.0067935040384175,0.5100751456244886,0.0011,False,False,-3147.1451959670403,-784.6710910194287,0.9979877401546682,-165.46200691196378,229.3494234304944,82.9152314627211,63.2352740387542,1.0430279456035725,37.6575754975034,7.373477975580098,0.3086130419915178,0.0026069011110349,0.0169196292491276,0.0011,False,False
0.056,-310.9392275072478,-6.504970953476645,-312.5907310731509,-1.786368933825,-314.71430924820004,8.2913398873016,10,288.0,0.001,-2645.0187907449963,-1921.716718434681,1.006000039454522,-144.49121359876682,231.1830394871722,-47.89746876735864,-63.112056474938925,0.7921145795046549,-128.01383520221376,5.602365208916667,-0.5701156920474232,-0.0017950647705798,-0.2489807836004169,0.00112,False,False,-2695.9335831693274,-1818.429621543297,1.0005722819289633,-146.48446407901707,229.9428643529334,-11.41855074297122,-22.650388457207136,0.25391105347879,-117.15278057873498,1.7936323457333596,-0.4968318115350719,0.0025313455407143,0.0965923657153441,0.00112,False,False,-2750.635867352805,-1718.7877811263666,0.9980106903084768,-147.5432607869073,229.34939624203304,59.316019510329454,85.76244493214622,1.0420863494757988,55.66999505241767,7.373461578963167,0.3086130419915178,-0.00678587184866,0.0292220144706022,0.00112,False,False
0.057,-264.5005730674342,-4.788876508367003,-269.59300224928216,-1.142507470506114,-275.06341289631825,5.931383978873052,10,306.0,0.001,-1921.716718439614,-2645.0161475222903,1.0059767976065197,-126.38185522892284,231.1828882787822,-26.049095871999604,-74.82380759526238,0.7915390673391689,-109.54846294890216,5.60230201738601,-0.5701156920474232,-0.0074608201057571,0.2155199023425813,0.00114,False,False,-2002.0588655798097,-2562.5184129332542,1.0005404849067887,-128.52971946603483,229.9428224349336,-3.861386689241463,-25.07066841718191,0.2535414725015433,-99.0528403388802,1.7936676420788409,-0.4968318115350719,-0.0012143808022334,0.1987490507444501,0.00114,False,False,-2084.8752021131604,-2484.657440690812,0.9979891053319756,-129.4250232325311,229.34937547295183,29.91048256124064,99.89447601244431,1.0432016184540924,73.92787538960985,7.373446719427453,0.3086130419915178,0.0043878324912131,0.2869154028269144,0.00114,False,False
0.058,-192.17081899553216,-2.603990460990835,-200.20564689370107,-0.3868264558657409,-208.48739989844825,2.990816916856565,10,324.0,0.001,-1010.3044411466695,-3109.402373740052,1.0059851214247797,-108.61317924937364,231.1828084614095,-1.650778412240896,-79.21077758034389,0.792579020525902,-91.87543952175392,5.602263986215319,-0.5701156920474232,0.0029924959589585,-0.1125939403369973,0.00116,False,False,-1112.208887141152,-3055.769883871756,1.0005910081072846,-110.4364020132735,229.9427993198892,4.073700737069776,-25.037235171037693,0.2533355881872116,-81.57910987246429,1.7936808282203522,-0.4968318115350719,-0.0032918719657117,-0.3248061552870608,0.00116,False,False,-1215.03252258903,-3007.3114372116515,0.9979775211762094,-111.52692013241774,229.3493635410078,-2.422922324829316,104.24801275138148,1.0415797691992894,91.74941529139656,7.373438382194684,0.3086130419915178,-0.0118188694291611,0.108218935485034,0.00116,False,False
0.059,-101.03012790684252,-0.1641999265147335,-111.22078888883948,0.4067142187081893,-121.50319724916729,-0.2425142921935339,10,342.0,0.001,0.0025138451005091,-3269.418319146677,1.005960554285724,-90.5631013329177,231.18278640048223,22.90904630175392,-75.84354001291958,0.7925572210176748,-73.86275895218252,5.602261580891791,-0.5701156920474232,0.0027779025178404,-0.1011143521878448,0.00118,False,False,-113.48840407521644,-3249.9012166341845,,,229.9427921868817,11.610089582064129,-22.55336020147476,0.2539712634237595,-63.3016821316704,1.793666965299048,-0.4968318115350719,0.0030844855310893,-0.0446763636194922,0.00118,False,False,-226.25411113897457,-3235.5887898104656,0.998020036974962,-93.88285978443248,229.3493594884717,-34.51913588381851,98.3969002143941,1.041984346335585,109.18116170103907,7.373439059884795,0.3086130419915178,-0.0077740564647563,-0.4602812105953848,0.00118,False,False
0.06,-2.4023176043389855e-13,2.291655392275965,-11.34889016530303,1.1604492459796856,-22.62542679200354,-3.452104638255701,10,0.0,0.001,1010.3082131458624,-3109.400820098338,1.0059557450729228,-72.67669947194037,231.18278640048229,45.226139563753975,-65.05175374724647,0.7924750287012692,-55.749334580616505,5.602291658523567,-0.5701156920474232,0.0019134431590019,0.0112716639930262,0.0012,False,False,896.3408483800446,-3125.9095656200407,1.0005647216122835,-74.56976850427634,229.9427921126201,18.010179082977906,-17.862144364748033,0.2533894490840915,-45.41995721106476,1.7936314447344457,-0.4968318115350719,-0.0026834242013859,-0.1607671912469657,0.0012,False,False,784.671503217761,-3147.1441591863822,0.9979982529847508,-75.5802998904042,229.3493593479496,-63.23631864673227,82.91389811199411,1.0428658229313303,127.64620242954624,7.3734478014417375,0.3086130419915178,0.0010283470643171,0.0045458934502116,0.0012,False,False
0.061,101.03002694593926,4.523164065969846,89.63389039581803,1.8006091513240203,78.46706549054076,-6.323773217293953,10,18.0,0.001,1921.7169451100908,-2645.013816298091,1.0059911656367595,-54.54983775632355,231.18276433950533,63.11581978165179,-47.89188869473464,0.7919411462939656,-37.61010018018082,5.6023386676720985,-0.5701156920474232,-0.0034918618894417,0.149794549787684,0.00122,False,False,1818.429757309489,-2695.9321802686472,1.0005622338520954,-56.46503072508791,229.9427874806765,22.647580059069483,-11.422725210219715,0.2534209733683127,-27.28772993075018,1.7935879317169687,-0.4968318115350719,-0.0023066446597182,-0.0271813057514115,0.00122,False,False,1718.787881256438,-2750.6351613499423,0.9980121629301592,-57.80611844243072,229.34935765779483,-85.76339984072158,59.31461390495385,1.043403938541898,145.66042124855082,7.373460576599438,0.3086130419915178,0.006391436368713,0.0186145524226084,0.00122,False,False
0.062,192.17043491743252,6.3118775722411815,181.84265566345363,2.2645402505430576,171.8786424451785,-8.576417822784272,10,36.0,0.001,2645.0138163020574,-1921.7150247010327,1.005970981732618,-36.5739704674476,231.1826845223325,74.82682696360958,-26.04380192284893,0.791739103022971,-20.083375104169345,5.60238058865986,-0.5701156920474232,-0.0055715798288285,-0.3238256893834456,0.00124,False,False,2562.5178710109617,-2002.058318420517,1.0005783328046975,-38.77630879252747,229.9427684186583,25.068420830692595,-3.865340375052851,0.2535991680033553,-8.990671534184147,1.7935531483060605,-0.4968318115350719,-0.0004755071378409,0.2704175313588467,0.00124,False,False,2484.6572189513186,-2084.874895996435,0.9979861868568743,-40.03016393050388,229.34934954827156,-99.89524779430236,29.909142297901205,1.0422478365858798,163.5323137145741,7.373471816207468,0.3086130419915178,-0.0051854783975824,-0.1095733849470661,0.00124,False,False
0.063,264.4997801102173,7.482694822696634,256.25137275967893,2.506836686163205,248.4655296256804,-9.989531508859862,10,54.0,0.001,3109.397712824215,-1010.3061939061072,1.0059758351841168,-18.48778503403996,231.18253331471115,79.21275739765062,-1.6462888260040636,0.7929839494546995,-1.616307933898479,5.602397344636347,-0.5701156920474232,0.0068531879592571,0.1431618370685249,0.00126,False,False,3055.7687174320345,-1112.2092491151277,1.0005928006259033,-20.708619051443137,229.9427305684337,25.035768538397527,4.07035492026243,0.2531757930413315,8.717360620946991,1.7935404866981954,-0.4968318115350719,-0.004691350540514,-0.0215079456116582,0.00126,False,False,3007.310915308125,-1215.032646323118,0.9979796895182363,-21.59409104884153,229.34933260162708,-104.24852593604813,-2.4240660942589747,1.042293936668788,-178.61400571128183,7.373476539688803,0.3086130419915178,-0.0047311575798658,-0.255923800144046,0.00126,False,False
0.064,310.9379846044492,7.921003192680991,305.5764037005945,2.503784388116036,300.73087149306497,-10.424787580797018,10,72.0,0.001,3269.4117847816538,-0.0025138346747297,,,231.1823243511004,75.84428640789989,22.91229198992754,0.7918393060966709,16.3758100428986,5.602378470326352,-0.5701156920474232,-0.0045665533158526,0.1352638255999923,0.00128,False,False,3249.8995399643068,-113.48963958030043,1.0005724679432235,-2.5925038694503466,229.94267674957905,22.552818260387447,11.607679296259342,0.254331283716065,26.77684173250205,1.79355489201038,-0.4968318115350719,0.0068431840189595,0.0380279832276565,0.00128,False,False,3235.588018830573,-226.2546526117527,0.9979803631823938,-3.635372909601367,229.3493077755896,-98.39710466828711,-34.51997128618745,1.0414973819623552,-160.18592138779283,7.373472256915684,0.3086130419915178,-0.0126906478883635,0.1721397495067574,0.00128,False,False
0.065,326.9393815349065,7.583898080997022,324.9894780737821,2.25568201968608,323.5585756158506,-9.83958010068308,10,90.0,0.001,3109.3930519159785,1010.3004026950508,1.0059823430577997,17.484773176301832,231.1820933267664,65.05119357463269,45.22782355398349,0.7919491612834724,33.99088052935004,5.602327109744037,-0.5701156920474232,-0.0033953666157579,-0.2498443707853799,0.0013,False,False,3125.9075429256823,896.3388604384613,1.000556879603449,15.008468910070984,229.9426158811345,17.862580361379326,18.00894047604458,0.2537021089664751,44.827373868073344,1.7935909709803557,-0.4968318115350719,0.0005004131544041,0.0891333128364731,0.0013,False,False,3147.1432145991,784.6705970095817,0.9979932235475116,14.484501251276658,229.34927903754703,-82.91377393601164,-63.23676403002854,1.0430232880818546,-142.3730692368702,7.373459918281767,0.3086130419915178,0.0025858627700567,-0.0150617357406361,0.0013,False,False
0.066,310.93767388027044,6.504382704096023,312.5903170735819,1.7868117529389909,314.7141111118532,-8.291194457034951,10,108.0,0.001,2645.005574703755,1921.707116433643,1.0059664747789236,35.14718986964433,231.18188436343416,47.89007670336865,63.11577712655649,0.792220938940493,52.17268432644895,5.60225881629173,-0.5701156920474232,-0.0005810085190784,-0.0685461866036005,0.00132,False,False,2695.930009592304,1818.427211649726,1.0005687754190449,33.363310764172404,229.9425595740005,11.42409666778456,22.64763462814831,0.2535076738024392,62.52072763234799,1.7936350505676857,-0.4968318115350719,-0.0015062764361814,-0.2161133273918615,0.00132,False,False,2750.63413561811,1718.7866990189632,0.9979848498305014,32.37333585693158,229.3492518491405,-59.31417337115266,-85.76341175470512,1.0429393750649736,-124.16088340050706,7.373443550509575,0.3086130419915178,0.0017698801266656,0.1970070976417321,0.00132,False,False
0.067,264.4992514746739,4.788137020285536,269.5926452305063,1.1430627333653265,275.0632397232267,-5.931199753650833,10,126.0,0.001,1921.7071164396148,2645.0029315019992,1.0059717451213583,53.51691247869345,231.1817331562858,26.040915404776925,74.82506172496277,0.7923628791182689,70.06363998372028,5.602195612999976,-0.5701156920474232,0.0009277762110672,-0.1784624530665331,0.00134,False,False,2002.0562122511103,2562.515016902445,1.000560178731971,51.5452922600236,229.94251769587768,3.867513232007766,25.06976350436913,0.2542646448059477,80.49440468887416,1.7936703999965455,-0.4968318115350719,0.0060134419571878,-0.2402178252091358,0.00134,False,False,2084.873889525848,2484.655876410284,0.9980060470997716,50.43802117021356,229.3492310801019,-29.90842863678412,-99.89482522933206,1.0420052640156674,-106.39298758315836,7.373428717740617,0.3086130419915178,-0.007550253663366,-0.0352837405893156,0.00134,False,False
0.068,192.16985880313388,2.603172112199397,200.2053817890136,0.3874398291566409,208.4872686399838,-2.9906119413559984,10,144.0,0.001,1010.299393092155,3109.3868373816213,1.0059675998904298,71.54625620234474,231.18165333958123,1.6426102695471707,79.2094422599053,0.7916978005413401,88.15109884310782,5.6021575806214585,-0.5701156920474232,-0.0056692236527117,-0.092141289963435,0.00136,False,False,1112.207413587318,3055.765834286984,1.000579416300556,69.73960285164151,229.94249460282688,-4.067593205564885,25.038268146680128,0.2538066031468674,98.86742205943833,1.7936836207522977,-0.4968318115350719,0.0014143283942957,0.1355166050228161,0.00136,False,False,1215.0317576341026,3007.309543880846,0.9979634153767628,68.22273199577465,229.3492191481828,2.424982936018321,-104.24771040658538,1.0433080223307791,-88.49081822292945,7.373420396008651,0.3086130419915178,0.0054890981939607,-0.133350363320612,0.00136,False,False
0.069,101.02962310433183,0.1633828193600977,111.2206416285374,-0.4061027682901904,121.50312075380114,0.2427199489301135,10,162.0,0.001,-0.002513823266824,3269.4019832597787,1.005957018938593,89.62747849230922,231.181631278842,-22.916402545835904,75.83974578532862,0.792904311675436,106.32283780302338,5.602155186366255,-0.5701156920474232,0.0063992736764282,0.0783962717070866,0.00138,False,False,113.48825429970458,3249.896909983758,1.0006009359614365,86.98469275855562,229.9424874766077,-11.604598955447564,22.55623034907372,0.2537284498576231,116.72393136304984,1.793669764027438,-0.4968318115350719,0.0006523918700795,-0.0052690626124546,0.00138,False,False,226.25396869531167,3235.586752761893,0.9979876447646764,86.40964805631207,229.34921509565527,34.521001501284005,-98.39597613440212,1.0426957741377183,-70.38974874452772,7.37342107304794,0.3086130419915178,-0.0006343412147934,-0.0325270306861997,0.00138,False,False
0.07,-8.812501243280645e-13,-2.292391271745963,11.348875140396924,-1.1598995760254822,22.6254125476038,3.4522908477714243,10,180.00000000000023,0.001,-1010.3031650584282,3109.385283753401,1.005983497961833,107.8698463933942,231.181631278842,-45.23196375865496,65.04587186462638,0.7922450061122919,124.18645922257014,5.602185284375048,-0.5701156920474232,-0.00023634696725,-0.059020995310849,0.0014,False,False,-896.3396599696094,3125.9054234777627,1.0005727246790368,104.8977704314132,229.9424874024168,-18.005842988756672,17.866571098943535,0.2542408672671113,134.33129502752274,1.7936342221441948,-0.4968318115350719,0.005826829778276,-0.3957185023338205,0.0014,False,False,-784.6710092070491,3147.14217782057,0.9980179861923872,104.62293562973136,229.34921495513356,63.23780674741203,-82.91244296356956,1.042412923581561,-52.19915054547037,7.373429799086111,0.3086130419915178,-0.0034751872578988,0.157857899435473,0.0014,False,False
0.071,-101.02952214446478,-4.523746677790356,-89.63377173995406,-1.8001750839814734,-78.46701608966308,6.3239217617718655,10,198.00000000000023,0.001,-1921.707343107517,2645.0006002980463,1.0060003781560307,125.20701493657276,231.1816092180602,-63.11954170058912,47.8844947925817,0.7927889263794163,142.26522929401162,5.602232316690015,-0.5701156920474232,0.0051363419662989,0.019037359209526,0.00142,False,False,-1818.4273472868203,2695.928608026348,1.0005822777955828,123.39901512094316,229.9424827748829,-22.6448232155431,11.428275506764184,0.2542125967822867,152.48726999932566,1.793590671699797,-0.4968318115350719,0.0056057145591452,-0.2383830673381911,0.00142,False,False,-1718.786799148831,2750.633429616713,0.9980163570562136,122.73076566186764,229.34921326498247,85.76436491613245,-59.31277029934544,1.042913205916939,-34.09109239517429,7.37344255082063,0.3086130419915178,0.0015096024199859,0.2657661333664515,0.00142,False,False
0.072,-192.16947472897843,-6.312249874990085,-181.8424149660904,-2.2642643023985096,-171.8785342347597,8.57651417738859,10,216.00000000000023,0.001,-2645.0006003027693,1921.705422714705,1.005957170816768,143.33949025860244,231.1815294016059,-74.82808213255831,26.03561968493186,0.7927668587484944,160.45989306025086,5.602274256056776,-0.5701156920474232,0.0048563544358088,0.2133557309001319,0.00144,False,False,-2562.514475496196,2002.05566561231,1.0005563645172957,141.66555216848434,229.9424637310157,-25.06751344598783,3.871471129365316,0.2539014863734057,170.61293193747304,1.7935558523088846,-0.4968318115350719,0.0025438525251965,-0.1121797688365962,0.00144,False,False,-2484.6556546712936,2084.8735834097524,0.997983441985718,140.42857486673927,229.34920515547745,99.89559557854616,-29.9070908142967,1.0418019640703775,-16.098686067963808,7.373453769085096,0.3086130419915178,-0.0096186810673825,0.2580921742922846,0.00144,False,False
0.073,-264.49845852559554,-7.482820358218212,-256.2510336030009,-2.5067459037708844,-248.46537319813632,9.98956626198908,10,234.0,0.001,-3109.382176508041,1010.3011458353376,1.0059567681625474,161.10854085780716,231.18137819536932,-79.21142278698369,1.6381191532170083,0.7927312920099242,178.44831472741296,5.60229101988571,-0.5701156920474232,0.0044769794158715,0.2016977449078252,0.00146,False,False,-3055.7646689580465,1112.207775216447,1.0005892870418616,159.59391342625543,229.942425916839,-25.036799826423216,-4.064243749488822,0.2533173350903022,-171.67857127246506,1.7935431731681908,-0.4968318115350719,-0.0032797292931101,-0.4036404232857043,0.00146,False,False,-3007.309021978502,1215.0318813678912,0.9979645460418032,158.28684460423557,229.3491882088718,104.2482226134068,2.42612459627227,1.0427607030563777,1.426255284713027,7.373458482493495,0.3086130419915178,-3.795697346599912e-05,-0.2169974381734116,0.00146,False,False
0.074,-310.93643099022995,-7.920869656292983,-305.575999299259,-2.503887697081408,-300.7306821606383,10.42475735337437,10,252.0,0.001,-3269.395448954794,0.0025138108558167,1.0059507678569777,179.57624885379636,231.18116923370556,-75.84049249154029,-22.919649374096423,0.7918485381646317,-163.59158831108968,5.602272141190081,-0.5701156920474232,-0.0043238605296536,0.1617786993020456,0.00148,False,False,-3249.8952349107776,113.48948862820114,1.0005708968963358,177.3799858941462,229.94237214925036,-22.55568766950131,-11.60218595858267,0.2533597306258425,-153.37293293283545,1.7935575893480895,-0.4968318115350719,-0.002876161494838,-0.097947325534029,0.00148,False,False,-3235.5859817837727,226.25451016685577,0.9980087154419705,176.2395735417541,229.34916338289213,98.39618016104131,34.52183533267949,1.042638544987922,19.420457657879385,7.373454205805018,0.3086130419915178,-0.0012534895071758,-0.2228158384062295,0.00148,False,False
0.075,-326.9377479700369,-7.583518527564029,-324.9890480220983,-2.255969347128344,-323.5583719117313,9.839487874692342,10,270.0,0.001,-3109.377515643476,-1010.2953546791532,1.0059598330847035,-162.2645651881927,231.1809382115605,-65.04531157470163,-45.23364838787543,0.7917193141499552,-146.0363410037277,5.602220766949459,-0.5701156920474232,-0.0055434465285746,-0.2831527802964785,0.0015,False,False,-3125.9034027101725,-896.3376739213256,1.0005698872652158,-164.45654881685957,229.94231133879785,-17.86700737813039,-18.004602863930547,0.2544063341152221,-135.3797033155872,1.7935937066933831,-0.4968318115350719,0.0075387957594075,-0.104144240738956,0.0015,False,False,-3147.1412332354894,-784.6701030009476,0.9979804367303918,-165.80297849782156,229.34913464491763,82.91231895283164,63.23825125180627,1.0432861817207304,37.6797457053055,7.373441888128862,0.3086130419915178,0.0052402976455846,0.0364186277716679,0.0015,False,False
0.076,-310.9361202694865,-6.503794271753166,-312.5899034688951,-1.7872550096075193,-314.7139129760231,8.291049281360666,10,288.0,0.001,-2644.9923587817198,-1921.6975145222464,1.00595655666199,-144.51890391319253,231.1807292502412,-47.88268226731338,-63.119499121439446,0.7916730493259447,-127.43626342091748,5.602152457071247,-0.5701156920474232,-0.0059094900124681,0.3164189570860761,0.00152,False,False,-2695.9264394180827,-1818.424804051856,1.000565305930149,-146.5930950739537,229.94225508532017,-11.429648239885,-22.644877607987496,0.2540969915042568,-117.35578500499209,1.7936378407697575,-0.4968318115350719,0.0043829546403825,-0.0788252764628547,0.00152,False,False,-2750.632403887309,-1718.7856169140998,0.9980189743610024,-147.49688794089874,229.3491074565765,59.31233050719796,85.76437672942711,1.0425416468829396,55.59435806211886,7.373425549221401,0.3086130419915178,-0.0021819440277985,-0.049085851542934,0.00152,False,False
0.077,-264.4979298958965,-4.78739729658413,-269.5922885523267,-1.1436185596541055,-275.06306655059313,5.931015856238201,10,306.0,0.001,-1921.6975145292568,-2644.9897156050883,1.005961039895448,-126.69391208547675,231.1805780445733,-26.032732269054357,-74.82631640000778,0.7918381635741951,-109.9145114224276,5.602089242142765,-0.5701156920474232,-0.0041689481207608,-0.1627013230397628,0.00154,False,False,-2002.0535614498624,-2562.511624106697,1.0005859385590772,-128.9170250883039,229.9422132471115,-3.8736461296696,-25.068857301063883,0.2540155013102464,-99.20895817565246,1.7936732432622844,-0.4968318115350719,0.0035179860152063,0.0702219934710502,0.00154,False,False,-2084.872576941584,-2484.654312133418,0.9979996845040232,-129.62419025280485,229.34908668758888,29.906378398723536,99.89517370107173,1.0432013298118703,73.45490140388706,7.373410743236445,0.3086130419915178,0.0044358240862383,-0.1887288718646746,0.00154,False,False
0.078,-192.1688986210483,-2.602353498236887,-200.2051169372857,-0.3880538365655489,-208.48713738187348,2.990407334802369,10,324.0,0.001,-1010.2943450876528,-3109.3713011691707,1.0059754192061692,-108.80576260815556,231.1804982286628,-1.634439423277946,-79.20810663443108,0.7916190391366951,-92.0149120367952,5.602051208637676,-0.5701156920474232,-0.0063064049970404,-0.2642400581477011,0.00156,False,False,-1112.2059414379924,-3055.761788560108,1.0005828397909815,-110.5981112673794,229.9421901760749,4.061479233732916,-25.0393018580076,0.2540545862782988,-81.19747646974584,1.7936864986703591,-0.4968318115350719,0.0038900897178553,0.0844234850874003,0.00156,False,False,-1215.030992681042,-3007.3076505544964,0.9980296973826386,-111.47332268611645,229.34907475569943,-2.4270398104554314,104.24740849243858,1.0434194421375635,91.6974561017334,7.373402437013354,0.3086130419915178,0.0066286941165202,0.0535902294860531,0.00156,False,False
0.079,-101.02911830732158,-0.1625654434548614,-111.2204945087747,0.4054906751493234,-121.50304425864336,-0.2429252316944644,10,342.0,0.001,0.0025137974631803,-3269.3856475276634,1.0059599954967091,-90.66403668147636,231.18047616814655,22.9237612640689,-75.83595043310382,0.7923886717614048,-73.73756917447338,5.602048825467431,-0.5701156920474232,0.0013932915617383,0.0119009912672748,0.00158,False,False,-113.48810466805142,-3249.892607436509,1.0005735582334685,-92.4777230488597,229.9421830566503,11.599102433373051,-22.559103185768112,0.2538261486530942,-63.16183675541796,1.7936726482360346,-0.4968318115350719,0.0016253009378761,0.122771200652855,0.00158,False,False,-226.2538262521044,-3235.584715718155,0.9980137193488832,-93.57726369325572,229.3490707031822,-34.52286369744229,98.3950536188717,1.042370802195942,109.2095674335598,7.37340311339778,0.3086130419915178,-0.0038586618517222,-0.4345441741948809,0.00158,False,False
0.08,-3.2030581304851463e-13,2.293127397253296,-11.348860129835009,1.1593493176452792,-22.62539830324573,-3.4524767148985904,10,0.0,0.001,1010.2981170150476,-3109.369747556898,1.0059562046350512,-72.50007037876541,231.18047616814655,45.2377899565181,-65.03998814869445,0.7919622644092669,-55.50442797563182,5.602078943808434,-0.5701156920474232,-0.0029133757259628,0.2440031742684005,0.0016,False,False,896.3384726902816,-3125.9012852823,,,229.9421829825302,18.001502120684883,-17.871002211739366,0.2531609465373617,-45.09829505059692,1.793637085161064,-0.4968318115350719,-0.0049764264365053,0.1885024415499339,0.0016,False,False,784.6705151973863,-3147.1401964595,0.9979762813592647,-75.41690068886362,229.3490705626608,-63.2392920772032,82.91099036043352,1.043351547516122,127.61794328118263,7.37341182390273,0.3086130419915178,0.0059364728358375,-0.0263812397264965,0.0016,False,False
0.081,101.02901734865024,4.524329488893539,89.6336531973732,1.7997405400740003,78.46696668892383,-6.324070028967532,10,18.0,0.001,1921.6977411942255,-2644.987384425065,1.005963594834928,-54.43889502738956,231.18045410759464,63.12326495589556,-47.87709852855794,0.7928294540050153,-37.76390848630324,5.602125999210228,-0.5701156920474232,0.0056919738441215,-0.016189254276799,0.00162,False,False,1818.4249395597328,-2695.925039188096,1.0005689044898014,-56.559947175065794,229.9421783594101,,,,,,-0.4968318115350719,0.0042564204743614,0.2880564214963977,0.00162,True,False,1718.7857170437242,-2750.631697887658,0.9979963548696636,-57.66443097138036,229.34906887251412,-85.76532814242425,59.31092997082692,1.043427226903184,145.83269860406529,7.373424552194877,0.3086130419915178,0.0066752661830772,0.188224410625783,0.00162,False,False
0.082,192.16851455144075,6.312622310825706,181.84217449856817,2.263988036145341,171.87842602464747,-8.576610346971073,10,36.0,0.001,2644.987384430543,-1921.6958208206945,1.005959784286464,-36.89644541825668,231.1803742919849,74.82933784130194,-26.027434788206858,0.7918044691475294,-19.548753951374504,5.602167956881542,-0.5701156920474232,-0.004617211838555,0.1986198073893478,0.00164,False,False,2562.511083216972,-2002.0530153320385,1.0005930608326354,-38.59295400747486,229.9421593337108,25.06660477529318,-3.877608230675337,0.2535173662678479,-9.141562056810336,1.7935586421293173,-0.4968318115350719,-0.0013012939322737,0.1471400346094643,0.00164,False,False,2484.654090395018,-2084.8722708262408,0.997992588018256,-39.75627090336413,229.34906076303065,-99.89594261659502,29.90504301888188,1.0442184526204223,163.54764742192867,7.373435749099338,0.3086130419915178,0.0145716885413176,-0.0969069406124206,0.00164,False,False
0.083,264.49713695621045,7.482945947686322,256.2506947702461,2.506654992796712,248.4652167710445,-9.989600940483069,10,54.0,0.001,3109.366640345209,-1010.296097811812,1.0059655570023127,-18.648653109060746,231.1802230873721,79.2100878676212,-1.629946785095138,0.7921249677320619,-1.650325304144118,5.602184728531589,-0.5701156920474232,-0.0014359446881913,0.0969687922656465,0.00166,False,False,3055.7606243429927,-1112.206302721953,1.0005871110999798,-20.82951776510912,229.94212155561576,25.037831853084477,4.058126145084292,0.2534540076647755,8.77902447529206,1.793545945484459,-0.4968318115350719,-0.0019169241956417,0.067769310039719,0.00166,False,False,3007.307128653545,-1215.0311164144823,0.998022561161092,-21.671281219916068,229.3490438164704,-104.24791972070553,-2.428179359989433,1.0424588672070896,-178.53357020845434,7.37344045242753,0.3086130419915178,-0.003030817102527,-0.1781555119271587,0.00166,False,False
0.084,310.9348773941665,7.920736089522929,305.57559528423263,2.5039910795027422,300.7304928287652,-10.424727169025672,10,72.0,0.001,3269.3791132930373,-0.0025137830673145,1.005949163508865,-0.6260544931826654,231.1800141279852,75.83669744913504,22.927009226433636,0.7922003608195494,16.579200220102265,5.60216584548361,-0.5701156920474232,-0.0006553091507646,0.3264782905471303,0.00168,False,False,3249.890933961912,-113.4893378188635,1.0005658907529502,-2.171899435448557,229.9420678393407,22.558559768820203,11.596686730286716,0.2542710722522869,26.778339412831745,1.7935603725047025,-0.4968318115350719,0.0062333187917788,0.0671389461088313,0.00168,False,False,3235.583944742112,-226.2543677222005,0.9979986174179282,-3.714580497016167,229.3490189905584,-98.395257217955,-34.52369595672056,1.0427815762369792,-160.27315720059624,7.373436181828527,0.3086130419915178,0.0002023127353976,0.0822367229747842,0.00168,False,False
0.085,326.936114424515,7.583138862486733,324.98861838130324,2.256256942798699,323.558168208215,-9.8393958052854,10,90.0,0.001,3109.361979531675,1010.2903067196452,1.0059803025334588,17.2701025118835,231.17978310839396,65.03942774243322,45.239475221590645,0.7927533443774804,34.2045611751232,5.602114457679397,-0.5701156920474232,0.0049471997582043,-0.0483396452830184,0.0017,False,False,3125.899266443273,896.3364885370629,1.0006053456280195,15.366825748601114,229.9420070869343,17.87143877264173,18.0002604804734,0.2540645581280737,44.94750445951303,1.7935965281650923,-0.4968318115350719,0.0041170457243658,0.2368777317889403,0.0017,False,False,3147.139251876996,784.669608993722,0.9980126708789738,14.303297944183898,229.3489902526634,-82.91086651507464,-63.23973570206417,1.042428623937413,-142.45508095834467,7.373423885125368,0.3086130419915178,-0.0033098200958842,-0.0997405610471236,0.0017,False,False
0.086,310.9345666773478,6.5032056575154895,312.5894902594569,1.7876987029523626,314.713714840787,-8.290904360467826,10,108.00000000000024,0.001,2644.979142999762,1921.6879127156544,1.0059680536713247,35.68766084544243,231.1795741494175,47.87528547265265,63.12322245270365,0.7921697999022932,52.491268594581285,5.602046131504762,-0.5701156920474232,-0.0007916171908349,0.2378616970464911,0.00172,False,False,2695.922872649837,1818.422398751828,1.0005972133193817,33.67976097222433,229.94195088716305,11.435205448238587,22.642117402269307,0.2545823106848278,62.6302801848265,1.7936407166731745,-0.4968318115350719,0.0092320793044772,-0.0789448350439969,0.00172,False,False,2750.630672161087,1718.7845348122055,0.9980014262784644,32.45194298884899,229.3489630643985,-59.31049092089095,-85.76533985497298,1.0429785495542805,-124.37016121358516,7.373407575102608,0.3086130419915178,0.0022125019281789,-0.0149374854220983,0.00172,False,False
0.087,264.4966083331884,4.786657338608829,269.5919322150596,1.144174948268586,275.0628933784854,-5.930832286877453,10,126.00000000000024,0.001,1921.6879127237037,2644.976499852429,1.0059583067277662,53.576088173109255,231.1794229454688,26.02454647976065,74.82757161800969,0.7931642019382521,70.7370737790102,5.601982905063882,-0.5701156920474232,0.0092418188589478,0.4827942494633653,0.00174,False,False,2002.050913178418,2562.508234549026,1.0005901191617903,51.36537519746496,229.9419090889056,3.879785370018465,25.06794980912933,0.2529098810415738,80.83710369392797,1.7936761722095165,-0.4968318115350719,-0.0075423588284198,0.1301011040423164,0.00174,False,False,2084.871264360887,2484.6527478608323,0.9979997115793,50.02186284390649,229.3489422954698,-29.90433184977889,-99.895521427139,1.042250452129758,-106.23125772358183,7.373392795918878,0.3086130419915178,-0.0050475713949738,0.1237799362144614,0.00174,False,False
0.088,192.1679384507889,2.601534620596375,200.20485233875004,0.3886684768709697,208.48700612416647,-2.990203097467371,10,144.0,0.001,1010.2892971411331,3109.355765127235,1.0059643989006566,70.82726662389956,231.1793431304784,,,,,,-0.5701156920474232,0.0051732893378551,-0.0883269307025634,0.0017599999999999,True,False,1112.2044706944812,3055.757746694725,1.0005723336595158,69.5504034958496,229.94188603990375,-4.055358833761574,25.040336303019128,0.2531510015901494,98.6595829706818,1.7936894623078787,-0.4968318115350719,-0.0051499483800124,-0.0446971135292014,0.0017599999999999,False,False,1215.0302277301505,3007.3057572333523,0.997992568680498,68.38128090701042,229.34893036361484,2.429092945392154,-104.24710700928271,1.0429005123463193,-88.33988480973612,7.373384505212717,0.3086130419915178,0.0014647555997352,0.0149176403250439,0.0017599999999999,False,False
0.089,101.02861351661004,0.16174780029291,111.22034752968328,-0.4048779405048097,121.50296776372524,0.2431301402118734,10,162.0,0.001,-0.0025137676893791,3269.3693119761274,1.0059811531800993,89.68019437914937,231.17932107022003,-22.931122442970945,75.83215396308873,0.7917363055282055,106.27702971330274,5.601942498444678,-0.5701156920474232,-0.0049800016526293,0.0204094151540066,0.00178,False,False,113.48795518039104,3249.888308996258,1.000557271719822,87.69699912640691,229.94187892728004,-11.593600026814288,22.561978705888407,0.2543693554170623,116.69018189037224,1.7936756182580924,-0.4968318115350719,0.0070531683320818,-0.0113872255162762,0.00178,False,False,226.25368380940952,3235.582678680056,0.9980006989749102,86.52586207466479,229.34892631110944,34.5247224697853,-98.39413266897702,1.0429362672706404,-69.94731085301623,7.373385180938247,0.3086130419915178,0.0018213492227352,0.4072462721017531,0.00178,False,False
0.09,3.6034223922664213e-13,-2.29386376744976,11.348845133627153,-1.1587984719369913,22.6253840589315,3.45266223938679,10,180.0,0.001,-1010.293069023693,3109.3542115333635,1.0059429167959115,107.34662269613624,231.17932107022003,-45.24361814663581,65.03410261012549,0.7919904179756065,123.86663823256244,5.6019726370730005,-0.5701156920474232,-0.0024814996355441,-0.3910214087984894,0.0018,False,False,-896.3372865431147,3125.8971510373303,1.0005630561900978,105.266457895172,229.9418788532308,-17.997156487448116,17.875437694352126,0.2530619324185946,134.92861777843825,1.7936400341182737,-0.4968318115350719,-0.0059707380794579,0.2292408351224811,0.0018,False,False,-784.6700211889676,3147.138215103955,0.998009071159647,104.5682305570416,229.34892617058844,63.24077463408402,-82.90954030447747,1.0432609294396948,-52.393972723709176,7.373393875895543,0.3086130419915178,0.0050556743867487,-0.039628155709382,0.0018,False,False
0.091,-101.0285125592927,-4.52491249820853,-89.63353476818087,-1.7993055204705757,-78.46691728834259,6.324218018679163,10,198.0,0.001,-1921.6881393853805,2644.974168700017,1.0059678973193822,125.07473837658516,231.1792990099329,-63.12698954068608,47.869699916124674,0.7921092833445821,142.00280035595793,5.60201971548196,-0.5701156920474232,-0.0013594248702355,-0.2555714029021331,0.00182,False,False,-1818.4225341303631,2695.9214737570646,1.0005376187877737,123.3639447099691,229.9418742345286,-22.63929997757309,11.439393005697356,0.254614123475775,152.54488218674246,1.7935964091920715,-0.4968318115350719,0.0096128674546387,-0.1531305828063857,0.00182,False,False,-1718.784634941545,2750.629966163461,0.997999243167598,122.59497388717406,229.34892448044687,85.76628951825924,-59.30909292182186,1.0423171672351288,-34.32970108478842,7.373406580726158,0.3086130419915178,-0.0043999150026756,0.0244940546831638,0.00182,False,False
0.092,-192.1675543863358,-6.3129948790595485,-181.8419342611006,-2.263711452338579,-171.87831781488458,8.576706331398164,10,216.0,0.001,-2644.974168706246,1921.6862190341644,1.0059384009797223,143.51384963339197,231.17921919529357,-74.83059408745196,26.019247247604035,0.7926101225696132,160.45449448957413,5.602061691383338,-0.5701156920474232,0.0035896044910541,0.1957771793894594,0.00184,False,False,-2562.507694176302,2002.050367582061,1.0005936566246425,141.41868265184624,229.941855227014,-25.065694820473976,3.883751666771081,0.2539687034218886,171.0984692503705,1.7935615181006244,-0.4968318115350719,0.0032080103705053,0.4009996799517452,0.00184,False,False,-2484.6525261231072,2084.8709582464194,0.997996939164628,140.33518718152877,229.3489163709879,99.89628890792596,-29.902998914374923,1.0425322822815346,-16.244768691901356,7.373417756254192,0.3086130419915178,-0.002264569121928,0.1093463957263243,0.00184,False,False
0.093,-264.4958154041467,-7.483071590862158,-256.2503562617134,-2.506563953427332,-248.4650603444646,9.989635544289518,10,234.0,0.001,-3109.351104360249,1010.2910498435044,1.0059411572243375,161.42633940844584,231.17906799254325,-79.20875264190512,1.6217717365759206,0.7920446185972362,178.42009043914666,5.602078470823158,-0.5701156920474232,-0.0020891649440779,0.1612934575439577,0.00186,False,False,-3055.7565835904625,1112.2048316329574,1.000547349900387,159.61413413159096,229.9418174850341,-25.038864616381865,-4.052002119239464,0.2535502497078158,-171.28092182310513,1.7935488039802832,-0.4968318115350719,-0.0009585462888016,0.0216515378905999,0.00186,False,False,-3007.305235333997,1215.030351463197,0.998001987641256,158.07396000775674,229.34889942448,104.24761725828702,2.430230382663754,1.0432732566413048,1.8300903987334605,7.373422449494915,0.3086130419915178,0.005138537231089,0.1841745696523841,0.00186,False,False
0.094,-310.9333238187111,-7.9206024926051235,-305.57519165587286,-2.504094535179963,-300.7303034975191,10.42469702778509,10,252.0,0.001,-3269.3627778221767,0.0025137513127759,1.005966371146984,179.8971871177881,231.17885903576325,-75.8329012875275,-22.93437153345653,0.7914828756635471,-164.11915269619465,5.60205958345612,-0.5701156920474232,-0.0076798835103458,-0.3779657226480541,0.00188,False,False,-3249.886637121531,113.48918715242752,1.0005437535348165,177.83251588584844,229.94176382012049,-22.56143455267528,-11.591181622347548,0.2532570194760631,-153.3819720547633,1.793563241813482,-0.4968318115350719,-0.0039112667858504,-0.0793440552605411,0.00188,False,False,-3235.5819077063943,226.254225277847,0.9979990345934782,176.12474907624716,229.34887459864532,98.39433584020276,34.525553155804296,1.0430370867781755,19.561540934562824,7.373418184990214,0.3086130419915178,0.0027828695201861,-0.0843956670274753,0.00188,False,False
0.095,-326.9344809009202,-7.582759086449608,-324.98818915177844,-2.2565448061297566,-323.5579645053824,9.839303892579345,10,270.0,0.001,-3109.346443605108,-1010.285258824493,1.005967883639992,-162.18969152250617,231.17862801909052,-65.03354208850246,-45.245304044421154,0.7926872070444866,-145.62580287952886,5.6020081821830345,-0.5701156920474232,0.0044361226765689,0.1152050995097307,0.0019,False,False,-3125.89513412866,-896.3353042867199,1.000568595562889,-164.91188722147356,229.94170312581403,-17.875874536129643,-17.995913334360072,0.253653966725518,-135.21739179630768,1.7935994357286786,-0.4968318115350719,7.019782951788417e-06,0.0858102115890196,0.0019,False,False,-3147.1372705244003,-784.669114988095,0.9980007707461676,-165.7172635122752,229.3488458608411,82.90941662463204,63.24121737878143,1.0420497466073582,37.57618577245268,7.373405909275272,0.3086130419915178,-0.0070731717054321,-0.0698043003833456,0.0019,False,False
0.096,-310.93301310630886,-6.502616862450936,-312.5890774456349,-1.7881428320943809,-314.7135167062239,8.290759694545226,10,288.0,0.001,-2644.965927378752,-1921.6783110290264,1.0059417729430256,-144.59574926610645,231.178419062787,-47.8678863328485,-63.12694711346416,0.7926418577767176,-127.87874364670223,5.601939839841465,-0.5701156920474232,0.0040792806652119,-0.1382419756827199,0.00192,False,False,-2695.919309290735,-1818.4199957517708,1.0005614004948131,-146.33427454972573,229.941646979799,-11.44076828180616,-22.63935401654086,0.2536652191674243,-117.52979257873127,1.7936436786110093,-0.4968318115350719,5.697531778446024e-05,-0.225187812820432,0.00192,False,False,-2750.6289404401286,-1718.7834527137024,0.9980294083746172,-147.72753475116798,229.34881867266307,59.30865461465445,85.76630113000516,1.0431672372020588,55.70897310041676,7.373389628157153,0.3086130419915178,0.0041247592196288,0.0628665255801332,0.00192,False,False
0.097,-264.4952867886386,-4.785917147706284,-269.5915762190235,-1.14473189810438,-275.06272020697367,5.930649045810631,10,306.0,0.001,-1921.67831103812,-2644.963284264887,1.0059889276343077,-126.65493812881994,231.1782678607963,-26.01635805182697,-74.82882737658062,0.7928904266589163,-109.75153056190491,5.6018766020124735,-0.5701156920474232,0.0066544012826136,-0.0119018748078216,0.00194,False,False,-2002.0482674391365,-2562.5048482324382,1.000567208381432,-128.50091601022731,229.9416052215301,-3.885930940840783,-25.067041030429635,0.2535367415762958,-99.39201941664828,1.793679187171199,-0.4968318115350719,-0.0012780172809011,-0.0851902369105998,0.00194,False,False,-2084.869951784279,-2484.651183593141,0.9979957878090168,-129.69774601728545,229.34879790380168,29.902288992667515,99.89586840701034,1.042858357104582,73.86100078225256,7.37337487579186,0.3086130419915178,0.0010568212399354,0.214708433005542,0.00194,False,False
0.098,-192.166978293872,-2.6007154807712465,-200.2045879936416,-0.3892837488509301,-208.4868748669146,2.9899992296221183,10,324.0,0.001,-1010.2842492605694,-3109.340229280344,1.0059526292706311,-108.67196794180435,231.178188046852,-1.6180896797606934,-79.20543447774625,0.792792237429164,-91.74446835731132,5.601838566497745,-0.5701156920474232,0.0057262993258726,-0.0059786338612166,0.00196,False,False,-1112.2030013580948,-3055.7537086944217,1.0005816301790065,-110.80416439725596,229.94158219458336,4.049232017843783,-25.04137147971309,0.2537172748049984,-81.29791735625851,1.7936925119976936,-0.4968318115350719,0.0005084708557802,0.011637043037973,0.00196,False,False,-1215.0294627817311,-3007.3038639181577,0.9980102930700008,-111.71607665654255,229.34878597198576,-2.4311423380833306,104.24680595745934,1.0432089367831137,91.39652047101036,7.373366600610674,0.3086130419915178,0.0045743208987175,-0.2500067009158592,0.00196,False,False
0.099,-101.02810873299106,-0.1609298913683014,-111.22020069139032,0.4042645655766296,-121.50289126907374,-0.243334674208399,10,342.0,0.001,0.0025137339458325,-3269.3529766309643,1.0059468446877629,-90.45147980565034,231.17816598688623,22.9384860690583,-75.82835638212823,0.7923908112910476,-73.59581526489855,5.601836205546994,-0.5701156920474232,0.0017153768332791,0.1414718228062103,0.00198,False,False,-113.48780583685696,-3249.884014666821,1.000584647462101,-92.60977993948678,229.94157508876685,11.58809174674997,-22.564856903762788,0.2541739010140517,-63.22349879147895,1.7936786744263669,-0.4968318115350719,0.0050943022273535,0.0887695378204028,0.00198,False,False,-226.253541367283,-3235.5806416483983,0.997982555058951,-93.71617033062394,229.34878191949372,-34.526577815808565,98.39321328589094,1.0431115712455556,109.60310414250102,7.373367275673274,0.3086130419915178,0.0035997108404511,-0.0436679435004615,0.00198,False,False
0.1,7.611234353469578e-13,2.294600380986729,-11.348830151786675,1.158247039998986,-22.625369814666733,-3.45284742098576,10,0.0,0.001,1010.2880210923388,-3109.3386757073267,1.005947884626654,-72.66039379597733,231.17816598688623,45.2494483182992,-65.02821525959618,0.7923159191375465,-55.69118713913005,5.60186636441767,-0.5701156920474232,0.0009238042143329,0.0450602798948822,0.002,False,False,896.3361015291648,-3125.8930207465214,1.000573474231135,-74.26759271896627,229.94157501478844,17.992806097735937,-17.879877537994695,0.2537261256472703,-45.20989732156159,1.7936430693485406,-0.4968318115350719,0.0006669017434908,0.1045658130288435,0.002,False,False,784.669527181991,-3147.136233754714,0.9980079030883142,-75.93896907768489,229.34878177897323,-63.24225441603542,82.90809279759068,1.0416570527225688,127.55372523857152,7.373375955068498,0.3086130419915178,-0.0109577489078558,-0.0932590482571878,0.002,False,False
0.101,101.02800777718932,4.52549570466428,89.63341645248221,1.7988700260406936,78.4668678879388,-6.324365730705,10,18.000000000000227,0.001,1921.6785376961448,-2644.960953143767,1.0059694003246384,-54.52439143091525,231.1781439268987,63.13071544807491,-47.862298968745286,0.7928871618269059,-37.95935626129767,5.601913465754072,-0.5701156920474232,0.0065696197591814,-0.2238211580698741,0.00202,False,False,1818.4201310008505,-2695.917911736416,1.0005565670687129,-56.58214219964743,229.94157040050828,22.63653359422629,-11.444960186005751,0.2533170834215549,-27.73991875525276,1.7935994073674757,-0.4968318115350719,-0.0033617731478801,-0.4240895943408958,0.00202,False,False,1718.7835528427229,-2750.628234444802,0.9979816489787376,-57.48538006032631,229.3487800888374,-85.76724904230144,59.30725915475077,1.0420978724098844,145.65155581302366,7.3733886364184436,0.3086130419915178,-0.0065674861717828,0.0044223418360672,0.00202,False,False
0.102,192.1665942351825,6.313367579002871,181.84169425390485,2.263434551533448,171.87820960551673,-8.57680213053632,10,36.00000000000023,0.001,2644.960953150753,-1921.676617370271,1.0059680330007157,-36.63998994292799,231.178064113356,74.83185086861985,-26.01105707805573,0.7917661350042825,-19.656854009504457,5.601955459810991,-0.5701156920474232,-0.0047000370318874,0.0783354649884615,0.00204,False,False,2562.5043083772007,-2002.0477223647215,1.0005709362384752,-38.5911733933482,229.94155141119543,25.06478358339669,-3.889901425435229,0.2537712138053377,-8.93137191752881,1.7935644805555713,-0.4968318115350719,0.0012289246610329,0.3850013614740916,0.00204,False,False,2484.650961856183,-2084.8696456707994,0.9980144486175064,-39.71936786070069,229.34877197940628,-99.89663445201666,29.900958503490635,1.043577308690759,163.55906258203433,7.373399790553647,0.3086130419915178,0.0082111023076841,-0.0881508236648698,0.00204,False,False
0.103,264.49449387149264,7.483197287506809,256.2500180777057,2.506472785849467,248.46490391845904,-9.989670073356264,10,54.00000000000023,0.001,3109.335568577697,-1010.2860019383784,1.005954226624253,-18.4696595958562,231.17791291270697,79.20741711217812,-1.6135940225989795,0.7914510965024202,-1.4970344623258591,5.601972247009233,-0.5701156920474232,-0.0078741627339375,0.2380753318206916,0.00206,False,False,3055.752546704048,-1112.203361950758,1.0005873014674729,-20.480722280088383,229.94151370536423,25.03989811431553,4.045871684150597,0.2540903904099799,8.350190211666604,1.7935517489884618,-0.4968318115350719,0.0044386958623306,-0.3333933895822346,0.00206,False,False,3007.3033420206057,-1215.0295865143275,0.99798204250662,-21.531660127184097,229.3487550329572,-104.24731522649364,-2.4322776615519506,1.042795217623782,-178.2406840062302,7.373404473699655,0.3086130419915178,0.0003835686693142,0.1120716955970493,0.00206,False,False
0.104,310.9317702663186,7.920468865773877,305.5747884145404,2.5041980639128627,300.7301141669764,-10.424666929686758,10,72.00000000000023,0.001,3269.346442568009,-0.0025137155833476,1.005959587987018,-0.870496260616589,231.17770395886376,75.82910401356233,22.941736281680637,0.7923960459035826,16.588520507981038,5.601953355356431,-0.5701156920474232,0.0016020481092937,0.3236142383671753,0.00208,False,False,3249.882344393452,-113.48903662901655,1.0005398568798711,-2.612178296157705,229.94146009185968,22.56431201539561,11.585670645746472,0.2536959372748052,26.83192220667218,1.7935661976072117,-0.4968318115350719,0.0004737310779909,0.1483931834788043,0.00208,False,False,3235.579870677421,-226.2540828338429,0.9979880332851532,-3.614017371706636,229.3487302072098,-98.39341602895784,-34.52740692742742,1.0430807127790578,-160.1017834497043,7.373400215294074,0.3086130419915178,0.0032445425169987,0.250951480064612,0.00208,False,False
0.105,326.93284740183225,7.582379200137319,324.9877603339054,2.256832936554182,323.5577608033137,-9.839212136691492,10,90.0,0.001,3109.3309078883067,1010.2802110016772,1.0059522079126542,17.045309651568363,231.1774729454744,65.02765462358622,45.251134845657646,0.7923872176139619,34.43262554281956,5.601901940709202,-0.5701156920474232,0.0015864765045041,0.1675401752748332,0.0021,False,False,3125.891005770001,896.3341211713587,1.0006022039648483,15.361986806713588,229.9413994557072,17.880314659806896,17.991561434281827,0.2536888288287275,44.6543250237263,1.7936024297168571,-0.4968318115350719,0.0003514066763594,-0.0286297237342761,0.0021,False,False,3147.1352891784804,784.66862098427,0.998011172391322,13.799419987087424,229.3487014695077,-82.90796928339293,-63.24269627993975,1.0425033926932148,-142.31392902378403,7.373387960582546,0.3086130419915178,-0.0025113275621856,0.0387524898197359,0.0021,False,False
0.106,310.9314595588225,6.502027887627192,312.58866502779546,1.788587396154448,314.71331857241194,-8.290615283781676,10,108.0,0.001,2644.952711939554,1921.668709477531,1.005955539929623,35.15288544812616,231.17726399217375,47.8604848613648,63.13067309683522,0.793097638544933,52.37403710068296,5.601833582330165,-0.5701156920474232,0.0087873591609503,0.1084451950397048,0.00212,False,False,2695.915749343939,1818.41759505383,1.000568704381302,32.99113742935688,229.9413433634983,11.446336729543953,22.63658745635238,0.2534316817912052,62.461824427816175,1.793646726915862,-0.4968318115350719,-0.0022827093984714,-0.2197265154824792,0.00212,False,False,2750.627208725112,1718.7823706190247,0.9980368213046706,32.13455403511437,229.34867428142735,-59.30682159090856,-85.76726055318781,1.041883039209198,-124.0372261071264,7.373371708388999,0.3086130419915178,-0.0086918783298199,0.3153390717510365,0.00212,False,False
0.107,264.4939652643326,4.785176725223018,269.59122056453265,1.145289408056232,275.0625470361257,-5.930466133279221,10,126.0,0.001,1921.668709487662,2644.950068863337,1.0059276587574006,53.15642920326584,231.17711279237997,26.00816700018648,74.83008367333258,0.7923121796280499,70.35976678980913,5.601770333237317,-0.5701156920474232,0.0010222177170336,0.0933015498199657,0.00214,False,False,2002.045624234359,2562.501465159948,1.0005604423028864,51.44832416964497,229.9413016452549,3.8920828299168746,25.06613096683023,0.2537385920727214,80.88891192350229,1.7936822884797898,-0.4968318115350719,0.0007361017706845,0.2095873723210791,0.00214,False,False,2084.868639212272,2484.6496193309654,0.9979896877954012,50.20594524726245,229.34865351264156,-29.90024983010304,-99.89621464016294,1.0416304181816065,-106.33847686961448,7.373356982859328,0.3086130419915178,-0.011197263561964,0.0139028290418136,0.00214,False,False
0.108,192.1660181518165,2.599896080255089,200.2043239021969,0.3898996512828936,208.4867436101732,-2.9897957315379173,10,144.0,0.001,1010.2792014539295,3109.3246936530363,1.0059478623320426,71.39729669511762,231.17703297960784,1.6099108123920791,79.20409795122244,0.7926840982084533,88.58454336162322,5.601732296839387,-0.5701156920474232,0.0047951951108836,0.3169387395378987,0.00216,False,False,1112.201533430132,3055.7496745627886,,,229.94127864038384,-4.04309879817859,25.0424073860872,0.2525501686657445,98.70070308051469,1.7936956480721415,-0.4968318115350719,-0.0111670256157756,0.0241064566918356,0.00216,False,False,1215.028697836084,3007.3019706096647,0.9979682802027005,68.49665842766652,229.34864158086936,2.43318798578694,-104.24650533730964,1.042597276558066,-88.57561819881315,7.3733487232111505,0.3086130419915178,-0.0015169988908932,-0.223472935485004,0.00216,False,False
0.109,101.027603957265,0.1601117181752946,111.22005399402852,-0.4036505515854496,121.5028147747234,0.2435388334101711,10,162.0,0.001,-0.0025136962352974,3269.336641517973,1.005954743807057,89.62249475886347,231.17701091996952,-22.945852128845324,75.82455769706831,0.7923262905058144,106.30826681594114,5.601729947023007,-0.5701156920474232,0.0012204412266874,0.0394591499347836,0.00218,False,False,113.48765663757536,3249.8797244520165,1.0005743351625191,87.53349950948754,229.9412715413808,-11.58257760416472,22.5677377737168,0.2536258633062672,116.80804186281183,1.7936818170731146,-0.4968318115350719,-0.0003905192241437,0.1341621252621159,0.00218,False,False,226.25339892578057,3235.5786046239896,0.9979772761699652,86.459466477719,229.3486375283925,34.5284297330105,-98.39229547078496,1.0446333419025118,-70.4713238282356,7.373349397606793,0.3086130419915178,0.0188427008140988,-0.1194230678115449,0.00218,False,False
0.11,-7.210820059936806e-13,-2.295337236515408,11.348815184328046,-1.157695022930317,22.62535557046049,3.4530322594457226,10,180.0,0.001,-1010.2829732289548,3109.3231401033254,1.0059737341552992,107.15140395023614,231.17701091996952,-45.25528046079764,65.0223261077849,0.7916800538557259,124.16375526931988,5.601760126090985,-0.5701156920474232,-0.0052846049214319,-0.1060923889294767,0.0022,False,False,-896.3349176494875,3125.888894413545,1.0005393809727268,105.63226725601668,229.94127146747329,-17.9884509602429,17.88432173387557,0.2532171345939866,135.02847187590962,1.7936461911840889,-0.4968318115350719,-0.004427423731518,0.3567895725857196,0.0022,False,False,-784.669033176647,3147.1342524125644,0.998015415221532,104.3887712609904,229.3486373878725,63.24373142104088,-82.90664784166023,1.0427449352757336,-52.46625928522209,7.373358061425546,0.3086130419915178,-5.361794366406335e-05,-0.1145703690798006,0.0022,False,False
0.111,-101.02750300313832,-4.52607910718958,-89.63329825038451,-1.7984340576540092,-78.466818487732,6.324513164843657,10,198.0,0.001,-1921.6689361416836,2644.947737777188,1.0059429517917935,125.52301986070282,231.1769888603164,-63.13444267117511,47.85489569988542,0.7929569646896638,142.1716855960441,5.601807250275043,-0.5701156920474232,0.0074178597577369,-0.0988745749731205,0.00222,False,False,-1818.4177301733343,2695.914353129313,1.0005514933411157,123.52066943948805,229.94126685761933,-22.633764042041197,11.450532972146288,0.2535923850468066,152.54311589581198,1.7936024922721956,-0.4968318115350719,-0.000613119609457,-0.1271985304630364,0.00222,False,False,-1718.7824707476816,2750.62650273237,0.9979932540309806,122.50385470236692,229.3486356977431,85.76820671321654,-59.30542867203135,1.04247399632824,-34.34967242555448,7.373370719275697,0.3086130419915178,-0.0027809083219561,0.0018675505652276,0.00222,False,False
0.112,-192.16563409949347,-6.313740409966818,-181.8414544771884,-2.2631573342854554,-171.8781013965816,8.576897744252276,10,216.0,0.001,-2644.947737784932,1921.667015844182,1.0059395300709135,143.59218484979425,231.1769090479963,-74.83310818241654,26.002864294496813,0.7925250745152586,160.16268434344738,5.601849262412937,-0.5701156920474232,0.0030395438784898,-0.1082215330633184,0.00224,False,False,-2562.5009258226773,2002.045079682372,1.000554929255837,141.2119712510708,229.94124788652505,-25.063871065928872,3.896057494444213,0.2545543422668991,170.70084261925263,1.793567529826409,-0.4968318115350719,0.0090558969564724,0.0310732297420839,0.00224,False,False,-2484.64939759486,2084.8683330999093,0.997973297721082,140.2916289917181,229.34862758834305,99.89697924834547,-29.89892178894062,1.0431048389649882,-16.268377575936388,7.373381852001684,0.3086130419915178,0.0035117739934499,0.0830825830784537,0.00224,False,False
0.113,-264.4931723603331,-7.483323037381321,-256.2496802185197,-2.5063814902498107,-248.4647474930887,9.989704527631142,10,234.0,0.001,-3109.3200330220866,1010.2809541044104,,,231.17675784968725,-79.206081280783,1.6054136581065377,0.7914173126970944,178.2062519377788,5.601866057338231,-0.5701156920474232,-0.0080618259142816,-0.0647336278710638,0.00226,False,False,-3055.7485136873347,1112.2018936766617,1.000579028000919,159.42481061873931,229.941210216876,-25.040932344884386,-4.039734852020111,0.2535232951075773,-171.35888178572395,1.7935547808412526,-0.4968318115350719,-0.0012365448490305,-0.0286078669057731,0.00226,False,False,-3007.30144871412,1215.028821568188,0.9979913761606946,158.57439304793277,229.34861064195945,104.24701362566734,2.434321193913989,1.0435231344181273,1.4937920916742191,7.373386525045737,0.3086130419915178,0.0076881198425636,-0.1547786175370605,0.00226,False,False
0.114,-310.9302167394404,-7.920335209263525,-305.57438556059066,-2.504301665501224,-300.7299248372103,10.42463687476476,10,252.0,0.001,-3269.330107556329,0.0025136758844865,1.0059322001125242,179.20037480629136,231.17654889911088,-75.82530563408511,-22.949103457619024,0.7919241783981457,-163.6797195317928,5.601847161432969,-0.5701156920474232,-0.002966446058272,0.0492788198634074,0.00228,False,False,-3249.878055781486,113.48888624876663,1.0005649575772304,177.4650206213894,229.9411566548281,-22.567192151307157,-11.58015381147026,0.2540635445624966,-153.0944555361393,1.7935692402181305,-0.4968318115350719,0.0041455010532778,0.2358728998540845,0.00228,False,False,-3235.5778336560006,226.25394039025448,0.9979753165124378,176.0374934852355,229.34858581630905,98.3924977853921,34.52925726908967,1.0426002846952689,19.397970547957197,7.3733822727440925,0.3086130419915178,-0.0015343637233646,-0.250620932857616,0.00228,False,False
0.115,-326.93121392983056,-7.581999204234465,-324.9873319280647,-2.2571213335041405,-323.5575571020896,9.839120537738564,10,270.0,0.001,-3109.3153724058056,-1010.275163259164,1.0059390585278951,-163.02746802203885,231.1763178893697,-65.02176535836281,-45.25696761458876,0.7916124557809481,-145.72106377937592,5.601795733506322,-0.5701156920474232,-0.0060109421589012,0.0077553711610907,0.0023,False,False,-3125.8868813709623,-896.3329391920281,1.0005609526765489,-165.0180691906222,229.94109607688335,-17.884759134881612,-17.9872047889342,0.2537101865101082,-135.41304059721492,1.7936055104618025,-0.4968318115350719,0.0005606266588821,-0.0821376202054232,0.0023,False,False,-3147.133307840025,-784.6681269824334,0.9979726958212992,-165.71064585440877,229.3485570787205,82.9065244932441,63.24417240352327,1.043785003782166,37.64592988391496,7.373370039051159,0.3086130419915178,0.0103301282000718,-0.0027149579315955,0.0023,False,False
0.116,-310.92990603734245,-6.501438734112414,-312.5882530063057,-1.789032394252924,-314.7131204394292,8.29047112836535,10,288.0,0.001,-2644.9394967030403,-1921.6591080763276,1.005950857031133,-144.86715153783376,231.17610893940184,-47.85308107166749,-63.13440039592956,0.7921535189486992,-127.95078694878949,5.601727359219266,-0.5701156920474232,-0.0005036146373176,-0.2224745656186331,0.00232,False,False,-2695.91219281261,-1818.415196660135,1.0005727297086142,-146.44618400437787,229.94104003853045,-11.45191078040286,-22.633817727256805,0.2536399563157573,-117.55366647574846,1.793649861919811,-0.4968318115350719,-0.0002043977180525,-0.2213586524418864,0.00232,False,False,-2750.625477016729,-1718.781288528593,0.9980018575050572,-147.96536835292426,229.34852989074852,59.30499185207006,85.7682181231866,1.0422740918644529,55.65275593996165,7.373353815802076,0.3086130419915178,-0.0047560478381802,0.0039949308032143,0.00232,False,False
0.117,-264.4926437623558,-4.78443607250574,-269.59086525190287,-1.145847477018726,-275.0623738660075,5.930283549524436,10,306.0,0.001,-1921.6591080874928,-2644.9368536686457,1.0059578976089365,-126.91172001075935,231.1759577420435,-25.999973339774392,-74.8313405058766,0.7927548246181255,-109.74223798843478,5.601664098986758,-0.5701156920474232,0.0055989055357171,-0.0147992885458503,0.00234,False,False,-2002.0429835664324,-2562.4980853345587,1.0005704962214348,-128.32137831536318,229.9409983603496,-3.898241025021485,-25.0652196201976,0.2532505159071393,-99.27509335339808,1.7936854764672363,-0.4968318115350719,-0.0041491683802197,0.0594428347628794,0.00234,False,False,-2084.867326645387,-2484.64805507492,0.997991233778744,-129.5728193598316,229.3485091220462,29.898214364795532,99.89656012607432,1.0433725853419893,73.57256406113588,7.373339117125173,0.3086130419915178,0.0062496740054084,-0.0763821338220888,0.00234,False,False
0.118,-192.1650580261349,-2.599076420541659,-200.2040600646489,-0.3905161829435553,-208.48661235398876,2.989592603485192,10,324.0,0.001,-1010.2741537291836,-3109.309158269841,1.0059173968640005,-108.68834815819604,231.17587793056964,-1.6017293012065092,-79.20276112903551,0.7918736239481501,-91.81652813080404,5.601626061786615,-0.5701156920474232,-0.0031593084397204,-0.0902292294565628,0.00236,False,False,-1112.2000669118954,-3055.745644303407,1.000573789086502,-110.6360019515518,229.94097537757452,4.036959186970946,-25.04344402013838,0.2534030395712431,-81.23723590155322,1.793698870863047,-0.4968318115350719,-0.0026428742753973,0.1000309156767811,0.00236,False,False,-1215.0279328935126,-3007.3000773086164,0.9980084846450754,-111.4726573014122,229.34849719032272,-2.4352298857647594,104.2462051491739,1.042326234571696,91.48733614765048,7.373330873018033,0.3086130419915178,-0.0042021747693987,-0.1618440949897408,0.00236,False,False
0.119,-101.02709919022682,-0.1592932822085209,-111.21990743772812,0.4030358997522102,-121.50273828070004,-0.2437426175437198,10,342.0,0.001,0.0025136545566084,-3269.3203066629467,1.0059502076712898,-90.37324453768588,231.1758558712936,22.953220608844173,-75.82075791475532,0.7923634272451161,-73.81843122023062,5.601623723120914,-0.5701156920474232,0.0017420319026926,-0.0933357688167916,0.00238,False,False,-113.4875075826816,-3249.875438355652,1.0005737093089209,-92.51622760923284,229.94096828539136,11.577057610048051,-22.57062131007357,0.2527838143555882,-63.34618483029734,1.7936850465300735,-0.4968318115350719,-0.0088155758727639,-0.0061981759387122,0.00238,False,False,-226.25325648496045,-3235.57656760763,0.9980112541698936,-93.40411820260954,229.34849313786236,-34.530278218892505,98.3913792248288,1.042476685025321,109.52048500012808,7.373331546742692,0.3086130419915178,-0.0026986230236965,-0.1289393339420243,0.00238,False,False
0.12,-4.804491173769871e-13,2.296074332686659,-11.348800231266855,1.1571424218304132,-22.625341326316114,-3.453216754517072,10,0.0,0.001,1010.2779254415098,-3109.30760474589,1.005934729153859,-72.7287326427645,231.1758558712936,45.26111456341857,-65.01643516537109,0.7923856888249643,-55.45905109697797,5.601653922341065,-0.5701156920474232,0.0019219395544657,0.2650040405345567,0.0024,False,False,896.3337349051286,-3125.8847720420663,1.000556604467373,-74.86455501129828,229.9409682115549,17.98409108366743,-17.88877027319944,0.2544061802737015,-45.2741687252664,1.7936493999566223,-0.4968318115350719,0.007458495175995,0.0680179884640575,0.0024,False,False,784.6685391731297,-3147.132271078285,0.997960334290674,-75.64487757331018,229.34849299734304,-63.24520564708621,82.90520543857039,1.0437996486063768,127.87729412476064,7.37334019497059,0.3086130419915178,0.0105187823456781,0.2276583032082908,0.0024,False,False
0.121,101.02699823793353,4.526662704712886,89.63318016198724,1.7979976161808606,78.46676908774056,-6.324660320893779,10,18.0,0.001,1921.6593347371515,-2644.934522621148,1.005953410703868,-54.62416229405677,231.17583381200973,63.13817120309806,-47.84749012301231,0.7916885490548732,-37.61871136576721,5.601701069292917,-0.5701156920474232,-0.0051161340051799,0.1046310633340293,0.00242,False,False,1818.4153316499371,-2695.9107979389228,1.0005802104379833,-56.71639875417503,229.9409636061312,22.6309913265734,-11.45611135306591,0.2536576609905072,-27.60641179839264,1.7936056642379423,-0.4968318115350719,3.5153990570232685e-05,-0.2628553587168014,0.00242,False,False,1718.7813886568456,-2750.624771026848,0.9979815572078036,-57.85862094878055,229.34849130722063,-85.76916252967163,59.30360147607804,1.0429352204978488,145.55526609025551,7.373352829301849,0.3086130419915178,0.0018566336177809,-0.0945184268162438,0.00242,False,False
0.122,192.1646739807885,6.314113371262607,181.841214931169,2.262879801150288,171.87799318812793,-8.576993172412909,10,36.0,0.001,2644.934522629647,-1921.65741447106,1.0059604488180147,-37.0642276232784,231.1757540010383,74.8343660264521,-25.994668911864103,0.7926076088113295,-20.07159448998132,5.6017430994371935,-0.5701156920474232,0.0040150239593184,-0.3485978424807113,0.00244,False,False,2562.4975465157263,-2002.042439537364,1.00057719006042,-38.53095107499361,229.94094465327217,25.06295726993905,-3.90221986156904,0.2531417747959067,-9.541969153566498,1.7935706662448718,-0.4968318115350719,-0.0050742133189783,-0.1978667587425887,0.00244,False,False,2484.647833339752,-2084.8670205342623,0.997984625079234,-39.81790888154274,229.3484831978548,-99.89732329639126,29.896888773432917,1.043959671376137,163.565873277909,7.373363940602259,0.3086130419915178,0.0120854286489277,-0.0839909387865309,0.00244,False,False
0.123,264.49185087275634,7.483448840246748,256.2493426844577,2.5062900668152737,248.4645910684163,-9.989738907062025,10,54.0,0.001,3109.3044977179457,-1010.275906349574,1.0059445846148416,-18.76154163607151,231.175602805308,79.20474515006256,-1.597230658042874,0.7923119479494326,-1.3765036677490026,5.601759902058171,-0.5701156920474232,0.0010346528458804,0.3464132819551682,0.00246,False,False,3055.744484543899,-1112.2004268119804,1.0005636346410445,-20.882588484910368,229.9409070198386,25.0419673060867,4.033591635055936,0.2539002446396873,8.657277205092782,1.7935578998704065,-0.4968318115350719,0.0025285394987394,0.0014230970719964,0.00246,False,False,3007.299555415284,-1215.0280566250765,0.9980049798189434,-21.747248251135364,229.34846625154344,-104.24671245614933,-2.43636097701332,1.0419493574799763,-178.47428102184378,7.37336860353712,0.3086130419915178,-0.0080243046983991,-0.1241760825058019,0.00246,False,False
0.124,310.92866324053074,7.920201523308416,305.57398309438287,2.504405339744717,300.7297355082962,-10.424606863053146,10,72.0,0.001,3269.313772812931,-0.0025136322199159,1.0059709166435375,-0.6056855037095291,231.17539385832828,75.82150615594205,22.95647304778281,0.7923082927738208,16.418474915901403,5.601741001933745,-0.5701156920474232,0.0010248299020551,0.1413757639544941,0.00248,False,False,3249.873771289439,-113.48873601182096,1.0005746831640234,-2.64844600251569,229.94085350929493,22.570074954733588,11.574631130510747,0.2538649423664865,26.443595711138848,1.793572369977973,-0.4968318115350719,0.0021550529443605,-0.21220394101496,0.00248,False,False,3235.5757966429333,-226.253797947136,0.9979890664559444,-3.8650485128726,229.34844142599985,-98.39158111067556,-34.531104178293816,1.042471228258813,-160.13382932549692,7.373364357344219,0.3086130419915178,-0.0027995918864424,0.2162548426962889,0.00248,False,False
0.125,326.92958048749466,7.581619099425862,324.98690393463704,2.257409996411789,323.55735340179007,-9.839029095837612,10,90.0,0.001,3109.299837182136,1010.27011560492,,,231.17516285260004,65.01587430351178,45.26280234050142,0.7919833662154064,34.422250966353864,5.601689560822407,-0.5701156920474232,-0.0021516869647703,0.14497251033427,0.0025,False,False,3125.8827609352065,896.3317583497669,1.00058603724295,15.37032647743769,229.9407929896117,17.88920795255816,17.98284340701681,0.2539658596944714,45.00257349281109,1.7936086782951823,-0.4968318115350719,0.0031128785095853,0.347348644901704,0.0025,False,False,3147.1313265098115,784.6676329827803,0.9980138657594476,14.19028365735462,229.34841268853603,-82.90508225606979,-63.24564574751845,1.0438624509269714,-142.3807068046796,7.373352144685039,0.3086130419915178,0.0111299061033823,-0.030675942331994,0.0025,False,False
0.126,310.9283525443209,6.500849402974699,312.58784138153044,1.7894778255097612,314.7129223073532,-8.290327228484436,10,108.0,0.001,2644.926281690079,1921.6495068405716,1.0059474760219014,35.39992945485496,231.1749539062949,47.84567497722431,63.138129003858765,0.7927533319628003,52.22054347668434,5.601621170756775,-0.5701156920474232,0.005644688667517,-0.0572419751565297,0.00252,False,False,2695.9086396999096,1818.4128005728053,1.0005400094568728,33.4260959951762,229.94073700516452,11.45749042332852,22.63104483480969,0.2545000987058764,62.718012542043056,1.7936530839544071,-0.4968318115350719,0.0083924695381136,0.0641935785525275,0.00252,False,False,2750.6237453156573,1718.780206442833,0.9979924874141748,32.21984017409017,229.3483855006833,-59.303165400552565,-85.76917383866859,1.0434505795998708,-124.32745585626417,7.373335950400284,0.3086130419915178,0.0070340950095096,0.0224590063259353,0.00252,False,False
0.127,264.49132228479647,4.783695190901586,269.5905102814506,1.1464061038861062,275.062200696689,-5.93010129478768,10,126.0,0.001,1921.6495068527772,2644.923638701675,1.0059334520280965,53.14686709153213,231.17480271161077,25.99177708552852,74.83259787182332,0.7923855532373183,70.38348618799917,5.60155789950877,-0.5701156920474232,0.0020563804697328,0.1048267054288358,0.00254,False,False,2002.04034543771,2562.494708759262,1.0005665304966296,51.554995917861945,229.9406953670833,3.9044055139240585,25.06430699239923,0.2529405182001546,80.37210145548771,1.793688751464971,-0.4968318115350719,-0.00725377699628,-0.2794871759661745,0.00254,False,False,2084.8660140841425,2484.646490825619,0.997988896734786,50.13381176125728,229.34836473207255,-29.896182599452292,-99.89690486422262,1.0424706902306364,-106.05160936997729,7.373321278593296,0.3086130419915178,-0.0027440496144045,0.2981206014673144,0.00254,False,False
0.128,192.16409791834707,2.598256503125016,200.2037964812346,0.3911333426095192,208.4864810984176,-2.989389845734451,10,144.0,0.001,1010.2691060943074,3109.2936231552867,1.005974734789633,71.29682275256481,231.1747229015612,1.5935451611494988,79.20142401352928,0.7930174210888217,88.48391762658765,5.601519861587333,-0.5701156920474232,0.0084288527291476,0.2041179310350813,0.00256,False,False,1112.1986018046978,3055.74161791985,1.0005772678458495,69.22146455949904,229.94067240642477,-4.030813196430701,25.044481379863,0.2531897234366056,98.83915605992104,1.7937021807017244,-0.4968318115350719,-0.0047807164405188,0.1903007531546907,0.00256,False,False,1215.0271679543184,3007.2981840157563,0.9979732026266024,68.71668479185604,229.3483528004023,2.437268035281507,-104.24590539339223,1.042333952784203,-88.1502842372119,7.373313050035204,0.3086130419915178,-0.0040997871402873,0.1992120744906839,0.00256,False,False
0.129,101.02659443267692,0.1584745849627544,111.21976102262153,-0.4024206112983641,121.5026617870382,0.2439460263356823,10,162.0,0.001,-0.0025136089039676,3269.3039720916768,1.005964340435515,89.16276761377728,231.17470084268237,-22.96059149556459,75.8169570420369,0.7927030378344146,106.42068490479195,5.601517534088536,-0.5701156920474232,0.005288311765443,0.1396813554570016,0.00258,False,False,113.4873586723198,3249.871156381532,1.0005609805022952,87.27328680728095,229.9406653210677,-11.571531775393828,22.57350750715423,0.2537275929472667,116.8201581071642,1.793688363128469,-0.4968318115350719,0.000617519665589,0.1740255829629812,0.00258,False,False,226.25311404487903,3235.57453060012,0.997988536583184,86.42826383076422,229.3483487479601,34.53212327095875,-98.390464549191,1.0418237315633023,-70.47500997233386,7.373313723084858,0.3086130419915178,-0.0092029511852426,-0.1257573402842509,0.00258,False,False
0.13,-6.410003477250355e-13,-2.2968116681514146,11.34878529261178,-1.1565892377992206,22.625327082236925,3.453400905950702,10,180.0,0.001,-1010.2728777379745,3109.2920696595493,1.0059465672199523,107.51578025869232,231.1747008426823,-45.2669506154478,65.010542443036,0.7925089618370257,124.38615834737442,5.601547753415647,-0.5701156920474232,0.0033048152093068,0.1041141643847304,0.0026,False,False,-896.3325532971322,3125.8806536357456,1.0005786314329612,105.45516969732256,229.9406652473024,-17.979726476711285,17.893223147167834,0.2534661675115487,134.92737119655706,1.793652695997327,-0.4968318115350719,-0.0019462937509984,0.2834413530802683,0.0026,False,False,-784.6680451716384,3147.1302897526525,0.9979812031777302,104.42405074909914,229.3483486074414,63.246677092159416,-82.90376559020358,1.0431212159692846,-52.21822001529471,7.373322355707535,0.3086130419915178,0.0037596845025097,0.1308214863259248,0.0026,False,False
0.131,-101.02649348237638,-4.527246496162812,-89.6330621874009,-1.7975607024917628,-78.46671968798732,6.324807198654657,10,198.0,0.001,-1921.649733497712,2644.921307696513,1.0059193386095828,125.52860712267208,231.17467878380253,-63.14190103695452,47.84008225159542,0.7925024267923946,142.50532616789394,5.601594923055385,-0.5701156920474232,0.0031727568187456,0.2225690821768026,0.00262,False,False,-1818.412935432786,2695.907246168401,1.0005785345088407,123.6639704533119,229.940660646313,-22.62821545338072,11.461695317707516,0.2543456008682212,152.7645098851727,1.793608923595911,-0.4968318115350719,0.0069099433394661,0.1219516147026868,0.00262,False,False,-1718.7803065706476,2750.6230393289097,0.998000241390144,121.7938163172339,229.3483469173268,85.7701164903355,-59.30177756930259,1.0424837486380505,-34.30172936141738,7.37333496650083,0.3086130419915178,-0.0026328231647405,0.0471636893535916,0.00262,False,False
0.132,-192.163713880582,-6.314486462201125,-181.8409756160576,-2.262601952684076,-171.8778849801954,8.577088414885198,10,216.0,0.001,-2644.921307705768,1921.6478132660625,1.0059180760695334,143.1494293894492,231.17459897430587,-74.83562439833652,25.9864709450968,0.7926426018993444,160.22583852798948,5.601636971131413,-0.5701156920474232,0.0045150429288543,-0.0572644147841581,0.00264,False,False,-2562.494170459351,2002.0398019320428,1.0005792084496534,141.66998746024342,229.9406417117062,-25.06204219729679,3.908388514576125,0.2528427947073498,170.48376451563988,1.7935738901421867,-0.4968318115350719,-0.0080685734838537,-0.158246881590597,0.00264,False,False,-2484.646269091484,2084.865707974369,0.997991735060537,140.10147838092624,229.34833880799857,99.89766659563344,-29.894859459672503,1.0425338603143426,-16.461431121595492,7.37334605635932,0.3086130419915178,-0.0021473898301012,-0.1126176528928315,0.00264,False,False
0.133,-264.49052941085057,-7.483574695864066,-256.2490054758211,-2.506198515732874,-248.46443464450496,9.989773211596946,10,234.0,0.001,-3109.2889626898104,1010.2708586818346,1.00593530261061,161.3305603893784,231.1744477813931,-79.20340872236014,1.5890450373545968,0.7908291327437321,178.06924465739655,5.601653781416688,-0.5701156920474232,-0.0136434219606913,-0.2139379916954358,0.00266,False,False,-3055.7404592773246,1112.1989613580158,1.0005647743601014,159.68691941007722,229.94060411452176,-25.043002995920453,-4.027442045470727,0.2540863566978886,-171.58884665115104,1.7935611064071753,-0.4968318115350719,0.0043851253529644,-0.2308143621540253,0.00266,False,False,-3007.29766212485,1215.027291685284,0.9979995315905856,158.14164589186132,229.34832186176624,104.2464117182806,2.438397008116564,1.0431605729420657,1.838761421183412,7.373350709177769,0.3086130419915178,0.0041131563681753,0.1875440701913432,0.00266,False,False
0.134,-310.92710977204337,-7.920067808142964,-305.5735810162752,-2.504509086442993,-300.7295461803099,10.424576894585948,10,252.0,0.001,-3269.297438363612,0.0025135845823456,1.0059381428013778,179.29462986667957,231.17423883834024,-75.8177055859806,-22.963845038681093,0.7918572895647599,-163.7054750646654,5.601634877106412,-0.5701156920474232,-0.0033351190184352,0.0113261656108344,0.00268,False,False,-3249.8694909211235,113.48858591830856,1.0005665647709094,177.2189262184861,229.94055065552988,-22.572960419996832,-11.569102613864152,0.2539681181547973,-153.46932642318217,1.7935755872179764,-0.4968318115350719,0.003182260963023,-0.1112397400538804,0.00268,False,False,-3235.5737596390263,226.2536555045317,0.9980209449551348,176.07639673593053,229.3482970363393,98.39066600597728,34.53294765254565,1.042495617380724,19.97142316173203,7.37334646909842,0.3086130419915178,-0.0025304028675182,0.320185040057856,0.00268,False,False
0.135,-326.9279470774039,-7.581238886396379,-324.9864763540027,-2.257698924708854,-323.5571497024961,9.83893781110522,10,270.0,0.001,-3109.284302241831,-1010.2650680469242,,,231.1740078369898,-65.00998146971466,-45.26863901268108,0.7923764301624514,-145.7363305283596,5.601583422905114,-0.5701156920474232,0.0019290541877971,-0.0197087048741025,0.0027,False,False,-3125.8786444664,-896.3305786456312,1.0005858599076327,-164.34764252513233,229.94049019416207,-17.893661104037918,-17.978477297232928,0.2531822984871249,-135.1048407301665,1.7936119335481675,-0.4968318115350719,-0.0047273371867999,0.253821018380236,0.0027,False,False,-3147.1293451886218,-784.6671389855189,0.9979832592301198,-165.5884374283192,229.3482682990116,82.90364257375232,63.24711630991435,1.0432859435642423,37.53419322413468,7.373334277488141,0.3086130419915178,0.0053901005082679,-0.1170981481462457,0.0027,False,False
0.136,-310.92679908221163,-6.500259895282335,-312.5874301538358,-1.7899236890446746,-314.7127241762628,8.29018358432699,10,288.0,0.001,-2644.9130669215383,-1921.639905785434,1.0059224402219955,-144.8223257951454,231.1737988946774,-47.83826659150511,-63.14185891373347,0.7922544333774615,-127.58722694239546,5.601515017190321,-0.5701156920474232,0.0008058266275022,0.1288876576268138,0.00272,False,False,-2695.905090008997,-1818.410406793978,1.000589112212367,-146.38350841172812,229.94043426367028,-11.463075647262883,-22.628268784569208,0.2540201279832305,-117.11297811625694,1.793656393350717,-0.4968318115350719,0.0035880821185104,0.2470905508169601,0.00272,False,False,-2750.622013622578,-1718.7791243621843,0.9979758679245,-147.5822471287655,229.34824111128867,59.30134223876762,85.77012769830291,1.0429349077401575,55.58169128156179,7.373318112187563,0.3086130419915178,0.0019026034547378,-0.0697159227824204,0.00272,False,False
0.137,-264.4900008337428,-4.78295408175777,-269.5901556534923,-1.1469652875518055,-275.0620275282401,5.929919369309572,10,306.0,0.001,-1921.6399057986769,-2644.910423983303,1.0059438154560192,-126.5161410829662,231.1736477029063,-25.983578252388835,-74.8338557687832,0.7931724285862696,-109.62230942708948,5.60145173505095,-0.5701156920474232,0.0100752731753366,0.0929307962451333,0.00274,False,False,-2002.0377098505369,-2562.4913354370683,1.0005852538273368,-128.50979250631752,229.94039266572577,-3.9105762843890983,-25.0633930853038,0.2536339611244609,-99.60941372846293,1.793692113803928,-0.4968318115350719,-0.000324102818571,-0.247112767727286,0.00274,False,False,-2084.8647015290526,-2484.6449265836923,0.9980140838007264,-129.5262461958525,229.3482203427782,29.894154536777528,99.89724885408712,1.0430323795248124,73.49651424366387,7.373303467267622,0.3086130419915178,0.0028980323456862,-0.1550775569396904,0.00274,False,False
0.138,-192.16313782996556,-2.5974363294992435,-200.2035331521845,-0.3917511290563846,-208.4863498435079,2.989187458555635,10,324.0,0.001,-1010.264058557269,-3109.2780883339137,1.0059357009571968,-108.30505871749985,231.173567894407,-1.5853584071685338,-79.20008660704795,0.7918025113307565,-91.6279574964206,5.601413696489073,-0.5701156920474232,-0.0035701047296929,0.0861421014963481,0.00276,False,False,-1112.197138109838,-3055.737595415704,1.0005604785761644,-110.67583474563156,229.9403697272041,4.024660838772999,-25.045519463256944,0.2537019475164864,-81.55327935304325,1.793705577918984,-0.4968318115350719,0.0003367199675668,-0.1882423780975699,0.00276,False,False,-1215.0264030187982,-3007.296290731844,0.9980022812562728,-112.13311780860366,229.34820841116576,-2.4393024316048595,104.24560607030487,1.0427381623356484,91.74165025629318,7.373295254266583,0.3086130419915178,-3.252460849775847e-05,0.0898251841820188,0.00276,False,False
0.139,-101.02608968540794,-0.1576556279330006,-111.21961474883436,0.4018046874463793,-121.50258529376376,-0.2441490595134319,10,342.0,0.001,0.0025135592850773,-3269.2876378299648,1.0059168484424237,-90.42806935369764,231.1735458359601,22.967964775514712,-75.8131550857617,0.792163402712726,-73.91773787623829,5.601411380173322,-0.5701156920474232,4.208485515127906e-05,-0.2048425337883204,0.00278,False,False,-113.48720990661286,-3249.8668785334667,1.0005589035987437,-92.47485597425444,229.9403626486795,11.566000111201484,-22.576396359277616,0.2531194171887299,-63.390488439581326,1.793691767199031,-0.4968318115350719,-0.0054690520025347,-0.0227257420588309,0.00278,False,False,-226.25297160558432,-3235.5724936022743,0.99798662453729,-93.64982932779864,229.34820435874357,-34.53396488671659,98.38955144503916,1.0434032353601834,109.54088403270492,7.373295926637211,0.3086130419915178,0.0066172547611926,-0.1111843069800916,0.00278,False,False
0.14,1.7624386068883644e-12,2.297549241560302,-11.348770368378398,1.1560354719371233,-22.625312838230837,-3.453584713497456,10,4.547473508864641e-13,0.001,1010.2678301263268,-3109.2765348688417,1.005937678854716,-72.48762026580023,231.1735458359601,45.27278860616988,-65.00464795146239,0.7916443133376319,-55.65709122516032,5.601441619562106,-0.5701156920474232,-0.005191573849526,0.054763165786644,0.0028,False,False,896.3313728265588,-3125.876539198244,1.0005790232858864,-74.21018323726634,229.94036257498524,17.97535714808089,-17.897680346978312,0.2535705491634897,-45.518982459115335,1.7936560796368914,-0.4968318115350719,-0.0009072624205507,-0.1490144633141763,0.0028,False,False,784.6675511723744,-3147.1283084364577,0.9979892444118862,-75.91449398501025,229.34820421822545,-63.24814575425113,82.90232829844044,1.0423613450473137,127.71039044065616,7.373304543640318,0.3086130419915178,-0.0038138346501672,0.0581113278490116,0.0028,False,False
0.141,101.02598873726184,4.527830480467523,89.63294432672792,1.7971233174579688,78.46667028848957,-6.324953797925543,10,18.000000000000455,0.001,1921.6401324385367,-2644.908093024153,1.0059547855869826,-54.60941879321414,231.1735237775193,63.14563216585436,-47.83267209910593,0.7920518350137119,-37.74730860938018,5.6014888118097526,-0.5701156920474232,-0.0011830970053876,-0.0361673141496048,0.00282,False,False,1818.4105415240235,-2695.9036978209024,1.0005433922100118,-56.4116254424519,229.94035797843435,22.62543642802421,-11.46728485500878,0.2540707147689137,-27.25669725426177,1.7936122706768018,-0.4968318115350719,0.004156348859201,0.1146441597683923,0.00282,False,False,1718.779224489523,-2750.621307639247,0.997981840877686,-57.706165585125646,229.3482025281193,-85.77106859387885,59.299956954114336,1.0425116857067938,145.867576825602,7.373317130876607,0.3086130419915178,-0.0023282290956368,0.2151495067812008,0.00282,False,False
0.142,192.1627538003881,6.314859682093216,181.84073653206477,2.262323789442996,171.87777677282483,-8.577183471536259,10,36.000000000000455,0.001,2644.9080930341684,-1921.6382122443529,1.005980831022869,-36.89752637138698,231.1734439696233,74.83688329567937,-25.97827040913601,0.7929178665540951,-20.015615861947182,5.601530877742854,-0.5701156920474232,0.0074177281853398,-0.3048204985777252,0.00284,False,False,2562.4907976565573,-2002.037166868749,1.0005770202387816,-38.59926732022249,229.94033906209657,25.06112584987298,-3.9145634412259622,0.2541691772714543,-9.584442206967262,1.7935772018490796,-0.4968318115350719,0.0051905686963884,-0.2125530019004848,0.00284,False,False,2484.6447048506743,-2084.864395420753,0.9979933213238644,-39.64464337775883,229.3481944188316,-99.89800914555256,29.89283385036153,1.042563259143369,163.28787417372828,7.373328199276845,0.3086130419915178,-0.0018281478116159,-0.3646326095311794,0.00284,False,False
0.143,264.489207976701,7.483700603994191,256.2486685929077,2.50610683718973,248.46427822141484,-9.989807441183956,10,54.000000000000455,0.001,3109.2734279622155,-1010.2658111091638,1.0059144781452058,-19.02018649798135,231.17329277976685,79.20207200001923,-1.5808568109902863,0.7926726762709438,-1.9776245706620137,5.601547695661033,-0.5701156920474232,0.0049420412258464,-0.2669089219976278,0.00286,False,False,3055.7364378911893,-1112.197497316065,1.0006071770516876,-20.649228782699147,229.9403015011945,25.04403941238296,4.02128609548315,0.2531191507789347,8.144663910790003,1.7935644007823042,-0.4968318115350719,-0.0052915927865604,-0.4834030085985625,0.00286,False,False,3007.2957688435663,-1215.0265267491195,0.9980008376022969,-21.999526113342384,229.34817747268505,-104.24611141240229,-2.4404292844933564,1.0425070102872014,-178.1985304134753,7.373332841971668,0.3086130419915178,-0.0023972021352776,0.1489320078544323,0.00286,False,False
0.144,310.92555633643093,7.91993406400156,305.5731793266241,2.5046129053955872,300.7293568533252,-10.424546969397138,10,72.00000000000045,0.001,3269.2811042341677,-0.0025135329721024,1.0059143579250385,-0.5772888969115573,231.1730838409707,75.81390393104897,22.971219416821118,0.7917910248021538,16.24826486125224,5.601528787198215,-0.5701156920474232,-0.0038477328574925,-0.0410356297192123,0.00288,False,False,3249.865214680341,-113.48843596835864,1.0005675403424243,-2.6424816135384166,229.940248093802,22.57584854141631,11.56356827253222,0.2533579182494838,26.45034728269058,1.793578892268866,-0.4968318115350719,-0.0029244121379046,-0.1776653047293561,0.00288,False,False,3235.5717226450847,-226.2535130625032,0.997992784982094,-3.612498563513763,229.3481526473846,-98.38975247246518,-34.53478768935382,1.0436030924335309,-160.78182643154753,7.373328608010669,0.3086130419915178,0.0085696070530844,-0.4343847804333167,0.00288,False,False
0.145,326.9263137021378,7.580858565830931,324.9860491865412,2.2579881178270806,323.5569460042874,-9.838846683658012,10,90.0,0.001,3109.268767609424,1010.2600205931474,1.0059039219650092,17.894255650491672,231.1728528443629,65.00408686765407,45.274477620411616,0.7927920677827597,34.561243785365726,5.601477320001693,-0.5701156920474232,0.0062354825559058,0.271763785121294,0.0029,False,False,3125.8745319681966,896.3294000806719,,,229.9401876908033,17.898118580518236,17.97410646829031,0.2537681092691283,44.61341784304607,1.7936152765514233,-0.4968318115350719,0.0011260429126909,-0.0140194198349273,0.0029,False,False,3147.127363877241,784.666644990839,0.997998306962666,14.566662505291555,229.3481239102044,-82.90220544817208,-63.24858408870236,1.042914939630522,-142.15293452914685,7.373316437464415,0.3086130419915178,0.0017052907745698,0.1944539266521043,0.0029,False,False
0.146,310.9252456534692,6.499670212103903,312.5870193235885,1.7903699839767804,314.7125260462374,-8.290040196080662,10,108.0,0.001,2644.899852418287,1921.6303049260769,1.005935654553068,35.357571006917595,231.1726439063732,47.83085592798157,63.14559011866333,0.7923672341966588,52.24460229632436,5.601408898767149,-0.5701156920474232,0.002083908932742,-0.045385154211328,0.00292,False,False,2695.901543743025,1818.408015325782,1.000553411859166,33.4729402994545,229.94013181431677,11.468666441142489,22.625489582096492,0.2533048771422338,62.25798668076379,1.793659790439292,-0.4968318115350719,-0.003569230500192,-0.3680426334956986,0.00292,False,False,2750.62028193818,1718.778042287071,0.9979879537626782,32.34795468815759,229.3480967226221,-59.29952236912373,-85.77107970076017,1.04310513905868,-124.35459410740934,7.373300301167842,0.3086130419915178,0.0036301052256095,-0.0073213158397624,0.00292,False,False
0.147,264.48867941128015,4.782212746421673,269.5898013683416,1.1475250269088322,275.0618543607278,-5.92973777333046,10,126.0,0.001,1921.6303049403523,2644.897209534399,1.0059113373935042,53.17820275561462,231.17249271775395,25.975376855297164,74.8351141943661,0.7917181444562047,70.02308905452325,5.601345605860489,-0.5701156920474232,-0.0043174787847982,-0.2677731171681667,0.00294,False,False,2002.0350768072497,2562.4879653709745,1.000570096384284,51.49123179372387,229.9400902565458,3.916753324174964,25.06247790078108,0.2533727609638185,80.85159500722325,1.7936955638145164,-0.4968318115350719,-0.0029409834767592,0.227799942690873,0.00294,False,False,2084.863388980639,2484.643362349754,0.9980007993936896,50.00387137787291,229.3480759542199,-29.892130179471664,-99.89759209514742,1.0424047819144402,-106.30352355189432,7.373285683152032,0.3086130419915178,-0.0033527932205732,0.0435649385337293,0.00294,False,False
0.148,192.16217776251003,2.59661590115904,200.203270077736,0.3923695410593734,208.48621858931503,-2.9889854422183912,10,144.0,0.001,1010.2590111260388,3109.2625538302545,1.005907993119471,71.54654258822362,231.17241291093103,1.5771690542133152,79.19874891193584,0.7915096661242812,88.27003285379301,5.60130756673896,-0.5701156920474232,-0.0063484666624666,-0.0219703537453336,0.00296,False,False,1112.1956758286126,3055.733576794541,1.0005720261627835,69.37808259870792,229.9400673401813,-4.018502126219439,25.046558268315184,0.2523734064958397,98.71710639481242,1.7937090628451118,-0.4968318115350719,-0.0129536186686942,0.09605002791215,0.00296,False,False,1215.0256380872563,3007.2943974576247,0.9979858255795272,68.48852009929105,229.34806402267012,2.441333072006571,-104.2453071802511,1.0433365533117684,-88.60804792847931,7.373277485716032,0.3086130419915178,0.0059765136778774,-0.261192321030868,0.00296,False,False
0.149,101.02558494922135,0.1568364126142409,111.21946861650102,-0.4011881294185324,121.50250880091126,0.2443517168042984,10,162.0,0.001,-0.0025135056996532,3269.271303903606,1.0059521339331945,89.31275091671165,231.1723908529509,-22.97534043520078,75.80935205277906,0.7928754425090205,106.36453784372269,5.601305261622317,-0.5701156920474232,0.007312557112147,0.071329981197435,0.00298,False,False,113.48706128569118,3249.862604815257,1.0005438057392515,87.69068795139754,229.9400602684955,-11.560462628475642,22.57928786075987,0.2550293270318454,116.41773584113967,1.7936952590719526,-0.4968318115350719,0.0136251081745765,-0.2005918686012331,0.00298,False,False,226.25282916713596,3235.570456614895,0.99801969076242,86.12917550283314,229.34805997026936,34.53580306367681,-98.3886399135389,1.0424612848519608,-70.13241895814413,7.373278157403628,0.3086130419915178,-0.0027771208299071,0.214193794111543,0.00298,False,False
0.15,-5.609202899981663e-13,-2.298287051563549,11.348755458582266,-1.1554811253451978,22.625298594305768,3.453768176908756,10,180.0,0.001,-1010.262782614532,3109.261000398301,1.0059395127490487,107.5021850817378,231.1723908529509,-45.27862852486741,64.99875170133438,0.7911610426273249,124.25927344967124,5.601335521027399,-0.5701156920474232,-0.0098742349658657,-0.0349756802997971,0.003,False,False,-896.3301934944523,3125.872428733219,1.0005795593485576,105.47629923919447,229.94006019487247,-17.970983106486923,17.902141863824255,0.2537989980146222,134.97572160969412,1.793659551205478,-0.4968318115350719,0.0013723165513962,0.359601811982504,0.003,False,False,-784.6670571755249,3147.126327130484,0.9979860563389372,104.25899421959129,229.34805982975203,63.24961163135464,-82.90089356515851,1.041794707658763,-52.31485446999534,7.373286758772824,0.3086130419915178,-0.009455056934857,0.0315478666982221,0.003,False,False
0.151,-101.02548400338246,-4.528414656555061,-89.63282658006865,-1.7966854619507586,-78.46662088926236,6.325100118505823,10,198.0,0.001,-1921.6305315747743,2644.894878624943,1.005937077414382,125.613305355277,231.1723687949838,-63.14936458290575,47.82525967901712,0.7924003996031665,142.40954624563742,5.601382735802908,-0.5701156920474232,0.0024525630166822,0.1145838282883383,0.00302,False,False,-1818.4081499257625,2695.900152899585,,,229.940055602764,-22.622654256067555,11.472879953902115,0.2535023602370719,152.51585958664916,1.7936157058107798,-0.4968318115350719,-0.0015320544722766,-0.0988849494543901,0.00302,False,False,-1718.778142413883,2750.619575958549,0.9980132940859606,122.55527998505212,229.3480581396549,85.77201883897348,-59.29813963291903,1.0428404913263063,-34.42870796021958,7.373299322433066,0.3086130419915178,0.0009850120418678,-0.0824535845374018,0.00302,False,False
0.152,-192.1617937417249,-6.3152330302496935,-181.84049767940485,-2.2620453119838437,-171.87766856606086,8.577278342233539,10,216.0,0.001,-2644.8948786357087,1921.628611421101,,,231.1722889888144,-74.83814271608958,25.970067318925345,0.792481275412686,160.879071186939,5.601424819518382,-0.5701156920474232,0.0032018057506983,0.5837627635751492,0.00304,False,False,-2562.487428110333,2002.034534349831,1.0005591422920286,141.58228522577625,229.94003670471196,-25.06020822953956,3.9207446292731736,0.2536697576258216,170.74873446021638,1.7935806016957485,-0.4968318115350719,0.0001915641307925,0.1345386326497039,0.00304,False,False,-2484.6431406179336,2084.863082873941,0.9980066790920362,140.36289369563622,229.34805003041103,99.89835094562925,-29.89081194819827,1.0424569983736736,-16.34203884899871,7.373310369358752,0.3086130419915178,-0.0028655401965885,0.0041361799485952,0.00304,False,False
0.153,-264.4878865723932,-7.48382656439801,-256.2483320360156,-2.506015031373128,-248.46412179920645,9.989841595771118,10,234.0,0.001,-3109.2578935596857,1010.260763639544,1.0058955603805555,161.59499616082562,231.172137802253,-79.20073498538349,1.572665993901051,0.7923612313916759,178.3937435377899,5.601441645038053,-0.5701156920474232,0.0019775706624833,0.0983553914694923,0.00306,False,False,-3055.7324203890585,1112.1960346874405,1.0005691084645147,159.7667733131012,229.93999918012568,-25.04507655347077,-4.015123797317798,0.2532710398971484,-171.1902044602371,1.7935677833260155,-0.4968318115350719,-0.0037774852436161,0.1956437773025289,0.00306,False,False,-3007.2938755721734,1215.0257618168953,0.9979778587224948,158.08179199399203,229.34803308435664,104.24581153885428,2.4424578034170046,1.0435427101719985,2.067984580481602,7.373315001922743,0.3086130419915178,0.0079850263518381,0.4141288383141651,0.00306,False,False
0.154,-310.9240029361457,-7.919800291118621,-305.57277802578574,-2.5047167964020223,-300.7291675274158,10.424517087520645,10,252.0,0.001,-3269.264770450388,0.0025134774030988,1.0059236395476372,179.38226696073048,231.17192886804344,-75.81010119799629,-22.97859616870776,0.7927722789214549,-163.85917597647511,5.601422732456009,-0.5701156920474232,0.0061147923902995,-0.154580281458674,0.00308,False,False,-3249.860942570885,113.488286162118,1.0005601920110796,177.41969244461927,229.9399458243797,-22.57873931330891,-11.55802811752208,0.2542465265488766,-153.358384753918,1.7935822854608483,-0.4968318115350719,0.0059568721579019,0.0275177530013705,0.00308,False,False,-3235.5696856619074,226.25337062112044,0.998001409236328,176.2261539158242,229.34800825919237,98.38884051130512,34.53662428623008,1.043470856018417,19.41807729873412,7.373310774084887,0.3086130419915178,0.0072724638816589,-0.2357992131783041,0.00308,False,False
0.155,-326.9246803642756,-7.580478138414636,-324.9856224326322,-2.2582775751976807,-323.55674230724503,9.838755713612317,10,270.0,0.001,-3109.253233309445,-1010.254973251546,1.005943197903559,-162.64454949083532,231.1716978765428,-64.99819050801435,-45.280318152974985,0.7914628528119387,-145.4779520578452,5.601371252358997,-0.5701156920474232,-0.0069066648534755,0.2264640256523269,0.0031,False,False,-3125.8704234442484,-896.328222655922,1.000541506126919,-164.7981332504937,229.9398854798037,-17.90258037319225,-17.969730928901015,0.2537106113980611,-135.33972003075715,1.7936187076350845,-0.4968318115350719,0.0005462119169713,0.0467580577686951,0.0031,False,False,-3147.12538257645,-784.6661509989211,0.9980349048255028,-165.4722303608506,229.34797952217096,82.90077088120645,63.25004908187621,1.042710744310822,37.71935878649313,7.373298624617764,0.3086130419915178,-0.0003114712531089,0.0654291346094983,0.0031,False,False
0.156,-310.923692260544,-6.499080354507878,-312.5866088911508,-1.7908167094250391,-314.71232791735275,8.289897063932912,10,288.0,0.001,-2644.886638201196,-1921.6207042776475,1.0059188849642708,-144.37128459759916,231.1714889432058,-47.82344300012736,-63.14932261175656,0.7922430137427247,-127.90352397053783,5.601302815734094,-0.5701156920474232,0.0009917284574842,-0.1996155633449954,0.00312,False,False,-2695.898000905144,-1818.4056261703277,1.0005748503902996,-146.44770893086908,229.9398296573721,-11.474262793898616,-22.622707232955523,0.2534996223700051,-117.70548465170688,1.793663275550158,-0.4968318115350719,-0.0016267069135322,-0.3175975884794895,0.00312,False,False,-2750.618550263148,-1718.7769602179048,0.997962077478458,-147.66424657944435,229.34795233474009,59.2977057940258,85.77202984471225,1.042717638063564,55.65348808701725,7.373282517344989,0.3086130419915178,-0.0002197546020797,-0.0005570611223843,0.00312,False,False
0.157,-264.4873580194939,-4.781471186240757,-269.5894474263122,-1.148085320849975,-275.0616811942192,5.929556507090728,10,306.0,0.001,-1921.6207042929689,-2644.883995375816,1.005913349193372,-126.69143438779474,231.17133775797703,-25.967172909197625,-74.8363731461813,0.7927889788464705,-109.67737240367155,5.601239512184178,-0.5701156920474232,0.0065409042337793,0.0256609393883118,0.00314,False,False,-2002.0324463101915,-2562.4845985639613,1.0005660449446787,-128.4947560805942,229.93978813981147,-3.922936621034709,-25.061561440702093,0.2539991929466438,-99.41695665945556,1.7936991018266428,-0.4968318115350719,0.0033183328467608,-0.0268333959968095,0.00314,False,False,-2084.8620764394223,-2484.641798124409,0.9980085803464084,-129.7957095752782,229.34793156645424,29.89010953023211,99.8979345868835,1.04293399075457,73.8407365909573,7.373267926250383,0.3086130419915178,0.0019644072318621,0.1865074370254175,0.00314,False,False
0.158,-192.161217717493,-2.5957952195989367,-200.20300725811936,-0.3929885773932027,-208.4860873358874,2.988783796992066,10,324.0,0.001,-1010.2539638085946,-3109.247019668828,1.0059055142372273,-108.28797107079254,231.17125795295644,-1.5689771172357667,-79.19741093053733,0.7919095683390736,-91.67827459156,5.601201472583719,-0.5701156920474232,-0.0021994047213107,0.0236173072306961,0.00316,False,False,-1112.1942149623285,-3055.729562059921,1.0005697288838369,-110.54870871176033,229.93976524562456,4.012337070996576,-25.04759779303238,0.2545227579233433,-81.26466872916644,1.793712635809892,-0.4968318115350719,0.0085348426710912,0.1281959092427504,0.00316,False,False,-1215.0248731600043,-3007.2925041938333,0.9980000023928782,-111.43837138176568,229.34791963497187,-2.4433599537611346,104.24500872356973,1.0419200219799294,91.42620367178998,7.373259744387407,0.3086130419915178,-0.0081637096129579,-0.2282579763001475,0.00316,False,False
0.159,-101.02508022490989,-0.1560169405021652,-111.21932262574686,0.4005709384386596,-121.5024323085066,-0.2445539979364231,10,342.0,0.001,0.0025134481366961,-3269.254970338384,1.0059226408624715,-90.57335834026166,231.171235895478,22.982718461126463,-75.80554794993924,0.7920418106596652,-73.86913051071778,5.601199178682159,-0.5701156920474232,-0.0008737374486988,-0.1684436642685721,0.00318,False,False,-113.486912809698,-3249.8583352306887,1.0005554653896804,-92.55088605059927,229.9397581807837,11.554919338226073,-22.582182005915183,0.2533678544036807,-63.15215743092861,1.793698839076937,-0.4968318115350719,-0.0029946809986737,0.2434387937878121,0.00318,False,False,-226.25268672960152,-3235.5684196387774,0.9979881860073756,-93.685731458842,229.3479155825941,-34.53763779935272,98.38772995585435,1.0423765212844291,109.4203972623953,7.373260415387958,0.3086130419915178,-0.0035996655060408,-0.2343068282051306,0.00318,False,False
0.16,-6.40586021212086e-13,2.299025096811458,-11.348740563234324,1.154926199124898,-22.62528435046506,-3.453951295936346,10,0.0,0.001,1010.2577352105518,-3109.2454662724517,1.0059228535031568,-72.36708719141201,231.171235895478,45.284470360821146,-64.99285370333766,0.7915580369657732,-55.93013182718244,5.601229458058088,-0.5701156920474232,-0.0057542958917169,-0.2304865622160639,0.0032,False,False,896.3290153018509,-3125.868322244314,1.000555882802702,-74.1733584745017,229.93975810723197,17.966604360644304,-17.906607688895598,0.2535009395989719,-45.33587164369158,1.7936631110327517,-0.4968318115350719,-0.0016133019611172,0.0619351029960694,0.0032,False,False,784.6665631812754,-3147.124345835505,0.9979827589651618,-75.90821191901702,229.34791544207755,-63.25107472146559,82.89946139223315,1.0428331014832417,127.61232814455228,7.373269001108931,0.3086130419915178,0.0009539944390443,-0.0425860037974422,0.0032,False,False
0.161,101.02497928154418,4.528999023353631,89.63270894753663,1.7962471368418227,78.46657149033408,-6.325246160195469,10,18.0,0.001,1921.6209309215856,-2644.8816645197435,1.005927138338789,-54.6330788619817,231.17121383801955,63.153098281216174,-47.81784500480408,0.7916699428071982,-37.89347339090785,5.601276695281361,-0.5701156920474232,-0.0047020409992688,-0.1945416036541017,0.00322,False,False,1818.4057606401277,-2695.89661140759,1.0005677029133508,-56.19098936092583,229.93975351957005,22.619868943077087,-11.478480603315464,0.2527518437321928,-27.365208773952613,1.7936192293274968,-0.4968318115350719,-0.0090422025261967,0.0339750758756187,0.00322,False,False,1718.7770603441556,-2750.617844287492,0.9979970792311952,-57.85671556262189,229.34791375199015,-85.77296722429332,59.29632560811942,1.0433092874950365,145.76030989008126,7.373281541174124,0.3086130419915178,0.0056981202267225,0.1052480258884735,0.00322,False,False
0.162,192.1608337061102,6.3156065059812745,181.8402590582919,2.261766520863353,171.8775603599482,-8.577373026844612,10,36.0,0.001,2644.881664531257,-1921.61901081146,1.0059261723689612,-36.59655100648508,231.1711340337029,74.83940265717581,-25.961861689410284,0.7920563817088536,-19.88444915086365,5.60131879670447,-0.5701156920474232,-0.000897192386271,-0.1858634431275154,0.00324,False,False,2562.484061823675,-2002.03190437762,1.0005751105359737,-38.37635080278319,229.9397346398208,25.05928933816952,-3.926932066467335,0.2531940317534044,-9.772619658013616,1.7935840900118765,-0.4968318115350719,-0.0045706278173572,-0.3728861824473967,0.00324,False,False,2484.6415763938794,-2084.8617703344444,0.9979796787675131,-39.82865434142273,229.34790564279345,-99.89869199534527,29.888793755877504,1.0425268415835731,163.6858492823863,7.373292566608978,0.3086130419915178,-0.0021419312074131,0.0307081892363087,0.00324,False,False
0.163,264.4865652000164,7.483952576836359,256.2479958054463,2.5059230984703573,248.4639653779444,-9.98987567530668,10,54.0,0.001,3109.242359506755,-1010.2557162809368,1.0059294843146926,-18.333530209972164,231.17098285067524,79.19939768079702,-1.5644726010398804,0.79299604030884,-1.773943410536571,5.60133562979422,-0.5701156920474232,0.0084755880297714,-0.0754374338733914,0.00326,False,False,3055.728406774504,-1112.194573473431,1.0005796255159904,-20.3363948416934,229.9396971515836,25.046114417179773,4.008955163204347,0.2548274782974818,8.469200234636153,1.7935712543680045,-0.4968318115350719,0.0117819899650613,-0.1310220348857314,0.00326,False,False,3007.291982311422,-1215.0249968889048,0.997988781682591,-21.41105522418324,229.34788869683808,-104.24551209797664,-2.444482562164539,1.04147029827358,-178.5313364801491,7.373297189034944,0.3086130419915178,-0.0127139014048359,-0.1865083201056281,0.00326,False,False
0.164,310.9224495736421,7.91966648972862,305.572377114118,2.5048207592617877,300.72897820265854,-10.4244872489904,10,72.0,0.001,3269.248437038067,-0.0025134178649608,1.005933270159602,-0.662681278279637,231.17077392138225,75.80629739367271,22.98597528084428,0.7915979786070169,16.703316466668507,5.601316713126268,-0.5701156920474232,-0.0054782767800872,0.4018062656181004,0.00328,False,False,3249.856674596555,-113.48813649970928,1.000575079244451,-2.340328635649914,229.93964384753184,22.58163272998937,11.552482159845528,0.253263164318668,26.48487712966871,1.7935857671236082,-0.4968318115350719,-0.0038816739588783,-0.1152909334880348,0.00328,False,False,3235.567648690303,-226.2532281804293,0.9979961005912744,-3.594467070857052,229.34786387181984,-98.38793012366192,-34.53845744068983,1.0420867469256634,-160.5097921207924,7.373292967325022,0.3086130419915178,-0.0065434444845745,-0.1649847300194895,0.00328,False,False
0.165,326.92304706639646,7.580097604832519,324.98519609265486,2.258567296252036,323.556538611449,-9.83866490108456,10,90.0,0.001,3109.237699366426,1010.249926030101,1.0059173548133282,17.386054409250583,231.1705429353538,64.99229240148124,45.28616059965186,0.7916673580334854,34.178663438586184,5.601265220223506,-0.5701156920474232,-0.0047116605539486,-0.123026475992513,0.0033,False,False,3125.8663188982064,896.3270463724378,1.0005729910860124,15.446339947231989,229.93958356143207,17.90704647324979,17.965350687780937,0.2534649530737088,44.556285367918846,1.7936222271287765,-0.4968318115350719,-0.0019153486422631,-0.0433068586160887,0.0033,False,False,3147.1234012870327,784.6656570099713,0.997997056325909,14.30034555471864,229.34783513496865,-82.89933887473086,-63.25151128743278,1.0440603464923313,-142.21716946172776,7.37328083895212,0.3086130419915178,0.0132097032915491,0.1275848444705609,0.0033,False,False
0.166,310.92213890589017,6.498490323563077,312.58619885688864,1.7912638645078889,314.71212978968845,-8.289754188070916,10,108.0,0.001,2644.873424291127,1921.6111038553145,1.0059331340977322,35.35742624180998,231.17033400699916,47.81602782141788,63.15305638612062,0.7917749141002203,52.03092671763638,5.601196768337612,-0.5701156920474232,-0.0035392943011992,-0.2712710984450988,0.00332,False,False,2695.894461498497,1818.4032393297464,1.000557736007487,33.28374397320082,229.93952779310465,11.4798646944583,22.619921742712883,0.2533600131013405,62.62907562780351,1.7936668490128331,-0.4968318115350719,-0.0030278532395582,0.0308933980356803,0.00332,False,False,2750.6168185981624,1718.7758781551238,0.9979913129015288,32.432199836585326,229.34780794769972,-59.29589251587601,-85.77297812883343,1.0416233420815446,-124.48625596126024,7.373264760722911,0.3086130419915178,-0.011137602766508,-0.1416169832052339,0.00332,False,False
0.167,264.48603666047194,4.780729402562955,269.58909382771947,1.1486461682670557,275.061508028784,-5.929375570829998,10,126.0,0.001,1921.6111038716813,2644.870781528428,1.0059084325699488,53.06827560153351,231.1701828253996,25.95896642903652,74.83763262183786,0.7915797263828138,70.33535152434031,5.601133454268436,-0.5701156920474232,-0.0054016318599464,0.032278302640479,0.00334,False,False,2002.0298183616944,2562.481235019028,1.0005461983305324,51.61319600920305,229.93948631579136,3.929126162716007,25.060643706938883,0.2543393151872848,80.640595104153,1.793702728169686,-0.4968318115350719,0.0067144268296574,0.0446510195572471,0.00334,False,False,2084.8607639059173,2484.640233908283,0.9979717809854598,50.4093530395668,229.34778717953844,-29.888092591752425,-99.89827632877662,1.0431044263360556,-106.11558985746451,7.373250196566564,0.3086130419915178,0.0036938366060304,0.2288654103786752,0.00334,False,False
0.168,192.16025769643224,2.5949742863135934,200.2027446935697,0.3936082368322493,208.4859560832784,-2.9885825231458245,10,144.0,0.001,1010.248916612898,3109.23148587417,1.0059136567609346,71.32814105953109,231.17010302230733,1.5607826111894578,79.1960726651972,0.7922698764466942,88.30168407083953,5.60109541426969,-0.5701156920474232,0.0015536654609978,-0.0025310015443227,0.00336,False,False,1112.1927555122743,3055.725551215416,1.0005768307351235,69.66837583322254,229.9394634438024,-4.006165685336362,25.048638035402504,0.2535074058510853,98.50059589240284,1.7937162971425828,-0.4968318115350719,-0.0016238559578361,-0.0926041460311969,0.00336,False,False,1215.0241082373338,3007.2906109412243,0.9979971056539582,68.11185555623643,229.34777524812807,2.445383074146963,-104.24471070059955,1.0426302889551884,-88.4547988343534,7.373242030284582,0.3086130419915178,-0.0010359883359079,-0.1105756715540271,0.00336,False,False
0.169,101.02457551327264,0.1551972130922706,111.21917677670376,-0.3999531157300587,121.50235581658212,0.2447559026377929,10,162.0,0.001,-0.002513386608669,3269.2386371600937,,,231.1700809653653,-22.99009883979415,75.80174278409328,0.7924490515693731,105.96793803778974,5.601093131599109,-0.5701156920474232,0.0033486448714798,-0.3374824821242727,0.00338,False,False,113.4867644787528,3249.8540697835583,1.000559927642781,87.58944461434864,229.93945638581263,-11.54937025146712,22.585078789055515,0.25389307752463,116.53174902693956,1.793702507543153,-0.4968318115350719,0.0022523622161436,-0.0587165014787842,0.00338,False,False,226.2525442930248,3235.5663826747286,0.9979769945376644,86.19879039447933,229.34777119577487,34.53946909126128,-98.38682157314864,1.04242665302022,-70.41512537933025,7.373242700594082,0.3086130419915178,-0.0030732956463772,-0.0711442460576317,0.00338,False,False
0.17,-4.808418327448583e-13,-2.299763375954151,11.3487256823455,-1.1543706943781094,22.62527010671202,3.4541340703322563,10,180.0,0.001,-1010.2526879223736,3109.229932515819,1.0059359136956372,107.17308235299652,231.1700809653653,-45.29031410331109,64.98695396815899,0.7925604406782604,124.23041461867008,5.601123430900356,-0.5701156920474232,0.0044196862775983,-0.0760477948580685,0.0034,False,False,-896.3278382498186,3125.8642197351764,1.0005542692636638,105.49081707018088,229.9394563123323,-17.96222091927137,17.911077813378817,0.2542067110889112,134.7954315063408,1.7936667594478368,-0.4968318115350719,0.0054392533001818,0.2071791060222868,0.0034,False,False,-784.6660691898383,3147.122364552304,0.9979730454795444,104.42521147319916,229.3477710552592,63.252535022582414,-82.89803178153767,1.0429225490539005,-52.46141258540395,7.373251270652534,0.3086130419915178,0.0018735447975338,-0.1176411518152105,0.0034,False,False
0.171,-101.0244745725396,-4.52958357979081,-89.63259142923174,-1.7958083430037808,-78.4665220917198,6.325391922794623,10,198.00000000000043,0.001,-1921.611330494146,2644.868450729412,1.0059180303399693,125.41098966556318,231.1700589084504,-63.15683325389227,47.81042808994334,0.7925649553455415,141.99236119798647,5.601170690491228,-0.5701156920474232,0.0043979977960455,-0.3148148822617972,0.00342,False,False,-1818.4033736692568,2695.893073348057,1.000562968216136,123.5216058474894,229.9394517291212,-22.6170804946222,11.484086792172132,0.2540699255325488,152.81826977358563,1.793622841556109,-0.4968318115350719,0.0041335070146692,0.2313963160887962,0.00342,False,False,-1718.7759782807834,2750.616112626752,0.9979862748846616,122.08981515420388,229.34776936518227,85.7739137485144,-59.29451488211535,1.043358644545784,-34.34653331938306,7.373263787103709,0.3086130419915178,0.006216798781363,-0.0029093563035894,0.00342,False,False
0.172,-192.1598736950583,-6.315980108598352,-181.84002066893595,-2.261487416638672,-171.8774521545276,8.577467525237058,10,216.00000000000043,0.001,-2644.8684507416897,1921.60941043058,1.005943644665838,143.1880449487922,231.16997910611255,-74.84066311654622,25.953653535538084,0.7921003439247288,160.46510311371077,5.601212809547193,-0.5701156920474232,-0.0003076817522613,0.1575808810927596,0.00344,False,False,-2562.4806987995794,2002.0292769544408,1.0005358112173863,141.41017589895222,229.9394328676913,-25.058369177637083,3.9331257405527538,0.2533158914812384,170.69852072299642,1.7935876671266322,-0.4968318115350719,-0.0033570893432194,0.112197808137446,0.00344,False,False,-2484.6400121791385,2084.8604578027703,0.9979911462265884,140.2473093286663,229.3477612560359,99.89903229418324,-29.886779276090728,1.0431875845736045,-16.374687793594017,7.373274791031469,0.3086130419915178,0.0044906371556911,-0.0311429416200755,0.00344,False,False
0.173,-264.4852438616561,-7.484078641070027,-256.2476599014974,-2.5058310386688403,-248.46380895768883,9.989909679738911,10,234.00000000000043,0.001,-3109.226825827957,1010.2506690412991,1.005894569435801,161.65149258030468,231.16982792685755,-79.19806008860388,1.55627664736161,0.7924008955222035,178.40165731155813,5.60122965017559,-0.5701156920474232,0.0026740179774081,0.0940553398858115,0.00346,False,False,-3055.7243970510963,1112.1931136753235,1.0005724469667228,158.84782067585553,229.93939541583663,-25.047153001505365,-4.002780205377871,0.2538695961927514,-171.27828003534322,1.7935748142374548,-0.4968318115350719,0.0021981345021013,0.1354414947586843,0.00346,False,False,-3007.290089062064,1215.0242319654371,0.9979846500347924,158.0346286933468,229.3477443101863,104.2452130901092,2.446503558016366,1.042198548650854,1.8802160860592805,7.373279403312226,0.3086130419915178,-0.0054062448218118,0.2237302155469368,0.00346,False,False
0.174,-310.9208962513724,-7.919532660066025,-305.5719765919761,-2.5049247937741828,-300.72878887912697,10.424457453840214,10,252.00000000000043,0.001,-3269.2321040229995,0.0025133543438613,,,231.16961900281103,-75.80249252492891,-22.993356739732143,0.7921655154581273,-163.5210666597209,5.601210729455056,-0.5701156920474232,0.0003469752762372,0.171315171819758,0.00348,False,False,-3249.85241076114,113.48798698125184,1.0005617071081567,177.4981119264825,229.93934216352636,-22.584528785770157,-11.546930410519291,0.2531661416536727,-153.37073765369277,1.7935893375863048,-0.4968318115350719,-0.0048569500056016,0.0430380193345691,0.00348,False,False,-3235.5656117310746,226.25308574047227,0.9979738722505314,176.40394975110027,229.347719485324,98.387021310699,34.54028715025153,1.0428420931199078,19.678371702215053,7.373275187735016,0.3086130419915178,0.0010351615951878,0.0218650629105078,0.00348,False,False
0.175,-326.9214138110798,-7.579716965769909,-324.9847701669876,-2.258857280420777,-323.5563349169801,9.83857424619067,10,270.00000000000045,0.001,-3109.222165804891,-1010.2448789367958,1.0059383744972363,-162.1934215047925,231.1693880226195,-64.98639255874156,-45.29200494972142,0.7929747006018208,-145.86978711262813,5.601159223841279,-0.5701156920474232,0.0085116666507125,-0.1775850963879236,0.0035,False,False,-3125.86221833371,-896.3258712312775,1.0006004864872984,-164.23697200024236,229.93928193595647,,,,,,-0.4968318115350719,0.002710476728423,-0.0063825435294874,0.0035,True,False,-3147.121420009765,-784.6651630241975,0.9979792094096178,-165.7399558238047,229.34769074865432,82.89790943061823,63.25297070337137,1.0433750830863198,37.662055470048,7.373263080471406,0.3086130419915178,0.0063821835157094,0.0054958016178753,0.0035,False,False
0.176,-310.92058559196164,-6.49790012033836,-312.5857892211669,-1.7917114483436711,-314.7119316633231,8.289611568681961,10,288.0,0.001,-2644.860210708942,-1921.6015036742524,1.0058875024960727,-144.4465148157891,231.16917909957735,-47.80861040533021,-63.15679143486194,0.7920597166208884,-127.6454288519178,5.601090756823754,-0.5701156920474232,-0.0005413461738532,0.0462650384375466,0.0035199999999999,False,False,-2695.890925526224,-1818.4008548061715,1.0005608429043158,-146.46897926114852,229.939226221783,-11.485472131743698,-22.61713311693773,0.252992411352774,-117.54534028902368,1.7936705111563027,-0.4968318115350719,-0.0067090497781852,-0.1295775115926601,0.0035199999999999,False,False,-2750.6150869439016,-1718.774796099167,0.99799742968573,-147.80507929732465,229.34766356155825,59.29408253707372,85.77392455179967,1.0435203151169703,55.5488159466206,7.37324703130552,0.3086130419915178,0.0078572007702737,-0.1078588817009165,0.0035199999999999,False,False
0.177,-264.48471533630243,-4.779987396736205,-269.5887405728791,-1.1492075680520355,-275.06133486449164,5.929194964788196,10,306.0,0.001,-1921.6015036916451,-2644.857568013113,1.0058971148523144,-126.69054860587649,231.1690279218459,-25.950757429762,-74.8388926189444,0.7917956342992686,-110.05490990189948,5.60102743235928,-0.5701156920474232,-0.0030926150735617,-0.3640917571552363,0.0035399999999999,False,False,-2002.027192964087,-2562.4778747391724,1.0005647306550374,-128.4927649792527,229.939184784754,-3.935321936961466,-25.059724701364527,0.2547334674448346,-99.59841836080614,1.7937064431725018,-0.4968318115350719,0.0106506955977886,-0.1804154988276605,0.0035399999999999,False,False,-2084.8594513806365,-2484.6386697020043,0.9979980795891864,-129.4975172636224,229.3476427935299,29.88607936672325,99.89861732030884,1.041404487570752,73.63581056223535,7.373232494104466,0.3086130419915178,-0.013280515985018,-0.0210476804865818,0.0035399999999999,False,False
0.178,-192.1592977008476,-2.5941531027983737,-200.202482384324,-0.394228518149921,-208.4858248315436,2.988381620948254,10,324.0,0.001,-1010.2438695469176,-3109.2159524708222,1.0059337181351615,-108.56770237018378,231.16894812080807,-1.552585551030694,-79.1947341182606,0.7917492550017611,-91.85029501500232,5.600989392042829,-0.5701156920474232,-0.0035026109171945,-0.1606191253484431,0.00356,False,False,-1112.1912974797442,-3055.7215442645984,1.0005661578259122,-110.6709856395193,229.93916193498333,3.999987981476327,-25.049678993418823,0.2546828473863841,-81.18497875980705,1.7937200471719157,-0.4968318115350719,0.0101252560528108,0.2357708134332167,0.00356,False,False,-1215.0233433195451,-3007.288717700556,0.9980096076869484,-111.47736993915116,229.3476308621964,-2.447402430445783,104.24441311167932,1.0424789962347452,91.87577386231531,7.373224343411437,0.3086130419915178,-0.0025239025244627,0.2186839039566506,0.00356,False,False
0.179,-101.02407081511114,-0.1543772318805956,-111.21903106950565,0.3993346625173113,-121.50227932517222,-0.244957430636834,10,342.0,0.001,0.0025133211126444,-3269.222304394541,1.005883776155817,-90.1845610631485,231.16892606443744,22.99748155770392,-75.79793656209345,0.7917825669830743,-73.64133516893438,5.60098712061904,-0.5701156920474232,-0.0031662788257352,0.0471348801671329,0.00358,False,False,-113.48661629299028,-3249.849808477666,1.000558292476362,-92.6071282681332,229.93915488385133,11.543815379217964,-22.587978204490504,0.2538717615695108,-63.38590966423341,1.7937062647992386,-0.4968318115350719,0.002033889102439,0.0375773372875014,0.00358,False,False,-226.2524018574646,-3235.5643457235656,0.9979367126050568,-93.9119902929537,229.34762680986952,-34.541296936922166,98.38591476658374,1.0427224928599528,109.42197815713148,7.373225013025885,0.3086130419915178,-8.988325022138778e-05,-0.2353534174694148,0.00358,False,False
0.18,-7.20652073285793e-13,2.300501887641297,-11.34871081593362,1.1538146122073225,-22.62525586305688,-3.4543164998486007,10,0.0,0.001,1010.2476407579622,-3109.21439915295,1.0059218247330384,-72.79453132243341,231.16892606443744,45.29615974161492,-64.98105250648715,0.7928706171908164,-55.31686167554388,5.601017439799993,-0.5701156920474232,0.007671345454783,0.3705661697183015,0.0036,False,False,896.3266623393949,-3125.8601212094627,1.0005656568042265,-74.2018114306182,229.9391548104424,17.957832791090546,-17.91555222845662,0.2539358319475255,-45.387589458080704,1.7936704967793329,-0.4968318115350719,0.0027251765014354,0.0381132738501558,0.0036,False,False,784.6655752014033,-3147.1203832816755,0.9979907254608748,-75.75013184219112,229.3476266693548,-63.253992532705645,82.89660473494348,1.0431460587470802,127.5490490148544,7.373233567407531,0.3086130419915178,0.004133677898514,-0.1084919011127818,0.0036,False,False
0.181,101.0239698771635,4.530168324794231,89.63247402525626,1.7953690813089995,78.46647269343678,-6.325537406103313,10,18.0,0.001,1921.6017303076044,-2644.855237274835,1.005934176959219,-54.16936363658533,231.1689040081008,63.16056949403895,-47.80300894791409,0.7919263500044951,-37.62277473638926,5.6010647216782266,-0.5701156920474232,-0.0018381930818831,0.0639392544725697,0.00362,False,False,1818.4009890152588,-2695.8895387241464,1.0005564230165134,-56.37739005080192,229.9391502316859,22.61428891627434,-11.489698509390802,0.2551327112325127,-27.46615700808773,1.7936265428252134,-0.4968318115350719,0.0147561296293428,-0.0390734955092971,0.00362,False,False,1718.7748962241824,-2750.614380977032,0.998002729082497,-57.45774999106796,229.34762497928887,-85.77485841031346,59.29270745730454,1.043276508767457,146.0389487375722,7.373246060225719,0.3086130419915178,0.0054205105893669,0.3812605965952712,0.00362,False,False
0.182,192.15891371008323,6.316353837411435,181.8397825115468,2.261207999867357,171.8773439498398,-8.577561837278845,10,36.0,0.001,2644.8552372878644,-1921.5998102936437,1.0059265986661357,-36.611461377126965,231.16882420786771,74.84192409180825,-25.945442872258965,0.792218506581145,-19.57257184204356,5.601106858292226,-0.5701156920474232,0.0010237825136263,0.1137959242470245,0.00364,False,False,2562.477339041025,-2002.0266520826517,1.0005687018362184,-38.662961998206654,229.93913138859207,25.057447749817516,-3.93932563926853,0.253951525952422,-9.808360643417569,1.7935913333686595,-0.4968318115350719,0.0029940705194188,-0.380725671605318,0.00364,False,False,2484.63844797432,-2084.859145279458,0.997984050439495,-39.3156846509251,229.34761687019585,-99.89937184162586,29.884768511527085,1.0414249752532825,163.26388805666343,7.37325704263014,0.3086130419915178,-0.0131103560176615,-0.3938790774935896,0.00364,False,False
0.183,264.48392255939586,7.484204756859801,256.24732432446416,2.505738852156221,248.4636525384988,-9.989943609015985,10,54.0,0.001,3109.2112925478164,-1010.245621928628,1.0058858995313478,-18.4802531195098,231.1686730326238,79.19672221114843,-1.5480781478240964,0.7924332299834229,-1.5735260938280495,5.6011237064278365,-0.5701156920474232,0.0031471896745243,0.1127619255616739,0.00366,False,False,3055.720391222389,-1112.19165529444,1.0005851581478904,-20.462767835400992,229.939093973153,25.048192304442544,3.9965989360787706,0.2538514021239906,8.416848496695048,1.7935784632630387,-0.4968318115350719,0.0020110333130225,-0.1554718962400451,0.00366,False,False,3007.288195824841,-1215.02346704682,0.9979998890029184,-22.13574239577854,229.34759992445856,-104.24491451559096,-2.4485207882550992,1.043289147312891,-178.4301095166531,7.373261644758506,0.3086130419915178,0.0055248561860738,-0.087907348964002,0.00366,False,False
0.184,310.91934297178807,7.919398802365343,305.57157645971444,2.50502889973864,300.72859955689427,-10.424427702103957,10,72.0,0.001,3269.215771430975,-0.0025132868675967,1.005908936513466,-0.463062668413044,231.1684641141536,75.7986865986168,23.000740531870058,0.7917814345668998,16.48675017171808,5.601104781688046,-0.5701156920474232,-0.0033440008670323,0.1730219752245322,0.00368,False,False,3249.848151068427,-113.48783760690633,1.0005448245184323,-2.5599678862995154,229.93904077263136,22.58742747496184,11.54137288056508,0.2538698522667074,26.715126879455617,1.793592997177598,-0.4968318115350719,0.002174980681106,0.1428605655817939,0.00368,False,False,3235.5635747850256,-226.2529433013332,0.9979851122756216,-3.6149837960470914,229.3475750997617,-98.38611407357844,-34.542113412435526,1.042563858774582,-160.42469407725486,7.373257435318784,0.3086130419915178,-0.0017220761502669,-0.0825126778757388,0.00368,False,False
0.185,326.9197806009046,7.579336221911985,324.984344656009,2.2591475271348784,323.55613122391827,-9.83848374904685,10,90.0,0.001,3109.206632649379,1010.239831979574,1.0059221525595123,17.218632467864406,231.1682331401637,64.98049099048416,45.29785119246058,0.7918683353234944,34.272085142841064,5.601053263457997,-0.5701156920474232,-0.0024021355214407,-0.0418229704875736,0.0037,False,False,3125.858121754412,896.3246972334578,1.0005587902366295,15.788183865649216,229.9389806036449,17.91599156025598,17.956576135231863,0.2534389876861706,44.60753034495919,1.7936295326621128,-0.4968318115350719,-0.0021853341019697,0.0358403715838157,0.0037,False,False,3147.119438745437,784.6646690417679,0.9979900933307256,14.32710308125396,229.34754636328492,-82.89648255073982,-63.254427327692746,1.0422885138259477,-142.21714423931348,7.373245349179515,0.3086130419915178,-0.0044584332545413,0.1249841864415179,0.0037,False,False
0.186,310.9190323212098,6.497309745902769,312.58537998434804,1.79215946004985,314.7117335383339,-8.289469205952575,10,108.0,0.001,2644.8469974755203,1921.5919037495964,1.0059076141453405,35.63804274807124,231.16802422276396,47.80119076534385,63.16052775108537,0.7930259613547572,52.11920090608169,5.60098478143818,-0.5701156920474232,0.0092709729923935,-0.1952155566972241,0.00372,False,False,2695.8873929914794,1818.3984726016963,1.0005592470321305,33.515247708491344,229.93892494367472,11.49108509467231,22.61434136120209,0.2536228390056144,62.70846107439447,1.79367426230904,-0.4968318115350719,-0.0004100781808564,0.1381831298729249,0.00372,False,False,2750.6133553010623,1718.773714050437,0.9980053654090764,32.079063369265505,229.34751917637243,-59.29227586001578,-85.77486911228766,1.0426950520239318,-124.28804077199663,7.373229329096678,0.3086130419915178,-0.000370395456281,0.0539726622578841,0.00372,False,False
0.187,264.4833940490691,4.779245170108472,269.588387662102,1.149769519095828,275.0611617014082,-5.929014689204302,10,126.0,0.001,1921.591903768037,2644.84435485072,1.0059072719541224,53.63968884472232,231.1678730491392,25.9425459263246,74.84015313510864,0.7915501247582428,70.151500144215,5.600921446702306,-0.5701156920474232,-0.0053978241303098,-0.1637924026743865,0.00374,False,False,2002.0245701197168,2562.4745177273608,1.000573511175895,51.73153067150904,229.9388835469668,3.941523931508277,25.058804425853392,0.254699385127567,80.51301019833713,1.7937102471634343,-0.4968318115350719,0.0103044927695446,-0.0550257278286989,0.00374,False,False,2084.858138864113,2484.6371055061704,0.9979626995889443,50.44981763514721,229.3474984084851,-29.884069857832465,-99.89895756096212,1.0424477801018075,-106.05326965662276,7.373214818867928,0.3086130419915178,-0.0028225941152316,0.2885606592734132,0.00374,False,False
0.188,192.15833773224745,2.5933316705484093,200.20222033060796,0.3948494201192184,208.48569358072757,-2.9881810906676027,10,144.0,0.001,1010.2388226186358,3109.2004194832984,1.0059238475052952,71.08751822319232,231.1677932502818,1.544385951717985,79.19339529207241,0.7923642597628839,88.20367581619746,5.600883406148667,-0.5701156920474232,0.0027973233829763,-0.1127593881794403,0.00376,False,False,1112.1898408660468,3055.717541211012,1.0005508496983808,69.25279685869864,229.93886071943464,-3.993803971659617,25.050720665074124,0.2541482621077671,98.79506650776364,1.793723886226105,-0.4968318115350719,0.004773974024139,0.2297799518439693,0.00376,False,False,1215.022578406953,3007.286824472558,0.9979925490884028,68.40823990313625,229.34748647723308,2.4494180199420525,-104.24411595714648,1.0430245595072292,-88.23275591518146,7.373206683771798,0.3086130419915178,0.0029567047022616,0.1088430747771844,0.00376,False,False
0.189,101.0235661312135,0.1535569983627584,111.21888550427325,-0.3987155800252957,121.5022028342986,0.2451585816625612,10,162.0,0.001,-0.0025132516419859,3269.205972067503,1.0059043743221896,89.31887855842356,231.16777119451731,-23.004866601353875,75.79412929079237,0.7916546501929707,106.48248655438202,5.600881145987405,-0.5701156920474232,-0.0042955759654438,0.164845118597291,0.00378,False,False,113.48646825254916,3249.845551316783,1.000544204383309,87.57046055851266,229.93885367516648,-11.53825473250377,22.59088024652734,0.2534582186991021,116.7935659372754,1.7937101111733256,-0.4968318115350719,-0.0021069791960482,0.2310197224517576,0.00378,False,False,226.2522594229844,3235.562308786076,0.9979707163543518,86.13955017026906,229.347482424934,34.54312133385805,-98.3850095373195,1.0425909274055594,-70.2087071758356,7.373207352687191,0.3086130419915178,-0.0013805623036567,0.1326506114656778,0.00378,False,False
0.19,-4.007649758766797e-13,-2.301240630522654,11.348695964007277,-1.1532579537155476,22.625241619500663,3.454498584238235,10,180.0,0.001,-1010.242593725279,3109.1988662083613,1.005912379402334,107.32518479637056,231.1677711945173,-45.30200726500877,64.97514932901177,0.7923014411881644,124.2538946874015,5.600911485002367,-0.5701156920474232,0.0021294281400637,-0.0647892605413833,0.0038,False,False,-896.3254875716156,3125.8560266708014,1.0005721281535058,105.0859073191613,229.93885360182895,-17.953439984829277,17.92003092530753,0.2532455748496851,134.6736957733809,1.7936743233553365,-0.4968318115350719,-0.0041828060726503,0.1133678874536445,0.0038,False,False,-784.6650812161558,3147.118402024388,0.9979822107119668,104.44338823623109,229.3474822844203,63.2554472498384,-82.89518025431899,1.0426053995098767,-52.28856227881966,7.373215891377767,0.3086130419915178,-0.0012479167924999,0.0525865256848443,0.0038,False,False
0.191,-101.02346519621726,-4.530753257291589,-89.63235673571891,-1.7949293526306964,-78.466423295509,6.3256826099223264,10,198.0,0.001,-1921.5921303771172,2644.8420241768663,1.0059122542680938,125.11029707679126,231.16774913879368,-63.16430699476066,47.7955875921966,0.7924324665776423,142.50568063195382,5.60095878908768,-0.5701156920474232,0.0033727839558373,0.1862826432572767,0.00382,False,False,-1818.398606680248,2695.886007538987,1.0005434346499773,123.31475771313735,229.9388490275313,-22.61149421360841,11.495315743884628,0.2529418815360125,152.21553135007136,1.7936303334629022,-0.4968318115350719,-0.0071575281068887,-0.3434139192413082,0.00382,False,False,-1718.7738141747743,2750.612649339003,0.9980094469383736,122.06444012960272,229.34748059436612,85.77580120836932,-59.2909033360808,1.042566279864488,-34.294741524058125,7.373228360544034,0.3086130419915178,-0.0016567473104331,0.046260301101441,0.00382,False,False
0.192,-192.15795375270463,-6.316727691730933,-181.83954458633988,-2.2609282711069274,-171.87723574593144,8.577655962837888,10,216.0,0.001,-2644.8420241906447,1921.590210415799,1.0059461463079806,143.17357498296698,231.16766934079143,-74.8431855805695,25.937229714524275,0.7917977199084032,159.96468173559748,5.601000943184872,-0.5701156920474232,-0.0030342976325128,-0.3550625492215379,0.00384,False,False,-2562.4739825509964,2002.0240297645696,1.0005947802452224,141.59520648353254,229.9388302027903,-25.05652505658715,3.945531750347597,0.2534545834704325,170.63869690748427,1.7935950890660644,-0.4968318115350719,-0.001980665658683,0.0803040136953359,0.00384,False,False,-2484.636883780039,2084.857832765016,0.9979813962043989,139.8309094491972,229.3474724853298,99.89971063715676,-29.882761464871407,1.0423962837061271,-16.195879399632343,7.373239321408893,0.3086130419915178,-0.0033722098977813,0.1450435503463076,0.00384,False,False
0.193,-264.4826012953279,-7.484330923966391,-256.24698907465046,-2.5056465391201264,-248.46349612044173,9.989977463086472,10,234.0,0.001,-3109.195759690864,1010.24057495088,1.0059025513334978,161.49801124890783,231.1675181697975,-79.19538405077552,1.5398771173862378,0.7927071331092437,178.3722005926134,5.601017798796251,-0.5701156920474232,0.0060359969416793,0.0523765531818289,0.00386,False,False,-3055.7163892919425,1112.190198332062,1.000585078017044,159.485946825583,229.93879282380016,-25.049232323985287,-3.9904113675536097,0.2534283702908559,-171.32396969925907,1.7935822017728795,-0.4968318115350719,-0.0022245720696444,0.1176822327386455,0.00386,False,False,-3007.2863026005,1215.022702133342,0.9980099637239446,158.21944015931666,229.34745553971155,104.24461637476064,2.4505342501678213,1.0419611212008315,1.6995207148569815,7.373243913377701,0.3086130419915178,-0.0077303289753032,0.0404129910261524,0.00386,False,False
0.194,-310.9177897373449,-7.919264916861086,-305.57117671769174,-2.5051330769543227,-300.72841023603854,10.424397993815395,10,252.0,0.001,-3269.199439287787,0.0025132154227236,1.0059028925594675,179.80949551846356,231.16730925723363,-75.79487962158902,-23.008126643755865,0.791844756971193,-163.6266861775791,5.6009988700705335,-0.5701156920474232,-0.0025609951781989,0.0534735479870719,0.00388,False,False,-3249.8438955222005,113.48768837679113,1.0005306742676972,177.24159631981553,229.93873967511456,-22.590328791872068,-11.535809581010133,0.2541950573888646,-153.68280223752922,1.7935967462255966,-0.4968318115350719,0.0054217299481532,-0.2410962907583048,0.00388,False,False,-3235.561537852961,226.2528008630543,0.9979848180520106,176.15660766800065,229.34743071519017,98.3852084134608,34.543936224766384,1.0433963484915747,19.5867953640376,7.373239710080245,0.3086130419915178,0.0066278882923952,-0.0723331276169893,0.00388,False,False
0.195,-326.91814743844986,-7.578955373944201,-324.9839195600969,-2.259438035824596,-323.5559275323444,9.838393409768786,10,270.0,0.001,-3109.191099924414,-1010.2347851664184,1.0059164423507516,-162.61830283628592,231.16707828981,-64.9745877073988,-45.30369931714563,0.792027240371257,-145.7143937310187,5.600947339318948,-0.5701156920474232,-0.0006632856897868,-0.0344140235842558,0.0039,False,False,-3125.854029163945,-896.3235243800352,1.0005641800433742,-164.69122051145084,229.9386795647648,-17.920470529565655,-17.952181841255253,0.2543472460051265,-135.3296289705093,1.7936333193583995,-0.4968318115350719,0.0068918938903434,0.1126535656229526,0.0039,False,False,-3147.117457494828,-784.6641750628912,0.997978216170334,-165.47569606328466,229.34740197891756,82.89505823696409,63.255881158401166,1.0432076813529858,37.648055232716935,7.373227645080355,0.3086130419915178,0.0047582793929821,-0.0111261770080089,0.0039,False,False
0.196,-310.9174790960882,-6.496719201325503,-312.5849711467962,-1.7926078987439007,-314.71153541479964,8.289327100069402,10,288.0,0.001,-2644.83378461172,-1921.582304096518,1.0058839186244404,-144.26200626871733,231.16686937838256,-47.79376891493952,-63.16426532789548,0.7924909118389164,-127.98804827304336,5.600878842426167,-0.5701156920474232,0.0040702982215561,-0.3085771378070978,0.00392,False,False,-2695.883863897392,-1818.396092718449,1.000573350253621,-146.69760423856036,229.93862395904756,-11.496703572156145,-22.611546481080826,0.2541195679603511,-117.44109242169456,1.7936781027989754,-0.4968318115350719,0.0045517800935575,0.0026031533115884,0.00392,False,False,-2750.61162367032,-1718.7726320093743,0.9980122853281002,-147.63179939982544,229.3473747921993,59.290472487095286,85.77581180897647,1.04345562019015,55.711736991656295,7.373211654100252,0.3086130419915178,0.007260282425565,0.052440758960561,0.00392,False,False
0.197,-264.4820728008597,-4.778502724028198,-269.58803509570305,-1.15033202028932,-275.0609885396031,5.928834744317445,10,306.0,0.001,-1921.5823041160045,-2644.8311420621194,1.0058862207113892,-126.5535519776608,231.16671820910324,-25.934331933676507,-74.84141416793858,0.7926100724910468,-109.4426700552489,5.600815497542759,-0.5701156920474232,0.0053514879360827,0.2359246588716421,0.00394,False,False,-2002.0219498309025,-2562.4711639865823,1.0005747548806905,-128.33155451209177,229.93858260269715,-3.947732134087389,-25.05788288228076,0.2533821797690001,-99.58935443847656,1.793714140470278,-0.4968318115350719,-0.0028730667834644,-0.1434149168758738,0.00394,False,False,-2084.856826356854,-2484.635541321408,0.9979647460042174,-129.53693309708632,229.34735402446108,29.88206406776345,99.8992970502194,1.0424754710516524,73.6677986565424,7.373197170860783,0.3086130419915178,-0.0025207265657309,0.0083196017606003,0.00394,False,False
0.198,-192.15737779215152,-2.5925099910591127,-200.20195853265784,-0.3954709415130612,-208.4855623308857,2.987980932572175,10,324.0,0.001,-1010.2337758360092,-3109.1848869361306,1.0058970193814043,-108.38216396497596,231.1666384125521,-1.5361838282109237,-79.19205618897826,0.7926326959705425,-91.50498199502816,5.600777456832375,-0.5701156920474232,0.0056315204195897,0.1724696612175617,0.00396,False,False,-1112.1883856724617,-3055.7135420582163,1.0005425504258572,-110.77397041774238,229.9385597974238,3.98761366813475,-25.051763048360403,0.2530064365627729,-81.6132576481427,1.793727814632826,-0.4968318115350719,-0.0066498370318663,-0.164566103429631,0.00396,False,False,-1215.0218134998463,-3007.2849312579838,0.9980079869301414,-111.65324469388982,229.3473420932951,-2.4514298399242174,104.24381923733856,1.0428529571195255,91.69101127458394,7.373189051369493,0.3086130419915178,0.0012656168077041,0.0313012838559011,0.00396,False,False
0.199,-101.0230614623811,-0.1527365140353703,-111.21874008114015,0.3980958694792522,-121.50212634399576,-0.2453593554439823,10,342.0,0.001,0.0025131782108331,-3269.1896402047687,1.005877495531136,-90.62708097393504,231.1666163574284,23.012253957240883,-75.79032097704372,0.7920044086402728,-73.7096132671747,5.6007752079492805,-0.5701156920474232,-0.0006481724821373,-0.0333682310249297,0.00398,False,False,-113.48632035754648,-3249.8412983046906,1.0005765314821151,-92.3453557393338,229.93855276002557,11.532688322353687,-22.59378490947112,0.25451265416563,-63.861236545682175,1.7937140469929953,-0.4968318115350719,0.0084318093796747,-0.4098017525111181,0.00398,False,False,-226.2521169896267,-3235.5602718630653,0.99796621445031,-93.32531937891925,229.34733804102547,-34.5449422795949,98.38410588651462,1.0424337181906729,109.77858759711056,7.3731897195818386,0.3086130419915178,-0.0029277174757876,0.1186368176100671,0.00398,False,False
0.2,1.5221708207936945e-12,2.301979603247502,-11.348681126581967,1.1527007200063126,-22.62522737605129,-3.4546803232538665,10,0.0,0.001,1010.2375468323096,-3109.1833337065764,1.005880874998158,-72.23867935801204,231.16661635742847,45.30785666276796,-64.96924444642396,0.7913604310809166,-55.61721068648687,5.600805566752482,-0.5701156920474232,-0.007130881906924,0.0579915310925137,0.004,False,False,896.3243139475397,-3125.851936122825,1.0005870166932178,-74.9422015795888,229.93855268675955,17.949042509218085,-17.924513895106834,0.2530375434619508,-45.711785761363714,1.7936782395033897,-0.4968318115350719,-0.006268658219682,-0.2581300446385834,0.004,False,False,784.6645872343066,-3147.1164207812217,0.9979830845651468,-75.49807009360502,229.3473379005127,-63.25689917198637,82.89375834153047,1.0417611472066282,127.37714067571576,7.373198242567096,0.3086130419915178,-0.0096654806375762,-0.2830187277604731,0.004,False,False
0.201,101.02296053049572,4.531338376210029,89.6322395607216,1.7944891578423168,78.4663738979537,-6.325827534052392,10,18.0,0.001,1921.582530717858,-2644.828811456361,1.0058644657844626,-54.65921654402916,231.1665943023528,63.168045749160825,-47.78816403627295,0.7925536043407825,-38.0735740820065,5.60085289296452,-0.5701156920474232,0.004733921320815,-0.3990860902070958,0.00402,False,False,1818.3962266663525,-2695.882479795705,1.000556128384052,-56.32650847980061,229.9385481169248,22.60869639220164,-11.500938484562596,0.2540644100696244,-27.24522748466055,1.7936342137967325,-0.4968318115350719,0.0040622696085021,0.2098126827827082,0.00402,False,False,1718.7727321330017,-2750.61091771334,0.9979827912257156,-57.43750929304203,229.34733621047096,-85.77674214136263,59.28910252083516,1.042897525127806,145.59435976662513,7.373210688062534,0.3086130419915178,0.0016806979857639,-0.065946370366121,0.00402,False,False
0.202,192.15699382443484,6.31710167086701,181.83930689352275,2.260648230915312,171.87712754284138,-8.577749901782305,10,36.000000000000455,0.001,2644.828811470904,-1921.5806108121933,1.005894700779861,-36.52869580122814,231.16651450670744,74.84444758043682,-25.929014077287505,0.7925965190400148,-19.30165102518885,5.600895064470021,-0.5701156920474232,0.0051034287981135,0.3724905995871098,0.00404,False,False,2562.470629332481,-2002.0214100025128,1.0005754151799988,-38.59065005440418,229.93852931055355,25.055601099823328,-3.951744061518201,0.2536179941380977,-9.382873825777644,1.7935989345464225,-0.4968318115350719,-0.0003519973125059,0.0727196331710921,0.00404,False,False,2484.6353195969223,-2084.856520259948,0.9979768840605828,-39.78276139871584,229.34732810149453,-99.90004868026014,29.88075813880531,1.042819603353674,163.75582425183163,7.373221627371622,0.3086130419915178,0.0008860097251702,0.0954393577322773,0.00404,False,False
0.203,264.48128007153576,7.484457142150452,256.2466541523512,2.5055540997482733,248.4633397035765,-9.990011241898744,10,54.000000000000455,0.001,3109.1802272816303,-1010.2355281160112,1.005899852593814,-18.806543888100272,231.1663633402023,79.19404560982987,-1.5316735710092106,0.7921585298468217,-2.0132444891997285,5.600911927525706,-0.5701156920474232,0.0006996889041291,-0.3391826266133293,0.00406,False,False,3055.712391263315,-1112.18874278947,1.000575748389011,-20.601797641619928,229.93849196804555,25.05027305812692,3.984217512053664,0.253480630395374,8.605499062663673,1.793586030094562,-0.4968318115350719,-0.0017073850889081,0.0611375381748274,0.00406,False,False,3007.2844093897934,-1215.021937225292,0.9979684219268432,-21.91364301567912,229.34731115600223,-104.24431866795668,-2.452543941044841,1.0426112272845856,-178.54274024139602,7.3732262091737235,0.3086130419915178,-0.0012042306123881,-0.2031557849484012,0.00406,False,False
0.204,310.9162365504941,7.919131003787804,305.57077736626024,2.505237325220458,300.7282209166338,-10.424368329008264,10,72.00000000000045,0.001,3269.1831076192243,-0.0025131399943205,1.005917439868752,-0.2645993195811024,231.1661544338747,75.79107160069887,23.015515061885218,0.7924751403528272,16.411090487795366,5.6008929948473964,-0.5701156920474232,0.0038925688146215,0.0851360962379742,0.00408,False,False,3249.8396441262385,-113.48753929102438,1.000528841881832,-2.620928829767044,229.9384388712432,22.593232730806324,11.530240522885949,0.2526409574214685,26.51854321867604,1.7936005850578596,-0.4968318115350719,-0.0101246986544579,-0.0257643557509942,0.00408,False,False,3235.5595009356844,-226.25265842567728,,,229.34728633166625,-98.38430433150504,-34.54575558477151,1.0419144313029445,-160.54619417403873,7.373222012023295,0.3086130419915178,-0.0081662547617437,-0.2066304849247822,0.00408,False,False
0.205,326.9165143262948,7.578574422552041,324.98349487962884,2.259728805920254,323.55572384233875,-9.838303228472258,10,90.00000000000045,0.001,3109.1755676545195,1010.2297385053124,1.0058883499039006,17.32934056435365,231.16592347338212,64.96868272017673,45.30954931305108,0.7919372426120616,34.34060093953701,5.600841451669024,-0.5701156920474232,-0.0014135155311331,0.0144664287897266,0.0041,False,False,3125.8499405659395,896.3223526720651,1.000581794134192,15.552327284950128,229.93837881958365,17.92495377098048,17.947782880451726,0.2534937742370783,44.59274664710909,1.7936371957779302,-0.4968318115350719,-0.0016483058752116,0.0490159088566988,0.0041,False,False,3147.115476258716,784.6636810877768,0.9980108732857764,14.383068016631055,229.3472575956092,-82.89363649115691,-63.25733219350306,1.042504223080463,-142.64975485764555,7.373209968177786,0.3086130419915178,-0.0022513044168931,-0.3102440309958673,0.0041,False,False
0.206,310.9159259190495,6.496128487675802,312.58456270887524,1.793056763543018,314.71133729279785,-8.289185251218804,10,108.00000000000044,0.001,2644.8205721383965,1921.572704730188,1.0059280855177588,35.02283493041936,231.16571456825696,47.78634486759975,63.16800415839554,0.7926756266009919,52.69434672852577,5.600772940032586,-0.5701156920474232,0.0060672144436016,0.3677034236503944,0.00412,False,False,2695.8803382470883,1818.3937151585549,1.0005635528862709,33.378118731304866,229.93832326816863,11.502327553103314,22.608748482150983,0.2533997684429302,62.598726537968986,1.7936820329535053,-0.4968318115350719,-0.00265177315849,0.0564098445952706,0.00412,False,False,2750.609892052352,1718.7715499764176,0.9979746899947014,32.547729790505045,229.3472304090959,-59.28867242070272,-85.7767526405467,1.04191559617932,-124.2433355487422,7.373194006320101,0.3086130419915178,-0.0081149999527007,0.096060623605061,0.00412,False,False
0.207,264.48075159376083,4.777760059843832,269.5876828739968,1.1508950705226346,275.06081537914366,-5.928655130366352,10,126.00000000000044,0.001,1921.5727047506973,2644.8179296681874,1.00590478258712,53.543226172342685,231.16556340356172,25.926115466772032,74.84267571504151,0.7919689268427396,70.37982212250837,5.600709585125468,-0.5701156920474232,-0.0009101857700324,0.0523020610071865,0.00414,False,False,2002.019332099965,2562.467813519827,1.000542527915907,51.596288532478034,229.93828195221292,3.9539465324256335,25.05696007252291,0.2538466850119374,80.28542789769861,1.7937181234202992,-0.4968318115350719,0.0017663529039694,-0.254642926412723,0.00414,False,False,2084.855513859369,2484.633977148344,0.997998884214537,50.47077531614801,229.34720964151504,-29.88006199919717,-99.89963578756443,1.0426243334832543,-106.03372317887842,7.373179550086887,0.3086130419915178,-0.0010071827122879,0.3054904678852132,0.00414,False,False
0.208,192.15641788207375,2.591688065826118,200.20169699070644,0.3960930811032663,208.4854310820663,-2.9877811469292817,10,144.00000000000043,0.001,1010.2287292070016,3109.169354853855,1.0059055064997329,71.42320250889982,231.165483609443,1.5279791954717623,79.19071681132378,0.7931565981718863,88.16127647951876,5.600671544338711,-0.5701156920474232,0.0110203253179901,-0.1673870382339352,0.00416,False,False,1112.1869319002794,3055.709546809773,1.000549061265802,69.72562255945907,229.93825916921853,-3.981417083155127,25.052806141269123,0.2539241100212458,98.52179222872392,1.793731832719221,-0.4968318115350719,0.0025212151205875,-0.0155239255308497,0.00416,False,False,1215.0210485985187,3007.283038057588,0.997995777898627,68.2782921074576,229.3471977104399,2.453437887683911,-104.24352295259276,1.0427151348190613,-88.40661477110565,7.373171446208359,0.3086130419915178,-8.770873929706382e-05,-0.0676316700055154,0.00416,False,False
0.209,101.02255680941308,0.1519157803946794,111.21859480023996,-0.3974755321054857,121.50204985429389,0.2455597517108428,10,162.0,0.001,-0.002513100816941,3269.17330883214,1.0059288343457586,89.53917529820286,231.1654615549952,-23.01964361185925,75.78651162770217,0.7918897541074336,106.45911581253624,5.600669306749349,-0.5701156920474232,-0.0016449508973148,0.1292452881674907,0.00418,False,False,113.48617260812088,3249.8370494451774,1.000544742421349,87.18566586787458,229.93825213869675,-11.527116159802082,22.59669218762464,0.253513647798723,116.44407364635111,1.7937180725853026,-0.4968318115350719,-0.0015639473366332,-0.0904963575428275,0.00418,False,False,226.25197455744487,3235.5582349553447,0.9979841364195228,86.27446068149086,229.3471936582012,34.546759771661826,-98.38320381532648,1.0438530309079477,-70.24098507045156,7.373172113713672,0.3086130419915178,0.0112903081545002,0.0977576560606699,0.00418,False,False
0.21,-3.206897192849827e-13,-2.3027188044651883,11.348666303675495,-1.1521429121833415,22.62521313271438,3.4548617166486184,10,180.0,0.001,-1010.2325000870172,3109.167801672133,1.0059092363002915,107.40381135877853,231.16546155499515,-45.31370792416564,64.96333786941648,0.7919842068992428,123.99734978870046,5.600699685294933,-0.5701156920474232,-0.0007433847303931,-0.3335638587441131,0.0042,False,False,-896.323141468198,3125.8478495691825,1.0005901900763017,105.36906304398578,229.93825206550235,-17.944640372991415,17.929001129026158,0.2537067947760766,134.25218235839924,1.793682245550497,-0.4968318115350719,0.0004181895154255,-0.2801641311162936,0.0042,False,False,-784.664093256051,3147.114439552964,0.997992895764699,104.08973280214693,229.3471935176896,63.25834829715747,-82.89233899844217,1.042869746106972,-52.093129591859096,7.373180620979368,0.3086130419915178,0.0014454290542182,0.2454048697498919,0.0042,False,False
0.211,-101.02245588079346,-4.531923680476777,-89.63212250036405,-1.7940484978176183,-78.4663245007904,6.325972178294521,10,198.0,0.001,-1921.5729313449765,2644.8155991342,1.0059183096005333,125.29762259144832,231.16543950060236,-63.17178575034144,47.78073829362752,0.7910582562459978,142.44711717395316,5.600747033553276,-0.5701156920474232,-0.0100698518119458,0.1154891170293277,0.00422,False,False,-1818.393848975673,2695.878955497456,1.00056381036816,123.6148148923766,229.93824750013445,-22.60589545763339,11.506566720329168,0.2536146248576004,152.5095432417555,1.7936381841537004,-0.4968318115350719,-0.0004411974444098,-0.0214169648052879,0.00422,False,False,-1718.7716500992883,2750.6091861007358,0.9979863590198848,122.36972381901784,229.34719182766096,85.77768120797516,-59.28730501395609,1.0420743451907528,-34.134280006994075,7.3731930427850845,0.3086130419915178,-0.0065261471940878,0.2041079670946959,0.00422,False,False
0.212,-192.15603392679327,-6.317475774129856,-181.8390694333083,-2.2603678798507927,-171.8770193406181,8.577843653980638,10,216.0,0.001,-2644.8155991495028,1921.5710114980025,1.0058877736212266,143.28717571003665,231.1653597074397,-74.8457100890165,25.92079597550473,0.7913779777787975,160.1683840325004,5.600789222392167,-0.5701156920474232,-0.0069323005120891,-0.1635904616978229,0.00424,False,False,-2562.467279388449,2002.0187927988345,1.0005624509831188,141.06116883493294,229.93822871214937,-25.054675881404343,3.957962560503506,0.2530318851758343,170.72029689447854,1.7936028701367703,-0.4968318115350719,-0.0062186527003869,0.1898908950941508,0.00424,False,False,-2484.6337554255883,2084.8552077647814,0.9979647489399072,140.4509078388059,229.3471837187476,99.90038597042094,-29.87875853600757,1.0427685730214424,-16.338742593419163,7.373203960522225,0.3086130419915178,0.0004006911008745,-0.0004332582921581,0.00424,False,False
0.213,-264.4799588901032,-7.484583411172624,-256.2463195578597,-2.505461534228653,-248.46318328796343,9.990044945401264,10,234.0,0.001,-3109.164695344638,1010.2304814320098,1.0058929707310758,161.16464924208233,231.1652085456618,-79.19270689065655,1.5234675236568131,0.7919915608985771,178.38574411368998,5.600806092860687,-0.5701156920474232,-0.0008203277596766,0.053689849859863,0.00426,False,False,-3055.7083971400484,1112.187288667988,1.0005882450039298,159.54938326402717,229.9381914061565,-25.051314504860404,-3.97801738183544,0.2540041426406513,-171.17733511103583,1.793589948555151,-0.4968318115350719,0.0035221958237569,0.292304097159099,0.00426,False,False,-3007.2825161934666,1215.0211723229804,0.99803293489869,157.9859541869971,229.34716677338764,104.24402139551688,2.4545498581792926,1.0430871220655995,1.6313596099428234,7.37320853215046,0.3086130419915178,0.0035797162837951,-0.0303616800146614,0.00426,False,False
0.214,-310.914683413687,-7.918997063380034,-305.57037840577493,-2.505341644336245,-300.7280315987512,10.424338707716288,10,252.0,0.001,-3269.166776451073,0.0025130606043433,1.005889062461086,179.22292286150105,231.16499964590025,-75.78726254280072,-23.02290577275137,0.791371948124736,-163.5341063300098,5.600787156263124,-0.5701156920474232,-0.0069896751049895,0.1338231328523041,0.00428,False,False,-3249.835396884315,113.48739034977196,1.000561452858605,177.5471592990099,229.93813836128444,-22.596139286068365,-11.524665717228952,0.2538574960252225,-153.74430692884806,1.7936045140014485,-0.4968318115350719,0.0020351310177727,-0.2746138357253505,0.00428,False,False,-3235.5574640339955,226.2525159892692,0.9980021013406062,175.93106346193608,229.3471419492466,98.38340182886884,34.547571489980946,1.0422740751054174,19.477977059148,7.373204341151821,0.3086130419915178,-0.0045448263509142,-0.183764997649181,0.00428,False,False
0.215,-326.9148812670181,-7.578193368421023,-324.983070614982,-2.2600198368519413,-323.5555201539812,9.838213205272991,10,270.0,0.001,-3109.160035864226,-1010.2246920042036,1.005907206868813,-162.75314493001088,231.16476869270352,-64.96277603951071,-45.31540116944935,0.7918418823715826,-145.57515856550222,5.600735600752707,-0.5701156920474232,-0.0022174221344779,0.0925906773507014,0.0043,False,False,-3125.845855964034,-896.3211821105554,1.000544562890946,-164.69156505936007,229.9380783683684,-17.929441275672396,-17.94337926155727,0.2532115757413942,-135.57013999295424,1.7936411622477175,-0.4968318115350719,-0.0044759002674207,-0.0998698188921015,0.0043,False,False,-3147.11349503788,-784.663187116607,0.9980016599702756,-166.0158117190715,229.34711321341643,82.8922173151827,63.25878043100713,1.0430289008496465,37.66392246296508,7.373192318475711,0.3086130419915178,0.0030204337229857,0.0021275993619005,0.0043,False,False
0.216,-310.914372792548,-6.4955376060232135,-312.584154670948,-1.7935060535638316,-314.711139172409,8.289043659587042,10,288.0,0.001,-2644.807360076426,-1921.5631056657455,1.005880891511596,-144.55421494932068,231.16455979421045,-47.77891863680925,-63.1717442356874,0.7925519189088999,-127.73734460493726,5.600667074501904,-0.5701156920474232,0.0049798539919602,-0.0701043773234754,0.00432,False,False,-2695.876816043717,-1818.3913399240969,,,229.9380228713051,-11.507957026417468,-22.605947369992705,0.2535090634855942,-117.21000994919186,1.7936860530995262,-0.4968318115350719,-0.0015645080768759,0.2616752717381741,0.00432,False,False,-2750.608160447843,-1718.7704679519816,0.9980148823255948,-147.4195631476801,229.34708602711896,59.28687566322617,85.77769160568046,1.042489554408719,55.54892942790049,7.373176385760096,0.3086130419915178,-0.0023504984237793,-0.1129799211981237,0.00432,False,False
0.217,-264.4794304298615,-4.777017178904017,-269.587330997296,-1.1514586686856152,-275.060642220103,5.928475847589599,10,306.0,0.001,-1921.5631056872928,-2644.8047176897726,1.005925532389613,-126.61685271771049,231.16440863433837,-25.917896540567764,-74.84393777402397,0.7919544742940583,-109.7649647056252,5.600603709694852,-0.5701156920474232,-0.0009049807869455,-0.098601568651459,0.00434,False,False,-2002.0167169292524,-2562.464466330047,1.000575986689733,-129.04989316513283,229.93798159578063,-3.9601671142444097,-25.05603599845757,0.2532443960465801,-99.26771450168164,1.7937221963402596,-0.4968318115350719,-0.00426229672825,0.2062185056054596,0.00434,False,False,-2084.854201372186,-2484.6324129875875,0.997993202828496,-129.6559709153341,229.3470652597039,29.87806365481158,99.89997377248172,1.0418903812680402,73.51651262180964,7.373161956550091,0.3086130419915178,-0.0083218238460807,-0.1455789561402553,0.00434,False,False
0.218,-192.15545800353763,-2.590865896345574,-200.20143570498956,-0.3967158376613173,-208.48529983433176,2.987581734006852,10,324.0,0.001,-1010.2236827396068,-3109.153823260992,1.0059000355646075,-108.629040374723,231.16432884277816,-1.5197720684653926,-79.18937716145474,0.792104501305147,-91.7195666296486,5.600565668912034,-0.5701156920474232,0.0006490871149259,-0.0543473452915436,0.00436,False,False,-1112.1854795508198,-3055.705555469217,1.0005489614225591,-110.54456403934056,229.9379588350858,3.975214228980016,-25.05384994179138,0.2539435434962445,-81.5436344669252,1.7937359408119202,-0.4968318115350719,0.0027097401501635,-0.0669441491639543,0.00436,False,False,-1215.0202837032905,-3007.281144872114,0.9979804047018624,-111.48956519464386,229.34705332872448,-2.4554421605152856,104.24322710324611,1.0432842862438547,91.83879688954369,7.373153868292245,0.3086130419915178,0.0056286644360053,0.1764751565043552,0.00436,False,False
0.219,-101.02205217310195,-0.1510947989373061,-111.21844966169296,0.3968545691300442,-121.50197336522314,-0.2457597701928072,10,342.0,0.001,0.0025130194429578,-3269.156977975401,1.0059083113410008,-90.33954468740149,231.16430678904092,23.02703555170139,-75.7827012496231,0.7912878123368685,-73.92454002586533,5.600563442631886,-0.5701156920474232,-0.0075146541322797,-0.2605281324760868,0.00438,False,False,-113.48602500442318,-3249.83280474201,1.0005590965331996,-92.6280090353972,229.9379518114465,11.521538255888188,-22.599602075288747,0.2536995203737472,-63.57408927969337,1.7937221882767835,-0.4968318115350719,0.0002889579468982,-0.0946499151319268,0.00438,False,False,-226.2518321265104,-3235.55619806372,0.9980063058690698,-93.5004527704524,229.34704927651845,-34.548573807590174,98.38230332491162,1.0427957346539185,109.49068927897684,7.373154535086533,0.3086130419915178,0.0007422055471133,-0.1718724141666208,0.00438,False,False
0.22,1.4420847607114077e-12,2.3034582328249087,-11.348651495291788,1.1515845313513822,-22.625198889495564,-3.455042764176332,10,0.0,0.001,1010.2274534973612,-3109.1522701295617,1.0058794059097165,-72.7106727531604,231.16430678904104,45.31956103847365,-64.9574296086833,0.7921925995501105,-55.74327597744232,5.600593840873922,-0.5701156920474232,0.0014902283939791,-0.0803075097275196,0.0044,False,False,896.3219701346213,-3125.8437670134986,1.0005744197167268,-74.67306365866803,229.93795173832385,17.940233584888226,-17.9334926182336,0.2538017828295408,-45.356891599998185,1.7936863418231608,-0.4968318115350719,0.0013622770457101,0.1247738659274177,0.0044,False,False,784.6635992815725,-3147.1124583404026,0.9979872258356332,-75.96649390040952,229.34704913600797,-63.25979462336237,82.89092222691652,1.0426710602832756,127.74982142805555,7.373163026618464,0.3086130419915178,-0.0005165469989342,0.0870518293321805,0.0044,False,False
0.221,101.02195124791191,4.532509169019079,89.63200555475906,1.793607373430932,78.4662751040386,-6.326116542450026,10,18.0,0.001,1921.5633322736285,-2644.802387231248,1.0058779622080507,-54.40316777408333,231.16428473536564,63.175526991404126,-47.77331037774601,0.7915488054455045,-37.80775499400751,5.600641211098102,-0.5701156920474232,-0.0050147042655679,-0.145501118144434,0.00442,False,False,1818.391473610321,-2695.875434647365,1.0005490432406934,-56.52388062112527,229.9379471774269,22.60309141548655,-11.512200440083944,0.253135293472375,-27.236746441833844,1.793642244860316,-0.4968318115350719,-0.0052402540030328,0.2463071374118568,0.00442,False,False,1718.770568074055,-2750.607454501879,0.9979975703286372,-57.6805794450899,229.34704744599304,-85.77861840689098,59.28551081782945,1.0424990813196908,145.55878557285033,7.3731754247155905,0.3086130419915178,-0.0022538701918858,-0.1041302672337272,0.00442,False,False
0.222,192.155074061294,6.317850000829519,181.83883220590965,2.260087218471805,171.8769111392985,-8.577937219301333,10,36.0,0.001,2644.802387247305,-1921.5614124883875,1.0059036349510355,-36.63130660971658,231.164204944812,74.84697310391499,-25.912575424133337,0.7920101363231742,-19.6172500862436,5.6006834171954285,-0.5701156920474232,-0.0004610839241245,0.0446572827440202,0.00444,False,False,2562.463932721879,-2002.016178155852,1.0005794565427413,-38.55379137640567,229.9379284078449,25.05374940321009,-3.964187235021038,0.2531119523914206,-9.62438754428292,1.7936068961636409,-0.4968318115350719,-0.0054236742063268,-0.1407788425029349,0.00444,False,False,2484.632191266649,-2084.853895280044,0.9979885473586856,-40.026557669490494,229.34703933714604,-99.90072250712528,29.87676265915379,1.0433354511340691,163.76826939065415,7.373186320864628,0.3086130419915178,0.0060944184701543,0.1052750298280649,0.00444,False,False
0.223,264.47863775312203,7.484709730793495,256.2459852914816,2.5053688427491774,248.46302687366727,-9.9900785735427,10,54.0,0.001,3109.1491639044216,-1010.2254349068468,1.0059149842815378,-18.754009243827984,231.16405378800025,79.19136789560116,-1.515258990294035,0.7920872515142099,-1.6800681731616065,5.600700295045307,-0.5701156920474232,0.0002861991020299,-0.0182405811137571,0.00446,False,False,3055.704406925701,-1112.1858359688956,1.000544239375647,-20.2801596638787,229.9378911384005,25.052356662178333,3.971810989161243,0.2541457661802427,8.384557426536226,1.7935939574811983,-0.4968318115350719,0.0049327617420843,-0.1317884728471128,0.00446,False,False,3007.2806230122696,-1215.0204074267187,0.9979787956627189,-21.88177240743665,229.3470223919253,-104.2437245577795,-2.456551998867822,1.0429778257094302,-178.4131016944094,7.373190882311859,0.3086130419915178,0.0025117133632231,-0.0761266559394266,0.00446,False,False
0.224,310.9131303293791,7.918863095872393,305.56997983659267,2.505446034100758,300.72784228246985,-10.424309129973128,10,72.0,0.001,3269.150445809134,-0.0025129772494807,1.005854194327282,-0.5134301556195994,231.16384489513464,75.78345245474989,23.030298762846638,0.7913552040175611,16.26519887085695,5.600681354561833,-0.5701156920474232,-0.0070074899758499,-0.0729898295892805,0.00448,False,False,3249.8311538002145,-113.48724155315018,1.000568342421662,-2.357827949541248,229.9378381455059,22.59904845195963,11.519085175080928,0.2537002923000713,25.96488386074256,1.7936085333828953,-0.4968318115350719,0.0004574095025064,-0.551408219269106,0.00448,False,False,3235.555427148708,-226.2523735538935,0.9979733597916456,-3.828081445492941,229.34699756798895,-98.38250090670928,-34.54938393792814,1.0430120212674,-160.03387473152395,7.373186697469764,0.3086130419915178,0.0028595872033658,0.30307954060423,0.00448,False,False
0.225,326.9132482631986,7.577812212236714,324.9826467665338,2.2603111280494805,323.55531646735307,-9.83812334028619,10,90.0,0.001,3109.14450457807,1010.2196456710684,1.0058688263072726,17.66651773452063,231.1636139495984,64.9568676760947,45.321254875612325,0.7925042263386433,34.73050245120702,5.600629786814109,-0.5701156920474232,0.0045556610431824,0.392133430171619,0.0045,False,False,3125.841775361864,896.3200126965646,1.0005444656501092,15.249372621716557,229.9377782113868,17.933933034809172,17.93897099331212,0.2534719848179009,44.55565595040794,1.7936452190942245,-0.4968318115350719,-0.001877546749705,0.0399411940527467,0.0045,False,False,3147.111513833115,784.6626931495737,0.99797266978398,14.439277983421793,229.34696883239707,-82.89080071090352,-63.26022586892493,1.0432622101833564,-142.59204701682046,7.373174695978023,0.3086130419915178,0.0053784490353212,-0.2551454957878695,0.0045,False,False
0.226,310.9128197190332,6.494946557437175,312.5837470333749,1.7939557679224791,314.71094105370867,-8.288902325359658,10,108.0,0.001,2644.794148446676,1921.553506918358,1.005883324638558,35.5371127097174,231.16340505806733,,,,,,-0.5701156920474232,0.0010312684553243,-0.0892347813582336,0.00452,True,False,2695.8732972904054,1818.388967017204,1.0005668516686634,33.55825698622351,229.9377227687242,11.513591980996768,22.603143150188817,0.2534056449510203,62.71645031144365,1.7936901635633742,-0.4968318115350719,-0.0026045064963363,0.2021515999291485,0.00452,False,False,2750.606428857489,1718.7693859364945,0.9979387912829996,32.24371963651798,229.3469416463261,-59.285082217050295,-85.77862870306184,1.0428935489621682,-124.2936980173898,7.373158792424099,0.3086130419915178,0.0017143278450893,0.0430891870926373,0.00452,False,False
0.227,264.47810931124263,4.776274082557481,269.5869794659093,1.1520228136675157,275.06046906254335,-5.928296896224937,10,126.0,0.001,1921.5535069409452,2644.791506147747,1.0058920648114935,53.20108857687448,231.1632539032568,25.90967517002159,74.84520034249269,0.7921972886954166,70.86859316139027,5.600497871494954,-0.5701156920474232,0.0016728410443511,0.528837481666454,0.00454,False,False,2002.014104321075,2562.461122420232,1.0005493248710433,51.55764892912229,229.9376815336676,3.96639386725922,25.05511066196341,0.2530906224635624,80.48105360591886,1.7937263595563624,-0.4968318115350719,-0.005805920235102,-0.0309954077187892,0.00454,False,False,2084.852888895828,2484.6308488397567,0.9979691158009708,50.19746531390301,229.34692087908493,-29.876069037280303,-99.90031100445631,1.0425537456155929,-106.21972551024288,7.373144390254213,0.3086130419915178,-0.001663337876685,0.1168797623499978,0.00454,False,False
0.228,192.1544981580494,2.5900434841131355,200.20117467573195,0.3973392099582419,208.48516858772336,-2.987382694071284,10,144.0,0.001,1010.218636441781,3109.138292182071,1.0058758418452534,71.58683048445644,231.16317411438112,1.5115624621571864,79.18803724171727,0.7921015846981962,88.39793510446307,5.600459830796309,-0.5701156920474232,0.0007695987440925,0.0570351777695098,0.00456,False,False,1112.1840286253496,3055.7015680401023,1.0005477222272865,70.10235663124794,229.93765879529232,-3.96900511787395,25.05489444791752,0.2536272794362282,98.5735982985405,1.7937401392370047,-0.4968318115350719,-0.0004588379196937,0.0643092298648373,0.00456,False,False,1215.0195188144617,3007.2792517023117,0.9980098570465188,68.07214268556486,229.346908948206,2.4574426557173044,-104.24293168963484,1.0420227739518857,-88.37185060144967,7.373136317624954,0.3086130419915178,-0.0069616380919784,-0.0354750930813467,0.00456,False,False
0.229,101.02154755424684,0.1502735711602417,111.21830466563247,-0.396232981780288,121.50189687681376,0.2459594106201276,10,162.0,0.001,-0.0025129341026399,3269.1406476603424,1.0058955289245757,89.33124331157343,231.16315206138927,-23.034429763258665,75.77888984966256,0.7923489073650665,106.66128251614974,5.600457615840775,-0.5701156920474232,0.0032459578329501,0.319174816305611,0.00458,False,False,113.48587754655884,3249.82856419896,1.0005474797685143,87.45441277237455,229.93765177854172,-11.51595462165626,22.602514566761883,0.2535632773577026,116.39823689768136,1.7937263943934278,-0.4968318115350719,-0.001079420560751,-0.1083002332229334,0.00458,False,False,226.25168969687724,3235.554161188995,0.9980054366042656,85.98766070665417,229.34690489603415,34.550384384915496,-98.38140441642427,1.043086348894167,-70.36842282116534,7.373136983704236,0.3086130419915178,0.0036731693524862,-0.0322868581183248,0.00458,False,False
0.23,-2.563468599170932e-12,-2.304197886975436,11.348636701448616,-1.1510255786149863,22.62518464640046,3.455223465590453,10,180.0,0.001,-1010.2224070713236,3109.136739103384,1.0058981991791136,107.7817501835691,231.16315206138933,-45.32541599496263,64.95151967491947,0.791782901489352,124.15554049881942,5.600488033733249,-0.5701156920474232,-0.0024571183202697,-0.1876109273905624,0.0046,False,False,-896.3207999478755,3125.839688459393,1.000534707831846,105.27904966509163,229.93765170549077,-17.935822153651138,17.937988353893523,0.2537649112755463,134.5530718042317,1.7936905286473233,-0.4968318115350719,0.0009876404422516,0.0487633578338083,0.0046,False,False,-784.6631053110676,3147.1104771443206,,,229.3469047555249,63.26123814861421,-82.8895080288127,1.0427943401486928,-51.95301066391147,7.373145459488199,0.3086130419915178,0.0007410953291105,0.3829177531296378,0.0046,False,False
0.231,-101.02144663264576,-4.533094840763529,-89.63188872400606,-1.7931657855569143,-78.46622570771781,6.326260626320449,10,198.0,0.001,-1921.5537335189829,2644.789175768362,1.0059076773031208,125.71971742532293,231.16313000846648,-63.179269465449,47.765880302115775,0.7911334333163056,142.2035154218133,5.600535425842724,-0.5701156920474232,-0.0090188226147006,-0.1403507772939824,0.00462,False,False,-1818.3891005724267,2695.871917248545,1.0005636968020188,123.28035352202346,229.9376471490689,-22.600284271346325,11.51783963272184,0.2551321302504216,152.4755381540382,1.7936463962425289,-0.4968318115350719,0.0147222428364057,-0.0273803505496138,0.00462,False,False,-1718.7694860577303,2750.6057229174558,0.997975285573704,122.1102732767454,229.3469030655245,85.77955373679555,-59.28371993483724,1.041894870401137,-34.624356120470665,7.373157833857897,0.3086130419915178,-0.0082711021478997,-0.2885736984662179,0.00462,False,False
0.232,-192.15411422944885,-6.3182243502757895,-181.8385952115314,-2.2598062473370883,-171.87680293892342,8.578030597612972,10,216.0,0.001,-2644.7891757851744,1921.5518137984973,1.0059065409761734,143.5836088942129,231.1630502206475,-74.84823662273755,25.904352438132904,0.7924506271757176,160.5252445889974,5.600577649123487,-0.5701156920474232,0.0040934032431156,0.1810318140633059,0.00464,False,False,-2562.460589335751,2002.0135660758704,1.0005525484547837,141.67959945949514,229.9376283979065,-25.05282166712121,3.970418072783172,0.2545080886822656,170.2882489283847,1.7936110129530056,-0.4968318115350719,0.0085318666827709,-0.2141135386263555,0.00464,False,False,-2484.630627120716,2084.852582806256,0.9979699666433413,140.31364416449935,229.34689495674667,99.90105828985897,-29.874770510915617,1.0428928543232296,-16.373895866927057,7.373168708402674,0.3086130419915178,0.0016933581443165,-0.0381918473715455,0.00464,False,False
0.233,-264.4773166626757,-7.484836100773647,-256.2456513535096,-2.505276025498042,-248.46287046074812,9.990112126271685,10,234.0,0.001,-3109.133632985506,1010.2203885484814,1.0058860971188228,161.35329949961675,231.1628990690407,-79.19002862700893,1.5070479858883017,0.7920772545135895,177.82355854874663,5.600594534323236,-0.5701156920474232,0.0003357973433448,-0.5207340103006194,0.00466,False,False,-3055.70042062382,1112.1843846934644,1.0005683788187456,159.26513617349875,229.93759116504384,-25.0533995280724,-3.9655983462985143,0.2540476617809489,-171.36660942247647,1.793598057198691,-0.4968318115350719,0.0039459198730661,0.1310737008465502,0.00466,False,False,-3007.2787298469448,1215.0196425368122,0.9979810091995892,158.6107242699034,229.3468780116718,104.24342815508138,2.458550360410708,1.0424233141336914,1.7062280894777715,7.373173259661775,0.3086130419915178,-0.0030084802034118,0.0419015327218544,0.00466,False,False
0.234,-310.91157730002146,-7.918729101499468,-305.5695816590658,-2.5055504943129687,-300.7276529678628,10.42427959581241,10,252.0,0.001,-3269.1341157191914,0.002512889922329,1.005888171657457,179.45566728026802,231.16269018340105,-75.77964134340198,-23.03769401866085,0.7927835627396881,-163.8548367431737,5.600575589987193,-0.5701156920474232,0.0074256709412931,-0.1991456139235599,0.00468,False,False,-3249.826914877701,113.4870929012729,1.0005425993713712,177.57149071735878,229.937538224174,-22.60196022277904,-11.513498907488229,0.2540449210550122,-153.5310898822951,1.793612643528165,-0.4968318115350719,0.0038978844287315,-0.0333530055779688,0.00468,False,False,-3235.5533902806246,226.2522311196101,0.9979768675267228,176.45607505587833,229.3468531879503,98.38160156618088,34.551192926149554,1.0428212286748393,19.61696778711357,7.373169080980978,0.3086130419915178,0.0009765747551228,-0.0473795354823743,0.00468,False,False
0.235,-326.9116153174152,-7.57743095468489,-324.9822233346599,-2.2606026789423077,-323.5551127825342,9.838033633627182,10,270.0,0.001,-3109.128973820571,-1010.2145995138808,1.0058877305931018,-162.56564061102412,231.16245924589,-64.95095764062395,-45.32711042080966,0.7915505278743359,-145.91503775067517,5.600524010096912,-0.5701156920474232,-0.0048317327318477,-0.2595270423543771,0.0047,False,False,-3125.8376987630427,-896.3188444311476,1.0005332851794388,-164.52191788968645,229.9374783489049,-17.938429039554627,-17.93455808446007,0.2537922496505387,-135.60380719120928,1.7936493666433369,-0.4968318115350719,0.0013192360564676,-0.1054927501659816,0.0047,False,False,-3147.1095326452028,-784.6621991868674,0.997970099044587,-165.91409667511203,229.346824452608,82.88938668017826,63.26166850527012,1.0432502013192646,37.74719771203733,7.37315710068855,0.3086130419915178,0.0052832438914112,0.0827976941083446,0.0047,False,False
0.236,-310.9112667009593,-6.494355342987332,-312.5833397965196,-1.7944059057352402,-314.7107429367761,8.288761248722555,10,288.0,0.001,-2644.7809372700017,-1921.5439085031855,1.005871638499832,-144.4251737944343,231.16225036165065,-47.76405967882169,-63.179228103051216,0.7910990499227172,-127.33901536740078,5.600455455005162,-0.5701156920474232,-0.0092495607075118,0.3159858859179016,0.00472,False,False,-2695.8697819902645,-1818.386596439996,1.0005609298065925,-146.11140877791965,229.9374229606924,-11.5192324057352,-22.60033582832451,0.2542046530184975,-117.46666815968128,1.793694364670844,-0.4968318115350719,0.0053796329152757,0.0330633201596031,0.00472,False,False,-2750.604697281973,-1718.768303930378,0.9979744174556588,-148.04084142881788,229.34679726677416,59.28329208455644,85.779563931376,1.0431931839649415,56.07667424207164,7.373141226315909,0.3086130419915178,0.0047355201012618,0.4121600766758677,0.00472,False,False
0.237,-264.4767882399931,-4.775530772153352,-269.58662828015173,-1.152587504357133,-275.06029590653566,5.928118276510501,10,306.0,0.001,-1921.543908526804,-2644.7782950629744,1.0058540970284695,-126.59550218034464,231.1620992121403,-25.901451370093785,-74.84646341805333,0.7914070928267244,-109.6240026584637,5.600392070769389,-0.5701156920474232,-0.0060794928215693,0.0301208406771311,0.00474,False,False,-2002.0114942777395,-2562.457781793361,1.0005276712025724,-128.30611730182514,229.9373817661402,-3.972626779180705,-25.054184064919998,0.2533050454168608,-99.1494459437698,1.7937306133942668,-0.4968318115350719,-0.0036677065373749,0.3525371398906975,0.00474,False,False,-2084.851576430812,-2484.6292847054647,0.9979763864629662,-129.61074992452623,229.3467764997148,,,,,,0.3086130419915178,0.0014734852004785,-0.4605012212014048,0.00474,True,False
0.238,-192.15353834712863,-2.589220830625077,-200.2009139031693,-0.3979631967646507,-208.48503734229632,2.9871840273897763,10,324.0,0.001,-1010.2135903214806,-3109.122761641616,1.0058758473518152,-108.46557775765922,231.1620194260749,-1.5033503915152182,-79.18669705445721,0.7927810069635549,-91.98855628882175,5.600354030235075,-0.5701156920474232,0.0077134459862822,-0.3355774289911706,0.00476,False,False,-1112.182579125141,-3055.697584525975,1.0005349873000684,-110.47928293090702,229.93735905010445,3.962789762106456,-25.05593965763723,0.2540668480817994,-81.44804728983752,1.7937444283200072,-0.4968318115350719,0.0039307828566662,0.0566983671398203,0.00476,False,False,-1215.0187539323283,-3007.277358548919,0.997973708967555,-111.72404386234538,229.3467645689408,-2.459439370591631,104.24263671209444,1.0436572670308488,91.43393772342964,7.373118794210262,0.3086130419915178,0.0094080745483735,-0.2309874497340099,0.00476,False,False
0.239,-101.0210429536446,-0.1494520985602851,-111.21815981218732,0.3956107712836237,-121.5018203890959,-0.2461586727233485,10,342.0,0.001,0.0025128448025242,-3269.124317912748,1.005884554114327,-90.26113713532592,231.16199737386333,23.041826233020338,-75.77507743467703,0.7919267443615536,-73.80401490380503,5.600351826619469,-0.5701156920474232,-0.0008260636506528,-0.1522441971383603,0.00478,False,False,-113.48573023465109,-3249.8243278197942,1.0005674024077609,-92.50804502694449,229.93735204024887,11.51036526815538,-22.60542965634021,0.2541273468631324,-63.64921457596392,1.7937306912606796,-0.4968318115350719,0.0045551978056043,-0.1417140957177681,0.00478,False,False,-226.25154726859807,-3235.5521243319654,0.9979831321812428,-93.71372359921754,229.34676051680484,-34.55219150117604,98.38050709101717,1.042877884657886,109.46736662888044,7.373119459570563,0.3086130419915178,0.001613309857186,-0.1977976745231869,0.00478,False,False
0.24,-9.608406322542945e-13,2.304937765565446,-11.34862192216374,1.1504660550797083,-22.62517040343929,-3.45540382064524,10,0.0,0.001,1010.2173608168688,-3109.1212086181204,1.0058828497230337,-72.45146872250307,231.16199737386336,45.33127278290136,-64.94560807882112,0.7919370819573984,-55.49818248574694,5.600382264116283,-0.5701156920474232,-0.000765732813005,0.1525441957699406,0.0048,False,False,896.3196309089938,-3125.835613910492,1.0005558815724078,-74.37209973827717,229.9373519672697,17.93140608802664,-17.942488327166657,0.2533733699571891,-44.74469565690391,1.7936948063483802,-0.4968318115350719,-0.0029338223241705,0.7650360871428127,0.0048,False,False,784.6626113447284,-3147.108495965491,0.998014259872937,-75.77613030870421,229.34676037629683,-63.262678870928326,82.8880964059876,1.0429665962962391,127.4770593268519,7.373127919592369,0.3086130419915178,0.0024884619631432,-0.1883121627331559,0.0048,False,False
0.241,101.0209420357874,4.533680694637036,89.63177200820446,1.792723735070459,78.46617631184303,-6.326404429707513,10,18.0,0.001,1921.5441350961837,-2644.775964766404,1.0058810663718758,-54.47639933429551,231.1619753217276,63.18301316557505,-47.75844808022567,0.791871445227856,-37.4970851625828,5.600429678030445,-0.5701156920474232,-0.0014891535088822,0.1529265663180917,0.00482,False,False,1818.3867298640816,-2695.868403304129,1.0005622382938557,-56.97226548916266,229.93734741532683,22.597474030800164,-11.52348428713322,0.2537981815862012,-27.452289496372654,1.7936506386257245,-0.4968318115350719,0.0013767565583493,0.0588340160950926,0.00482,False,False,1718.7684040507313,-2750.603991348142,0.9979667843509328,-57.45262296306914,229.34675868631132,-85.78048719637547,59.2819323673586,1.0426435360771589,145.60590932265848,7.373140270215812,0.3086130419915178,-0.0007596066468401,-0.0596079154749273,0.00482,False,False
0.242,192.15315443278124,6.318598821778751,181.8383584503921,2.2595249670056403,171.87669473954324,-8.578123788784415,10,36.0,0.001,2644.77596478397,-1921.5422154434923,1.0058755757683346,-36.64561495301236,231.16189553676944,74.84950064308924,-25.8961270324646,0.7920586011858072,-19.52536340361979,5.6004719184196246,-0.5701156920474232,0.0003226691393716,0.1243016811525431,0.00484,False,False,2562.4572492330285,-2002.0109565612213,1.0005720529000857,-38.60291358417907,229.9373286826008,,,,,,-0.4968318115350719,-0.0028132553511726,-0.3512327958131745,0.00484,True,False,2484.629062988409,-2084.8512703439283,0.9979767414570964,-39.68174582054253,229.34675057760631,-99.90139331810856,29.87278209396146,1.041843537726335,163.7008159837264,7.373151123140206,0.3086130419915178,-0.0087749385079479,0.0352204615103826,0.00484,False,False
0.243,264.4759956208505,7.484962520873539,256.24531774424025,2.5051830826634145,248.46271404926787,-9.990145603536964,10,54.0,0.001,3109.118102612408,-1010.215342364888,1.005857885273609,-18.69349381075669,231.16174439060617,79.18868908722524,-1.4988345254086513,0.791003904199058,-1.6523193987111888,5.600488810937748,-0.5701156920474232,-0.0102481903563526,-0.002734105091141,0.00486,False,False,3055.696438237934,-1112.1829348429992,1.000579945688881,-20.71854007365189,229.9372914863527,25.054443100533557,3.959379465519767,0.2536411771565687,8.199146272953696,1.7936022480330651,-0.4968318115350719,-0.0001248531055459,-0.2891274802062895,0.00486,False,False,3007.276836698236,-1215.0188776535574,0.9979891773400136,-21.530406395109704,229.346733632684,-104.24313218775882,-2.460544940111497,1.0424429290642176,-178.72110022123766,7.373155664204055,0.3086130419915178,-0.0027874471632043,-0.386726295360552,0.00486,False,False
0.244,310.91002432806664,7.918595080495905,305.569183873548,2.5056550247718383,300.7274636550047,-10.424250105267738,10,72.0,0.001,3269.1177862070235,-0.0025127986307182,1.0058853137639143,-0.5658210766973664,231.16153551252236,75.77582921561338,23.0450915266824,0.7908114614789807,16.067474186039455,5.600469862782486,-0.5701156920474232,-0.0121458208189703,-0.2829568512735386,0.00488,False,False,3249.82268012053,-113.48694439429178,1.0005732177578286,-2.720449289520148,229.93723859755448,22.604874592823364,11.507906925501844,0.2533770878229889,26.567087854431666,1.7936168447626777,-0.4968318115350719,-0.0027863893343274,0.0788677882673599,0.00488,False,False,3235.55135343054,-226.2520886864724,0.997993198988796,-3.477528469969408,229.34670880918688,-98.38070380843668,-34.552998452184625,1.04323975863787,-160.16746867267264,7.373151491689297,0.3086130419915178,0.0051867494002793,0.1668844878701474,0.00488,False,False
0.245,326.9099824322465,7.57704959645133,324.98180031973703,2.260894488959933,323.5549090996051,-9.83794408541124,10,90.0,0.001,3109.1134436162483,1010.2095535405996,1.0058874079529871,17.44831603687312,231.16130458340112,64.9450459437947,45.332967794309845,0.7921505617844194,34.4563777939603,5.600418270844392,-0.5701156920474232,0.0013181442539767,0.1057662356178739,0.0049,False,False,3125.8336261711893,896.3176773153206,1.0005864195634426,15.38840538406,229.93717878118863,17.942929281069432,17.930140543748728,0.2543422010088519,44.392817166270845,1.793653605220418,-0.4968318115350719,0.0068127553864064,-0.0948250969439154,0.0049,False,False,3147.1075514749155,784.6617052286831,0.9979494264013544,14.29260870317065,229.34668007410556,-82.88797522486392,-63.2631083380589,1.043063634854626,-142.4870601596647,7.373139532611136,0.3086130419915178,0.0034424242583681,-0.1527596386403908,0.0049,False,False
0.246,310.90971374078,6.493763963743822,312.5829329607448,1.794856466117373,314.7105448216906,-8.28862042986118,10,108.0,0.001,2644.7677265672664,1921.5343104353765,1.0058974807013796,35.43738927240253,231.16109570678356,47.75662697860198,63.18297187932234,0.7919652168823128,52.71817506017447,5.600349701526044,-0.5701156920474232,-0.0004383331071184,0.3670538281794935,0.00492,False,False,2695.8662701464245,1818.384228194559,1.00053884174582,33.62509870055155,229.9371234474755,11.524878289522048,22.597525409987497,0.2534893777397616,62.6531590280752,1.7936986567471795,-0.4968318115350719,-0.0017791897846475,0.166934793598449,0.00492,False,False,2750.602965721972,1718.767221934057,0.9979582979249932,32.4707059330241,229.3466528885196,-59.28150526812371,-85.78049728931006,1.0428883397371558,-124.39033122509248,7.373123687439371,0.3086130419915178,0.0017118815404752,-0.0561446823134421,0.00492,False,False
0.247,264.47546721820174,4.774787249040774,269.5862774403377,1.1531527396430596,275.06012275215056,-5.92793998868377,10,126.0,0.001,1921.534310460038,2644.7650844563086,1.0059102114334513,53.63407009806349,231.1609445628123,25.89322515574662,74.8477269983116,0.7917912812951345,70.68684417619474,5.6002863077614045,-0.5701156920474232,-0.0020880366571783,0.3348448605000873,0.00494,False,False,2002.0088868015828,2562.454444452385,1.000537770606243,51.53867847237024,229.93708229346453,3.9788658377146247,25.053256209207937,0.2534192838083025,80.25716183195956,1.7937349581790902,-0.4968318115350719,-0.0025314670765808,-0.2268088983332019,0.00494,False,False,2084.85026397766,2484.627720585327,0.99796871277065,50.16535636447888,229.3466321216507,-29.872090993460866,-99.90098320751966,1.0432610931166235,-106.37160765357008,7.373109339400416,0.3086130419915178,0.0054597065264358,-0.0376024480695719,0.00494,False,False
0.248,192.15257857229463,2.5883979373782973,200.20065338753665,0.398587796850352,208.4849060981061,-2.9869857342285706,10,144.0,0.001,1010.2085443867006,3109.107231664152,1.0059100133403105,71.60826846720511,231.16086477968352,1.4951358715105267,79.18535660202143,0.7920712034516242,88.2848372221852,5.60024826747153,-0.5701156920474232,0.0007649820015743,-0.0683071231461903,0.00496,False,False,1112.1811310515152,3055.6936049303667,1.00056834095244,69.70106889440794,229.93705959978885,-3.9565681739523546,25.05698556893957,0.2534072059615706,98.5765079732777,1.793748808385916,-0.4968318115350719,-0.0026718326942343,0.0953024385196555,0.00496,False,False,1215.0179890572094,3007.2754654126893,0.9979698062319022,68.0086831960689,229.34662019098664,2.461432302442216,-104.242342170961,1.0426063994604575,-88.47079307453234,7.373101298052003,0.3086130419915178,-0.0010758578512369,-0.137016850655536,0.00496,False,False
0.249,101.02053837209644,0.148630382635114,111.21801510149037,-0.394987938868132,121.50174390210404,0.2463575562331555,10,162.0,0.001,-0.0025127515162353,3269.107988758411,1.0058772111029692,89.3684763035541,231.1608427282871,-23.049224947472663,75.77126401152506,0.7918239436874308,106.5242022492009,5.600246075211085,-0.5701156920474232,-0.0017045153159047,0.1698493728623319,0.00498,False,False,113.48558306886356,3249.820095608281,1.000547058378913,87.4232131102701,229.93705259683463,-11.504770206438868,22.608347338317856,0.2536133909506664,116.55350918652456,1.7937350792034306,-0.4968318115350719,-0.0005905668072056,0.0750613550549094,0.00498,False,False,226.251404841748,3235.550087493445,0.9979633064987864,86.08485597181772,229.34661613888824,34.55399515391196,-98.3796113498428,1.0423535494894367,-70.26410869436823,7.373101962689343,0.3086130419915178,-0.00360529750059,0.0694288146481331,0.00498,False,False
0.25,-1.605440063953685e-13,-2.3056778672437326,11.348607157441055,-1.1499059618514935,22.625156160608483,3.455583829095213,10,180.0,0.001,-1010.2123147419546,3109.10567869831,1.0058963222349615,107.39822915101814,231.1608427282871,-45.337131391556944,64.93969483108708,0.7926693776092482,124.36848518835512,5.6002765322660695,-0.5701156920474232,0.0067067511220397,0.0130879899902682,0.005,False,False,-896.3184630189985,3125.831543370424,1.0005440957453595,105.60512991132347,229.9370525239273,-17.926985396765176,17.946992529210313,0.2538640108478372,134.2336727979209,1.793699175251194,-0.4968318115350719,0.0019664080206985,-0.2425411943079557,0.005,False,False,-784.6621173827434,3147.106514804708,0.9979830232849876,104.4320708619532,229.3466159983814,63.26411678832245,-82.88668736029715,1.0425303739374217,-52.358830136965445,7.373110406934831,0.3086130419915178,-0.0018489949872334,-0.0254994540561108,0.005,False,False
0.251,-101.02043745814252,-4.534266729566311,-89.63165540746672,-1.7922812228471885,-78.46612691644272,6.326547952413508,10,198.0,0.001,-1921.534537020392,2644.7627542462483,1.005886754776077,125.19677331993248,231.16082067697343,-63.18675808488089,47.75101372556748,0.791862786658999,142.50724556566217,5.600323967904265,-0.5701156920474232,-0.0014262425033282,0.1511332362891914,0.00502,False,False,-1818.384361487392,2695.86489281725,1.000573372528503,123.44853404228816,229.93704797646765,-22.59466069943863,11.52913439220385,0.2535633043060786,152.19007847191224,1.7936549723347774,-0.4968318115350719,-0.0009781450329953,-0.2847419271680859,0.00502,False,False,-1718.7673220534916,2750.602259794633,0.9979855305314548,121.98661448998064,229.3466143084117,85.78141878431975,-59.280148117771,1.042686203106872,-34.05559719855385,7.373122733793232,0.3086130419915178,-0.0003081361030614,0.2775879824595065,0.00502,False,False
0.252,-192.15219467280292,-6.318973414648077,-181.83812192269795,-2.259243378036803,-171.8765865411969,8.578216792684884,10,216.0,0.001,-2644.762754264562,1921.53261743854,1.0058405991754618,143.617834218285,231.16074089500228,-74.85076516257556,25.887899222092543,0.7924795604906436,160.3216184447035,5.600366225326811,-0.5701156920474232,0.0046817347930428,-0.0348405964504815,0.00504,False,False,-2562.453912416684,2002.0083496142329,1.0005502658869672,141.8866653493871,229.93702926219467,-25.05096242878693,3.982898188865165,0.2537084195872937,170.33053099865492,1.7936195201203626,-0.4968318115350719,0.0005231447815982,-0.1437315337194489,0.00504,False,False,-2484.627498870352,2084.8499578935885,0.9979740565401438,140.3029614464448,229.34660619978263,99.90172759136252,-29.87079741095735,1.042409033453381,-16.23824111547498,7.373133565081153,0.3086130419915178,-0.0030951503922464,0.0948658998952332,0.00504,False,False
0.253,-264.4746746297324,-7.485088990853669,-256.24498446397,-2.505090014433555,-248.46255763928824,9.990179005287224,10,234.0,0.001,-3109.1025728096656,1010.2102963640424,1.00587912122241,161.72637984209643,231.16058975452117,-79.18734927859684,1.4906186238267924,0.7916270384295878,178.5459886766792,5.600383125131793,-0.5701156920474232,-0.0038673857509214,0.1894498374681012,0.00506,False,False,-3055.6924597715943,1112.181486418795,1.0005730033639,159.68327885412697,229.93699210259425,-25.05548737755243,-3.953154359103023,0.2534701585169028,-171.54525640696195,1.793606530309232,-0.4968318115350719,-0.0018410955552376,-0.0194729652898578,0.00506,False,False,-3007.274943566902,1215.018112777262,0.99796743021856,158.26164895939866,229.3465892550196,104.24283665614922,2.462535735276586,1.0420383822215564,1.379912219742366,7.373138095942637,0.3086130419915178,-0.0068080703162526,-0.2870112923778555,0.00506,False,False
0.254,-310.9084714159668,-7.918461033096324,-305.56878648039253,-2.5057596252763306,-300.72727434397035,10.424220658372644,10,252.0,0.001,-3269.101457298432,0.0025127033772776,1.0059181066969678,179.36238787663424,231.16038088432285,-75.77201607824252,-23.05249127339755,0.7926381983364142,-163.84775893983905,5.600364173190665,-0.5701156920474232,0.0062710154095177,-0.2043141292355887,0.00508,False,False,-3249.8184495324795,113.48679603234032,1.0005462247230283,177.40833614749357,229.93693926591456,-22.60779155638744,-11.502309240177937,0.2533333158007375,-153.6078087753339,1.7936211374113342,-0.4968318115350719,-0.0032301802787907,-0.0819717134847526,0.00508,False,False,-3235.549316599273,226.2519462545381,0.9979663713211032,176.11332210057563,229.3465644317568,98.3798076346298,34.55480051357581,1.0423534394665563,19.629420646880217,7.373133929598657,0.3086130419915178,-0.0036516057660896,-0.0375236300647901,0.00508,False,False
0.255,-326.908349610271,-7.57666813822191,-324.9813777221407,-2.26118655753148,-323.554705418646,9.837854695753371,10,270.0,0.001,-3109.0979139896417,-1010.2045077591952,1.005877267163334,-162.82820374716505,231.16014996395612,-64.93913259630583,-45.338826985379946,0.7914119109954876,-145.72701268012025,5.600312569299505,-0.5701156920474232,-0.0059188790769988,-0.0837484904055907,0.0051,False,False,-3125.8295575899374,-896.3165113501233,1.000569644257674,-164.21708200755924,229.9368795085051,-17.94743375051081,-17.92571837993005,0.2539318431258049,-135.61610509679886,1.7936579351503128,-0.4968318115350719,0.0027030531103558,-0.0896899954222978,0.0051,False,False,-3147.105570323048,-784.6612112752188,0.9979874895743092,-165.74820071181236,229.3465356969476,82.88656634681638,63.264545365310255,1.0427378869790658,37.71217744218789,7.373121991749693,0.3086130419915178,0.0002097520269137,0.0451805815910017,0.0051,False,False
0.256,-310.9081608409448,-6.493172420776257,-312.58252652640925,-1.7953074481843248,-314.7103467085281,8.288479868960504,10,288.0,0.001,-2644.7545163593422,-1921.524712730092,1.0058791567043393,-144.4570010852839,231.15994109529012,-47.749192148886685,-63.18671687478451,0.7926222139939825,-127.800195151013,5.600243985883775,-0.5701156920474232,0.0062811425046289,-0.1574408527797847,0.00512,False,False,-2695.8627617620155,-1818.3818622830024,1.0005353757896682,-146.71257175366577,229.9368242293405,-11.530529621242056,-22.594711900768537,0.2528594368625693,-117.513622035861,1.7937030401171088,-0.4968318115350719,-0.0080847975777738,0.0142120801772935,0.00512,False,False,-2750.60123417818,-1718.7661399479657,0.997963636571918,-147.07254785280443,229.3465085116204,59.27972177012837,85.78142877555318,1.0425039041846518,55.63258685212132,7.373106175798345,0.3086130419915178,-0.0021077087843281,-0.0345238173615745,0.00512,False,False
0.257,-264.4741462479493,-4.774043514568893,-269.5859269467736,-1.1537185184128769,-275.0599495994516,5.927762032981732,10,306.0,0.001,-1921.524712755804,-2644.751874348618,1.005857362839936,-126.54008733407434,231.15978995709656,-25.88499654194428,-74.84899108087293,0.7917293046918787,-109.56634241411692,5.600180582713857,-0.5701156920474232,-0.0025582848936127,0.0755334723938346,0.00514,False,False,-2002.0062818949216,-2562.451110400277,1.0005494193673223,-128.60045570869664,229.9367831159071,-3.985111030560936,-25.052327096709192,0.2532279260469526,-99.33620771965268,1.7937393942354172,-0.4968318115350719,-0.0044513182211004,0.1938817953531658,0.00514,False,False,-2084.84895153689,-2484.626156479969,0.997967477232228,-129.49903688645549,229.34648774494997,29.870107572504764,99.90131817758214,1.043249892394028,73.7840492672885,7.373091854850145,0.3086130419915178,0.0053724261886064,0.1167575581756309,0.00514,False,False
0.258,-192.1516188350556,-2.587574805868725,-200.20039312905837,-0.3992130089848382,-208.48477485519743,2.986787814853593,10,324.0,0.001,-1010.2034986453964,-3109.091702274205,1.0058677974159584,-108.30596877257378,231.15971017703012,-1.4869189171145147,-79.1840158867567,0.7915516046909763,-91.5982595992302,5.600142542748448,-0.5701156920474232,-0.004281488267642,0.0424708693314681,0.00516,False,False,-1112.1796844057455,-3055.689629256817,1.0005413109732426,-110.58241305768738,229.93676044461145,3.9503403656923,-25.05803217981313,0.2540169021203047,-81.307120863223,1.7937532797591875,-0.4968318115350719,0.0034188054163833,0.2257364633946016,0.00516,False,False,-1215.0172241893947,-3007.273572294372,0.9979707254452416,-111.52862059486756,229.3464758144002,-2.463421448578239,104.24204806656968,1.042935109165753,91.77186509210614,7.373083829153965,0.3086130419915178,0.0022359439542394,0.1043447931048239,0.00516,False,False
0.259,-101.02003381039032,-0.1478084248814813,-111.2178705336616,0.3943644857625315,-121.50166741585988,-0.2465560608811194,10,342.0,0.001,0.002512654265061,-3269.0916602231164,1.0058846562037025,-90.38326925374368,231.15968812648373,23.05662589310224,-75.76744958706493,0.7927181200311246,-73.66346875534136,5.6001403618583065,-0.5701156920474232,0.0073867493782565,-0.0239471934597996,0.00518,False,False,-113.48543604930587,-3249.8158675681784,1.0005447914887882,-92.53877032401584,229.9367534485648,11.499169447566008,-22.611267606986523,0.2537366875769076,-63.70229635160711,1.793739558546047,-0.4968318115350719,0.0006360647081283,-0.1666784471647506,0.00518,False,False,-226.25126241636244,-3235.548050674236,0.9980121502147123,-93.41441834899229,229.3464717623409,-34.55579534066868,98.37871719405116,1.041939436096565,109.76326237602336,7.373084493064378,0.3086130419915178,-0.0077217256487499,0.0955037778389032,0.00518,False,False
0.26,1.281917443107016e-12,2.306418190658481,-11.348592407298293,1.1493453000366551,-22.62514191791826,-3.455763490695156,10,0.0,0.001,1010.2072688545684,-3109.090149368468,1.005883802836461,-72.68857373245744,231.15968812648373,45.342991810196224,-64.93377994241595,0.7918453061971463,-55.94574772256848,5.60017083842521,-0.5701156920474232,-0.0013844893357751,-0.3072707776819741,0.0052,False,False,896.3172962789464,-3125.8274768427955,1.0005455313468437,-74.58583670668351,229.93675337572932,17.92256008862151,-17.95150095117782,0.2543423044899997,-45.45027792993507,1.793703635680079,-0.4968318115350719,0.0067430364433002,0.0875763853298365,0.0052,False,False,784.6616234253265,-3147.1045336627453,0.9979748072015378,-75.73357374858281,229.34647162183543,-63.265551898818,82.88528089359339,1.0422288215508622,127.62082404753532,7.3730929215194045,0.3086130419915178,-0.0048397907411864,-0.0471410164321269,0.0052,False,False
0.261,101.01993290050348,4.534852944477667,89.63153892189202,1.7918382497629264,78.46607752153194,-6.326691194240629,10,18.0,0.001,1921.52493930678,-2644.7495442287423,1.0058578925389037,-54.72921857835988,231.1596660760271,63.19050421646418,-47.743577251633134,0.7922944622410635,-37.992740784626825,5.600218295706712,-0.5701156920474232,0.0030399563722605,-0.3549791478137693,0.00522,False,False,1818.381995444476,-2695.861385791012,1.0005480314908397,-56.32009156862026,229.93674883275688,22.5918442828551,-11.534789936814398,0.2530368730028243,-27.85537301440377,1.7936593976940096,-0.4968318115350719,-0.0062487164685821,-0.3161232831505595,0.00522,False,False,1718.7662400664535,-2750.6005282575984,0.9979664000632038,-57.53770655690377,229.34646993188227,-85.78234849931944,59.27836718844708,1.042873881685345,145.8472665986502,7.373105224593995,0.3086130419915178,0.001593411428695,0.1791562796028922,0.00522,False,False
0.262,192.1512349510296,6.319348128193426,181.83788562865917,2.258961480989909,171.87647834392706,-8.578309609183359,10,36.0,0.001,2644.749544247813,-1921.52301979878,1.005886337380935,-36.50717176545984,231.1595862971687,74.85203017880079,-25.87966902198142,0.7919160873193738,-19.497494292834965,5.600260570087524,-0.5701156920474232,-0.0008035778473202,0.1399205651937767,0.00524,False,False,2562.4505788896813,-2002.005745237204,1.0005455820643236,-38.28381157220254,229.93673013695349,25.050030930308427,-3.9891474425833255,0.2544414900185384,-9.658818395200106,1.7936239111475931,-0.4968318115350719,0.0078476392437828,-0.1190098831588193,0.00524,False,False,2484.6259347671657,-2084.8486454557387,0.997985087629341,-39.470119290980925,229.34646182333225,-99.90206110910924,29.86881646456426,1.0427826491382244,163.69571030757837,7.373116034229362,0.3086130419915178,0.0006657988245512,0.0275219414004051,0.00524,False,False
0.263,264.47335369140745,7.485215510474459,256.2446515129948,2.504996820996952,248.46240123087097,-9.99021233147143,10,54.0,0.001,3109.087043601799,-1010.2052505538958,1.0058565163014328,-18.55916051998,231.1594351626084,79.18600920346964,-1.482400296115288,0.7913422082717354,-1.414130818560582,5.600277477147851,-0.5701156920474232,-0.0065662785177171,0.2232042346403135,0.00526,False,False,3055.68848522833,-1112.1800394221211,1.0005533022426227,-20.518669989241275,229.93669301403372,25.05653235711896,3.946923039332022,0.253291983238667,8.276478373896476,1.7936109043515531,-0.4968318115350719,-0.0036290341675692,-0.1836669478019598,0.00526,False,False,3007.273050453688,-1215.0173479082114,0.9979783119284288,-21.46190001933249,229.34644487873507,-104.24254156058844,-2.464522743217198,1.0422371625420197,-178.3470114201173,7.373120554881375,0.3086130419915178,-0.0047954603048829,-0.0152302893572468,0.00526,False,False
0.264,310.9069185661743,7.918326959535369,305.5683894799526,2.505864295625324,300.72708503483443,-10.424191255160675,10,72.0,0.001,3269.085129019195,-0.0025126041470144,1.0058431227641604,-0.6226271063835143,231.1592263006255,75.7682019381472,23.05989324529145,0.7920312646138359,16.334838902324538,5.600258521454206,-0.5701156920474232,0.000351092302323,-0.0278424139341561,0.00528,False,False,3249.8142231173,-113.48664781553582,1.000578043679532,-2.172211477332551,229.9366402295196,22.610711107763613,11.496705862577866,0.253809914791602,26.37936686557437,1.793625521798485,-0.4968318115350719,0.0015296091700834,-0.0807249031852103,0.00528,False,False,3235.54727978762,-226.2518038238488,0.9980189171729724,-3.525634798358958,229.34642005571624,-98.37891304591054,-34.55659910786971,1.04357359237569,-160.51383213966108,7.373116394712907,0.3086130419915178,0.0085747213984895,-0.1820717732123624,0.00528,False,False
0.265,326.9067168540671,7.576286580682546,324.9809555422462,2.2614788840858173,323.5545017397378,-9.83776546476832,10,90.0,0.001,3109.082384965263,1010.1994621776482,1.0058705983641696,17.437593012932666,231.158995389378,64.93321760885593,45.344687983285816,0.7924357499758008,34.37394532261906,5.600206905704727,-0.5701156920474232,0.0044689416149179,0.0110832858532066,0.0053,False,False,3125.825493022888,896.3153465366031,1.0005360889400408,15.630483484537598,229.9365805311196,17.95194243903171,17.92129160176005,0.2528198113528517,44.727358905463056,1.7936623567572898,-0.4968318115350719,-0.0084235177157306,0.2678454107639034,0.0053,False,False,3147.103589190374,784.6607173266814,0.997962370343181,13.78908469645914,229.3463913211908,-82.88516004788723,-63.26597958504615,1.0428276572550843,-142.5346862796293,7.373104478108037,0.3086130419915178,0.0011322228166541,-0.2029784409140298,0.0053,False,False
0.266,310.90660800390725,6.492580715154695,312.5821204938756,1.7957588510510083,314.71014859736806,-8.288339566205748,10,108.0,0.001,2644.7413066670747,1921.5151154024968,1.0059007402159426,35.43038643415397,231.1587865289933,47.74175520316778,63.190463082534976,0.7921528467593961,52.33676464318965,5.600138308320792,-0.5701156920474232,0.0017369208015747,-0.0266075020643519,0.00532,False,False,2695.8592568401377,1818.379498707436,1.0004997254955994,33.43040417618233,229.93652530655245,11.536186389775086,22.591895306261108,0.2542669318106955,62.51531763766417,1.7937075151048103,-0.4968318115350719,0.0059838233151883,0.0572241395341161,0.00532,False,False,2750.599502651266,1718.7650579725391,0.997951707402702,32.55846942991423,229.34636413613296,-59.27794159294244,-85.78235838879625,1.0423923287047172,-124.54350013872632,7.373088691396631,0.3086130419915178,-0.0031987369056396,-0.2119059394000408,0.00532,False,False
0.267,264.4728253313244,4.773299570087279,269.5855767997735,1.154284839554257,275.05977644850964,-5.92758440964153,10,126.0,0.001,1921.5151154292407,2644.738664760767,1.0058400923039337,53.37727155809986,231.15863539681587,25.876765543651864,74.85025566334184,0.7910668130927478,70.41553835547157,5.600074895869145,-0.5701156920474232,-0.0090337371157666,0.0512874719720881,0.00534,False,False,2002.003679560053,2562.447779639999,1.0005515425394234,51.13503133129655,229.93648423373304,3.991362345414408,25.051396729306887,0.2535493520147812,80.6129011986128,1.7937439218872906,-0.4968318115350719,-0.0012434616095001,0.1570649886512548,0.00534,False,False,2084.8476391090044,2484.62459239001,0.9979735595792492,50.26680968467597,229.3463433696689,-29.868127889065875,-99.90165239264876,1.0434088998127673,-106.5114184214721,7.373074397556022,0.3086130419915178,0.00698718871811,-0.1800049638988339,0.00534,False,False
0.268,192.15065913693093,2.5867514375936684,200.20013312796917,0.3998388319368448,208.48464361362565,-2.9865902695304896,10,144.0,0.001,1010.1984531055194,3109.076173496298,1.005860435562532,71.61395487496395,231.15855561993772,1.478699543300475,79.18267491100929,0.7918290314054666,88.35132373336769,5.600036856308151,-0.5701156920474232,-0.0013577579255131,-0.0140729543782564,0.00536,False,False,1112.1782391891013,3055.6856575088545,1.000546200849761,69.38644112610679,229.9364615848375,-3.9441063496121984,25.059079488245995,0.2543674044818068,98.61975298162548,1.7937578427637362,-0.4968318115350719,0.0069173759684865,0.1666871932082136,0.00536,False,False,1215.01645932917,3007.2716791947128,0.997982314504588,68.52000224281488,229.3463314392382,2.465406806312061,-104.24175439925524,1.042021824422456,-88.55519501840942,7.373066387519936,0.3086130419915178,-0.0068722372833376,-0.2240097587000209,0.00536,False,False
0.269,101.01952926932752,0.1469862267973576,111.2177261088338,-0.3937404131957233,121.50159093039784,0.2467541863983601,10,162.0,0.001,-0.0025125530641361,3269.07533233264,1.0058753418939492,89.56906022552728,231.15853357027584,-23.06402905639337,75.76363416815522,0.7918246633262676,106.29330442498178,5.600034686803385,-0.5701156920474232,-0.0013983705744384,-0.073301542946502,0.00538,False,False,113.48528917609435,3249.811643703232,1.0005837373471134,87.2564235877141,229.9364545957044,-11.493563002600457,22.614190456635963,0.2540542815926325,116.7687756806514,1.7937441296123466,-0.4968318115350719,0.0038055404014218,0.3184733391077081,0.00538,False,False,226.2511199924832,3235.546013875134,0.997981112777574,86.47382575119263,229.3463273872194,34.55759205899399,-98.37782462479105,1.0433687102419082,-70.13046343610499,7.3730670506994525,0.3086130419915178,0.0065956830337198,0.2004839403959583,0.00538,False,False
0.27,-2.403279678563176e-12,-2.3071587344577944,11.348577671748547,-1.1487840707422432,22.62512767537424,3.455942805200123,10,180.0,0.001,-1010.2022231626812,3109.0746206531053,1.0058599826478871,107.3710964290879,231.15853357027592,-45.34885402808377,64.92786342350746,0.7914721022024229,124.54392616629568,5.600065182835859,-0.5701156920474232,-0.00496710971561,0.17627528831177,0.0054,False,False,-896.3161306898759,3125.823414331211,1.0005757781556737,105.70326414072568,229.936454522941,-17.918130172354296,17.956013584219217,0.2536013594014216,134.1109544810572,1.793708187958814,-0.4968318115350719,-0.0006728523368079,-0.3371088819460592,0.0054,False,False,-784.6611294726756,3147.102552540377,0.9979632909477552,104.64168259312892,229.3463272467154,63.26698420043827,-82.88387700772648,1.0431196746729765,-52.31323333416811,7.373075463349891,0.3086130419915178,0.0040934300600579,0.0175079371232721,0.0054,False,False
0.271,-101.01942836366706,-4.535439338297561,-89.63142255158388,-1.7913948166936604,-78.46602812713012,6.326834154991176,10,198.0,0.001,-1921.5153419704948,2644.736334734738,1.0058857196979156,125.56723978872616,231.1585115207109,-63.19425155342107,47.73613867191615,0.7919685115332887,142.46534079225512,5.600112661679884,-0.5701156920474232,-7.016163209647924e-05,0.0969744304590309,0.00542,False,False,-1818.3796317374272,2695.857882228521,1.0005484041695858,123.49432682968585,229.9364499844597,-22.589024786645105,11.540450909841358,0.2544097381094239,152.71654625669834,1.7936639150271785,-0.4968318115350719,0.0074735461235809,0.2698801306321168,0.00542,False,False,-1718.7651580900365,2750.598796737715,0.9980131458099682,122.41699559965416,229.3463255567792,85.78327634006627,-59.276589581757264,1.0433146079979907,-34.500663102667325,7.373087742621901,0.3086130419915178,0.0060253977971845,-0.1700668394758685,0.00542,False,False
0.272,-192.1502752689767,-6.319722961724327,-181.8376495684856,-2.2586792764248744,-171.87637014777638,8.578402238149254,10,216.0,0.001,-2644.736334754577,1921.513422539363,1.0058897307021724,143.24291636592602,231.1584317450913,-74.8532956893686,25.87143644709776,0.7931414501301125,160.5837062621829,5.600154952943831,-0.5701156920474232,0.0115994154570962,0.2149930552482556,0.00544,False,False,-2562.4472486549785,2002.0031434324428,1.0005156680676992,141.23714899481885,229.93643130714247,-25.049098181468494,3.995402810343337,0.2536245418336765,170.41767121635448,1.7936283942357565,-0.4968318115350719,-0.0003281826489185,-0.0284352151663692,0.00544,False,False,-2484.624370679462,2084.8473330308925,0.9979802125498451,140.1788344930381,229.34631744831157,99.90239387083716,-29.866839257440823,1.0424022534408877,-16.262301932311775,7.3730985305886465,0.3086130419915178,-0.0031134042627259,0.0682164023345107,0.00544,False,False
0.273,-264.47203280796174,-7.485342079496287,-256.2443188916104,-2.5049035025421973,-248.46224482407777,9.990245582038488,10,234.0,0.001,-3109.0715150133237,1010.2002049424134,1.005863577173482,161.32788463070474,231.1582806166906,-79.18466886418932,1.4741795572487106,0.792328323511978,178.28582361479235,5.60017186722797,-0.5701156920474232,0.0034442288657243,-0.0829694036067922,0.00546,False,False,-3055.6845146116657,1112.1785938542612,1.000531165725707,159.806975483983,229.9363942209364,-25.05757803722257,-3.940685518495274,0.2532818453598085,-171.4306892061332,1.7936153704838411,-0.4968318115350719,-0.0037367290210064,0.1232507210576899,0.00546,False,False,-3007.271157359334,1215.0165830467065,0.9979549694427196,158.33347650420478,229.3463005038869,104.24224690141186,2.4665059612468387,1.0424169864636146,1.7005922420884574,7.373103041024103,0.3086130419915178,-0.0029724527544516,0.0310800981130953,0.00546,False,False
0.274,-310.9053657811399,-7.918192860047756,-305.5679928725791,-2.5059690356175426,-300.72689572767,10.424161895665264,10,252.0,0.001,-3269.068801395088,0.0025125009401563,,,231.1580717632528,-75.76438680218587,-23.067297428847336,0.7919503042997693,-163.36154535187117,5.600152907815171,-0.5701156920474232,-0.0003091505976472,0.2696452409742947,0.00548,False,False,-3249.810000878735,113.48649974401016,1.0005359478150615,177.54786052833927,229.93634148863453,-22.613633241242148,-11.49109680376732,0.2535933635053518,-153.6847405228924,1.7936299982479156,-0.4968318115350719,-0.0006422343479152,-0.13074711041982,0.00548,False,False,-3235.5452429963752,226.2516613944615,0.9979792525980812,176.45265089689167,229.34627568112185,98.37802004342788,34.5583942326149,1.042107892422917,19.36846403315517,7.373098887035876,0.3086130419915178,-0.0060575185349376,-0.3010688746141841,0.00548,False,False
0.275,-326.9050841662132,-7.575904924519159,-324.9805337804288,-2.261771468051776,-323.5542980629606,9.837676392570945,10,270.0,0.001,-3109.066856567625,-1010.1944168039224,1.005867806934453,-162.54997372150103,231.15784086148915,-64.92730099214472,-45.35055077729162,0.7930200674902363,-145.69102963112422,5.600101280302108,-0.5701156920474232,0.0104614936361883,-0.0600198581627478,0.0055,False,False,-3125.8214324736427,-896.3141828757916,1.0005487402925264,-164.34532329676077,229.93628184929705,-17.956455337782074,-17.916860217998334,0.25414050597889,-135.40239376362965,1.793666870365082,-0.4968318115350719,0.0047770453392976,0.1521781553923801,0.0055,False,False,-3147.101608077665,-784.6602233832621,0.9979876267686636,-165.4978418249576,229.34624694689137,82.8837563299266,63.26741099529015,1.042419241612251,37.81506780151982,7.373086991689982,0.3086130419915178,-0.0029272040821077,0.1454824219873843,0.0055,False,False
0.276,-310.9050552321197,-6.491988847949728,-312.58171486350415,-1.7962106738317252,-314.70995048828854,8.288199521781442,10,288.0,0.001,-2644.7280975113176,-1921.5055184677408,1.0058912339814594,-144.80525757155192,231.1576320097156,-47.73431615493975,-63.194210495670056,0.7923415919991433,-127.6486070920672,5.600032669079171,-0.5701156920474232,0.0037737696472665,-0.0181076437774658,0.00552,False,False,-2695.8557553839,-1818.3771374699536,1.0005188097960465,-146.5902202307834,229.9362266793765,-11.54184858399627,-22.58907563206092,0.2532398406027805,-117.44526854131664,1.7937120820338823,-0.4968318115350719,-0.0042935473769929,0.1107243521647136,0.00552,False,False,-2750.597771141908,-1718.7639760081984,0.997999804390184,-147.47280306754743,229.34621976211363,59.27616473893585,85.78328612773113,1.0424150811702806,56.087278704984286,7.373071234238025,0.3086130419915178,-0.0029465240995455,0.4175798556973158,0.00552,False,False
0.277,-264.471504470413,-4.772555416945624,-269.58522699964834,-1.154851701954127,-275.05960329939296,5.9274071188998425,10,306.0,0.001,-1921.5055184955063,-2644.725455713609,1.0058519518688345,-126.58353769415656,231.1574808837932,-25.868532175837256,-74.8515207433227,0.7921986457736738,-109.4180842788832,5.599969247469309,-0.5701156920474232,0.0024339990933862,0.2115361061388582,0.00554,False,False,-2002.0010797992916,-2562.444452174507,1.0005558109076127,-128.48656071356095,229.9361856472078,-3.997619769964877,-25.050465108884865,0.2531576242265997,-99.47329019318624,1.7937485414581833,-0.4968318115350719,-0.0051672725511242,0.0849618720806753,0.00554,False,False,-2084.8463266945228,-2484.623028316063,0.9979925761535492,-129.71734819426777,229.34619899586443,29.86615194580205,99.9019858522077,1.043236169520121,73.60331159923611,7.373056967521831,0.3086130419915178,0.0052845355823962,-0.0665676936986878,0.00554,False,False
0.278,-192.14969947943592,-2.5859278340497567,-200.19987338449997,-0.4004652644751151,-208.48451237344256,2.986393098524911,10,324.0,0.001,-1010.1934077750471,-3109.060645354949,1.0058518379547805,-108.43041366644267,231.15740111022944,-1.470477765044678,-79.18133367712645,0.7920086608352755,-91.90754220763328,5.599931208392622,-0.5701156920474232,0.0005879450875543,-0.2790680111392129,0.00556,False,False,-1112.176795402876,-3055.681689690005,1.000532470378028,-110.48662609554492,229.9361630207325,3.937866138002567,-25.06012749222554,0.2530311237532009,-81.41492710740707,1.7937624977229087,-0.4968318115350719,-0.0064520144239663,0.1460979831891185,0.00556,False,False,-1215.015694476847,-3007.269786114457,0.997992543814314,-111.29469693961144,229.3461870655576,-2.467388372958002,104.24146116935208,1.042337350137479,91.4381811565568,7.373048973153694,0.3086130419915178,-0.0036923525001863,-0.2319259419281252,0.00556,False,False
0.279,-101.01902474970468,-0.1461637898803514,-111.21758182713516,0.3931157223974438,-121.50151444574811,-0.2469519325170297,10,342.0000000000009,0.001,0.0025124478951283,-3269.05900511277,1.005861574863934,-90.6527444959808,231.15737906148712,23.07143442382729,-75.7598177616564,0.7919235944794527,-73.72956032056842,5.599929050288204,-0.5701156920474232,-0.0002596664501372,-0.1022957755873026,0.00558,False,False,-113.4851424493775,-3249.8074240171995,1.0005479554707746,-92.78714877365071,229.93615603851933,,,,,,-0.4968318115350719,-0.0035857967788118,-0.1483875434706783,0.00558,True,False,-226.2509775701848,-3235.543977096948,0.997992537786007,-93.24304336946658,229.34618301358103,-34.559385306437534,98.37693364321026,1.042427852296311,109.45753837211583,7.373049635598354,0.3086130419915178,-0.0027882677500894,-0.2128061933056616,0.00558,False,False
0.28,3.524630713481753e-12,2.307899497290117,-11.348562950804917,1.148222275075298,-22.625113432982047,-3.456121772365412,10,9.094947017729282e-13,0.001,1010.1971776742488,-3109.0590925767538,1.0058692621182457,-72.57950063119245,231.15737906148712,45.35471803448273,-64.92194528506377,0.7916696787445167,-55.75646480555228,5.599959565739849,-0.5701156920474232,-0.0028419791650752,-0.1302454617794391,0.0056,False,False,896.314966252811,-3125.819355839287,1.00055614626838,-74.513674711243,229.936155965828,17.91369565672528,-17.96053041948124,0.2536977306629062,-45.56007507054577,1.7937128324105969,-0.4968318115350719,0.0002842920313372,0.005957872870603,0.0056,False,False,784.6606355249739,-3147.1005714383923,0.9979806938837036,-75.67267240694066,229.34618287307845,-63.26841369120804,82.8824757045451,1.0431118011621474,127.4462355788408,7.373058032430082,0.3086130419915178,0.004039345994965,-0.2243147309677423,0.0056,False,False
0.281,101.01892384842996,4.53602590995205,89.63130629664556,1.7909509245162183,78.46597873325683,-6.326976834468309,10,18.00000000000091,0.001,1921.505745026688,-2644.7231257851067,1.005872411887912,-54.735527924053024,231.15735701284865,63.19800008884711,-47.72869799991284,0.7928712970813419,-37.51160223758353,5.600007066065543,-0.5701156920474232,0.0091070285983616,0.1139014479649157,0.00562,False,False,1818.3772703683408,-2695.8543821329013,1.0005476309764558,-56.42589962261663,229.9361514318419,22.58620221640672,-11.546117300156936,0.2533245623660343,-27.53698108392485,1.7936685246574953,-0.4968318115350719,-0.0033847303120269,0.0304509154816695,0.00562,False,False,1718.7640761246616,-2750.5970652356764,0.9979872358631308,-57.491128112000304,229.3461811831601,-85.7842023052539,59.27481530006986,1.0426905910030215,145.53083231423955,7.3730702878807985,0.3086130419915178,-0.0001900874209069,-0.139862756525608,0.00562,False,False
0.282,192.1493156281598,6.320097914550263,181.83741374238696,2.258396764901754,171.87626195278767,-8.578494679452001,10,36.00000000000091,0.001,2644.7231258057127,-1921.5038256754565,1.0058602709478923,-36.6158154486045,231.15727724059383,74.85456169188288,-25.86320151241096,0.7923701733810347,-19.54785550186023,5.600049374137462,-0.5701156920474232,0.0040359589461855,0.0773012728443234,0.00564,False,False,2562.4439217155305,-2002.0005442022723,1.0005788438917549,-38.76325189342766,229.9361327730275,25.04816418415324,-4.001664279831914,0.2533187180968138,-9.66235937475848,1.7936329697081002,-0.4968318115350719,-0.0033928907125875,-0.0943667673766915,0.00564,False,False,2484.622806607856,-2084.84602061958,0.9979882571484192,-39.812867860680704,229.34617307477788,-99.90272587603616,29.864865792242952,1.0423114051436486,163.1316859802759,7.373081054162876,0.3086130419915178,-0.0039971718367709,-0.5390869003761072,0.00564,False,False
0.283,264.4707119814809,7.485468697679559,256.2439866001124,2.50481005925776,248.46208841897035,-9.990278756937292,10,54.00000000000091,0.001,3109.055987068763,-1010.195159537574,1.005901920114982,-18.45641551234249,231.1571261185913,79.18332826310287,-1.4659564222042525,0.7925026972322159,-1.3185168817198212,5.6000662956138765,-0.5701156920474232,0.0053372668765557,0.3065600750174876,0.00566,False,False,3055.6805479251298,-1112.1771497165091,1.00055643901612,-20.863137864472137,229.93609572356797,25.05862441585201,3.934441808886235,0.2545415613843103,8.477616765759372,1.7936199290293446,-0.4968318115350719,0.008853984467135,0.0456559245414712,0.00566,False,False,3007.26926428459,-1215.0158181930583,0.9979864458698592,-21.724992994989105,229.3461561305326,,,,,,0.3086130419915178,0.0031346504680754,0.2807658354254649,0.00566,True,False
0.284,310.90381306331835,7.918058734868151,305.5675966586275,2.5060738450517186,300.7267064225553,-10.424132579919874,10,72.00000000000091,0.001,3269.0524744519016,-0.0025123937658833,1.0058788717216285,-0.353587050450362,231.1569172740285,75.76057067721881,23.07470381054631,0.7911188786950665,16.232722728454426,5.600047332515283,-0.5701156920474232,-0.0084741006237225,-0.142216722880898,0.00568,False,False,3249.805782820544,-113.4863518179034,1.000548102574118,-2.4494817559732285,229.93604304352527,22.61655795111119,11.48548207481652,0.2535435843901198,26.324699387634464,1.7936345670828582,-0.4968318115350719,-0.0011464868085743,-0.1072080363772831,0.00568,False,False,3235.5432062263526,-226.25151896644087,0.9979851624485688,-3.631787241035599,229.34613130803103,-98.37712862833008,-34.560185885362785,1.0431051216249845,-160.77902052417926,7.373081406571416,0.3086130419915178,0.0039394945956493,-0.4498446222733939,0.00568,False,False
0.285,326.9034515492875,7.575523170417955,324.980112437063,2.262064308857777,323.5540943883949,-9.837587479275692,10,90.00000000000091,0.001,3109.0513288212587,1010.18937164598,1.005876134928004,17.665802906758806,231.1566863821133,64.92138275687456,45.35641535666018,0.7906627865658956,34.46298583024637,5.599995693333383,-0.5701156920474232,-0.0129619930840385,0.0878654598921314,0.0057,False,False,3125.817375945819,896.3130203687167,1.0005616981374787,15.523409990429066,229.9359834633033,17.9609724379083,17.912424237408096,0.2538915106995904,44.392867387632414,1.7936714762968533,-0.4968318115350719,0.0022805787751222,-0.0384612993839735,0.0057,False,False,3147.0996269857137,784.6597294451506,0.9979684992028112,14.354272538286702,229.3461025741069,-82.88235519478296,-63.26883959406824,1.0425615478753918,-142.48923946635327,7.373069532499372,0.3086130419915178,-0.0014794504265497,-0.1601159801883126,0.0057,False,False
0.286,310.9035025280341,6.491396820231251,312.5813096356555,1.7966629156409433,314.70975238136793,-8.288059735872203,10,108.00000000000092,0.001,2644.714888912942,1921.4959219409773,1.005853180382872,35.40745990676531,231.1564775392808,47.726875017699,63.19795910728525,0.7912257185746774,52.18630414580657,5.599927068400604,-0.5701156920474232,-0.0072356226855686,-0.1893267645794143,0.00572,False,False,2695.852257396423,1818.3747785726507,1.0005561660954196,33.596515819543306,229.9359283480784,11.54751619277694,22.58625288376621,0.2537075225770799,62.29977607142972,1.7937167412273929,-0.4968318115350719,0.0003766832713493,-0.1301306672540056,0.00572,False,False,2750.5960396508017,1718.7628940553686,0.9979602610437992,32.440308077752675,229.34607538962013,-59.27439121047599,-85.78421199105146,1.0422421770011483,-124.22102102953995,7.373053804326337,0.3086130419915178,-0.0046509161733667,0.1079891566422379,0.00572,False,False
0.287,264.4701836673009,4.771811056493743,269.58487754670887,1.1554191044990794,275.0594301521699,-5.927230160992789,10,126.00000000000092,0.001,1921.495921969764,2644.712247228004,1.0058345706564782,53.5992085808598,231.15632641985192,25.86029645347016,74.85278631841963,0.7917355521555864,70.3528753592849,5.59986363775599,-0.5701156920474232,-0.0020475823985932,-0.0236349378894624,0.00574,False,False,2001.9984826149528,2562.441128006756,1.000565875215841,51.04990354155768,229.93588735659677,4.003883291897365,25.0495322373281,0.2540320717229742,80.32022263782699,1.793753253271022,-0.4968318115350719,0.0035705389030018,-0.1074230510402395,0.00574,False,False,2084.845014293971,2484.621464258745,0.997979791226965,50.30078383694644,229.34605462359383,-29.86417974536755,-99.90231855574773,1.0421479865018728,-106.39846305194835,7.373039564751338,0.3086130419915178,-0.0055726833660372,-0.0696330110810648,0.00574,False,False
0.288,192.1487398640861,2.58510399673427,200.19961389888147,0.4010923053673006,208.4843811346999,-2.986196302101492,10,144.0000000000009,0.001,1010.1883626619516,3109.0451178746816,1.0058623465788197,71.52391908068263,231.15624664972853,1.4622535973244797,79.17999218745538,0.7923103445072509,88.50772294698537,5.599825599243419,-0.5701156920474232,0.0037541356984205,0.130066079017867,0.00576,False,False,1112.175353048356,3055.677725803795,1.0005621107002776,69.99896734290174,229.9358647525619,-3.931619743159164,25.06117618973861,0.253519821265708,98.53386750516565,1.793767244959502,-0.4968318115350719,-0.0015717529052698,0.108997439261515,0.00576,False,False,1215.014929632733,3007.2678930543543,0.9980056635410316,68.2113174109908,229.34604269341568,2.4693661458347043,-104.241168377194,1.0423919704634996,-87.88147370351787,7.37303158605899,0.3086130419915178,-0.003121560174839,0.4471289244016881,0.00576,False,False
0.289,101.018520252323,0.1453411156287251,111.21743768869824,-0.3924904145978793,121.5014379619452,0.2471492989692748,10,162.0,0.001,-0.0025123387544283,3269.042678589293,1.0058621973358823,89.30450792301434,231.15622460194072,-23.078841981884764,75.75600037442922,0.7920205332916003,106.39635907810136,5.5998234525542525,-0.5701156920474232,0.0008590594188477,0.0174921894622973,0.0057799999999999,False,False,113.48499586928922,3249.80320851383,1.000579796839741,87.62381723547946,229.9358577772749,-11.482333098668384,22.620043876025285,0.2536819843337902,116.34608041295438,1.7937535482084552,-0.4968318115350719,6.924790664320446e-05,-0.0760204844608076,0.0057799999999999,False,False,226.25083514952684,3235.541940340484,0.9979800896350244,86.46877087631847,229.346038641483,,,,,,0.3086130419915178,-0.004581617821573,0.1151567427138426,0.0057799999999999,True,False
0.29,-4.046928025614795e-16,-2.308640477802858,11.348548244485093,-1.1476599141436197,22.6250991907519,3.4563003919464994,10,180.0,0.001,-1010.192132397232,3109.043565163941,1.0058556725069945,107.65177778697696,231.15622460194072,-45.360583818654966,64.9160255377877,0.7922375411198725,124.3102032234746,5.599853987378566,-0.5701156920474232,0.0029859549389018,-0.0697091556170079,0.0058,False,False,-896.313802968779,3125.8153013706333,1.0005196513804986,105.4836894237444,229.93585770465577,-17.9092565505004,17.965051448106962,0.2536429159608376,134.44507159754951,1.7937175693580798,-0.4968318115350719,-0.0002705540447228,0.0252148025011617,0.0058,False,False,-784.6601415824096,3147.0985903575784,0.9979904397686004,104.08118939743775,229.346038500982,63.26984036915542,-82.88107698589457,1.0422875350497431,-52.20492300514286,7.37304062876375,0.3086130419915178,-0.0041787026281168,0.1232371890928893,0.0058,False,False
0.291,-101.01841935558008,-4.536612658367157,-89.63119015717155,-1.7905065741073138,-78.4659293399226,6.327119232474529,10,198.0,0.001,-1921.4961484905,2644.709917400716,1.005872568483959,125.5323781916854,231.15620255426336,-63.20174981583668,47.7212552491206,0.7924833744207074,142.37071032689522,5.599901509105018,-0.5701156920474232,0.0053770820771943,-0.0099178835064031,0.00582,False,False,-1818.374911339301,2695.8508855072714,1.0005641279949276,123.74890772278216,229.93585317516877,-22.583376577740587,11.55178909662865,0.2536946823839728,152.00980094460414,1.7936732269076086,-0.4968318115350719,0.0003098198814743,-0.4086549773004789,0.00582,False,False,-1718.7629941707437,2750.5953337521764,0.9979666352065054,122.61576252491358,229.3460368110819,85.7851263935774,-59.27304434574913,1.042453664030753,-34.152256984901406,7.373052860374456,0.3086130419915178,-0.0025347109277724,0.1757586956843602,0.00582,False,False
0.292,-192.1483560300867,-6.320472985980553,-181.8371781505651,-2.258113946980751,-171.8761537589958,8.578586932961256,10,216.0,0.001,-2644.709917422062,1921.49422922223,1.005875487623165,143.57779501001033,231.156122785499,-74.85582818394668,25.854964232891845,0.7921950475071248,160.4628211392978,5.5999438339097045,-0.5701156920474232,0.0024339566285564,0.0818459529956141,0.00584,False,False,-2562.4405980742763,2001.9979475490168,1.0005542451722589,141.5072262131857,229.93583453487332,-25.047228940249315,4.007931838730653,0.2532303429021832,170.5984554245099,1.793637637887282,-0.4968318115350719,-0.004283244461204,0.1805610236809115,0.00584,False,False,-2484.621242552948,2084.844708222332,0.9979865777389334,139.90101711807745,229.3460287027881,99.903057124196,-29.862896071622377,1.0419604882628342,-16.16876968441337,7.373063604955842,0.3086130419915178,-0.0074816637396754,0.1591683050167102,0.00584,False,False
0.293,-264.4693912140454,-7.485595364784423,-256.24365463879013,-2.504716491332489,-248.4619320156047,9.990311856116946,10,234.0,0.001,-3109.0404597926217,1010.1901143473668,1.0058332990131398,161.48837347561926,231.15597167013297,-79.18198740255667,1.4577309059607697,0.7913624946699808,178.22451271960438,5.599960762546839,-0.5701156920474232,-0.0059155124511115,-0.1565422910339259,0.00586,False,False,-3055.676585172229,1112.17570701017,1.0005814402413848,159.34226575144507,229.93579752219296,,,,,,-0.4968318115350719,-0.0043024017938013,0.0939107593016075,0.00586,True,False,-3007.267371230185,1215.015053347592,0.9979974537860123,158.43744649127598,229.3460117587284,104.24165889355191,2.470461016842852,1.0423953730026576,1.4810959147652905,7.373068094936927,0.3086130419915178,-0.0031391661335836,-0.190996525509802,0.00586,False,False
0.294,-310.90226041515905,-7.917924584231305,-305.56720083844647,-2.506178723726588,-300.72651711956155,10.424103307957886,10,252.0,0.001,-3269.0361482154094,0.0025122826507129,1.005878987392537,179.68192424679634,231.15576283477503,-75.75675357010635,-23.082112376867727,0.7916561986949422,-163.18414100415586,5.599941795795815,-0.5701156920474232,-0.0029516491649652,0.4347875577946387,0.00588,False,False,-3249.801568946463,113.48620403737364,1.000554958251162,177.4137640983016,229.9357448944564,-22.619485231656736,-11.479861686800383,0.2539218950700314,-153.72129561763327,1.7936392286259863,-0.4968318115350719,0.0026300275730277,-0.139089925423957,0.00588,False,False,-3235.5411694783447,226.25137653986968,0.997945464661374,176.44102071663417,229.3459869365004,98.37623880176308,34.56197406366823,1.042085591504969,19.481990044407723,7.373063953323336,0.3086130419915178,-0.0062311239843614,-0.190123158615062,0.00588,False,False
0.295,-326.9018190058682,-7.575141319065088,-324.9796915125227,-2.262357405932108,-323.5538907161207,9.837498724997143,10,270.0,0.001,-3109.035801750686,-1010.1843267117596,1.0058500405443185,-162.52959714599547,231.15553195307288,-64.91546291374839,-45.3622817106526,0.7918429273772691,-145.39921264948424,5.599890145039834,-0.5701156920474232,-0.0010113171420801,0.2195348945548375,0.0059,False,False,-3125.813323443018,-896.3118590163822,1.0005455604114166,-164.3424475999997,229.93568537340263,-17.965493730553195,-17.907983668756327,0.2530586598657177,-135.85781767922637,1.7936761748752048,-0.4968318115350719,-0.0060545743568328,-0.2750330216182341,0.0059,False,False,-3147.0976459153003,-784.6592355125129,0.998004678718346,-165.66361018057995,229.34595820289385,82.88095664430145,63.27026537940901,1.0427108503776608,37.49522412220461,7.373052100539985,0.3086130419915178,3.822710952360391e-05,-0.1769414404852452,0.0059,False,False
0.296,-310.9019498941039,-6.490804633069915,-312.58090481069075,-1.7971155755924066,-314.7095542766853,8.287920208662348,10,288.0,0.001,-2644.701680892814,-1921.4863258373327,1.0058455862296292,-144.4943073746219,231.1553231195112,-47.71943180494313,-63.20170891047466,0.792122533843492,-127.61185954802876,5.599821506526341,-0.5701156920474232,0.0018818170368305,0.0063772414428486,0.00592,False,False,-2695.8487628808225,-1818.3724220175943,1.000551641417316,-146.07613446794252,229.9356303129225,-11.553189204983727,-22.5834270669777,0.2536539182595502,-117.68104695357158,1.793721493007838,-0.4968318115350719,-0.0001660799362993,-0.0968393777741895,0.00592,False,False,-2750.5943081786363,-1718.7618121144487,0.997969895019894,-147.97772013277176,229.34593101870868,59.27262100992674,85.7851359774524,1.043262972468273,56.04860494962945,7.373036401665328,0.3086130419915178,0.0055816495770972,0.3763262568659169,0.00592,False,False
0.297,-264.4688629240766,-4.771066490081579,-269.58452844126805,-1.1559870460753732,-275.05925700691137,5.927053536156822,10,306.0,0.001,-1921.486325867187,-2644.699039324787,1.0058212775461597,-127.07602182868854,231.1551720068149,-25.852058391521812,-74.85405238623582,0.7926866741911909,-109.7636476186088,5.599758066970388,-0.5701156920474232,0.0076129375942393,-0.1462905379439468,0.00594,False,False,-2001.9958880093643,-2562.437807139675,1.000518989120056,-128.7960660937227,229.9355893621645,-4.010152898892066,-25.048598116522573,0.254063057755877,-99.4006167901077,1.7937580576481749,-0.4968318115350719,0.0038736048167017,0.1858537079498215,0.00594,False,False,-2084.8437019078856,-2484.6199002186518,0.9979833387064128,-129.82784012523115,229.34591025291377,29.862211290413548,99.90265050275836,1.0431348221293812,73.56630048155162,7.373022189248307,0.3086130419915178,0.0043202455810877,-0.1061580579662452,0.00594,False,False
0.298,-192.1477802924007,-2.5842799271447823,-200.19935467134783,-0.4017199533807775,-208.48424989745308,2.9859998805254526,10,324.0,0.001,-1010.1833177742284,-3109.0295910800014,1.005844598019462,-108.22355788656029,231.15509224025791,-1.454027055119952,-79.17865044434329,0.7917208927633891,-91.86114759533288,5.599720029101688,-0.5701156920474232,-0.001991083013979,-0.2449374657088552,0.00596,False,False,-1112.1739121268515,-3055.6737658537304,1.0005471587079076,-110.29160553738268,229.9355667805903,3.9253671773829217,-25.06222557877141,0.2536510662084233,-81.66921197647589,1.7937720847957517,-0.4968318115350719,-0.0002661480401794,-0.0799632639770042,0.00596,False,False,-1215.014164797156,-3007.266000015135,0.9980145052888852,-111.46435606620294,229.3458983228691,-2.4713401222634093,104.24087602311452,1.0430153894484129,91.8753154217833,7.373014226239576,0.3086130419915178,0.0031371801663457,0.2026298622084137,0.00596,False,False
0.299,-101.01801577797028,-0.1445182055402684,-111.21729369364236,0.3918644910279453,-121.50136147901073,-0.2473462854876811,10,342.0,0.001,0.0025122256187444,-3269.026352787984,1.0058392319095917,-90.69069683784278,231.15507019345927,23.08625171704403,-75.7521820133351,0.7922173639491386,-73.63709362981196,5.599717893842586,-0.5701156920474232,0.0029766485558968,-0.0220938878457877,0.00598,False,False,-113.48484943598316,-3249.7989971968623,1.0005531208192038,-92.29324619981487,229.93555981223568,11.476709661852656,-22.62297443433376,0.2538595129591406,-63.358997388281786,1.7937583963831094,-0.4968318115350719,0.0018376778057993,0.2330233452621265,0.00598,False,False,-226.25069273058887,-3235.5399036065382,0.9979706410319672,-93.74442972616204,229.3458942709819,,,,,,0.3086130419915178,-0.0060214852673884,-0.0547176128748741,0.00598,True,False
0.3,1.121756528242501e-12,2.3093816746440945,-11.348533552792896,1.1470969890556628,-22.625084948680232,-3.456478663699767,10,0.0,0.001,1010.187087339582,-3109.028038439182,1.0058515713186418,-72.53400000249158,231.15507019345927,45.36645136986047,-64.9101041923834,0.7914092458230747,-55.73284795660781,5.599748447992991,-0.5701156920474232,-0.0051477427986322,-0.1188939924298904,0.006,False,False,896.3126408387973,-3125.8112509288467,1.0005341496457405,-74.21030197308556,229.93555973968856,17.904812862449944,-17.96957666123576,0.254406395675589,-45.74818817420688,1.793722399123373,-0.4968318115350719,0.0073574127832099,-0.1539207821982525,0.006,False,False,784.6596476451613,-3147.0966092987137,0.9979882093847684,-76.06505988131148,229.34589413048244,-63.27126423231071,82.87968085361871,1.0428368618403954,127.77097280879468,7.373023252354685,0.3086130419915178,0.0013391392317687,0.0978455937205105,0.006,False,False
0.301,101.01791488593176,4.537199582469198,89.63107413328268,1.7900617663447562,78.46587994716481,-6.327261348813907,10,18.0,0.001,1921.4865523770868,-2644.696709602422,1.0058478681751997,-54.69956734201421,231.15504814677809,63.20550072748342,-47.71381043303848,0.7916871062071442,-37.54434410806764,5.599795991039244,-0.5701156920474232,-0.0024363749787431,0.0688938530408943,0.00602,False,False,1818.372554652404,-2695.847392354733,1.0005403073106045,-56.17129005944359,229.93555521470492,22.58054787625059,-11.557466288119066,0.2544521596687842,-27.44490843034041,1.793678022099638,-0.4968318115350719,0.0078778113039859,0.1507616500617121,0.00602,False,False,1718.76191222871,-2750.593602287893,0.9979593840549186,-57.58055495243357,229.3458924406014,-85.78604860373407,59.27127672115704,1.041962196576992,145.54244601764134,7.373035460106711,0.3086130419915178,-0.0074247777707439,-0.1308254636132772,0.00602,False,False
0.302,192.1473964762878,6.32084817532462,181.83694279324453,2.2578308232225988,171.87604556645906,-8.5786789985472,10,36.0,0.001,2644.696709624497,-1921.4846331948304,1.0058663505744363,-36.226581166046735,231.15496838163045,74.85709516316311,-25.846724623512955,0.7927697643192828,-19.82770094101323,5.59983833250147,-0.5701156920474232,0.0083303262725115,-0.2148100202134304,0.00604,False,False,2562.437277734182,-2001.9953534749743,1.000544624491498,-38.98205198552038,229.93553659294545,25.046292451645343,-4.014205474715324,0.2531719076703301,-9.958749535867964,1.7936423990954566,-0.4968318115350719,-0.0048743301449092,-0.362517021621989,0.00604,False,False,2484.61967851537,-2084.843395839661,0.9979731493005516,-39.63710695737443,229.34588433239944,-99.90338761480837,29.86093009822778,1.041530807327934,163.9430723367884,7.3730461829714224,0.3086130419915178,-0.0117538346820275,0.2697232831817891,0.00604,False,False
0.303,264.4680705077517,7.485722080571425,256.24332300794987,2.504622798955223,248.46177561405432,-9.99034487952665,10,54.0,0.001,3109.0249332094418,-1010.1850693797436,1.0058670699332075,-18.721527061001247,231.15481727313983,79.18064628489805,-1.4495030234986452,0.7918458410372101,-1.7432540046702798,5.599855268267775,-0.5701156920474232,-0.000932857338613,-0.1304429144417233,0.00606,False,False,3055.6726263565047,-1112.1742657365098,1.000553623470788,-20.48609202991656,229.93549961707745,25.060719260640443,3.921935872551834,0.253469856613446,8.245275209892732,1.7936293246502244,-0.4968318115350719,-0.0018763506559827,-0.158445338375013,0.00606,False,False,3007.2654781968886,-1215.014288510593,0.9979864070648437,-21.76470923038371,229.34586738853244,-104.24136554553826,-2.4724328490536407,1.0436511596422566,-178.39828547648625,7.373050662714725,0.3086130419915178,0.0094433531474647,-0.0716649353219435,0.00606,False,False
0.304,310.90070783911654,7.917790408371935,305.5668054123912,2.506283671440755,300.7263278187669,-10.424074079812687,10,72.0,0.001,3269.019822711409,-0.0025121675734141,1.0058613178163012,-0.7714231351817608,231.1546084473165,75.75293548771015,23.089523114289754,0.7918402139095263,16.304924007775732,5.599836297897687,-0.5701156920474232,-0.0009623004607899,-0.0822813487667935,0.00608,False,False,3249.797359260251,-113.48605640253028,1.0005613089889354,-2.6992577437906027,229.93544704169364,22.622415077162884,11.474235650799685,0.2532945856699461,26.469125035130716,1.793643983199466,-0.4968318115350719,-0.0036497904101228,0.0654577666656103,0.00608,False,False,3235.539132753171,-226.2512341147819,0.9979682580613116,-3.938137410869644,229.3458425665877,-98.37535056487266,-34.5637587650898,1.0432111521586127,-160.36161837841146,7.373046527295523,0.3086130419915178,0.0050491266769463,-0.0350185994659112,0.00608,False,False
0.305,326.90018653853326,7.574759371146671,324.9792710071826,2.262650758702873,323.55368704621907,-9.83741012984954,10,90.0,0.001,3109.0202753804324,1010.1792820092523,1.0058566540792904,17.194900013242755,231.15437757619205,64.90954147347034,45.368149828529205,0.792488856687938,34.35960460858102,5.599784635662358,-0.5701156920474232,0.0055971887571917,-0.0277818645226258,0.0061,False,False,3125.8092749688485,896.3106988198457,1.000518185633346,15.376536905478384,229.9353875798612,17.97001920685616,17.903538520815054,0.2542635600874749,44.411136979644304,1.7936809664222448,-0.4968318115350719,0.0059876515899306,0.0080489029399077,0.0061,False,False,3147.0956648672154,784.6587415855704,0.9979741875493948,14.36767212890362,229.3458138333102,-82.87956068032608,-63.2716883493445,1.0422581608523795,-142.21702716837734,7.3730346958157025,0.3086130419915178,-0.004464054146158,0.1095203070267387,0.0061,False,False
0.306,310.9003973327779,6.490212287536244,312.58050038896687,1.797568652799489,314.709356174317,-8.287780940335745,10,108.0,0.001,2644.6884734717883,1921.476730171987,1.0058568988967689,35.22823869574044,231.1541687522309,47.71198653017176,63.2054598983322,0.7929269425255422,52.56161945753636,5.599715983697285,-0.5701156920474232,0.0100751356733236,0.1737220161546236,0.00612,False,False,2695.8452718401995,1818.370067806905,1.000531304922628,33.47463606718335,229.93533257417448,11.558867609477948,22.58059818729965,0.2540373921136504,62.538449309365966,1.793726337697195,-0.4968318115350719,0.0036618071793086,0.1367851166900375,0.00612,False,False,2750.592576726094,1718.7607301858934,0.9979863372610857,32.23395955769149,229.3457866494373,-59.27085413964924,-85.78605808563195,1.0415761341312144,-124.1961045208918,7.373019026258849,0.3086130419915178,-0.0112621612579906,0.1303299944846181,0.00612,False,False
0.307,264.4675422428202,4.770321719059032,269.5841796836307,1.15655552556829,275.0590838636808,-5.92687724462728,10,126.0,0.001,1921.476730202913,2644.6858320248384,1.0058411354392427,54.12567427651438,231.15401764650545,25.843818004965318,74.85531894437482,0.7912120619917041,70.56769950976921,5.5996525353533535,-0.5701156920474232,-0.0069839401565593,0.1789220390652572,0.00614,False,False,2001.9932959848145,2562.434489576238,1.0005396016302268,51.37919827312473,229.9352916641764,4.016428578622389,25.047662748355823,0.2528232130598977,80.16436430617007,1.7937629549114715,-0.4968318115350719,-0.0085317679192646,-0.2350350973920979,0.00614,False,False,2084.8423895367705,2484.6183361964218,0.9980175479127056,50.47524056651118,229.34576588388185,-29.86024658358722,-99.9029816927306,1.0425322702227808,-106.70331138689716,7.373004841016551,0.3086130419915178,-0.0016807393802859,-0.3770564194872497,0.00614,False,False
0.308,192.1468207658873,2.5834556267782043,200.19909570212215,0.4023482072827057,208.48411866174692,-2.985803834060861,10,144.0,0.001,1010.178273119815,3109.014064995441,1.0058630188504534,71.6569933719289,231.15393788364076,1.445798153411526,79.17730845013782,0.7923488022466862,88.31548355833178,5.599614498208191,-0.5701156920474232,0.0044372550398247,-0.0744412416430107,0.00616,False,False,1112.1724726396135,3055.6698098433435,1.000569502841788,69.23705617275738,229.9352691050828,-3.919108452980872,25.06327565730984,0.2553497211705519,98.26577666255449,1.7937770175533612,-0.4968318115350719,0.0167134256083946,-0.1308419412460142,0.00616,False,False,1215.0133999703917,3007.2641069975625,0.9979767847520024,68.31195508547113,229.34575395397508,2.473310299569764,-104.24058410744748,1.0433239445414717,-88.38963862485481,7.372996893699263,0.3086130419915178,0.0062472430105164,-0.0636102843230689,0.00616,False,False
0.309,101.01751132744756,0.143695061113198,111.2171498420998,-0.3912379529183157,121.50128499697914,0.2475428918051258,10,162.0,0.001,-0.002512108520321,3269.010027734625,1.0058489016438348,89.67058396544975,231.15391583786604,-23.09366361578335,75.74836268523602,0.791614778986761,106.35047792713068,5.599612374393879,-0.5701156920474232,-0.0028999740324237,-0.040657625315647,0.00618,False,False,113.4847031495576,3249.794790070041,1.0005260109912304,87.35537918602127,229.93526214366648,-11.47108058324579,22.625907550760413,0.2538604165674297,116.0714109254225,1.793763337571146,-0.4968318115350719,0.0018397259935534,-0.322432810283272,0.00618,False,False,226.25055031339585,3235.53786689592,0.9979763363475944,85.75281831885542,229.34574990213483,34.56474419902938,-98.37427023599616,1.043305070832508,-70.50966036765381,7.372997553915616,0.3086130419915178,0.0060575722339603,-0.1838682434648464,0.00618,False,False
0.31,-2.2430971644112735e-12,-2.3101230864612807,11.348518875746006,-1.146533500919933,22.625070706777255,3.456656587381329,10,180.0,0.001,-1010.1820425092976,3109.012512426992,1.005857369262485,107.3070635937788,231.15391583786607,-45.37232067735982,64.90418125955546,0.7913462566123746,124.42845543392222,5.599642947823729,-0.5701156920474232,-0.0056284351354297,0.0362738182604132,0.0062,False,False,-896.3114798639299,3125.8072045175227,1.0005611484826729,105.33842452665829,229.9352620711917,-17.900364601347704,17.974106050003783,0.2533522349289202,134.23532465737887,1.7937273220280228,-0.4968318115350719,-0.0031911567219996,-0.1562698676476093,0.0062,False,False,-784.6591537134559,3147.094628262577,0.997974936027848,104.1538833587027,229.34574976163705,63.27268527870774,-82.87828730955889,1.042268260753142,-52.29415274350585,7.373005903206707,0.3086130419915178,-0.0043223362403972,0.0314347202550394,0.0062,False,False
0.311,-101.01741044027278,-4.537786681183631,-89.63095822507319,-1.789616502105922,-78.46583055499401,6.327403183289591,10,198.0,0.001,-1921.4769567016303,2644.6835024110646,1.0058432042075764,125.35175125194152,231.153893792216,-63.20925281688089,47.70636356516592,0.7924185477833257,142.18590868553164,5.599690512108751,-0.5701156920474232,0.0050272105171184,-0.2069891036326602,0.00622,False,False,-1818.3702003097708,2695.843902678375,1.0005686456130776,123.75700101208668,229.93525755071545,-22.577716117542664,11.563148863486717,0.2533795554146766,152.49338909939067,1.7936829105551235,-0.4968318115350719,-0.0028551445571368,0.1031990760995752,0.00622,False,False,-1718.760830299017,2750.591870843498,0.9979736384081296,121.99965607123968,229.34574807177583,85.78696893442364,-59.26951242865223,1.0434345376300904,-34.24425421789411,7.3730180870814115,0.3086130419915178,0.0073232019282376,0.0811892273185307,0.00622,False,False
0.312,-192.14643696827085,-6.321223481891674,-181.83670767062677,-2.2575473941878714,-171.87593737521243,8.578770876079522,10,216.0,0.001,-2644.683502433897,1921.475037608388,1.0058578039028307,143.028237131213,231.1538140308113,-74.85836262713516,25.83848269924728,0.79193318157603,160.11433088140163,5.599732870153257,-0.5701156920474232,0.0001136451231449,-0.2789140118313579,0.00624,False,False,-2562.43396069822,2001.992761982426,1.0005449225242236,141.39833411628194,229.93523894750876,-25.04535472023033,4.02048517545731,0.2534462527140851,170.48668943396305,1.793647253654179,-0.4968318115350719,-0.0021377450901435,0.0970627569496915,0.00624,False,False,-2484.6181144957627,2084.842083472061,0.9979928200231192,140.24782033928506,229.3457399636693,99.90371734736549,-29.85896787470417,1.04239251707143,-16.297371235536037,7.3730287882134675,0.3086130419915178,-0.0031121373444532,0.0279947562008925,0.00624,False,False
0.313,-264.46674986468014,-7.485848844800594,-256.24299170788044,-2.5045289823149246,-248.4616192143749,9.990377827115562,10,234.0,0.001,-3109.009407343756,1010.1800246426424,1.0058629660145828,161.58791405515643,231.15366292943511,-79.1793049124741,1.4412727897987834,0.7919131503080835,178.310704430525,5.599749813017167,-0.5701156920474232,-0.0001106283842453,-0.0826202993806999,0.00626,False,False,-3055.6686714814887,1112.17282589678,1.000544044323537,159.82483017305475,229.93520200848627,-25.06176772277447,-3.9156736704402126,0.2537298475231871,-171.97066401901287,1.7936341623693486,-0.4968318115350719,0.0007167168734317,-0.3602435651437429,0.00626,False,False,-3007.2635851854648,1215.0135236823344,0.9979912103508036,158.53564012438707,229.345723020002,104.24107263524844,2.4744008806418263,1.0424418358039138,1.8634188574694748,7.373033257711938,0.3086130419915178,-0.0026252708449679,0.1887544684652013,0.00626,False,False
0.314,-310.8991553376411,-7.91765620752479,-305.56641038081085,-2.50638868799274,-300.7261385202444,10.42404489551753,10,252.0,0.001,-3269.003497965685,0.0025120485019698,1.0058231979567422,179.5266092297553,231.1534541134762,-75.74911643689181,-23.09693600929002,0.7914884954809782,-163.59938214690945,5.599730839061388,-0.5701156920474232,-0.0043303434297038,0.0072766570328986,0.00628,False,False,-3249.793153765654,113.4859089134723,1.0005488941382006,177.94621275221232,229.93514948550205,-22.62534748191117,-11.468603977898816,0.2533584746342475,-153.4966823145544,1.7936488311248393,-0.4968318115350719,-0.0030177567689223,0.1137913497906409,0.00628,False,False,-3235.537096051643,226.25109169120205,0.9980010719695804,176.0357049677272,229.3456981983503,98.37446391880272,34.56553998718917,1.042618137134381,19.72787167244939,7.373029128491829,0.3086130419915178,-0.000856417941217,0.0531865217592319,0.00628,False,False
0.315,-326.89855414986056,-7.574377327349075,-324.97885092141564,-2.2629443665980222,-323.55348337877,9.83732169394711,10,270.0,0.001,-3109.0047497350124,-1010.174237546458,1.005846269992685,-162.53865624882403,231.153223253294,-64.90361844674509,-45.37401969954988,0.7920553097997983,-145.53880462709893,5.599679165441449,-0.5701156920474232,0.00141087729263,0.0676729618758052,0.0063,False,False,-3125.805230526904,-896.3095397801703,1.0005503910103406,-164.43376716274176,229.93509008294376,-17.97454885795303,-17.89908880235896,0.2536171105772576,-135.47131223859617,1.7936858512594571,-0.4968318115350719,-0.0004837517152776,0.1397408418308862,0.0063,False,False,-3147.0936838422376,-784.6582476645506,0.997978070526424,-165.7730627449999,229.3456694654132,82.87816730469783,63.2731085019091,1.0427795430614937,37.67260422511841,7.373017318330347,0.3086130419915178,0.0007743434204498,-0.0021331729360873,0.0063,False,False
0.316,-310.8988448465093,-6.489619784700867,-312.5800963708446,-1.7980221463755337,-314.709158074342,8.287641931076317,10,288.0,0.001,-2644.675266670708,-1921.4671349601213,1.0058390846673737,-144.81132033987225,231.15301443926316,-47.70453920688448,-63.20921206395134,0.7922472454454497,-127.48888301726925,5.599610500153895,-0.5701156920474232,0.0034273411300687,0.1170833905424838,0.00632,False,False,-2695.8417842776425,-1818.3677159427036,1.0005560006430678,-146.48946380168192,229.9350351320993,-11.564551395117377,-22.577766250337987,0.2532893659666235,-117.69978795437513,1.7937312756168526,-0.4968318115350719,-0.0038254375639098,-0.0873100280974611,0.00632,False,False,-2750.590845293847,-1718.7596482701597,0.998004589069662,-147.53373289412602,229.3456422818633,59.269090602001405,85.78697831428946,1.0423901091137189,55.55678850376626,7.373001678110693,0.3086130419915178,-0.0030978774465467,-0.1180616841330611,0.00632,False,False
0.317,-264.46622162562,-4.769576744776483,-269.58383127410946,-1.1571245418634208,-275.0589107225488,5.926701286639842,10,306.0,0.001,-1921.4671349920727,-2644.672625349037,1.0058569255002587,-126.54419426618232,231.152863340747,-25.83557530877418,-74.85658599043987,0.7912921955650489,-109.43501626914804,5.599547043145303,-0.5701156920474232,-0.0060334159117601,0.1700697903298172,0.00634,False,False,-2001.990706543584,-2562.431175319415,1.0005612708613654,-128.1960960411177,229.93499426289728,-4.022710318758499,-25.04672613471605,0.2534473279977438,-99.44997757293277,1.7937679453821698,-0.4968318115350719,-0.0022976761321477,0.1647670037210916,0.00634,False,False,-2084.8410771811223,-2484.6167721926986,0.9979925910168292,-129.78252322480435,229.3456215165553,29.85828562753228,99.90331212515594,1.0421944673678434,73.76492482034843,7.372987520059839,0.3086130419915178,-0.0050342723977633,0.089895383497343,0.00634,False,False
0.318,-192.145861286065,-2.58263109713262,-200.198836991438,-0.4029770658391285,-208.4839874276367,2.985608162971768,10,324.0,0.001,-1010.1732287066492,-3108.9985396455345,1.0058255063398365,-109.05662510165668,231.1527835817004,-1.437566907181004,-79.17596620718675,0.7913503163626577,-91.51381475882646,5.599509006803275,-0.5701156920474232,-0.0053984164249136,0.0901235951690872,0.00636,False,False,-1112.1710345878928,-3055.665857776165,1.0005531307828115,-110.57948618331446,229.934971726304,3.9128435822641423,-25.06432642333913,0.2534552036604224,-81.29454037411776,1.793782043553455,-0.4968318115350719,-0.0022388573303983,0.3229875814558631,0.00636,False,False,-1215.0126351527128,-3007.2622140024023,0.9979718324976792,-111.6429197432282,229.3456095867912,-2.4752766750834017,104.2402926305258,1.0430556330912948,91.52857378083574,7.372979588441792,0.3086130419915178,0.0035886018385631,-0.1466818894272374,0.00636,False,False
0.319,-101.0170069015514,-0.1428716838463853,-111.21700613419829,0.3906108015010885,-121.50120851588063,-0.2477391176547758,10,342.0,0.001,0.002511987482876,-3268.9937034550085,1.0058484739314266,-90.6185561505844,231.15276153698443,23.10107766457868,-75.74454239699477,0.7922349933830951,-73.7216587863264,5.5995068944484006,-0.5701156920474232,0.0034513411003709,-0.118931547442558,0.00638,False,False,-113.484557010119,-3249.7905871371127,1.0005363071097482,-92.33051929529952,229.9349647718324,11.46544587393489,-22.628843219584382,0.2533918488569997,-63.42487831685341,1.7937683720935946,-0.4968318115350719,-0.0028530710006729,0.1954273483532469,0.00638,False,False,-226.2504078979798,-3235.535830209444,0.9979630059397238,-93.77985398799784,229.3456055349995,-34.56652353851386,98.373385616579,1.04288548375111,109.77650379274208,7.372980247907484,0.3086130419915178,0.0018861758113886,0.1010123235925974,0.00638,False,False
0.32,-1.2810696591131345e-12,2.310864711901696,-11.348504213362071,1.1459694508458549,-22.625056465053195,-3.4568341627475614,10,0.0,0.001,1010.176997914357,-3108.9969871518915,1.005830137574965,-72.37061007891616,231.15276153698449,45.37819173041083,-64.89825675001019,0.792405844330873,-55.679494979612194,5.599537487110953,-0.5701156920474232,0.00511658601986,-0.0778140874620218,0.0064,False,False,896.3103200452207,-3125.8031621402606,1.0005251482560076,-74.56508914551128,229.9349646994299,17.89591177597122,-17.978639605543762,0.2532295203186042,-45.47687128007586,1.7937323383930115,-0.4968318115350719,-0.0044253970365611,0.1456861441363031,0.0064,False,False,784.6586597875015,-3147.092647249956,0.9979957360055284,-75.67069332817525,229.34560539450345,-63.27410350638228,82.8768963555537,1.0426165657652957,127.96100657186338,7.372988581323576,0.3086130419915178,-0.0008147892768109,0.2853108041016032,0.0064,False,False
0.321,101.01690601939968,4.538373953436239,89.63084243264605,1.7891707822689134,78.46578116342971,-6.327544735705276,10,18.0,0.001,1921.46736147928,-2644.6702958475075,1.0058450457952317,-54.73259335801779,231.1527394924002,63.21300607712063,-47.69891465900496,0.7917484715554765,-37.56393503321216,5.599585072553648,-0.5701156920474232,-0.0015244377125355,0.0370295163288321,0.00642,False,False,1818.367848313491,-2695.8404164813046,1.0005536442949603,-56.439256617050994,229.93496018346505,22.574881307224885,-11.568836811585822,0.2536647415225156,-27.303666418747262,1.793687892595023,-0.4968318115350719,-1.0329147140352964e-05,0.3202973186310128,0.00642,False,False,1718.7597483820884,-2750.590139419681,0.9979793521132584,-57.98938260489799,229.3456037046627,-85.7878873843458,59.26775147059041,1.0426407805323272,145.39448106128947,7.373000741302306,0.3086130419915178,-0.0005898384133334,-0.2813584772255225,0.00642,False,False
0.322,192.14547750755105,6.321598904990745,181.8364727829205,2.2572636604378022,171.87582918529858,-8.578862565428532,10,36.0,0.001,2644.670295871103,-1921.4654424780676,1.0058284453370836,-36.76265382932163,231.15265973486424,74.85963057346449,-25.830238475070978,0.7919514149517737,-19.9560996059487,5.599627447105127,-0.5701156920474232,0.0004450695850343,-0.3554822235881386,0.00644,False,False,2562.430646969321,-2001.9901730736876,1.0005545436735963,-38.64575063568281,229.93494159882732,25.044415747894107,-4.026770928623206,0.2539018147569342,-9.553295715135665,1.793652201884428,-0.4968318115350719,0.0024108774840194,0.071232280617477,0.00644,False,False,2484.6165504947285,-2084.840771120064,0.9979797302656028,-40.03270791568282,229.3455955966544,-99.90404632135876,29.857009403693738,1.041820646178932,163.40774559119262,7.373011420685733,0.3086130419915178,-0.0088062848761656,-0.2681712818492678,0.00644,False,False
0.323,264.465429286916,7.485975657232229,256.2426607388763,2.504435041600658,248.4614628166284,-9.990410698832871,10,54.0,0.001,3108.9938822200584,-1010.1749801440492,1.005838025306984,-18.617000137512868,231.15250864084064,79.17796328763151,-1.4330402198455587,0.7910609923200242,-1.6506559270346186,5.599644397035056,-0.5701156920474232,-0.0084831275532465,-0.0501183873147236,0.00646,False,False,3055.6647205506724,-1112.17138749228,1.00056800284523,-20.501569701250155,229.9349046966828,25.06281687538366,3.90940532878247,0.2540560981246312,8.634602488253002,1.7936390937891165,-0.4968318115350719,0.0039722488071564,0.2591778085194768,0.00646,False,False,3007.2616921966373,-1215.0127588631394,0.9980108004619096,-21.947824892945125,229.34557865319317,-104.2407801630152,-2.47636510893738,1.0425579473067568,-178.61478074725582,7.373015879932317,0.3086130419915178,-0.0014395799249144,-0.2907279765391709,0.00646,False,False
0.324,310.89760291318424,7.917521981924647,305.5660157440566,2.5064937731811305,300.7259492240688,-10.424015755105788,10,72.0,0.001,3268.987174003999,-0.0025119254631107,1.005843984312633,-0.8333614383035617,231.1522998350758,75.74529642451363,23.10435104834271,0.7919982218765673,16.166666768297514,5.599625419526957,-0.5701156920474232,0.000916006261518,-0.2328121775364262,0.00648,False,False,3249.788952466391,-113.48576157035782,1.0005373618498392,-2.1704405218488447,229.9348522261448,22.62828244018128,11.46296667918666,0.2530992115449427,26.29288147827185,1.7936537727230977,-0.4968318115350719,-0.005617376137247,-0.0824900607282864,0.00648,False,False,3235.535059374548,-226.2509492692133,0.9979931653769544,-3.735800456921083,229.3455538318443,,,,,,0.3086130419915178,0.0050539097749827,-0.5381189054958079,0.00648,True,False
0.325,326.8969218424279,7.573995188358685,324.9784312555951,2.263238229045082,323.5532797138542,-9.837233417403748,10,90.0,0.001,3108.9892248389347,1010.169193331311,1.0058338788594652,17.331662106133937,231.15206898620045,64.897693844279,45.37989131297145,0.7911317800691436,34.63496675987975,5.599573734617159,-0.5701156920474232,-0.0076753183123122,0.2353065009154704,0.0065,False,False,3125.801190120767,896.3083818983545,1.0005347448575737,15.384171029808137,229.93479288291337,17.97908267497626,17.894634522166346,0.2533006872624475,44.49181881235382,1.7936908297077552,-0.4968318115350719,-0.0036550254524821,0.1170269117171576,0.0065,False,False,3147.0917028411413,784.6577537496173,0.997989636375571,14.089793887205497,229.3455250992588,-82.87677651925499,-63.27452583513819,1.04205904808375,-142.23308642572448,7.372999968087653,0.3086130419915178,-0.0064060694084565,0.0908933927074093,0.0065,False,False
0.326,310.8972924377498,6.489027125634592,312.57969275668256,1.7984760554331372,314.7089599768387,-8.28750318106769,10,108.0,0.001,2644.6620605104317,1921.457540216858,1.0058440646368076,35.296071951351564,231.1518601824296,47.697089848583765,63.21296540042326,0.7917116785917406,52.53904210768357,5.599505056136203,-0.5701156920474232,-0.0017792070471322,0.1388704554977124,0.00652,False,False,2695.8383001962525,1818.3653664270469,1.000560220950799,33.525762113444074,229.93473798696,11.570240550755091,22.574931261700904,0.2544513673095695,62.1058188501182,1.7937363070876085,-0.4968318115350719,0.0077874602913679,-0.2675472468629785,0.00652,False,False,2750.589113882581,1718.7585663676423,0.9979899835327676,32.48789232752249,229.34549791604277,-59.267330399338434,-85.78789666212444,1.0424787512997875,-124.23958489950289,7.372984357224586,0.3086130419915178,-0.0021869601538089,0.0842822994037585,0.00652,False,False
0.327,264.46490107456134,4.768831568584367,269.5834832130136,1.1576940938453095,275.05873758358393,-5.9265256624295946,10,126.0,0.001,1921.4575402498367,2644.659419318212,1.005849932367525,53.67956217856764,231.1517090913616,25.82733031792548,74.85785352203294,0.7921699623303271,70.26105096911606,5.599441590586232,-0.5701156920474232,0.0028933841802462,-0.1400013489105523,0.00654,False,False,2001.9881196879917,2562.4278643721245,1.0005498048082944,51.5393633785019,229.93469715859047,4.028998106965309,25.04578827749215,0.2541444559963378,80.58010664884155,1.793773029380938,-0.4968318115350719,0.004666413993783,0.2090090579063052,0.00654,False,False,2084.839764841476,2484.6152082080725,0.9979852984049205,50.602370308088624,229.3454771509905,-29.85632842489026,-99.90364179952522,1.0436398692023603,-106.31916301457686,7.372970226381888,0.3086130419915178,0.0094442029013098,0.0045252346194977,0.00654,False,False
0.328,192.14490185444896,2.5818063397057647,200.1985785395252,0.4036065278160403,208.48385619517416,-2.9854128675218154,10,144.0,0.001,1010.16818454273,3108.9830150547814,1.005837252141428,71.50830095555564,231.1516293362592,1.4293333314142291,79.17462371783785,0.7921485351727187,88.338223096831,5.5994035551268775,-0.5701156920474232,0.002732902866631,-0.063977300869854,0.00656,False,False,1112.169597972999,3055.661909655687,1.0005419626697365,69.57795998435475,229.93467464451797,-3.906572577548904,25.06537787484362,0.2546965804124926,98.40318642459518,1.793787163116568,-0.4968318115350719,0.0101676700347165,0.0348747855717396,0.00656,False,False,1215.011870344454,3007.260321030381,0.9979756534980404,68.56605290539662,229.34546522137384,2.477239246135153,-104.24000159268144,1.0433188452020523,-88.3443391764139,7.37296231047088,0.3086130419915178,0.0062451576869334,-0.0208767668759302,0.00656,False,False
0.329,101.01650250107848,0.1420480752381162,111.21686257006546,-0.3899830380082774,121.50113203574548,0.247934962770238,10,162.0,0.001,-0.0025118624739377,3268.9773799749028,1.0058654132058995,89.6563297326218,231.15160729263687,-23.108493849903056,75.74072115547517,0.7923861197321953,106.35460571197396,5.599401454246003,-0.5701156920474232,0.0051117195556234,-0.0488061613049504,0.00658,False,False,113.4844110178295,3249.7863884018034,1.0005567042454515,87.08694365533,229.9346676969972,-11.459805545011736,22.63178143508234,0.2539985892393235,116.6267302103184,1.7937735002708948,-0.4968318115350719,0.003207080484677,0.261199116949314,0.00658,False,False,226.2502654844296,3235.533793547905,0.9979622949817822,86.26078287105537,229.3454611696324,34.5682993949153,-98.37250259055727,1.0421746390415696,-70.61189393428363,7.372962969181964,0.3086130419915178,-0.0051978354760415,-0.2886669058806986,0.00658,False,False
0.33,1.5972822309025073e-13,-2.3116065496127405,11.34848956564488,-1.1454048399429688,22.625042223504483,3.457011389555816,10,180.0,0.001,-1010.1719535627064,3108.9814626383977,1.0058580491376674,107.44271486424468,231.15160729263687,-45.3840645182696,64.89233067445551,0.7921879032629104,124.50347129325615,5.599432066094443,-0.5701156920474232,0.0030862631715423,0.0990127916343599,0.0066,False,False,-896.3091613836791,3125.7991238006493,1.0005733945827118,105.34534534642556,229.9346676246671,-17.891454395101793,17.98317731898463,0.2538455634534404,134.4931672234105,1.7937374485387354,-0.4968318115350719,0.0017278074744122,0.1298904334795813,0.0066,False,False,-784.6581658674722,3147.09066626163,0.997974680738344,104.28854341409716,229.345461029138,63.27551891337179,-82.87550799343981,1.0427208082825608,-52.57552706252224,7.372971286709035,0.3086130419915178,0.0002520941742806,-0.2525039706684022,0.0066,False,False
0.331,-101.01640162410906,-4.538961398152566,-89.63072675610405,-1.7887246077124923,-78.46573177249144,6.327686005865084,10,198.0,0.001,-1921.4577667251765,2644.6570899326084,1.0058348579929313,125.43326220865374,231.1515852491533,-63.21676050129352,47.691463728059446,0.7914283361771796,142.30333858126718,5.59947967261366,-0.5701156920474232,-0.0045767334709005,-0.1018364307443717,0.00662,False,False,-1818.365498665642,2695.83693376662,1.0005665355526034,123.32847278708458,229.93466311321745,-22.57204345090876,11.574530121265497,0.2539655997922515,151.96620351839545,1.7936929685397602,-0.4968318115350719,0.0029910750803285,-0.3956651488548842,0.00662,False,False,-1718.7586664783398,2750.5884080171268,0.9979947097569908,122.24551311971295,229.34545933931844,85.78880395220256,-59.26599384932449,1.042873322376339,-34.293045918633375,7.372983422773176,0.3086130419915178,0.0017600721255579,0.0298336504246216,0.00662,False,False
0.332,-192.14451809564343,-6.321974443930985,-181.8362381303345,-2.2569796225335854,-171.8757209967602,8.578954066464597,10,216.0,0.001,-2644.6570899569656,1921.455847819024,1.005812413697181,143.00534440999596,231.1515054956118,-74.860898999753,25.821991965962,0.7923483547689519,160.21027416665584,5.599522063596778,-0.5701156920474232,0.0045635025435751,-0.1952480749999915,0.00664,False,False,-2562.427336550425,2001.9875867510607,1.0005493759926352,141.42480527001405,229.93464454716525,-25.04347553652831,4.033062721873641,0.2548296915588414,170.48892814726037,1.7936572441066585,-0.4968318115350719,0.0116825147240285,0.1276246501427611,0.00664,False,False,-2484.6149865128805,2084.8394587841904,0.9979820178687931,139.93300026543403,229.3454512314116,99.9043745362815,-29.855054687835107,1.043408235677877,-16.503828477343703,7.372994080392047,0.3086130419915178,0.0070941329917923,-0.1810261237914721,0.00664,False,False
0.333,-264.46410877654466,-7.486102517626464,-256.24233010123123,-2.5043409770015224,-248.46130642087647,9.990443494627964,10,234.0,0.001,-3108.9783578628703,1010.1699358919326,1.0058564772739902,161.4751972703415,231.15135440917948,-79.17662141271813,1.4248053286248723,0.7914241123226344,178.41047212327155,5.599539020561146,-0.5701156920474232,-0.0047029026885855,0.0048700331405666,0.00666,False,False,-3055.660773567569,1112.169950524289,1.0005338354815845,159.27213205660144,229.93460768193157,-25.063866716454143,-3.903130859898632,0.2532400452910298,-171.81097242587552,1.7936441192299977,-0.4968318115350719,-0.0041953865755091,-0.1722284046147942,0.00666,False,False,-3007.259799231158,1215.0119940533114,0.997990496311514,158.30501221819878,229.34543428816312,104.2404881291722,2.478325531274299,1.0431779521497777,1.6425058781466129,7.372998529379704,0.3086130419915178,0.0047850058921138,-0.0347221000309641,0.00666,False,False
0.334,-310.8960505681976,-7.91738773180629,-305.5656215024788,-2.5065989268043416,-300.7257599303148,10.423986658610614,10,252.0,0.001,-3268.970850852136,0.0025117984578599,1.0058402587693227,179.42880726886193,231.15114561393852,-75.74147545743948,-23.11176821792092,0.7921260482981117,-163.36968512761794,5.599520039534105,-0.5701156920474232,0.0023433002920567,0.2246962772746084,0.00668,False,False,-3249.7847553661977,113.48561437331794,1.0005316058001783,177.27432756482307,229.9345552638862,-22.631219946250702,-11.457323765757904,0.2529510343579739,-153.58517174599578,1.7936588083146927,-0.4968318115350719,-0.0071062694088627,0.0536253458406954,0.00668,False,False,-3235.5330227226946,226.25080684887203,0.9979682045040014,176.14835258976095,229.34540946712696,98.37269540368992,34.569091983679314,1.0425760122701608,19.621893886187177,7.372994412571883,0.3086130419915178,-0.0012285708586002,-0.0553548525990087,0.00668,False,False
0.335,-326.8952896188129,-7.573612954861819,-324.9780120100937,-2.2635323454715857,-323.55307605155167,9.837145300333406,10,270.0,0.001,-3108.9737007167214,-1010.1641493717784,1.005819336192732,-162.5744434051776,231.15091477673448,-64.89176767678002,-45.38576465805012,0.7909937949237024,-145.42791581393587,5.599468343429179,-0.5701156920474232,-0.0089061241193307,0.166284179907713,0.0067,False,False,-3125.797153754032,-896.307225175428,1.0005416964219094,-164.41299050319398,229.93449598003423,-17.983620649054565,-17.890175689020396,0.253157965611775,-135.90827201738577,1.793695902087528,-0.4968318115350719,-0.005089415387475,-0.2688950669434294,0.0067,False,False,-3147.0897218647133,-784.6572598409668,0.997981847508156,-165.4798053930394,229.34538073490444,82.8753883258342,63.27594034707089,1.0422705861136992,37.656775673982224,7.372982645091431,0.3086130419915178,-0.0042661906927673,-0.0205251996593667,0.0067,False,False
0.336,-310.8957401089507,-6.488434311408225,-312.5792895468394,-1.798930379084965,-314.7087618818852,8.287364690493133,10,288.0,0.001,-2644.648855011817,-1921.4479459573504,1.0058452960981608,-144.972469335435,231.1507059835535,-47.68963846877364,-63.216719900838974,0.7910091872636318,-127.32543068314015,5.59939965188388,-0.5701156920474232,-0.0086550562050537,0.2682577062503355,0.00672,False,False,-2695.8348195991284,-1818.3630192620255,1.0005451964800058,-146.575173974002,229.9344411390209,-11.575935065239204,-22.57209322700013,0.253487163679695,-117.72245934578427,1.7937414324297407,-0.4968318115350719,-0.0018618243357317,-0.0816556378988249,0.00672,False,False,-2750.587382492983,-1718.757484478772,0.9979856732052508,-147.85332740688708,229.34535355203292,59.26557353401237,85.78881312783935,1.0420668829540085,55.65413935790568,7.372967063604301,0.3086130419915178,-0.0062811867392568,-0.0232739648051124,0.00672,False,False
0.337,-264.4635805917298,-4.768086191833145,-269.5831355006523,-1.158264180398297,-275.0585644468545,5.926350372231463,10,306.0,0.001,-1921.4479459913575,-2644.64621395322,1.0058485593099369,-126.5955504477652,231.15055490017224,-25.81908304739737,-74.8591215367562,0.7917409089095132,-109.6267964537156,5.599336177915753,-0.5701156920474232,-0.0012480739996563,-0.0339890461673435,0.00674,False,False,-2001.9855354203348,-2562.424556737308,1.0005211286119504,-128.6957850258607,229.93440035152017,-4.035291930901437,-25.04484917857468,0.2529914544145085,-99.28500816956031,1.7937782072279045,-0.4968318115350719,-0.0068709244059134,0.3580658944457415,0.00674,False,False,-2084.838452518351,-2484.6136442431634,0.9979887520199489,-129.63251552132806,229.34533278724467,29.85437497829836,99.903970715331,1.0433395818816338,73.66975674198119,7.37295295998644,0.3086130419915178,0.0064657480646572,-0.0078352309719345,0.00674,False,False
0.338,-192.14394247255413,-2.5809813559955823,-200.19832034661323,-0.4042365919789678,-208.48372496441124,2.985217947974495,10,324.0,0.001,-1010.1631406360182,-3108.967491247698,1.005838708666911,-108.34003036999,231.1504751491399,-1.4210974410971229,-79.1732809844391,0.7913088208462178,-91.95915882079382,5.59929814341853,-0.5701156920474232,-0.0055151657307979,-0.3674998650917935,0.00676,False,False,-1112.1681627962043,-3055.6579654854177,1.0005390125235003,-110.1038590022434,229.93437785998825,3.900295451157215,-25.066430009807483,0.2536504180736969,-81.42362207083029,1.7937923765627042,-0.4968318115350719,-0.0003013262794732,0.2222405119110946,0.00676,False,False,-1215.011105545913,-3007.2584280822493,0.997977473975802,-111.86871281514098,229.3453208577801,-2.479198010060626,104.23971099424652,1.0420925355577424,91.71674912881171,7.372945059790263,0.3086130419915178,-0.0059935426096768,0.0389317102406158,0.00676,False,False
0.339,-101.0159981268296,-0.1412242367874423,-111.21671914983324,0.3893546636725967,-121.50105555660804,-0.2481304268852621,10,342.0,0.001,0.0025117334942166,-3268.961057320086,1.00583338370037,-90.6138901353264,231.1504531066461,23.11591215822942,-75.73689896754118,0.7915081915017678,-73.73728037097857,5.599296054026131,-0.5701156920474232,-0.0035185043282313,-0.1468332491467668,0.00678,False,False,-113.48426517281816,-3249.7821938678426,1.000552067475026,-92.22887831648936,229.93437091942457,11.454159607572956,-22.6347221915292,0.2532068790954104,-63.98850910594643,1.7937787224229471,-0.4968318115350719,-0.004717406192711,-0.3398631470501788,0.00678,False,False,-226.25012307280093,-3235.5317569121094,0.9979943395859264,-94.12627721871306,229.34531680609064,-34.57007176580289,98.37162115907016,1.0430980107862948,109.55508619190104,7.372945717742802,0.3086130419915178,0.0040602791904441,-0.1229661897587718,0.00678,False,False
0.34,9.616020150264162e-13,2.3123485982414222,-11.348474932612064,1.1448396693215974,-22.62502798214133,-3.4571882675631205,10,0.0,0.001,1010.166909462312,-3108.965938911027,1.0058398255485466,-72.68636574748088,231.15045310664613,45.389939030191925,-64.88640304359967,0.7917679817493884,-55.68179393515664,5.5993266850135655,-0.5701156920474232,-0.0009639206098832,-0.0923937213678112,0.0068,False,False,896.3080038803357,-3125.795089502276,1.0005355790515706,-74.5367554681217,229.9343708471669,17.886992467524635,-17.987719181452164,0.2534885064897774,-45.32175725299671,1.7937426527850435,-0.4968318115350719,-0.0018501220779282,0.3291455498719634,0.0068,False,False,784.657671953564,-3147.088685298384,0.9979971160575144,-75.8028072989784,229.34531666559812,-63.27693149771708,82.87412222505142,1.0424176638997065,127.627432518729,7.372954019366846,0.3086130419915178,-0.0027549299447536,-0.0508234371696639,0.0068,False,False
0.341,101.01589725519746,4.539549014258075,89.63061119554999,1.7882779793152468,78.46568238219864,-6.327826993573408,10,18.00000000000091,0.001,1921.4481724544728,-2644.643884687221,1.005824702191873,-54.68131044967979,231.1504310642979,63.22051608249002,-47.68401078583376,0.7916992050691241,-37.681851064360906,5.599374312528092,-0.5701156920474232,-0.0017190428895126,-0.093167527416388,0.00682,False,False,1818.3631513683115,-2695.833454537415,1.000524253545947,-56.47851932681392,229.93436634023664,,,,,,-0.4968318115350719,0.0010656631053106,-0.2936945799841629,0.00682,True,False,1718.7575845881995,-2750.5866766365207,0.9979923285816656,-57.62275787088256,229.34531497580025,-85.78971863669807,59.26423956720416,1.042422792112555,145.8149634101775,7.3729661314978205,0.3086130419915178,-0.0027207769561593,0.1365641796025065,0.00682,False,False
0.342,192.1435587340632,6.322350098021113,181.8360037130772,2.2566952810369583,171.87561280964007,-8.579045379058222,10,36.00000000000091,0.001,2644.6438847123413,-1921.4462536464096,1.005841514353771,-36.26958267232649,231.15035131487696,74.86216790360214,-25.813743186899053,0.7928474804901665,-19.702153787383512,5.599416719867479,-0.5701156920474232,0.0097037382864064,-0.1138175418992441,0.00684,False,False,2562.4240294444758,-2001.9850030168432,1.0005326355121142,-38.62973154400908,229.9343477927864,,,,,,-0.4968318115350719,0.0013176473758302,0.0294913031693104,0.00684,True,False,2484.6134225508385,-2084.838146464959,0.9979863269651326,-39.6034672719626,229.345306867998,-99.90470199162752,29.853103729763355,1.042782333355386,163.76340295176888,7.3729767673362145,0.3086130419915178,0.0008595941252447,0.0849266247815427,0.00684,False,False
0.343,264.46278833565145,7.486229425743388,256.24199979523905,2.504246788706889,248.46115002718088,-9.990476214450275,10,54.00000000000091,0.001,3108.962834296708,-1010.1648918942576,1.0058108909678531,-18.30610826903777,231.1502002362745,79.1752792900812,-1.4165681311235905,0.7926344513526845,-1.6311264438674788,5.599433683834677,-0.5701156920474232,0.0075494562391028,-0.0428700525594805,0.00686,False,False,3055.6568305356845,-1112.168514994084,1.0005560826733035,-20.4237731586976,229.9343109644963,25.06491724397132,3.896850276113008,0.2534079560597675,8.23649974954515,1.7936492390118708,-0.4968318115350719,-0.0025235193530941,-0.1105737232853495,0.00686,False,False,3007.257906289775,-1215.0112292531526,0.9979568818171736,-21.49373694568092,229.345289924969,-104.24019653405264,-2.4802821449901438,1.0435275742493342,-178.08435770835882,7.372981206057926,0.3086130419915178,0.0083057257642848,0.2371356574474497,0.00686,False,False
0.344,310.89449830513263,7.917253457404481,305.56522765642785,2.506704148660772,300.7255706390571,-10.423957606065263,10,72.00000000000091,0.001,3268.954528535873,-0.0025116674855212,1.0058264433092312,-1.0132236555506338,231.1499914518871,75.73765354253291,23.11918750449664,0.7910565766079338,16.598070138975395,5.5994146993220735,-0.5701156920474232,-0.0082024430532041,0.1863100058635978,0.00688,False,False,3249.7805624688044,-113.48546732248282,1.0005396182487765,-2.512154389460949,229.93425859899023,22.63415999439484,11.451675248711062,0.2535425600704231,26.20550879587087,1.7936639382194834,-0.4968318115350719,-0.0011982670652995,-0.1415116769560657,0.00688,False,False,3235.530986096888,-226.2506644302341,0.9979924364559482,-3.7055779463489458,229.3452651042552,-98.37181353692762,-34.570862753208424,1.0426432339344167,-160.58544717411166,7.37297709546328,0.3086130419915178,-0.0005318641261939,-0.2639745683695871,0.00688,False,False
0.345,326.89365748159304,7.57323062754508,324.97759318528404,2.2638267153047344,323.55287239194314,-9.83705734284984,10,90.00000000000091,0.001,3108.958177392888,1010.159105675826,1.0058086187957422,17.1907439776648,231.1497606267189,64.88583995495637,45.391639724040985,0.791473249742275,34.429026775542624,5.599362992116759,-0.5701156920474232,-0.0039625866787636,0.0170851337077447,0.0069,False,False,3125.7931214302853,896.3060696124195,1.0005444413984397,15.79832040923697,229.9341993745705,17.98816277131361,17.88571231170734,0.2531098842939593,44.32265688602026,1.7937010687185764,-0.4968318115350719,-0.0055775352853322,-0.023783509996482,0.0069,False,False,3147.087740913737,784.6567659387952,0.9979767070539388,14.632393486838913,229.3452363724072,-82.87400272626968,-63.27735203574899,1.042902594322737,-142.11451882318588,7.372965349345494,0.3086130419915178,0.0020783512760883,0.2069017040324807,0.0069,False,False
0.346,310.8941878625634,6.487841343092898,312.5788867416732,1.7993851164429695,314.7085637895597,-8.287226459535816,10,108.00000000000092,0.001,2644.63565019572,1921.438352196751,1.0058111680033617,35.096260680106205,231.14955184445745,47.68218508095889,63.220475558288605,0.7924817762663561,52.51723117102397,5.59929428763616,-0.5701156920474232,0.0062198413703056,0.1047777143323152,0.00692,False,False,2695.8313424893618,1818.360674449725,,,229.9341445885457,11.581634927414015,22.56925215184934,0.2528723488444256,62.474042709350414,1.7937466519629417,-0.4968318115350719,-0.0080173542230668,0.1290300205471766,0.00692,False,False,2750.585651125737,1718.7564026039763,0.9979642620522976,32.46034202142289,229.34520918989085,-59.2638200083724,-85.78972771013846,1.0425897062532583,-124.1620467523935,7.372949797253628,0.3086130419915178,-0.0010285354394553,0.1592614963480525,0.00692,False,False
0.347,264.4622601792104,4.767340615873489,269.5827881373346,1.158834800406408,275.05839131242885,-5.926175416279877,10,126.00000000000092,0.001,1921.4383522317853,2644.6330092749145,1.0058098954667352,53.313188230361774,231.14940076900143,25.810833512169168,74.86039003221126,0.792490730621549,70.79171596385132,5.59923080537305,-0.5701156920474232,0.0063991623996928,0.3783812108220838,0.00694,False,False,2001.982953742909,2562.4212524179065,1.0005340741886006,51.21395330781618,229.93410384195008,4.0415917782219655,25.0439088398551,0.2535622584014506,80.28814576385446,1.7937834792426368,-0.4968318115350719,-0.0011703402912285,-0.0545947243494949,0.00694,False,False,2084.837140212264,2484.6120802985897,0.9979442336057716,50.51323646306744,229.34518842537483,-29.85242529039055,-99.90429887206672,1.0420809137546925,-106.19669269801405,7.372935720877261,0.3086130419915178,-0.0060965534227505,0.1244372001791915,0.00694,False,False
0.348,192.14298314189568,2.5801561475003223,200.1980624129316,0.4048672570925447,208.48359373539955,-2.985023404592849,10,144.0000000000009,0.001,1010.1580969944788,3108.9519682488003,1.0058381632458104,71.44374348966046,231.1493210221652,1.4128592512174871,79.1719380093385,0.7918550808448419,88.14670283584441,5.5991927719173455,-0.5701156920474232,9.645206150507332e-05,-0.2677807391823006,0.00696,False,False,1112.166729058783,3055.654025268863,1.000546023228896,69.34622791878557,229.93408137297868,-3.894012215415577,25.067482826214384,0.2537160354078756,98.19012012696304,1.7937976842112922,-0.4968318115350719,0.0003473409136962,-0.1498292818548743,0.00696,False,False,1215.010340757392,3007.256535158755,0.9979941701940066,68.60847237786199,229.34517649606715,2.481152964198785,-104.23942083555306,1.042702348773966,-88.2917401516953,7.372927836403693,0.3086130419915178,0.0001289470994376,0.0291646952069786,0.00696,False,False
0.349,101.01549377959248,0.1404001699930558,111.2165758736204,-0.3887256797273897,121.50097907849006,0.2483255097343313,10,162.0000000000009,0.001,-0.0025116005527223,3268.944735516334,1.0057978901708025,89.32756034054132,231.14929898083463,-23.12333257602871,75.73307584005755,0.7921431965620054,106.5624164682019,5.599190694027817,-0.5701156920474232,0.0029805478126932,0.146720703187518,0.00698,False,False,113.4841194752062,3249.778003538956,1.0005695112895194,87.40147271751361,229.9340744393782,-11.44850807271994,22.637665483197804,0.2531783819772706,116.36231948555424,1.793784038869087,-0.4968318115350719,-0.005009895964344,0.0251562778653959,0.00698,False,False,226.24998066314132,3235.5297203028585,0.9979600648358242,86.1497587110491,229.3451724444311,34.57184064874929,-98.37074132325532,1.0426808734020832,-70.33299520248784,7.372928493593752,0.3086130419915178,-8.673602648790382e-05,-0.012324900333525,0.00698,False,False
0.35,-2.0829210561290977e-12,-2.3130908564346555,11.348460314276617,-1.1442739400922175,22.62501374096936,3.4573647965269423,10,180.0000000000009,0.001,-1010.161865621139,3108.950415994292,1.0058455461750213,107.52041879280848,231.14929898083463,-45.3958152554318,64.88047386815225,0.7922034753694078,124.42868983132756,5.59922134410727,-0.5701156920474232,0.0035399901286664,0.0119468804794816,0.007,False,False,-896.3068475362172,3125.791059248724,1.000557220503439,105.37243243008228,229.934074367193,-17.88252600202891,17.992265184068728,0.2531160842684822,134.58701467815348,1.793747951451223,-0.4968318115350719,-0.0055818377364534,0.2521108510678522,0.007,False,False,-784.6571780459711,3147.086704360996,0.9979838316011714,104.39904295955556,229.3451723039404,63.27834125746127,-82.87273905222077,1.0419263206977265,-52.4583250253412,7.37293677930077,0.3086130419915178,-0.0076439808292929,-0.137857934868555,0.007,False,False
0.351,-101.01539291346128,-4.540136800678005,-89.63049575108651,-1.787830897956824,-78.46563299257085,6.327967698634811,10,198.0000000000009,0.001,-1921.4385786823173,2644.6306801321984,1.0058556284112283,125.55126009200768,231.14927693965663,-63.224272813799175,47.67655584583412,0.7923913998260874,142.49809913941024,5.599268992535832,-0.5701156920474232,0.0053518496415637,0.0806393465893358,0.00702,False,False,-1818.3608064235827,2695.82997879678,1.0005439434868928,123.388233899404,229.93406986478607,-22.56635862273824,11.585932780742706,0.2532938321563175,152.4291558876479,1.7937034034225403,-0.4968318115350719,-0.0037413584317609,0.0956637965079286,0.00702,False,False,-1718.7565027120936,2750.584945278544,0.9979498245840596,122.08219764502762,229.3451706141649,85.79063143653784,-59.262488626576456,1.0425845571936478,-34.261354863881074,7.372948867480018,0.3086130419915178,-0.0010787111371151,0.0589692001966769,0.00702,False,False
0.352,-192.14259942432156,-6.322725866570199,-181.83576953135287,-2.256410636509658,-171.87550462397692,8.579136503079857,10,216.0,0.001,-2644.6306801580777,1921.4366599753755,1.005869115567527,143.68515755606194,231.149197194482,-74.86343728261272,25.80549215286294,0.7918686721216044,160.529272429205,5.59931141615608,-0.5701156920474232,6.457653761473195e-05,0.1114652837554367,0.0070399999999999,False,False,-2562.420725654403,2001.9824218733308,1.0005412934375344,141.5795993499228,229.9340513359542,-25.041591404278083,4.045664379248186,0.2538146834470332,170.62948750524862,1.7936676118059496,-0.4968318115350719,0.0015177714649978,0.2965624067295904,0.0070399999999999,False,False,-2484.611858609215,2084.8368341628875,0.9979847644451468,140.20667728761904,229.34516250647047,99.90502868689109,-29.85115653211065,1.0423601867949344,-16.462968916396072,7.372959481522025,0.3086130419915178,-0.0033374256464078,-0.1427218295649693,0.0070399999999999,False,False
0.353,-264.4614679663188,-7.486356381343119,-256.2416698211902,-2.5041524769060213,-248.4609936356004,9.99050885824915,10,234.0,0.001,-3108.9473115460787,1010.1598481589928,1.0058406336255217,161.6710102765775,231.1490461239478,-79.17393692206835,1.408328642330679,0.7924171391271297,178.560714747225,5.599328387094504,-0.5701156920474232,0.005525246061582,0.142827742031312,0.0070599999999999,False,False,-3055.652891458515,1112.1670809029429,1.0005295421558995,159.60450995881732,229.9340145446401,-25.065968455920284,-3.890563589755406,0.2534554417876133,-171.37301603683113,1.7936544534540666,-0.4968318115350719,-0.0020560364095091,0.2941067714578307,0.0070599999999999,False,False,-3007.256013373228,1215.010464462967,0.997977670249756,158.5578802048652,229.34514556366736,104.2399053779888,2.482234947425267,1.0427952110416348,2.072437147686337,7.372963909970764,0.3086130419915178,0.0010065540483286,0.3926539518462711,0.0070599999999999,False,False
0.354,-310.8929461264389,-7.917119158954086,-305.5648342062518,-2.5068094385487987,-300.7253813503688,10.42392859750289,10,252.0,0.001,-3268.9382070809784,0.0025115325519777,1.0058308011439638,179.45026770759964,231.14883735074363,-75.73383068665855,-23.126608894539984,0.7922494308337519,-163.37110691210887,5.599309399129719,-0.5701156920474232,0.0038750161651252,0.2109895388137678,0.0070799999999999,False,False,-3249.776373777928,113.48532041798902,1.0005570387228913,177.62369501346285,229.9339622317198,-22.63710257888726,-11.446021139149824,0.253720996894783,-153.60665870429966,1.79366916275679,-0.4968318115350719,0.0005787125667832,0.0605170330068413,0.0070799999999999,False,False,-3235.5289494979243,226.25052201336155,0.9979654882456565,176.03042918885282,229.3451207432857,98.3709332655458,34.57263003369037,1.043990118857822,19.68121125793577,7.372959805593983,0.3086130419915178,0.0129614366755104,0.0014073025798169,0.0070799999999999,False,False
0.355,-326.8920254333458,-7.572848207095124,-324.9771747815376,-2.2641213379715466,-323.5526687351085,9.836969545066614,10,270.0,0.001,-3108.942654891942,-1010.1540622514118,1.0058426281257482,-162.4414609706495,231.14860653797572,-64.87991068951797,-45.397516500197774,0.7918362118215072,-145.65648810240327,5.599257680918765,-0.5701156920474232,-0.0001840333619694,-0.0745732576327497,0.0070999999999999,False,False,-3125.789093153104,-896.3049152103472,1.000570034027807,-164.49979662607703,229.93390306678492,-17.9927090328755,-17.881244399017675,0.254274003793026,-136.1297455664551,1.7937063299201466,-0.4968318115350719,0.0060562192427197,-0.4619895361713455,0.0070999999999999,False,False,-3147.085759988988,-784.656272043289,0.9979793373723388,-166.27247478802244,229.34509201182328,82.87261972239322,63.27876089921597,1.0433269443186997,37.92945907602958,7.372948080853594,0.3086130419915178,0.0063462725711592,0.2496030985328862,0.0070999999999999,False,False
0.356,-310.892635701042,-6.487248221759733,-312.5784843415444,-1.7998402666190756,-314.7083656999428,8.287088488378831,10,288.0,0.001,-2644.622446082991,-1921.4287589502017,1.0058149703350296,-144.4318843699077,231.1483977669637,,,,,,-0.5701156920474232,-0.0052793413151892,0.0455554910087309,0.00712,True,False,-2695.827868870042,-1818.3583319922204,1.0005286535752629,-146.37583988814433,229.9338483357977,-11.587340126119022,-22.566408041865145,0.2536039069471852,-117.95822698324945,1.7937519660063426,-0.4968318115350719,-0.0007092883877205,-0.2890422999990865,0.00712,False,False,-2750.5839197815267,-1718.7553207436742,0.9979930743280204,-147.93231728505086,229.3450648296732,59.26206982476506,85.79064040772705,1.0436472530132164,56.19477766997357,7.372932558176312,0.3086130419915178,0.0095713118970647,0.5148095847287247,0.00712,False,False
0.357,-264.4609398390937,-4.766594842056574,-269.5824411233739,-1.1594059527528515,-275.0582181803802,5.926000794809375,10,306.0,0.001,-1921.428758986278,-2644.619805304144,,,231.14824669967192,-25.80258172722283,-74.86165900599974,0.7910849975179309,-109.71445995611045,5.59912547319695,-0.5701156920474232,-0.0075092064444915,-0.133938745097605,0.00714,False,False,-2001.980374658016,-2562.417951416848,1.0005294711728974,-128.3659367973394,229.93380763014343,-4.047897636575918,-25.042967263225997,0.2536163594940347,-99.66088943255534,1.7937888457441218,-0.4968318115350719,-0.0006369187445688,0.0105692901747068,0.00714,False,False,-2084.8358279237414,-2484.6105163749617,0.9979633521651768,-129.51683278684163,229.34504406543783,29.850479363798243,99.90462626922604,1.0426691359130182,73.7849321419139,7.37291850905809,0.3086130419915178,-0.0001899906513871,0.1047860060406956,0.00714,False,False
0.358,-192.1420238639959,-2.579330715718413,-200.1978047387165,-0.4054985219214451,-208.4834625081982,2.984829237639806,10,324.0,0.001,-1010.153053626093,-3108.936446082601,1.0058196330867677,-108.69429640007628,231.14816695715797,-1.4046187767656182,-79.17059479488492,0.7913086708633807,-91.24423915032592,5.599087440862083,-0.5701156920474232,-0.0052186871462156,0.3351328705597751,0.00716,False,False,-1112.1652967620248,-3055.6500890095203,1.0005531411871265,-110.61022175092474,229.933785183753,3.88772288265612,-25.068536322047365,0.25333792973616,-81.4748772677189,1.7938030863811891,-0.4968318115350719,-0.0034413556253944,0.1993750888719184,0.00716,False,False,-1215.0095759792075,-3007.254642260643,0.9979641014739202,-111.5596089079806,229.345032136292,-2.4831041058910683,104.2391311169324,1.043112785436298,91.53780299737706,7.3729106403148945,0.3086130419915178,0.0042576326647545,-0.1425677951737723,0.00716,False,False
0.359,-101.0149894601724,-0.1395758763545274,-111.21643274156273,0.3880960874063466,-121.5009026014302,-0.248520211051926,10,342.0,0.001,0.0025114636298013,-3268.9284145894258,1.005819399374318,-90.4919768300714,231.1481449170255,23.13075508976965,-75.72925177989057,0.7917936117629987,-73.19241296537126,5.599085374489732,-0.5701156920474232,-0.0003663558582329,0.3857465115845637,0.00718,False,False,-113.48397392514232,-3249.77381741887,1.0005068369558634,-92.48940401164062,229.93377825712184,11.442850951558883,-22.640611304358774,0.2537639614386822,-63.5709602853842,1.793789449928071,-0.4968318115350719,0.0008382462567696,0.1060810917789739,0.00718,False,False,-226.2498382555264,-3235.5276837209603,0.9979605187362572,-93.5296531397799,229.34502808471103,-34.573606041329114,98.36986308424927,1.042865165450037,109.46948373228057,7.372911296738548,0.3086130419915178,0.0017805044789104,-0.2111211863835446,0.00718,False,False
0.36,-1.441174583931326e-12,2.3138333228392844,-11.348445710656147,1.143707653365588,-22.624999499998783,-3.4575409762049936,10,0.0,0.001,1010.1568220471346,-3108.9348939127167,1.0058169298107,-72.62526239883552,231.14814491702543,45.40169318324183,-64.87454315882493,0.7919721217869198,-55.577844269240096,5.5991160436141465,-0.5701156920474232,0.0013753716892863,-0.0007322539991726,0.0072,False,False,896.3056923523341,-3125.787033043584,1.0005344055068222,-74.33086770510621,229.9337781850093,17.87805500740717,-17.996815317953207,0.2531056895594672,-45.437958397264445,1.7937533448559642,-0.4968318115350719,-0.0056934122527357,0.2413448932253027,0.0072,False,False,784.656684144871,-3147.0847234502585,0.9979623638487228,-75.43246161054057,229.3450279442222,-63.27974819064956,82.87135847677791,1.0429651868668146,127.78486804620816,7.372919566514559,0.3086130419915178,0.0027690234172941,0.104060278666267,0.0072,False,False
0.361,101.01488859969255,4.54072475633742,89.63038042281167,1.7873833645165256,78.46558360362306,-6.328108120853937,10,18.0,0.001,1921.4289854238448,-2644.61747628841,1.0058183393469762,-54.30836504383056,231.14812287705243,63.22803068830933,-47.66909892156917,0.7919684126087722,-37.71532701683118,5.599163712875403,-0.5701156920474232,0.0012708653920313,-0.1389320073655872,0.00722,False,False,1818.3584638335224,-2695.8265065478186,1.000538882255102,-56.601118756698746,229.9337736871296,22.56351166211881,-11.591642108217115,0.2531034979387477,-27.95429329406068,1.7937087629985584,-0.4968318115350719,-0.0056522801925519,-0.2735764638830376,0.00722,False,False,1718.7554208504314,-2750.583213943898,0.9979902462492828,-57.65744671869086,229.3450262544698,-85.7915423504285,59.26074102978593,1.0430431256983002,145.5668025161602,7.372931630723535,0.3086130419915178,0.003531350364197,-0.1141480293333263,0.00722,False,False
0.362,192.1416401679407,6.323101748887069,181.83553558537724,2.256125689513758,171.87539643982134,-8.579227438400798,10,36.0,0.001,2644.6174763150234,-1921.427066821092,1.0058410867995378,-36.55211877529627,231.14804313625007,74.86470713438594,-25.797238878836943,0.7919328152884172,-19.81463431799773,5.599206152701092,-0.5701156920474232,0.0008548732114078,-0.2385867216819196,0.00724,False,False,2562.417425183139,-2001.979843322836,1.0005292505304777,-38.50238415379694,229.93375517693252,25.040647487181342,-4.051974218669672,0.2535784074783217,-9.677857686618928,1.7936729379210208,-0.4968318115350719,-0.0008525204862847,0.0034270469052942,0.00724,False,False,2484.6102946886217,-2084.8355218785136,,,229.34501814688645,-99.90535462156735,29.849213097506208,1.0433049251236146,163.69904094738413,7.372942222953285,0.3086130419915178,0.0061343649423723,0.0180135438816394,0.00724,False,False
0.363,264.4601476706372,7.486483384185773,256.24134017938377,2.504058041788399,248.46083724620252,-9.990541425974197,10,54.0,0.001,3108.9317896355024,-1010.1548046941213,1.0058266865200638,-18.058815030454664,231.14789207402285,79.17259431102825,-1.4000868772373627,0.7910242863491626,-1.713508400048071,5.599223130579132,-0.5701156920474232,-0.0082544265265232,-0.1375406689111196,0.00726,False,False,3055.648956339567,-1112.165648252157,1.000549883840275,-20.71037231620093,229.9337184226275,25.06702035028501,3.884270813160156,0.2542439164419291,8.103285961995487,1.793659762875293,-0.4968318115350719,0.0058212014781423,-0.2153812031087318,0.00726,False,False,3007.2541204822714,-1215.0096996830748,0.9979751423373872,-21.951802098215214,229.34500120431613,-104.2396146613132,-2.4841839359232005,1.0427715950011205,-178.21862338927974,7.372946641122042,0.3086130419915178,0.0007948154832552,0.1003189490936324,0.00726,False,False
0.364,310.8913940345705,7.916984836689908,305.5644411523035,2.506914796266676,300.7251920643279,-10.42389963295659,10,72.0,0.001,3268.9218865132416,-0.0025113936714831,1.0058283839702606,-0.3250557980651566,231.14768331233168,75.73000689668271,23.134032374519244,0.7913314381543359,16.491200958714842,5.59920413919555,-0.5701156920474232,-0.0051560506025593,0.0671521264839197,0.00728,False,False,3249.772189297304,-113.48517365998016,1.0005605691215913,-2.513518482781476,229.93366616233945,22.64004769399893,11.440361448181804,0.2534659293651331,26.662476230929126,1.7936744822453026,-0.4968318115350719,-0.001979485622515,0.3438619234432443,0.00728,False,False,3235.5269129266235,-226.25037959832335,0.9979712043809446,-3.440047083803846,229.3449763842765,-98.37005459068146,-34.57439382270142,1.0429039828138833,-160.25847367757572,7.3729425429678015,0.3086130419915178,0.0021244892761905,0.0604479018338965,0.00728,False,False
0.365,326.89039347664817,7.572465694198319,324.9767567992268,2.2644162128989085,323.55246508112884,-9.836881907097238,10,90.0,0.001,3108.927133238417,1010.149019106491,1.0058017379733315,17.476424435927182,231.14745251232864,64.87397989117639,45.403394975772784,0.7927658380680932,34.22514443577348,5.5991524100736845,-0.5701156920474232,0.0092611045607255,-0.1990860997932242,0.0073,False,False,3125.785068926085,896.303761970229,1.000534893890412,15.456581354654068,229.93360705694192,17.997259424858864,17.876771959744918,0.2528817587865273,44.30538057997959,1.7937116860108726,-0.4968318115350719,-0.0078738054784136,-0.0126532203983268,0.0073,False,False,3147.0837790912674,784.6557781546363,0.9979952347518366,14.107215890439358,229.34494765321116,-82.87123931603494,-63.28016693551799,1.0421217476742848,-142.32768740339773,7.372930839619534,0.3086130419915178,-0.0056813110859481,-0.0088177896944786,0.0073,False,False
0.366,310.89108362683186,6.486654948479904,312.5780823468052,1.8002958287245023,314.7081676131081,-8.286950777204414,10,108.0,0.001,2644.6092426944974,1921.419166232848,1.0058238543731617,35.58120070713053,231.14724375289543,47.66727233534458,63.227990316646,0.7913744344332613,52.309691771398725,5.599083680109534,-0.5701156920474232,-0.0045557329401521,-0.1150509973460623,0.00732,False,False,2695.8243987442693,1818.3559918915885,1.0005545531440223,33.61714022368279,229.93355238104056,11.5930506501895,22.56356090266594,0.2528238229914848,62.18382996523788,1.7937573748784623,-0.4968318115350719,-0.0085177772450328,-0.1327742404377933,0.00732,False,False,2750.5821884610505,1718.7542388982895,0.9979617885295944,32.2614997930606,229.3449204714377,-59.26032298553376,-85.79155121931214,1.0423868648692949,-124.40933630484857,7.372915346376099,0.3086130419915178,-0.0030082283808592,-0.0905786280289227,0.00732,False,False
0.367,264.4596195734539,4.765848871732714,269.5820944590685,1.1599776363209202,275.05804505076713,-5.925826508053643,10,126.0,0.001,1921.419166269989,2644.6066020617554,1.005828532938587,53.52362410319069,231.1470926940061,25.794327707541207,74.86292845572255,0.791663758149383,70.47383209301863,5.599020181625826,-0.5701156920474232,-0.0015726953620836,0.0482074034675776,0.00734,False,False,2001.977798167952,2562.414653737064,1.0005058017354598,51.58312969598342,229.93351171636377,4.0542094936081385,25.04202445058046,0.2536332521079687,80.22076403462552,1.793794307050744,-0.4968318115350719,-0.0004757160591233,-0.0935642982895784,0.00734,False,False,2084.834515653307,2484.6089524728964,0.997980342364306,50.53853613500236,229.344899707491,-29.848537201149007,-99.90495290630312,1.042453321961934,-106.1356435180262,7.372901324532636,0.3086130419915178,-0.002323827573271,0.1829364083106387,0.00734,False,False
0.368,192.14106464035464,2.5785050621477588,200.19754732418247,0.4061303852293852,208.48333128284472,-2.9846354473771184,10,144.0,0.001,1010.1480105388164,3108.9209247736067,1.00583227461661,71.59630859029986,231.14701295594008,1.3963760327320744,79.16925134342651,0.7918481387649097,88.14593240486634,5.598982150491028,-0.5701156920474232,0.0003248949398069,-0.2808418409197338,0.00736,False,False,1112.1638659071937,3055.6461567108827,1.0005295881081837,69.83828876293802,229.9334892925737,-3.881427465215165,25.06959049528863,0.254048690854817,98.22069184528266,1.7938085833906483,-0.4968318115350719,0.0036584816158462,-0.0908403054762299,0.00736,False,False,1215.0088112116543,3007.2527493886582,0.997978233580764,68.37481718449067,229.34488777851143,2.485051432483451,-104.23884183871512,1.0424006579875966,-88.12268859233,7.372893471527564,0.3086130419915178,-0.0028393614903664,0.1956670722280774,0.00736,False,False
0.369,101.01448516935685,0.1387513573706187,111.2162897537788,-0.3874658879436097,121.50082612545012,0.2487145305729639,10,162.0,0.001,-0.0025113227322322,3268.9120945651275,1.0058166731156757,89.7606091055345,231.14699091704043,-23.13817968592093,75.72542679390584,0.7919881290229019,106.3046895036004,5.59898009565008,-0.5701156920474232,0.0017277035036671,-0.1232976378822069,0.00738,False,False,113.48382852274987,3249.7696355112967,1.0005519235342324,87.63483419259455,229.9334823729181,-11.437188255199564,22.6435596492807,0.2534408013682255,116.60378242296406,1.7937949559180502,-0.4968318115350719,-0.002401141093499,0.2950421066856047,0.00738,False,False,226.24969585000665,3235.525647167214,0.9979902610315212,86.05877221384134,229.3448837269871,34.57536794112082,-98.36898644318644,1.043138117951511,-70.37528524836253,7.372894127180886,0.3086130419915178,0.0045343109149536,-0.0571632909892814,0.00738,False,False
0.37,3.198547432031708e-13,-2.3145759961019605,11.348431121754382,-1.143140810253893,22.624985259226055,3.457716806355945,10,180.0,0.001,-1010.1517787482765,3108.9193726908024,1.0058019221607677,107.57159180598556,231.1469909170405,-45.40757280287434,64.86861092632878,0.7924056267909723,124.50641881879945,5.599010783772324,-0.5701156920474232,0.0058592816256879,0.0773839416303263,0.0074,False,False,-896.3045383297247,3125.783010890422,1.0005323216129616,105.70889797076156,229.93348230087815,-17.87357949245596,18.001369574221066,0.2540334478845202,134.38887877816944,1.793758833317392,-0.4968318115350719,0.0035764091412069,0.0824029040269184,0.0074,False,False,-784.6561902504716,3147.0827425669454,0.997970849361388,104.41050742062174,229.34488358650023,63.28115229533059,-82.86998050054964,1.0426181326092938,-52.44201482399035,7.372902381011939,0.3086130419915178,-0.0006772151870305,-0.1240953524450001,0.0074,False,False
0.371,-101.0143843146965,-4.541312880161595,-89.63026521083691,-1.7869353798742678,-78.46553421538376,6.328248260035926,10,198.0,0.001,-1921.4193926942196,2644.6042731766884,1.0058270900775848,125.61214611741268,231.1469688783072,-63.23178969910877,47.66164002654699,0.7917752630704584,142.60523677095935,5.599058473784885,-0.5701156920474232,-0.0005117994420023,0.1754847255381915,0.00742,False,False,-1818.3561236002288,2695.823037793599,1.0005433371418653,123.91574420137358,229.93347780752975,-22.56066167797021,11.5973567526261,0.253454016822583,152.1140368328346,1.7937142177553198,-0.4968318115350719,-0.0021548055451896,-0.1910236998093551,0.00742,False,False,-1718.754339003657,2750.581482633249,0.9979572290155164,122.6194520815599,229.3448818967716,85.79245137707929,-59.258996779172776,1.0425183396742166,-34.56293613874514,7.372914421232124,0.3086130419915178,-0.0016921719804828,-0.2451591965466162,0.00742,False,False
0.372,-192.1406809664318,-6.323477744280236,-181.8353018753544,-2.2558404406115407,-171.87528825721205,8.579318184891733,10,216.0,0.001,-2644.604273204039,1921.417474198684,1.00581237983752,143.64022109035403,231.1468891420033,,,,,,-0.5701156920474232,-0.0064949931511102,0.3833090020714134,0.00744,True,False,-2562.414128033626,2001.977267367626,1.0005492504692948,141.56658960878832,229.93345931598424,-25.03970233862997,4.058290048770885,0.2543302086446962,170.00955132051527,1.7936783593040644,-0.4968318115350719,0.0066578241840324,-0.2949403984052805,0.00744,False,False,-2484.608730789689,2084.8342096123333,0.9979513818556398,140.45412557772602,229.34487378930265,99.90567979515212,-29.84727342857449,1.0429319508043509,-16.493656322434127,7.372924991633766,0.3086130419915178,0.0024289905154998,-0.1759561189348551,0.00744,False,False
0.373,-264.45882745068883,-7.486610434031341,-256.2410108701093,-2.503963483543727,-248.4606808590464,9.990573917575068,10,234.0,0.001,-3108.916268589494,1010.1497615075824,1.00580978372317,161.71374099616148,231.14673808832185,-79.17125145930844,1.391842850834863,0.7922142431679704,178.49388499658315,5.599117914526567,-0.5701156920474232,0.0037939396300729,0.063705607657758,0.00746,False,False,-3055.64502518234,1112.164217042975,1.000552098897669,159.22861918470525,229.9334225987209,-25.06807292504922,-3.877971958666676,0.2534056112508211,-171.6580167519567,1.7936651675937048,-0.4968318115350719,-0.0025694938590166,0.0375398252894694,0.00746,False,False,-3007.252227617657,1215.008934913754,0.997976392294188,158.55948159287314,229.344856846972,104.23932438435766,2.4861291078322107,1.042642025702433,1.9655143691210415,7.372929399515551,0.3086130419915178,-0.0004764941898839,0.2831843390549151,0.00746,False,False
0.374,-310.88984203197697,-7.9168504908468,-305.5640484949304,-2.507020221612682,-300.7250027810077,10.423870712459488,10,252.0,0.001,-3268.9055668584306,0.0025112508200777,1.0058461457453436,179.02573203769865,231.14652933847336,,,,,,-0.5701156920474232,-0.0054227634346468,-0.0841770623383523,0.00748,True,False,-3249.768009030648,113.48502704856278,1.000539554415512,176.87440243640978,229.9333703911117,-22.6429953339991,-11.434696186919396,0.2539799053350383,-153.84613646105095,1.793679897003161,-0.4968318115350719,0.0031526164525357,-0.1505270979982103,0.00748,False,False,-3235.524876383786,226.25023718515223,0.9979853966039745,176.01992772398006,229.34483202728435,98.36917751346954,34.57615411782212,1.04228227520344,19.243798631878263,7.372925307588524,0.3086130419915178,-0.004068212321116,-0.4385521565956276,0.00748,False,False
0.375,-326.88876161407745,-7.5720830895415325,-324.9763392387223,-2.2647113395134486,-323.552261430084,9.83679442905494,10,270.0,0.001,-3108.9116124568104,-1010.143976249049,1.0058183546040242,-162.52540136331723,231.1462985515996,-64.8680475706426,-45.40927514001779,0.792110079572419,-145.6992036178116,5.5990471798195225,-0.5701156920474232,0.0028523376565914,-0.1295813898829044,0.0075,False,False,-3125.781048752792,-896.3026098931109,1.000558463006593,-164.4070321167378,229.9333113453041,-18.001813938379144,-17.87229500268655,0.2539577673614258,-135.79393937844833,1.7937171373088292,-0.4968318115350719,0.0028785709710685,-0.0977492961922989,0.0075,False,False,-3147.0817982213484,-784.6552842730533,0.9979701054096418,-165.567595695121,229.3448032966274,82.86986150902155,63.281570142704666,1.0421901634875226,37.67237996783373,7.372913625647076,0.3086130419915178,-0.0049728087202565,-0.0100227298609648,0.0075,False,False
0.376,-310.8895316423867,-6.486061524324543,-312.5776807578155,-1.800751801870586,-314.707969529136,8.286813326195146,10,288.0,0.001,-2644.596040051072,-1921.4095740598536,1.0058091833993823,-144.41382571305007,231.1460898040748,-47.65981300456174,-63.23174940372987,0.7912829169764889,-127.36480974629578,5.5989784373070615,-0.5701156920474232,-0.005322071709276,0.2043000405384911,0.00752,False,False,-2695.82093211511,-1818.353654149926,1.0005452246277209,-146.20612468852536,229.933256724537,-11.5987664884566,-22.560710739873,0.2531037954175972,-117.71147029024098,1.7937628788972708,-0.4968318115350719,-0.0057258368419555,-0.0138496755642318,0.00752,False,False,-2750.5804571649765,-1718.7531570682672,0.9979570524576288,-147.2851188229971,229.34477611524127,59.25857949301803,85.79246014360311,1.0425407251358598,55.587953425339606,7.372898161856729,0.3086130419915178,-0.0014453231348521,-0.0945610382383347,0.00752,False,False
0.377,-264.45829938438123,-4.765102706253405,-269.5817481447312,-1.1605498499929745,-275.057871923663,5.925652556246323,10,306.0,0.001,-1921.409574098047,-2644.593399568611,1.0058079126832868,-126.34924757230388,231.14593875382607,-25.786071468107664,-74.86419837898009,0.7915203634949617,-109.92272622981966,5.598914930897612,-0.5701156920474232,-0.002857794899008,-0.3544986737638296,0.00754,False,False,-2001.975224274984,-2562.4113593814945,1.0005320144047476,-128.45601433737068,229.93321610087344,-4.060527336958546,-25.04108040381301,0.2531838750705292,-99.56880010720938,1.7937998634803374,-0.4968318115350719,-0.0049773444116073,0.131098207907598,0.00754,False,False,-2084.8332034014584,-2484.6073885930227,0.9979698957905524,-129.6950843815482,229.344755351591,29.84659880506584,99.90527878279325,1.0428692637073187,74.14373313551785,7.372884167304608,0.3086130419915178,0.0018598538651455,0.4610412218277538,0.00754,False,False
0.378,-192.14010547249416,-2.577679188287412,-200.19729016956535,-0.4067628457798083,-208.48320005939803,2.9844420340672686,10,324.0,0.001,-1010.1429677405883,-3108.90540434633,1.0057816703037297,-108.64990366335437,231.14585902033355,-1.3881310341089992,-79.16790765731145,0.7915380814154932,-91.58289017706714,5.598876901042051,-0.5701156920474232,-0.0026268333561836,-0.0158125413314877,0.00756,False,False,-1112.1624364955378,-3055.642228376447,1.0005424401163143,-110.586406075459,229.93319369970345,3.875125975434456,-25.070645343920106,0.2535013578410539,-81.63993084775097,1.7938141755573649,-0.4968318115350719,-0.001822757039799,0.0627661916343831,0.00756,False,False,-1215.0080464550117,-3007.250856543552,0.9979849673252414,-112.04474497009004,229.34474342278207,-2.486994941325759,104.2385530012316,1.0427437550591043,91.81960524086782,7.3728763300454,0.3086130419915178,0.0006158509412666,0.1366894605832442,0.00756,False,False
0.379,-101.01398090794662,-0.1379266145410826,-111.21614691039991,0.3868350825739754,-121.50074965058432,-0.2489084680328017,10,342.0,0.001,0.0025111778883513,-3268.895775469205,1.0058393327607065,-90.24064610881216,231.14583698270152,23.14560635094963,-75.72160088896946,0.7909620778035455,-73.86973269288676,5.598874857746644,-0.5701156920474232,-0.0083839798195822,-0.3038683024383548,0.00758,False,False,-113.48368326812997,-3249.7654578199467,1.0005478079316286,-92.5950902793166,229.93318678702943,11.431519994757108,-22.64651051223012,0.2541505531252271,-63.45518182731011,1.793800557156621,-0.4968318115350719,0.0046884551289635,0.2503098549235799,0.00758,False,False,-226.24955344661032,-3235.523610642421,0.9979863758453336,-93.79723706897082,229.34473937131585,-34.57712634570685,98.3681114011996,1.043225661595865,109.66042318516996,7.372876984924471,0.3086130419915178,0.0054339901700102,-0.022725883077756,0.00758,False,False
0.38,8.014539020439335e-13,2.3153188748693543,-11.348416547588906,1.1425734118685402,-22.62497101866137,-3.4578922867379105,10,0.0,0.001,1010.1467357325532,-3108.9038523530426,1.0058104076458183,-72.51648731110956,231.14583698270152,45.41345410358032,-64.86267718137583,0.7921583464057831,-55.53462733317986,5.598905564819507,-0.5701156920474232,0.0035352798438894,0.0301890495200919,0.0076,False,False,896.3033854694397,-3125.778992792796,1.0005319295103487,-74.61801784906875,229.93318671506208,17.869099465975268,-18.005927943984506,0.2526495335392461,-45.89566566903684,1.7937644171530436,-0.4968318115350719,-0.010270631047643,-0.1879070197762784,0.0076,False,False,784.6556963629926,-3147.080761711826,0.9979504255832272,-75.72927746009645,229.34473923083104,-63.2825535695556,82.86860512536035,1.0422232887446392,127.71970920383528,7.3728852227966275,0.3086130419915178,-0.0046013884527774,0.0363580130553623,0.0076,False,False
0.381,101.01388005926503,4.541901171075387,89.63015011525997,1.7864869449109004,78.46548482786793,-6.328388115986215,10,18.0,0.001,1921.4098005086105,-2644.591070817861,1.005831492262906,-54.77166493238434,231.1458149452429,63.2355498392846,-47.65417917427697,0.7925111655287163,-37.531918214553336,5.598953275501922,-0.5701156920474232,0.0069959979790801,0.0321808387434375,0.00762,False,False,1818.3537857258,-2695.8195725371816,1.0005179015514007,-56.61381978804616,229.9331822262492,22.55780867591673,-11.603076702797036,0.2532074610957537,-27.902762165251783,1.7937197680103985,-0.4968318115350719,-0.0046282120594901,-0.193586374618857,0.00762,False,False,1718.7532571722186,-2750.5797513472608,0.997980081887484,-57.85561512473182,229.34473754112685,-85.79335851520129,59.25725587707403,1.041627172054449,145.41212867489952,7.372897239009536,0.3086130419915178,-0.0105795488459429,-0.2713647964611358,0.00762,False,False
0.382,192.1397218213095,6.323853852058452,181.83506840149175,2.2555548903656293,171.87518007619178,-8.579408742424109,10,36.0,0.001,2644.59107084598,-1921.407882123277,1.0058268536475632,-36.76393090405354,231.14573521356328,74.86724824662093,-25.780725670748517,0.7921994545834907,-19.481414767689788,5.598995747512029,-0.5701156920474232,0.0038188240341103,0.0823367533565373,0.00764,False,False,2562.4108342088,-2001.974694009968,1.0005388570707825,-38.45278159654865,229.93316375337145,25.03875596052095,-4.064611857187851,0.253397006928638,-9.683079376403604,1.7936838762726774,-0.4968318115350719,-0.0026819951483856,0.0266661379781241,0.00764,False,False,2484.6071669130392,-2084.832897364844,0.9979768027270752,-40.052549171256416,229.3447294337754,-99.90600420714188,29.84533752793639,1.0425072343120425,163.64204203950118,7.37290778756723,0.3086130419915178,-0.0017938441833648,-0.0415280511771492,0.00764,False,False
0.383,264.4575073085585,7.486737530639837,256.2406818936597,2.503868802361488,248.46052447419345,-9.99060633300131,10,54.0,0.001,3108.9007484325552,-1010.1447186073178,1.0058205521937675,-18.398455350722024,231.14558416866583,79.16990836925673,-1.3835965781159023,0.7919052826238511,-1.950205631067724,5.599012739174417,-0.5701156920474232,0.000853074598316,-0.386533985670668,0.00766,False,False,3055.6410979903176,-1112.1627872766471,1.0005369549466168,-20.342829724313383,229.93312707318225,25.069126178196427,3.871667038620012,0.2535965902645588,8.247933377655453,1.793670667926905,-0.4968318115350719,-0.000667482367449,-0.0422726167699203,0.00766,False,False,3007.250334780126,-1215.0081701552856,0.9979693530704192,-21.78868185341142,229.34471249169096,-104.23903454745314,-2.488070460504084,1.043540232722218,-178.7926730897667,7.37291218515505,0.3086130419915178,0.0085299207900577,-0.4762733894398707,0.00766,False,False
0.384,310.8882901211091,7.91671612165963,305.5636562344812,2.5071257143849595,300.72481350048264,-10.423841836044568,10,72.0,0.001,3268.8892481422986,-0.0025111039798275,1.0058199250211866,-0.4426115617778921,231.1453754309896,75.7223565418881,23.148885550155907,0.7917136858946547,16.46287742286157,5.598993741053405,-0.5701156920474232,-0.0010360252932517,0.0265324658616694,0.00768,False,False,3249.7638329816536,-113.48488058384991,1.0005463983537004,-2.4297748883643733,229.9330749182981,22.64594549315502,11.429025366480266,0.2527831760102846,26.499457145620912,1.7936854073479516,-0.4968318115350719,-0.008822469599337,0.2093038647784763,0.00768,False,False,3235.5228398702,-226.2500947738876,0.997984750597564,-3.594973128037475,229.34468767236487,-98.36830203504309,-34.577910916636135,1.0435036937620628,-160.13087819586235,7.372908099459902,0.3086130419915178,0.0081703092339933,0.1855007466165572,0.00768,False,False
0.385,326.88712984821046,7.571700393811451,324.9759221003954,2.2650067172414685,323.5520577820549,-9.836707111052904,10,90.0,0.001,3108.8960925716106,1010.1389336870612,1.0058045003622198,17.44670673636584,231.1451446576097,64.86211373862895,45.41515698218355,0.7920565763861183,34.46924150807354,5.5989419903939055,-0.5701156920474232,0.0024660661059091,0.0327146541085899,0.0077,False,False,3125.7770326367745,896.3014589800274,1.0005354110623668,15.54626817202376,229.9330159321328,18.006372564548073,17.867813536644416,0.2534702076475952,44.19087686592896,1.793722684131528,-0.4968318115350719,-0.0020048705591262,-0.098695485649461,0.0077,False,False,3147.0798173799903,784.6547903987462,0.9979884339851044,14.293852205504992,229.3446589421277,-82.86848630317698,-63.28297051882791,1.042110894369109,-142.53891819785096,7.372896438939948,0.3086130419915178,-0.0057411942300795,-0.222591108056095,0.0077,False,False
0.386,310.8879797501574,6.485467950365421,312.5772795749316,1.8012081851678878,314.7077714481048,-8.286676135533297,10,108.0,0.001,2644.582838173544,1921.399982446374,1.0058327370296485,35.78687123353679,231.144935922323,47.65235171980808,63.23550962020044,0.7909712640032794,52.2390837286052,5.598873235462095,-0.5701156920474232,-0.0082898235654319,-0.1979557735400577,0.00772,False,False,2695.817468985624,1818.351318769315,1.000528789342778,33.77771688681013,229.9329613665488,11.604487629746531,22.557857559110523,0.2530762295230692,62.330720808658114,1.7937684783801673,-0.4968318115350719,-0.006009414651891,0.0425799232016171,0.00772,False,False,2750.578725893969,1718.75207525404,0.9979895222435984,32.187984831101524,229.3446317611397,-59.25683934955457,-85.79336717931089,1.0428570399897956,-124.32090873606958,7.372881004621929,0.3086130419915178,0.0017420893986529,-0.0046932410219306,0.00772,False,False
0.387,264.45697927396054,4.764356346969768,269.5814021806696,1.1611225926511974,275.05769879913595,-5.925478939620939,10,126.0,0.001,1921.3999824855875,2644.5801978455606,1.005815433888168,53.5825850947953,231.14478488095375,25.777813023908102,74.86546877337318,0.7923900501660538,70.59163179539983,5.598809721249902,-0.5701156920474232,0.0059878607225984,0.1537097540134858,0.00774,False,False,2001.972652981388,2562.4080683530683,1.000505830908519,51.54639680728044,229.93292078393472,4.066851154261204,25.04013512481935,0.2537815293979525,80.61954066937862,1.7938055153501555,-0.4968318115350719,0.0009912059116763,0.3336793064387962,0.00774,False,False,2084.831891168703,2484.605824735961,0.9979481942992,50.34553259059398,229.3446109977945,-29.844664178169253,-99.90560389819242,1.0430505633917533,-106.40522693767448,7.372867037377733,0.3086130419915178,0.0036970760844003,-0.0891885921432226,0.00774,False,False
0.388,192.1391463619291,2.576853095636081,200.1970332750936,0.4073959023355926,208.48306883790988,-2.984248997971738,10,144.0,0.001,1010.1379252393764,3108.8898848252866,1.005802186726799,71.46291255946257,231.14470515216104,1.3798837958909878,79.1665637388891,0.7909064572695403,88.56264397936852,5.598771692752684,-0.5701156920474232,-0.0087942878260136,0.1235716556005626,0.00776,False,False,1112.1610085283291,3055.638304009706,1.000519644371905,69.67493649691899,229.93289840540507,-3.8688184256612974,25.071700865923177,0.2539699990287876,98.57853412915308,1.7938198631984617,-0.4968318115350719,0.0028556112983615,0.2954740264073472,0.00776,False,False,1215.0072817095845,3007.248963726075,0.9979681941179188,68.25186971835926,229.3445990691613,2.488934629770248,-104.2382646048122,1.0422632961452778,-88.0855352998861,7.372859215872128,0.3086130419915178,-0.0041645351010484,0.2302795745201041,0.00776,False,False
0.389,101.01347667673802,0.1371016493655374,111.216004211553,-0.3862036725325504,121.50067317686296,0.2491020231670871,10,162.0,0.001,-0.0025110290877137,3268.8794573274376,,,231.14468311583144,-23.15303507132021,75.7177740719497,0.7919147360824373,106.58373529340996,5.598769661016876,-0.5701156920474232,0.0012913736112912,0.1434493769407718,0.00778,False,False,113.48353816142154,3249.761284348537,1.0005350776176685,87.51714480610957,229.93289149971872,-11.425846181351629,22.64946388747139,0.2539219412625208,116.45820326406064,1.7938062539608035,-0.4968318115350719,0.0023942800041632,0.1779406069863098,0.00778,False,False,226.24941104540383,3235.5215741473894,0.9979554345623854,86.12569169124588,229.3445950177548,34.57888125267185,-98.367237959421,1.0434681291939594,-70.25818919658514,7.372859869973026,0.3086130419915178,0.0078828703474043,0.0573928093725311,0.00778,False,False
0.39,-1.922751352807039e-12,-2.3160619577874217,11.348401988172665,-1.1420054593222528,22.62495677831037,3.4580674171096684,10,180.0,0.001,-1010.1416930079126,3108.8883329239625,1.0057996707812813,107.5484860781652,231.14468311583144,-45.41933707460846,64.85674193468107,0.7915635048898308,124.42597680097344,5.598800386993057,-0.5701156920474232,-0.0022643914070061,-0.0153573933960726,0.0078,False,False,-896.3022337724867,3125.774978754289,1.0005613916763842,105.1702058463923,229.93289142782427,-17.864614936769065,18.010490418352134,0.2544662867484978,134.46685989869513,1.7937700966798755,-0.4968318115350719,0.0078888689810002,0.1888667296159657,0.0078,False,False,-784.6552024826133,3147.078780885693,0.9979357666387793,104.7393957020299,229.34459487727213,63.28395201137741,-82.86723235303315,1.042263282962285,-52.30757153759414,7.3728680918723555,0.3086130419915178,-0.0041772194908779,0.0078087093727835,0.0078,False,False
0.391,-101.01337583419443,-4.542489628003657,-89.63003513618322,-1.7860380605066557,-78.46543544109512,6.328527688510349,10,198.0,0.001,-1921.4002088821444,2644.577869232799,1.005803946809756,125.55035816526647,231.1446610796823,-63.23931110192241,47.64671637827216,0.7922236553783277,142.49697291777073,5.598848118263807,-0.5701156920474232,0.004269611267518,0.0549212341725949,0.00782,False,False,-1818.3514502122923,2695.8161107816645,1.000539660250928,123.72248318900562,229.9328869435506,-22.554952661584156,11.608801947553028,0.2539236169753679,152.0767440708169,1.7937254140807244,-0.4968318115350719,0.0025253619874232,-0.1998301589564781,0.00782,False,False,-1718.7521753565225,2750.578020086637,0.99796356749307,122.25607433670108,229.34459318759295,85.79426376350642,-59.25551832582518,1.0428199199539294,-34.121574488515044,7.372880084059524,0.3086130419915178,0.0013721909118294,0.193663726798261,0.00782,False,False
0.392,-192.13876273408857,-6.324230071530232,-181.83483516399684,-2.255269039338798,-171.87507189680338,8.579499110869035,10,216.0,0.001,-2644.577869261685,1921.3982906100423,1.0058099985715312,143.46864882263824,231.1445813527528,,,,,,-0.5701156920474232,-0.0022158613717235,0.0405064061252442,0.00784,True,False,-2562.407543711576,2001.9721232521708,1.0005209130706378,141.4185576959726,229.93286848935708,-25.03780835475133,4.070939631552106,0.253105691433749,170.1130554442021,1.7936894891438109,-0.4968318115350719,-0.0056030878957557,-0.1629481521507904,0.00784,False,False,-2484.6056030592813,2084.8315851365865,0.9979656454163566,139.93577285435737,229.3445850803623,99.90632785703374,-29.843405398210997,1.0429312940676732,-16.06447008539663,7.372890610757455,0.3086130419915178,0.0024710450502865,0.250691630052419,0.00784,False,False
0.393,-264.4561872463309,-7.486864673771134,-256.24035325032685,-2.503773998431641,-248.46036809170548,9.990638672202753,10,234.0,0.001,-3108.8852291891963,1010.1396760013168,1.0058338969772522,161.28590656672955,231.14443031687796,-79.16856504322195,1.375348074076971,0.791936446217093,178.97407230510169,5.598907604759937,-0.5701156920474232,0.0013133930455664,0.5315931499879308,0.00786,False,False,-3055.637174766991,1112.1613589544672,1.0005366923660606,159.3671577554577,229.93283184627467,-25.070180107708996,-3.8653560653695673,0.2532918303202537,-171.37498338212728,1.7936762641918649,-0.4968318115350719,-0.0037229961243048,0.3490617079693317,0.00786,False,False,-3007.2484419704265,1215.0074054079955,0.997978053624452,158.3322698213055,229.34456813853063,104.23874515093082,2.490007991292541,1.042526138140464,1.3027397445087223,7.372894998044325,0.3086130419915178,-0.0015867187823987,-0.3821287244548543,0.00786,False,False
0.394,-310.8867383044176,-7.916581729363237,-305.56326437130457,-2.507231274381683,-300.7246242228276,10.42381300374492,10,252.0,0.001,-3268.8729303906275,0.0025109531741662,1.005812600677215,179.31562541105484,231.1442215917036,-75.71852999080329,-23.156315218743224,0.7933988333051053,-163.65313950117587,5.598888603320294,-0.5701156920474232,0.0159641360193365,-0.0956352782311263,0.00788,False,False,-3249.759661154042,113.48473426599388,1.00054826703468,177.52575591910676,229.932779744162,-22.648898165731534,-11.423348997985885,0.2536547655448149,-153.57070818707646,1.793691013596632,-0.4968318115350719,-0.0001145026869517,0.1533895439682048,0.00788,False,False,-3235.52080338668,226.24995236460785,,,229.34454331957605,98.36742815653474,34.57966421672902,1.0421818177643627,19.662834373189774,7.3728909185857185,0.3086130419915178,-0.0050241533177229,-0.022054853058046,0.00788,False,False
0.395,-326.8854981816241,-7.571317607694925,-324.9755053846164,-2.2653023455093497,-323.5518541371216,9.836619953204211,10,270.0,0.001,-3108.8805736073427,-1010.133891428472,1.0057777134067531,-162.90604759018655,231.14399083218171,-64.85617840585029,-45.42104049151824,0.7915722169989566,-145.51909525076692,5.598836842034077,-0.5701156920474232,-0.0022288255291756,0.0382269787680146,0.0079,False,False,-3125.773020581618,-896.3003092319829,1.0005372707470046,-164.47939343009546,229.9327208176914,-18.010935294474237,-17.86332757042332,0.2534168565227094,-135.65240539468203,1.793728326795872,-0.4968318115350719,-0.0025463617404271,0.0722734736537773,0.0079,False,False,-3147.077836567993,-784.6542965318918,0.9979768736696352,-165.76151994693038,229.34451458976997,82.86711370032444,63.28436806194144,1.0427548144990166,37.57180715839118,7.372879279501928,0.3086130419915178,0.0007222741789666,-0.1131338639527897,0.0079,False,False
0.396,-310.8864279525945,-6.484874227673723,-312.5768787985103,-1.801664977727089,-314.7075733700927,8.286539205400802,10,288.0,0.001,-2644.569637082781,-1921.390391407542,1.0058138580994276,-144.6236786177572,231.14378210946296,-47.64488849459665,-63.23927095914321,0.7915155625119152,-127.28921957850528,5.598768074811851,-0.5701156920474232,-0.0026981188612705,0.2675897965946948,0.00792,False,False,-2695.814009358907,-1818.3489857518168,1.0005646317076984,-146.1702181836464,229.9326663073388,-11.6102140628816,-22.55500136600457,0.2537701164084821,-117.75425817003556,1.7937741736439423,-0.4968318115350719,0.0009213998829668,-0.0281469058936905,0.00792,False,False,-2750.5769946487303,-1718.7509934560217,0.99796638988853,-147.74754500719152,229.3444874091909,59.25510255747818,85.79427232514763,1.0424391092139609,55.676380751459,7.3728638746754465,0.3086130419915178,-0.0024129929570552,-0.0086716943605538,0.00792,False,False
0.397,-264.4556592442763,-4.763609795233214,-269.5810565671913,-1.1616958631773016,-275.05752567725443,5.925305658410539,10,306.0,0.001,-1921.390391447775,-2644.566996913445,1.0058133572522223,-126.52459855235804,231.1436310772117,-25.7695523899308,-74.86673963650145,0.791586401282341,-109.69105292835444,5.598704552919847,-0.5701156920474232,-0.0018998976358333,-0.1351263994481723,0.00794,False,False,-2001.9700842894665,-2562.4047806547014,1.0005168792989356,-128.33266369386092,229.9326257658104,-4.073180933146324,-25.03918861549589,0.2541191441442975,-99.80234530083936,1.793811262976858,-0.4968318115350719,0.0043592250034916,-0.0739526977088666,0.00794,False,False,-2084.830578955577,-2484.60426090232,0.997983489536338,-129.4597136967231,229.3444666461588,29.842733323077184,99.9059282519972,1.0420229299350892,73.73477539387186,7.37284993475573,0.3086130419915178,-0.0065550717222512,0.0495460993564092,0.00794,False,False
0.398,-192.1381873101741,-2.576026785692792,-200.19677664099524,-0.4080295536591936,-208.48293761843212,2.984056339351852,10,324.0,0.001,-1010.1328830431552,-3108.874366234977,1.005823293630111,-108.4639568044644,231.14355135324465,-1.3716343330744585,-79.16521959050823,0.7920439243830193,-91.47040947873126,5.598666525860001,-0.5701156920474232,0.0027291117547217,0.0843664077561673,0.00796,False,False,-1112.1595820068496,-3055.634383614143,1.000520049472256,-110.44543275274135,229.93260340994087,3.8625048282470233,-25.07275705927865,0.2541016304302342,-81.81064335945894,1.793825646630462,-0.4968318115350719,0.0041637463048562,-0.0794469663984228,0.00796,False,False,-1215.0065169756858,-3007.247070936971,0.9979863780847452,-111.56739062575669,229.344454717706,-2.49087049517264,104.23797664978672,1.0417274547175466,92.18841961770752,7.372842129011443,0.3086130419915178,-0.009498784908246,0.5029672478210662,0.00796,False,False
0.399,-101.0129724765273,-0.1362764633434686,-111.21586165736478,0.3855716590551059,-121.50059670431624,-0.2492951957116101,10,342.0,0.001,0.0025108763219208,-3268.863140165591,1.005789383146003,-90.5172516060377,231.1435293182523,23.160465833496303,-75.7139463497144,0.7916677630929658,-73.53376844433564,5.598664505697757,-0.5701156920474232,-0.0010296442049691,0.0197935042132934,0.00798,False,False,-113.48339320276294,-3249.757115100775,1.00052901937777,-92.38119961626654,229.93259651124853,11.420166826106897,-22.65241976926708,0.2539969302835069,-63.64132393943319,1.7938120466470204,-0.4968318115350719,0.0031359781186128,0.0926726965722981,0.00798,False,False,-226.24926864645212,-3235.519537682924,0.9979706995643252,-93.4517445886928,229.34445066636096,,,,,,0.3086130419915178,-0.006191001417828,-0.1067669328672602,0.00798,True,False
0.4,3.044037610118552e-12,2.316805243502778,-11.348387443518591,1.1414369537275797,-22.62494253817865,-3.4582421972304287,10,0.0,0.001,1010.136650582313,-3108.8728144280685,1.0058142699537,-72.69844530685067,231.14352931825235,45.425221705207136,-64.85080519695923,0.7928171975964313,-55.37191684177266,5.598695250529884,-0.5701156920474232,0.0104212210711167,0.180596560634226,0.008,False,False,896.3010832398844,-3125.7709687784672,1.0005498330594438,-74.57075293047764,229.9325964394269,17.8601259136448,-18.015056988429528,0.2545632268572707,-46.0418153212597,1.793775872214266,-0.4968318115350719,0.0088501022296637,-0.3055466802187768,0.008,False,False,784.6547086095243,-3147.0768000893318,0.9979763885331844,-76.1030775144775,229.3444505258804,-63.28534761885199,82.86586218538852,1.0423472749809208,127.95283165349096,7.372850988242859,0.3086130419915178,-0.0033131111197204,0.2669454397590885,0.008,False,False
0.401,101.01287164028098,4.543078249871056,89.62992027370873,1.7855887275429,78.46538605508475,-6.3286669774139535,10,18.0,0.001,1921.390617829969,-2644.5646684423486,1.0057815662160952,-54.71071492363094,231.14350728344732,63.24307348010766,-47.639251652045374,0.792318067914431,-37.59914848135893,5.598743002307395,-0.5701156920474232,0.0053623930397312,-0.0473527266805531,0.00802,False,False,1818.3491170617813,-2695.812652530123,1.0005486949229156,-56.09989282206164,229.9325919596965,22.552093640600823,-11.614532475713176,0.2537521087867098,-27.709082723067635,1.7937311562826577,-0.4968318115350719,0.0008021594009898,0.0286066532684394,0.00802,False,False,1718.7510935569962,-2750.576288852062,0.9979669238617764,-57.69957991955671,229.34444883622703,-85.79516712070853,59.25378412775829,1.0425881562891026,145.58967669165298,7.372862956385831,0.3086130419915178,-0.0009212235480096,-0.0963513046443856,0.00802,False,False
0.402,192.13780370628336,6.324606402004006,181.83460216307685,2.2549828880941623,171.87496371908932,-8.579589290098255,10,36.0,0.001,2644.5646684720023,-1921.388699674128,1.0057953194801084,-36.66482472924738,231.14342756139385,74.86979122110597,-25.7642036825233,0.7919713287904757,-19.63283380425821,5.598785506199779,-0.5701156920474232,0.0018348922191155,-0.081385698343694,0.00804,False,False,2562.4042565448767,-2001.9695550965184,1.0005275317848987,-38.7431556311679,229.9325735242036,25.03685952321939,-4.077273359490571,0.2533346903255188,-9.40425074758891,1.7936951982338485,-0.4968318115350719,-0.0033211728506169,0.3340101714830408,0.00804,False,False,2484.6040392290315,-2084.8302729280786,0.9979721105999902,-39.7295147381066,229.34444072912015,-99.9066507443254,29.841477042013583,1.0423440639365844,163.70954293395758,7.3728734612082,0.3086130419915178,-0.0033770031354565,0.0234385573210736,0.00804,False,False
0.403,264.4548672660906,7.48699186318517,256.240024940403,2.5036790719439344,248.46021171164432,-9.990670935129137,10,54.0,0.001,3108.869710883925,-1010.1346336975422,1.0057933721537309,-18.36062678704501,231.1432765347801,79.16722148355237,-1.367097353714652,0.7923247765501531,-1.3256363027305378,5.598802511519927,-0.5701156920474232,0.0053453206615039,0.2257319175957378,0.00806,False,False,3055.6332555158447,-1112.1599320777048,1.0005248410221292,-20.682722057889382,229.93253691826047,25.07123471156904,3.859039051269523,0.253861553779327,7.964018571847889,1.7936819567049889,-0.4968318115350719,0.0019661880371645,-0.297671627144336,0.00806,False,False,3007.2465491893054,-1215.006640672186,0.9979815495778454,-21.428433457392867,229.34442378754812,-104.2384561951214,-2.491941697555168,1.0417697543283428,-178.36554530979635,7.372877838187153,0.3086130419915178,-0.0091262892008693,-0.0516798462515065,0.00806,False,False
0.404,310.8851865843516,7.916447314192543,305.5628729057467,2.507336901400924,300.7244349481155,-10.423784215593438,10,72.00000000000091,0.001,3268.856613629184,-0.0025107984037049,1.0058110468588617,-0.5642914106045132,231.14306782243716,75.7147025330838,23.163746923127395,0.7917406800529886,16.08146212722569,5.598783506795051,-0.5701156920474232,-0.000468767570474,-0.3671862939539689,0.00808,False,False,3249.7554935515186,-113.48458809512556,1.0005418848675331,-2.3151834978868786,229.93248486896533,22.651853345991817,11.417667092562189,0.2536571648967795,26.29449835326908,1.7936967160655923,-0.4968318115350719,-9.857367624885517e-05,0.032860722179516,0.00808,False,False,3235.5187669340285,-226.24980995736965,0.9979622858423538,-3.702354362695784,229.34439896897464,-98.36655587907548,-34.58141401568986,1.0426901646857842,-160.4808025053955,7.372873764969746,0.3086130419915178,8.357477284492771e-05,-0.1669577985674232,0.00808,False,False
0.405,326.8838666168949,7.570934731878769,324.9750890917557,2.265598223742933,323.5516504953647,-9.83653295562173,10,90.00000000000091,0.001,3108.8650555885133,1010.128849481243,1.0058065211552267,17.323716177877532,231.14283707713795,64.8502415830214,45.42692565726976,0.7922476374212329,34.685687806281805,5.5987317349768375,-0.5701156920474232,0.0046740225194352,0.2368572954947845,0.0081,False,False,3125.769012590885,896.2991606499976,1.000542578211148,15.01484209811066,229.93242600224187,,,,,,-0.4968318115350719,-0.0021759322665344,-0.5838710050739321,0.0081,True,False,3147.0758557861373,784.6538026726842,0.9979732971812024,14.456456625170867,229.34437023961095,-82.86574370228428,-63.28576277010172,1.0423412238285112,-142.35681808423115,7.372862147336765,0.3086130419915178,-0.0033894039857625,-0.0430251168602309,0.0081,False,False
0.406,310.8848762521488,6.4842803573213015,312.57647842890736,1.8021221786581183,314.70737529517777,-8.286402535979414,10,108.00000000000092,0.001,2644.556436799629,1921.3808009585025,1.0057964328503155,35.318885627878444,231.14262836731655,47.63742334244044,63.243033413643374,0.7918396510698064,52.63549684366777,5.598662955593104,-0.5701156920474232,0.0006914277424582,0.1861532730229032,0.00812,False,False,2695.8105532380314,1818.3466550995024,1.0005457073100283,33.45866352074831,229.9323715471692,11.615945776679965,22.55214216618373,0.2534375007687333,62.35554507073279,1.79377996500481,-0.4968318115350719,-0.0024129467356055,0.0959221044020049,0.00812,False,False,2750.575263429944,1718.7499116746385,0.9979629721007112,32.71437649880818,229.3443430594516,-59.25336911912019,-85.79517557982729,1.0416718316696782,-124.3047363860627,7.372846772021002,0.3086130419915178,-0.0100615815940138,0.0089453292395496,0.00812,False,False
0.407,264.45433929741336,4.762863052395276,269.58071130460297,1.1622696604525034,275.05735255808685,-5.925132712847724,10,126.00000000000092,0.001,1921.380800999756,2644.553796793109,1.0057787952509094,53.63413746419681,231.14247734442185,25.76128958116457,74.86801096596444,0.791913799270924,70.21977837113245,5.5985994261441805,-0.5701156920474232,0.001522753961911,-0.2304483511478176,0.00814,False,False,2001.9675182015003,2562.4014962893134,1.0005187202831936,51.42555490927292,229.9323310467624,4.079516661239101,25.03824087774005,0.253905086915781,80.57823024172568,1.7938171066765145,-0.4968318115350719,0.0022103884790189,0.32089042524925,0.00814,False,False,2084.8292667625974,2484.602697092717,0.997942959567906,50.32846397273429,229.34432229674093,-29.84080624240338,-99.90625184370458,1.0421836282575483,-106.55798300324376,7.372832859442288,0.3086130419915178,-0.004923940357806,-0.2444778355925148,0.00814,False,False
0.408,192.1372283187435,2.575200259956328,200.19652026749847,0.4086637985127085,208.48280640102016,-2.983864058468804,10,144.0000000000009,0.001,1010.1278411598876,3108.858848599909,1.0058277098521142,72.04807339835583,231.1423976254063,1.363382660656486,79.16387521451766,0.7918236809370478,88.62025658575283,5.59856140060065,-0.5701156920474232,0.0006753468625283,0.1688788630411479,0.00816,False,False,1112.1581569323655,3055.6304671932385,1.0005296638431962,69.37710430610933,229.93230871357295,-3.856185195547849,25.07381392196682,0.2529167004271938,98.00811748586516,1.793831526169305,-0.4968318115350719,-0.0076938686491202,-0.2464160171382328,0.00816,False,False,1215.0057522536222,3007.245178176987,0.9980004079838792,68.4596590834818,229.3443103684733,2.4928025348919496,-104.2376891364844,1.042857825731616,-88.47228118709047,7.372825069467036,0.3086130419915178,0.0018290510715202,-0.1589986987718008,0.00816,False,False
0.409,101.01246830811507,0.1354510579753522,111.21571924796622,-0.3849390433778853,121.50052023298292,0.2494879854026011,10,162.0000000000009,0.001,-0.0025107195863967,3268.846824009433,1.005788504288267,89.6048255081747,231.14237559178608,-23.16789862393985,75.71011772913207,0.7919615352731095,106.24645779362876,5.598559392025859,-0.5701156920474232,0.0020567307768551,-0.2061342100810275,0.00818,False,False,113.48324839228732,3249.7529500803635,1.000530138905107,87.48990597377332,229.93230182188077,-11.41448194015134,22.65537815187769,0.2531863362792815,116.25080173016308,1.7938179355311092,-0.4968318115350719,-0.0049782900633861,-0.0009287381762491,0.00818,False,False,226.2491262498231,3235.517501249831,0.99795174197958,86.5028544572717,229.3443063171916,34.58238056409171,-98.36549588100952,1.0421241957196512,-70.36344005591695,7.372825721999865,0.3086130419915178,-0.0055081718689032,-0.0503895961401967,0.00818,False,False
0.41,-4.1653126750462345e-12,-2.3175487306612133,11.3483729136396,-1.1408678961982128,22.624928298276448,3.458416626859365,10,180.0000000000009,0.001,-1010.1316084637132,3108.857296889868,1.0057863183672329,107.6555269824894,231.1423755917861,-45.4311079846232,64.84486697892613,0.7912221572921565,124.19966698175716,5.598590155666478,-0.5701156920474232,-0.0053805553904655,-0.2539738344262796,0.0082,False,False,-896.2999338726502,3125.7669628688946,1.0005593751625446,105.68032550743128,229.932301750132,-17.85563240541356,18.01962764531895,0.2537657865929729,134.094123870637,1.7937817440720008,-0.4968318115350719,0.0008673955258408,-0.1553320795598491,0.0082,False,False,-784.6542147439058,3147.074819323529,0.997976801430336,104.34903577345855,229.34430617671325,63.28674039003712,-82.86449462424468,1.042741852838671,-52.55364921798824,7.372833911911833,0.3086130419915178,0.0006568170367134,-0.2407997893838703,0.0082,False,False
0.411,-101.0123674783164,-4.543667035602129,-89.6298055279341,-1.7851389469010106,-78.46533666984745,6.328805982503134,10,198.0000000000009,0.001,-1921.381027367221,2644.5514684673603,1.005792647796406,125.61634506149822,231.1423535583601,-63.24683696692456,47.63178500911096,0.791703312771825,142.54304144930035,5.59863792786911,-0.5701156920474232,-0.0006365606906465,0.0886828282139967,0.00822,False,False,-1818.3467862763312,2695.8091977856334,1.0005534250428552,123.44931612324886,229.93229727494875,,,,,,-0.4968318115350719,0.0024313768664603,-0.3554973488664893,0.00822,True,False,-1718.7500117740474,2750.574557644233,0.9979654980523948,122.06126652684884,229.34430448708616,85.79606858552286,-59.25205328520258,1.0424561493219553,-34.06849935899892,7.3728458559921854,0.3086130419915178,-0.0022171096108679,0.2442085362888814,0.00822,False,False
0.412,-192.13684473940847,-6.324982842788248,-181.83436939893863,-2.2546964371950704,-171.87485554308853,8.579679279983248,10,216.0000000000009,0.001,-2644.5514684977707,1921.379109330684,1.0057968468552827,143.36401955952587,231.14227384130845,-74.87106340069018,25.755939433331843,0.7916601263456359,160.5804566050516,5.598680447589246,-0.5701156920474232,-0.0011285569174247,0.1257502779144284,0.00824,False,False,-2562.4009727116163,2001.9669895452987,1.0005512205460376,141.74107407762602,229.9322788581728,-25.035909467824936,4.083613028624941,0.2544275073375066,170.0738328751048,1.7937010038586163,-0.4968318115350719,0.0075987868759758,-0.1736280940638661,0.00824,False,False,-2484.6024754228906,2084.82896073986,0.9979830010047428,140.02488802237164,229.3442963801062,99.90697286851508,-29.8395524619563,1.042765658218464,-16.418533071363232,7.372856338923216,0.3086130419915178,0.0008631542509813,-0.1059014368178543,0.00824,False,False
0.413,-264.45354736991925,-7.487119098641929,-256.2396969641765,-2.503584023088395,-248.4600553340657,9.990703121730322,10,234.0000000000009,0.001,-3108.8541935412404,1010.1295917039652,,,231.1421228241942,-79.16587769259664,1.3588444320272788,0.7922810407136783,178.62687476912396,5.59869745969079,-0.5701156920474232,0.005056528018272,0.1720885516280417,0.00826,False,False,-3055.629340240353,1112.1585066476362,1.000528376843535,159.58554392654503,229.9322422894014,-25.07228998775836,-3.852716008679439,0.2531033966474696,-171.5680757177463,1.793687745782112,-0.4968318115350719,-0.0056235702727912,0.1845123907363879,0.00826,False,False,-3007.244656437495,1215.005875948187,0.9979820569848292,158.74318882914247,229.34427943880016,104.23816768035483,2.4938715766526167,1.043886284552647,1.4580535263593917,7.372860705587285,0.3086130419915178,0.012063242197266,-0.229344974308221,0.00826,False,False
0.414,-310.88363496336564,-7.916312876382436,-305.5624818381603,-2.5074425952406663,-300.7242456764245,10.423755471623087,10,252.0000000000009,0.001,-3268.840297883734,0.0025106396780643,1.0058021796143564,179.6668646445488,231.1419141250124,-75.71087417559806,-23.17118064976993,0.7922181244059698,-163.35464984951997,5.59867845171408,-0.5701156920474232,0.0044542462796439,0.1905472718940376,0.00828,False,False,-3249.7513301777853,113.4844420713838,1.0005397231116473,177.4620562486113,229.9321902929703,-22.654811028196924,-11.411979661340103,0.2537846247199162,-153.71865047626918,1.7937025150706474,-0.4968318115350719,0.0011678235235219,0.0339901266608648,0.00828,False,False,-3235.5167305130453,226.24966755225972,0.9979900332884328,176.66029084579748,229.3442546206176,98.36568520379468,34.583160311110404,1.0421500693846253,19.414570070485063,7.3728566386157235,0.3086130419915178,-0.0052931579166129,-0.272849186327909,0.00828,False,False
0.415,-326.8822351565993,-7.570551767049894,-324.9746732221828,-2.265894351368197,-323.55144685686395,9.836446118418102,10,270.0000000000009,0.001,-3108.8495385396304,-1010.1238078533275,1.005811756586261,-162.47484575135988,231.14168339430012,-64.84430328085826,-45.4328124686847,0.7927461782727635,-145.37924177811786,5.59862666945859,-0.5701156920474232,0.0098080161155848,0.1657731577388751,0.0083,False,False,-3125.7650086681374,-896.2980132350831,1.00052018299656,-164.35033890781287,229.93213148604607,-18.020073030016388,-17.854342172682244,0.2539535147503186,-135.87694894801123,1.7937399009142094,-0.4968318115350719,0.0028038522605396,-0.1237267978329064,0.0083,False,False,-3147.0738750352093,-784.6533088212881,0.9979656124895472,-165.92479091603826,229.34422589170768,82.86437631087429,63.28715464136724,1.0426409115124715,38.30722477577105,7.37284504244817,0.3086130419915178,-0.0003683371807255,0.6197538361908411,0.0083,False,False
0.416,-310.88332465126865,-6.483686340379791,-312.57607846647704,-1.802579787070682,-314.7071772234384,8.286266127450396,10,288.0000000000009,0.001,-2644.5432373449366,-1921.3712111143916,1.005802066755742,-144.88326162894697,231.1414746977057,-47.62995627685436,-63.24679697678543,0.7918958104538621,-127.52592063176752,5.598557878042244,-0.5701156920474232,0.0014016236805435,0.0185810396410689,0.00832,False,False,-2695.807100626072,-1818.344326814436,1.0005280125859424,-146.28141493646314,229.9320770863016,-11.621682759954894,-22.54927996527932,0.2527399654378559,-117.75005563037902,1.7937858527783912,-0.4968318115350719,-0.0093966266136295,0.0046007629222149,0.00832,False,False,-2750.573532238307,-1718.7488299102904,0.9979851132114672,-147.4421089482454,229.34419871197863,59.25163903680877,85.7960769420649,1.0417949820067796,56.17302552054219,7.372829696662267,0.3086130419915178,-0.0088059300190953,0.485443500435341,0.00832,False,False
0.417,-264.4530194354612,-4.762116119807603,-269.5803663932167,-1.16284398335792,-275.05717944170874,5.924960103165642,10,306.0,0.001,-1921.3712111566856,-2644.5405975053927,1.0057998483003163,-126.37300331036258,231.14132368440625,-25.75302461260009,-74.8692827593615,0.7919017468046873,-109.15988165405707,5.598494341159242,-0.5701156920474232,0.0015508419104468,0.3837365617860611,0.00834,False,False,-2001.9649547197805,-2562.3982152598164,1.0005029611803953,-128.49453702370548,229.93203662705275,-4.085858326159581,-25.037291913450453,0.2525609059349349,-99.55987611001788,1.7938230467646172,-0.4968318115350719,-0.0112398218825995,0.1970652383961421,0.00834,False,False,-2084.827954590312,-2484.601133307749,0.997998806763124,-129.44865775433848,229.344177949598,29.83888293875925,99.90657467281196,1.0430489235998512,73.62308749618666,7.372815811441083,0.3086130419915178,0.0037531225797355,-0.0646707703019855,0.00834,False,False
0.418,-192.1362693891556,-2.574373519926228,-200.19626415483444,-0.4092986356573914,-208.4826751857221,2.983672155583482,10,324.0,0.001,-1010.1227995975512,-3108.8433319445858,1.0058036061113511,-108.77726088854,231.14124397046837,-1.355128793636366,-79.1625306132668,0.7910874482795778,-91.44570410378356,5.598456317210908,-0.5701156920474232,-0.0065383693572198,0.0967627556411861,0.00836,False,False,-1112.156733306159,-3055.626554750471,1.000556629872789,-110.3923823579246,229.9320143165634,3.849859539925657,-25.074871451967397,0.254032956959911,-81.53674822065905,1.7938375021303437,-0.4968318115350719,0.0034602453929024,0.2230019585743333,0.00836,False,False,-1215.0049875437253,-3007.2432854468584,0.9979719197005356,-111.83326905945675,229.34416602152044,-2.4947307462896893,104.23740206523406,1.0423274804281726,91.43739214507086,7.372808037242577,0.3086130419915178,-0.0034503147600866,-0.2505884044277177,0.00836,False,False
0.419,-101.01196417229308,-0.1346254347606312,-111.21557698347948,0.3843058267373729,-121.50044376288032,-0.2496803919767259,10,342.0,0.001,0.0025105588706964,-3268.830508884734,1.0057746449149303,-90.51683163146978,231.14122193825503,23.175333429111703,-75.70628821707211,0.7922373218976814,-73.55944832903535,5.59845432023737,-0.5701156920474232,0.0049631909708776,-0.0181960914905804,0.00838,False,False,-113.4831037301336,-3249.748789291006,1.0005224550303151,-92.68830452499918,229.93200743187737,11.408791534618178,-22.65833902956157,0.2531110947646032,-63.368114322814286,1.7938239209283178,-0.4968318115350719,-0.0057391698400767,0.394441677243578,0.00838,False,False,-226.2489838555924,-3235.5154648489106,0.9979844854079828,-93.701975803905,229.34416197030333,-34.58412496373024,98.36462724663345,1.042958990673598,109.77461128911509,7.37280868898551,0.3086130419915178,0.0028638659904744,0.0863991314658421,0.00838,False,False
0.42,6.413121875569106e-13,2.318292417908747,-11.348358398553213,1.1402982878477146,-22.624914058604787,-3.4585907057564693,10,0.0,0.001,1010.1265666600616,-3108.841780333873,1.0057921754309054,-72.61652940329176,231.141221938255,45.43699590210238,-64.83892729129906,0.790687273785226,-55.66254372535984,5.598485102638943,-0.5701156920474232,-0.0105808230434624,-0.122340564709818,0.0084,False,False,896.2987856717922,-3125.762961029136,1.0005579057625045,-74.0426046025879,229.9320073602016,17.851134420890354,-18.02420238011908,0.2531837964618991,-45.46399678864952,1.7937877125682775,-0.4968318115350719,-0.0049609465132774,0.300836238719573,0.0084,False,False,784.6537208859374,-3147.072838589068,0.9979617213963649,-75.49502189295994,229.34416182982727,-63.28813032299294,82.86312967141782,1.0417017067284466,127.61647482900838,7.3728168628829875,0.3086130419915178,-0.00972053309771,-0.0719379955369179,0.0084,False,False
0.421,101.01186334910126,4.5442559841212775,89.62969089896563,1.78468871946291,78.4652872854161,-6.328944703584162,10,18.0,0.001,1921.37143750904,-2644.5382693286897,1.005803672438354,-54.602872051816185,231.1411999062428,63.25060155545678,-47.62431646298498,0.7916065119969056,-37.402147120150026,5.598532895184993,-0.5701156920474232,-0.0014560297934715,0.1373380797480638,0.00842,False,False,1818.3444578580063,-2695.8057465512748,1.0005436755183117,-56.54773688343307,229.93200288956956,22.546366601209463,-11.626009337499951,0.2534158044019441,-27.816231340942384,1.7937429303439352,-0.4968318115350719,-0.0025775354838099,-0.0499739921498368,0.00842,False,False,1718.7489300081002,-2750.572826463834,0.997969047946825,-57.673632185541074,229.3441601402272,-85.79696815666631,59.250325800484575,1.0433467121216151,145.54164456447936,7.372828782882314,0.3086130419915178,0.0067126634092663,-0.1469095439731491,0.00842,False,False
0.422,192.1358858349744,6.325359393191073,181.83413687178515,2.254409687204901,171.87474736884766,-8.579769080396126,10,36.0,0.001,2644.53826935983,-1921.3695195948696,1.0057737871330863,-36.186647600097785,231.1411201943188,74.87233603863366,-25.74767303407637,0.792793838230916,-19.582908061492635,5.598575430657243,-0.5701156920474232,0.0103570783048953,-0.043770624286019,0.00844,False,False,2562.3976922147067,-2001.9644266008036,1.0005237633716844,-38.439877569457934,229.93198449152675,25.034958190468103,-4.089958626572155,0.2534051685271455,-10.056866590055057,1.793706906333303,-0.4968318115350719,-0.0026329485873889,-0.2900358809742984,0.00844,False,False,2484.600911641477,-2084.827648572449,0.997980814439097,-39.36641762046612,229.3441520333774,-99.9072942291018,29.83763166064815,1.0435895221874678,163.68886452009914,7.372839243906254,0.3086130419915178,0.0091259699458563,0.0002342705724234,0.00844,False,False
0.423,264.452227559904,7.487246379901085,256.23936932194204,2.503488852055154,248.45989895904023,-9.990735231956275,10,54.0,0.001,3108.838677185648,-1010.1245500285618,1.0057763144310925,-18.41902969374433,231.1409691869424,79.16453367270334,-1.3505893240151408,0.7908050900083174,-1.2822623760474183,5.598592449508504,-0.5701156920474232,-0.0095544722113599,0.2567951661625441,0.00846,False,False,3055.625428943996,-1112.1570826655409,1.0005337858032568,-20.47330150104404,229.93194795995947,25.07334593425788,3.8463869499636,0.2540673756297773,8.303496645060111,1.7936936317384533,-0.4968318115350719,0.0040078955510007,0.0703766277362153,0.00846,False,False,3007.242763715752,-1215.0051112362964,0.9979779494559085,-21.69890864139785,229.3441350923441,-104.23787960696114,-2.4957976259488315,1.042895778928791,-178.00702976892313,7.372843600248487,0.3086130419915178,0.0021823765608189,0.3043098709545064,0.00846,False,False
0.424,310.88208344390426,7.916178416167821,305.56209116888635,2.5075483556989235,300.724056407826,-10.423726771866752,10,72.0,0.001,3268.8239831800447,-0.0025104770113699,1.0057817660214814,-0.4891398471365999,231.14076050125124,75.70704492521506,23.17861638513045,0.7923669793669729,16.46120601104876,5.598573438313356,-0.5701156920474232,0.0060913072652088,0.0002468725650039,0.00848,False,False,3249.747171036541,-113.48429619491202,1.0005189697955257,-2.623237125548417,229.9318960164385,22.657771206605787,11.406286715454817,0.2539779410929031,25.977554813312867,1.7937084109270032,-0.4968318115350719,0.0030926492533704,-0.255512783428242,0.00848,False,False,3235.5146941245425,-226.24952514932835,0.997975716485933,-3.7038300648957625,229.34411027456235,-98.36481613182067,-34.584903100585606,1.042425033744651,-160.44177610835115,7.372839539527421,0.3086130419915178,-0.0025193325537742,-0.1304572240436565,0.00848,False,False
0.425,326.8806038033136,7.57016871389544,324.9742577762671,2.2661907278106246,323.5512432217004,-9.836359441705996,10,90.0,0.001,3108.834022485203,1010.1187665526744,1.0058030211990443,17.819067411581695,231.1405297854903,64.83836351007815,45.43870091500816,0.7912493062515541,34.45542254169171,5.598521645715321,-0.5701156920474232,-0.0050121780944066,-0.0057188780512522,0.0085,False,False,3125.761008816939,896.2968669882462,1.0005173747054956,15.763370719886534,229.93183726936596,18.024648017832916,17.84984275879085,0.2529593264804047,44.30830312615057,1.7937458329990987,-0.4968318115350719,-0.0071464196735034,0.0758172785896655,0.0085,False,False,3147.071894315998,784.6528149779069,0.9979691903464286,14.334123216113028,229.34408154611756,-82.86301152791071,-63.288543673799246,1.042765465147535,-142.55795040234975,7.372827964839902,0.3086130419915178,0.0009013505551363,-0.2466831440685871,0.0085,False,False
0.426,310.88177315241194,6.483092177921198,312.5756789115812,1.803037802074455,314.70697915495595,-8.28612997999567,10,108.0,0.001,2644.5300387395646,1921.3616218903453,1.0058136253076904,35.22676569559138,231.14032110245265,47.622487311354746,63.25056164165268,0.7922153568913484,52.456124008800046,5.598452842395232,-0.5701156920474232,0.0047456308919442,-0.0055308791481562,0.00852,False,False,2695.80365152611,1818.342000898675,1.0005445299332738,33.60768137970215,229.9317829249983,11.627425001516126,22.54641476892507,0.2534655666771848,61.922761086286016,1.79379183727974,-0.4968318115350719,-0.0021490775833124,-0.3082896005188753,0.00852,False,False,2750.57180107451,1718.7477481634155,0.9979764912898008,32.21297272384206,229.3440543668299,-59.24991231287048,-85.79697641057788,1.0431829318673436,-124.11714748070142,7.372812648603007,0.3086130419915178,0.0050976781831638,0.1940088687302291,0.00852,False,False
0.427,264.45169966049053,4.76136899882157,269.5800218333258,1.163418830773739,275.05700632817144,-5.924787829595314,10,126.0,0.001,1921.3616219337127,2644.527399071133,1.0057896398228967,53.62225669400436,231.1401700989865,25.74475749922937,74.8705550142912,0.7921494715132712,70.42248901118397,5.598389298200926,-0.5701156920474232,0.0041766421725675,-0.0400496347475117,0.00854,False,False,2001.9623938465888,2562.394937569118,1.0005427831107347,51.472721690743455,229.9317425069428,4.092205915523293,25.036341724526803,0.2533873510186356,80.08415566324614,1.793829083556075,-0.4968318115350719,-0.0029839083579449,-0.1446082687967234,0.00854,False,False,2084.826642439225,2484.599569548041,,,229.3440336047869,-29.836963414752315,-99.906896738818,1.0422142518008664,-106.18098244376168,7.372798790755825,0.3086130419915178,-0.0045695245261815,0.1299979607810865,0.00854,False,False
0.428,192.1353105229208,2.573546567101558,200.19600830322716,0.4099340638544604,208.48254397258987,-2.983480630955931,10,144.0,0.001,1010.1177583641104,3108.827816293505,1.0057505643001838,71.68513457185793,231.140090390252,1.346872747014725,79.16118578910458,0.7907922778160679,88.33869109561142,5.598351275926593,-0.5701156920474232,-0.0093415231834311,-0.1249992606992934,0.00856,False,False,1112.155311129497,3055.62264628931,1.000537457079286,69.35757654286184,229.9317202191733,-3.8435278737466616,25.07592964725981,0.2536180651070886,98.28163742335056,1.7938435748283506,-0.4968318115350719,-0.000697261227203,0.0556848332733955,0.00856,False,False,1215.0042228462785,3007.241392747336,0.9980070349577248,67.99813978434574,229.34402167690376,2.4966551267321395,-104.23711543636436,1.043015350164768,-88.22064949991346,7.372791032341749,0.3086130419915178,0.0034524311672447,0.0901090182255468,0.00856,False,False
0.429,101.01146006984854,0.1337995951996273,111.2154348640222,-0.3836720103711815,121.50036729403438,0.2498724151715373,10,162.0,0.001,-0.0025103941827637,3268.814194817248,1.0057660321989326,89.78496556331471,231.1400683594802,-23.18277023547146,75.70245782040396,0.7916434726245397,106.7054047959294,5.5983492905680245,-0.5701156920474232,-0.0008267673776993,0.2404994790348287,0.00858,False,False,113.48295921642332,3249.7446327363896,1.0005400156951134,87.56242545820406,229.93171334149935,-11.403095620645296,22.66130239657526,0.2536530119712268,116.00941600719206,1.7938300031533192,-0.4968318115350719,-0.000328599338928,-0.2137279814643639,0.00858,False,False,226.2488414637861,3235.5134284809583,0.9979543259256743,86.41699756076014,229.34401762575268,34.585865856116854,-98.36376021697912,1.0420333749712574,-70.23025903747774,7.372791683290893,0.3086130419915178,-0.0063682413489693,0.0802682931929855,0.00858,False,False
0.43,2.8826531257737724e-12,-2.3190363038910977,11.348343898267718,-1.1397281297902768,22.624899819169286,3.4587644336816075,10,180.0,0.001,-1010.1215251793292,3108.8262647845763,1.0057761042061923,107.32647624364714,231.1400683594802,-45.44288544688968,64.8329861447954,0.7915220224304951,124.24872462753252,5.598380091682937,-0.5701156920474232,-0.0020848286725905,-0.2172300287674181,0.0086,False,False,-896.2976386383383,3125.758963262735,1.0005214280103187,105.55604100456124,229.93171326989665,-17.846631968893593,18.028781183925616,0.2531976765909033,134.21465905089968,1.7937937780177036,-0.4968318115350719,-0.0048307230640761,-0.0062054052192777,0.0086,False,False,-784.6532270358446,3147.0708578867134,0.9979930644462768,104.06289045550848,229.34401748527887,63.28951741578362,-82.86176732872082,1.0428817206817695,-52.25082414202257,7.37279984116002,0.3086130419915178,0.0021036787869936,0.0595028862725826,0.0086,False,False
0.431,-101.0113592534405,-4.5448450943534935,-89.62957638691414,-1.7842380461108784,-78.46523790181466,6.329083140464255,10,198.0,0.001,-1921.361848270586,2644.5250710471605,1.005777496999007,125.35367031311192,231.1400463289167,-63.25436723878798,47.616846027183634,0.7921100095013951,142.60546648764532,5.5984279044906735,-0.5701156920474232,0.0037274245152526,0.1387937160692925,0.00862,False,False,-1818.342131808892,2695.8022988300945,1.0005325044982245,123.4116273702128,229.9317088038199,-22.543498594070964,11.631755648742956,0.2541064820118129,152.03870032911345,1.79374896283307,-0.4968318115350719,0.0043207093869292,-0.1807380154513051,0.00862,False,False,-1718.7478482596189,2750.571095311519,0.997971554863853,122.43649741048304,229.3440157957068,85.79786583285912,-59.24860167592634,1.043287050343051,-34.414562801398056,7.372811737059978,0.3086130419915178,0.0061401520567498,-0.1043768074406863,0.00862,False,False
0.432,-192.13492699449907,-6.32573605252091,-181.83390458182683,-2.254122638687665,-171.87463919640936,8.579858691208587,10,216.0,0.001,-2644.525071079036,1921.3599304818035,1.0057714834561775,143.12507727724298,231.13996662224625,-74.87360913253531,25.739404499748872,0.7909583260131807,160.56801287600797,5.598470455639364,-0.5701156920474232,-0.0078495867784637,0.1009922857458994,0.00864,False,False,-2562.394415057074,2001.9618662652847,1.0005604492541336,141.59821727739214,229.9316904245266,-25.03400569305068,4.096310140944421,0.254374501932436,170.33764396834434,1.7937129059725505,-0.4968318115350719,0.0070519006943229,0.1187798922998014,0.00864,False,False,-2484.599347885438,2084.826336426323,0.9979698769617532,140.0645629804531,229.3440076889905,99.90761482558617,-29.835714640692967,1.043193421971122,-16.18094812707092,7.372822176161089,0.3086130419915178,0.0051891052190902,0.1291618455519126,0.00864,False,False
0.433,-264.45090783813424,-7.487373706722781,-256.2390420139959,-2.503393559034354,-248.4597425866327,9.990767265757098,10,234.0,0.001,-3108.8231618416626,1010.1195086792634,1.005778627577739,161.73881473713894,231.1398156248468,-79.16318942622182,1.3423320446783933,0.7907694079924343,178.79809311959508,5.598487481208674,-0.5701156920474232,-0.009762844776952,0.3309926298308385,0.00866,False,False,-3055.6215216302608,1112.155660132653,1.000520367857565,159.35254849482993,229.93165393019643,-25.07440254904837,-3.840051887491218,0.253430786203951,-171.71717451398536,1.793699614888664,-0.4968318115350719,-0.0023664601594356,0.0640108797373709,0.00866,False,False,-3007.2408710248465,1215.0043465367658,,,229.34399074823727,104.23759197527022,2.4977198428131704,1.0429830440715246,1.8970126591073295,7.372826522174551,0.3086130419915178,0.0030791800319349,0.2070925457635301,0.00866,False,False
0.434,-310.88053202842053,-7.916043933783634,-305.56170089827503,-2.507654182573618,-300.7238671423964,10.423698116357247,10,252.0,0.001,-3268.8076695438813,0.0025103103715338,1.0058104537304935,179.41050550662413,231.13960695297556,-75.70321478880446,-23.186054115668966,0.7917174664820382,-163.59216748586138,5.598468466828491,-0.5701156920474232,-0.0002553694865787,-0.0592846759424397,0.00868,False,False,-3249.7430161314837,113.48415046580756,1.000545779478246,177.84685609566722,229.93160203963157,-22.660733875475653,-11.400588266046151,0.253628466645312,-153.97362528238568,1.7937144039493007,-0.4968318115350719,-0.0004105706359531,-0.1923875423532467,0.00868,False,False,-3235.5126577693272,226.2493827485765,0.9979793479617994,176.3863269900261,229.34396593086603,98.36394866428004,34.58664238171545,1.0429982077915032,19.49764246194358,7.372822467708616,0.3086130419915178,0.0032365511124356,-0.1922984063913753,0.00868,False,False
0.435,-326.878972559614,-7.569785573102205,-324.97384275437804,-2.266487352495625,-323.55103958995494,9.83627292559786,10,270.0,0.001,-3108.8185074497264,-1010.1137255872756,1.0057941570904858,-162.75759844591423,231.1393762525303,-64.83242228139852,-45.44459098548563,0.7913474700584759,-145.73623838835604,5.598416663982622,-0.5701156920474232,-0.0038820734350041,-0.2035379551497603,0.0087,False,False,-3125.757013040835,-896.2957219105365,1.0005366884544336,-164.34162499408131,229.9315433524628,-18.029227073807984,-17.845338879977355,0.2536100149940305,-135.93691579323584,1.793751862187413,-0.4968318115350719,-0.0006480610971285,-0.155096104121301,0.0087,False,False,-3147.0699136292747,-784.6523211427893,0.9979695860806298,-165.73526067035573,229.3439372028977,82.86164935520634,63.289929865463286,1.043714342021199,37.75997570418939,7.37281091451572,0.3086130419915178,0.0104142320914752,0.0699832666198738,0.0087,False,False
0.436,-310.880221758017,-6.482497871017055,-312.5752797645645,-1.8034962227784024,-314.7067810898009,8.2859940937955,10,288.0,0.001,-2644.516841004329,-1921.3520333015315,1.0057666742928746,-144.7572199138477,231.13916758337868,-47.61501645945772,-63.25432740132887,0.7917426427367333,-127.79016642763796,5.598347848887622,-0.5701156920474232,0.0001669725882152,-0.2579796655601705,0.00872,False,False,-2695.800205941185,-1818.339677354312,1.0005407126518282,-146.5589221588711,229.93148906352,-11.633172490168688,-22.543546582757237,0.2535245726042557,-117.62732998975312,1.7937979188233035,-0.4968318115350719,-0.0015676189139904,0.1559257737338898,0.00872,False,False,-2750.5700699392,-1718.7466664344852,0.9979550317366704,-147.58614460990762,229.34391002406176,59.24818894962628,85.79787398408637,1.042531622147164,55.45027495649327,7.372795627846938,0.3086130419915178,-0.0013913480345616,-0.2398282181138187,0.00872,False,False
0.437,-264.4503799745991,-4.760621690789501,-269.5796776252493,-1.1639942015800964,-275.0568332175578,5.92461589236971,10,306.0,0.001,-1921.3520333459564,-2644.5142015111905,1.0057837507475185,-126.63979883147864,231.13901658998432,-25.73648825604493,-74.8718277283527,0.7917269013497235,-109.41977857815031,5.598284297504756,-0.5701156920474232,9.943394567382292e-05,0.1115241250395195,0.00874,False,False,-2001.9598355841763,-2562.391663220148,1.0005217377240685,-128.43480139961562,229.9314486866938,-4.098559416940554,-25.03539031286975,0.253537314264459,-99.77722440642506,1.7938352173651917,-0.4968318115350719,-0.0014929504157527,0.0083199058622123,0.00874,False,False,-2084.8253303098127,-2484.598005814244,0.997961703466905,-129.70846011297107,229.34388926236443,29.835047672985265,99.90721804122266,1.0431738642588522,73.73806952928928,7.372781797390218,0.3086130419915178,0.0050506323017908,0.0477907115097215,0.00874,False,False
0.438,-192.13435172154576,-2.572719402981711,-200.19575271289656,-0.4105700818641804,-208.48241276166812,2.9832894848460465,10,324.0,0.001,-1010.1127174674866,-3108.8123016711725,1.0057950065582382,-108.12313483244615,231.1389368865787,-1.338614535792027,-79.1598407443806,0.7918556789631968,-91.13102732988602,5.598246276983147,-0.5701156920474232,0.0014409792177135,0.3991233109904035,0.00876,False,False,-1112.1538904036047,-3055.618741813234,1.0005321001166674,-110.61641493553051,229.93142642166345,3.83719020938242,-25.076988505822776,0.2535764859895837,-81.75465373117166,1.7938497445774937,-0.4968318115350719,-0.0011217777451669,0.033704428024312,0.00876,False,False,-1215.003458161531,-3007.239500079183,0.997973947561934,-111.28337063721538,229.34387733468023,-2.49857567359039,104.2368292502036,1.0423637111225998,91.8764677155495,7.372774054768246,0.3086130419915178,-0.003039949339731,0.1859674082554303,0.00876,False,False
0.439,-101.01095600159525,-0.1329735407929797,-111.21529288973812,0.3830375955162719,-121.5002908264924,-0.2500640547232472,10,342.0,0.001,0.0025102255411866,-3268.797881832738,1.0057921693502594,-90.74945461344409,231.13891485728337,23.19020902947774,-75.69862654599794,0.7909447579869092,-73.54521885121578,5.598244303253179,-0.5701156920474232,-0.0076654392694728,-0.0162835074481943,0.00878,False,False,-113.48281485126644,-3249.740480420207,1.0005165922328183,-92.53109490701168,229.93141955100785,11.397394209374577,-22.664268247173204,0.2542229573162794,-64.231205877093,1.793836182520172,-0.4968318115350719,0.0053621151671876,-0.4400363414477362,0.00878,False,False,-226.2486990744331,-3235.511392146788,0.9979631442200376,-93.81790899565476,229.34387328359705,-34.58760323885235,98.36289479317136,1.0416401316600856,109.50540385207177,7.372774704919705,0.3086130419915178,-0.0102766634178847,-0.1853272217169438,0.00878,False,False
0.44,2.88385272832314e-12,2.319780387254359,-11.348329412786743,1.1391574231408843,-22.62488557996637,-3.4589378103952986,10,0.0,0.001,1010.1164840295075,-3108.810750266468,1.005791214960628,-72.62829705301246,231.1389148572833,45.44877660822959,-64.82704355013374,0.79043637765027,-55.91141217743963,5.598275123033743,-0.5701156920474232,-0.0127928283875272,-0.3835264336776129,0.0088,False,False,896.2964927733389,-3125.754969573233,1.0005418827933874,-74.62868554481437,229.9314194794781,17.84212505824572,-18.033364047830748,0.2539313899159251,-45.58257418849685,1.7937999407342984,-0.4968318115350719,0.0024976947887519,0.2108773809635613,0.0088,False,False,784.652733193856,-3147.068877217246,0.9979570287103368,-75.83501899102154,229.34387314312548,-63.29090166647546,82.86040759796468,1.042887193833555,127.47276617166736,7.372782846746645,0.3086130419915178,0.0021824440347315,-0.2181648397323854,0.0088,False,False
0.441,101.01085519211246,4.545434365222117,89.62946199186354,1.7837869277271547,78.46518851904473,-6.329221292949232,10,18.0,0.001,1921.352259667008,-2644.5118736436043,1.0057674661825369,-54.285136572338246,231.13889282820327,63.25813401000028,-47.60937371522487,0.79136904906998,-37.683216503145104,5.598322956021336,-0.5701156920474232,-0.0035337602502115,-0.1560490278579447,0.00882,False,False,1818.3398081310609,-2695.798854625144,1.0005516562970025,-56.68232114498569,229.93141501796072,22.5406276028209,-11.637507198622886,0.2529403730871259,-27.644908626147103,1.7937550927133992,-0.4968318115350719,-0.0073490488198387,0.1499708430376911,0.00882,False,False,1718.746766529032,-2750.569364187969,0.9979849570819098,-57.826061998510575,229.34387145358176,-85.79876161282138,59.24688091384789,1.043124608524586,145.71925124928453,7.372794718528866,0.3086130419915178,0.0045398017096122,0.0281794532766345,0.00882,False,False
0.442,192.1339682195043,6.326112820085986,181.83367252927764,2.25383529220728,171.87453102582413,-8.579948112293403,10,36.0,0.001,2644.511873676244,-1921.350342006612,1.0058322390597068,-36.45976734828294,231.1388131269126,74.87488267999322,-25.73113384534334,0.7908192645579271,-19.79720634814896,5.598365522770786,-0.5701156920474232,-0.0090918038451169,-0.2703867468967703,0.00884,False,False,2562.3911412416446,-2001.9593085410013,1.0005493974698352,-38.50698576520252,229.9313966574337,25.03305197747507,-4.102667559349113,0.2534058625013557,-9.825504533450172,1.793719003090373,-0.4968318115350719,-0.0026431162431954,-0.0300498878791976,0.00884,False,False,2484.597784155395,-2084.825024301995,0.9979594487537498,-39.75845166997812,229.34386334700253,-99.90793465746847,29.83380140469253,1.0424291110941406,163.43820406716716,7.372805135691444,0.3086130419915178,-0.0024299046874429,-0.2529436303643385,0.00884,False,False
0.443,264.44958820668336,7.487501078866441,256.2387150406177,2.503298144216227,248.4595862168929,-9.990799223082654,10,54.0,0.001,3108.8076475337803,-1010.1144676640156,1.0057649879054813,-18.09179401962964,231.13866213972807,79.16184495550087,-1.334072609019497,0.7912956692860121,-1.3768188722978456,5.598382555026449,-0.5701156920474232,-0.0043518438112221,0.1499208250790064,0.00886,False,False,3055.6176183026128,-1112.1542390502232,1.0005255715445815,-20.413113972694536,229.93136020037272,25.075459830109686,3.833710833636284,0.2532221353472981,8.019916387935528,1.7937056955467705,-0.4968318115350719,-0.0044615680751268,-0.1845793003271317,0.00886,False,False,3007.23897836551,-1215.0035818498982,0.9979789546532356,-21.57858123847294,229.3438464065356,-104.23730478561072,-2.4996382246167617,1.0431236425282429,-178.51050200576262,7.372809471369197,0.3086130419915178,0.0045092780792987,-0.2016797646200741,0.00886,False,False
0.444,310.87898071936723,7.915909429464821,305.5613110266761,2.5077600756626306,300.72367788021364,-10.42366950512743,10,72.0,0.001,3268.7913570010032,-0.0025101397435776,1.005806084966257,-0.85815528001621,231.1384534820068,75.69938377323618,23.193493827843117,0.7920526113409276,16.525502829421576,5.598363537494635,-0.5701156920474232,0.0032444715893455,0.052225806839238,0.00888,False,False,3249.7388654663014,-113.48400488418498,1.000531776319863,-2.549645960868375,229.9313083628104,22.66369902906134,11.394884324258172,0.2540044552017296,26.451471702519413,1.7937204944515472,-0.4968318115350719,0.0033407016573432,0.2470282858855058,0.00888,False,False,3235.510621448197,-226.24924035006532,0.9979857833782988,-3.4965580239333947,229.34382158958505,-98.36308280229768,-34.588378152101306,1.0426005110153571,-160.40086290228302,7.372805423163026,0.3086130419915178,-0.0007163120214843,-0.0920614155488063,0.00888,False,False
0.445,326.8773414280765,7.569402345357534,324.9734281568836,2.266784224848545,323.5508359617066,-9.836186570206074,10,90.0,0.001,3108.802993457693,1010.1086849651056,1.00578932115152,17.76601847151846,231.13822279724147,64.82647960553805,45.45048266936057,0.7911259238032704,34.24587494761762,5.598311724495647,-0.5701156920474232,-0.0059491291413508,-0.2275845468818659,0.0089,False,False,3125.7530213433665,896.2945780029845,1.0005403909939734,15.65346735602262,229.93124973559745,18.033810189033783,17.84083054506501,0.2543229956230587,44.49383332787896,1.7937579887931137,-0.4968318115350719,0.00647308086428,0.2899720582003999,0.0089,False,False,3147.067932975812,784.651827316123,0.9979957354847296,14.120347958921744,229.3437928621045,-82.86028979457203,-63.29131321442566,1.042857373142874,-142.7581907588159,7.372793891479332,0.3086130419915178,0.0018686175171568,-0.4494407844736703,0.0089,False,False
0.446,310.8786704705423,6.481903420739759,312.57488102578907,1.8039550482913391,314.7065830280581,-8.28585846903108,10,108.0,0.001,2644.5036441600614,1921.342445363102,1.0057744825761403,35.33172011050389,231.1380141423053,47.607543734681705,63.258094248896256,0.7913680061525576,52.67510920126747,5.598242897754559,-0.5701156920474232,-0.0034309699377782,0.2011358335506763,0.00892,False,False,2695.796763874348,1818.337356183422,1.0005381488967788,33.85159753713894,229.93119550212757,11.638925214713383,22.54067541241426,0.2535940335061697,62.170824585239,1.7938040977229202,-0.4968318115350719,-0.0008817481784893,-0.0315997004676175,0.00892,False,False,2750.568338833059,1718.745584723919,0.9979573421881291,32.44906770791322,229.34376568373096,-59.246468949395215,-85.79876966131064,1.0426200968244284,-124.13861403033884,7.372778634397716,0.3086130419915178,-0.0004825688955541,0.1700253789122783,0.00892,False,False
0.447,264.4490603798601,4.759874197063035,269.5793337692826,1.164570094656422,275.0566601099267,-5.924444291719438,10,126.0,0.001,1921.3424454085468,2644.501004846413,1.0057908183796402,53.51023354335606,231.13786315922127,25.728216898041456,74.87310089914436,0.7923632198744626,70.62912708272658,5.598179339305824,-0.5701156920474232,0.0066110525014754,0.1542693567311956,0.00894,False,False,2001.9572799348043,2562.3883922158234,1.0005304022523005,51.60297506992933,229.93115516656667,4.104918818017202,25.03443768038081,0.2540042435801648,79.9830345986843,1.7938414485056675,-0.4968318115350719,0.0031675305779347,-0.2170993497961119,0.00894,False,False,2084.824018202602,2484.5964421069693,0.9979449181569812,50.45301727047228,229.3437449223878,-29.83313571605872,-99.90753857952532,1.0418834508514396,-106.14084195520262,7.372764831347911,0.3086130419915178,-0.0078295081652037,0.1676221128158801,0.00894,False,False
0.448,192.13339298655967,2.57189202906669,200.1954973840843,0.4112066884468503,208.48228155302291,-2.983098717513569,10,144.0,0.001,1010.1076769156456,3108.7967881021004,1.0057809015835617,71.47176082492498,231.1377834612708,1.330354174972129,79.15849548144465,0.7913567257404039,88.22164666562931,5.598141320615602,-0.5701156920474232,-0.0034001222917744,-0.2543634725860419,0.00896,False,False,1112.1524711297488,3055.614841325721,1.0005216231376148,69.32925910143884,229.93113292429567,-3.8308465592089584,25.078048025634445,0.25407906551791,98.15238629246564,1.7938560116913378,-0.4968318115350719,0.0038951545007004,-0.0449313103697466,0.00896,False,False,1215.0026934898078,3007.2376074431504,0.9979701758177812,68.37965266703456,229.34373299490755,2.500492384236712,-104.23654350707928,1.042727081361856,-88.2808156435409,7.372757104525706,0.3086130419915178,0.0006177243157143,0.0274273321351267,0.00896,False,False
0.449,101.01045196831144,0.1321472730406304,111.21515106073582,-0.3824025834112982,121.50021436026744,0.2502553103708769,10,162.0,0.001,-0.0025100529528288,3268.7815699569724,1.0057864963126932,89.44634385899934,231.1377614334866,-23.197649797587506,75.69479440072514,0.7911043144928609,106.57794858774253,5.598139358527779,-0.5701156920474232,-0.0059214599559951,0.1007228180723329,0.00898,False,False,113.4826706347844,3249.736332346156,1.0005287753745038,87.47036367143953,229.9311260606646,-11.39168731195253,22.66723657560781,0.2534718004929954,116.2949648384062,1.7938424593423368,-0.4968318115350719,-0.0021583298326856,0.1004613814761056,0.00898,False,False,226.2485566875989,3235.509355847208,0.997965011610456,86.19148175277098,229.3437289438937,34.5893371095402,-98.3620309763331,1.0423974412911725,-69.81392669796996,7.37275775387559,0.3086130419915178,-0.0026795947105337,0.4940859324756524,0.00898,False,False
0.45,6.400886053857027e-13,-2.320524666643756,11.348314942141643,-1.1385861690143908,22.624871341020054,3.4591108356580658,10,180.0,0.001,-1010.1114432185448,3108.795236804061,,,231.1377614334866,-45.45466937536476,64.82109951803409,0.7916334401150542,124.38605528466698,5.598170196926225,-0.5701156920474232,-0.0006738158153866,-0.0922203436983267,0.009,False,False,-896.2953480777983,3125.7509799641925,1.000539302624896,105.62056533343348,229.93112598920803,-17.837613697772216,18.03795096292351,0.2542373258528129,134.01007201122533,1.7938062010314608,-0.4968318115350719,0.005548200760479,-0.1821469145649457,0.009,False,False,-784.6522393601414,3147.0668965814616,0.9979776595544876,104.23942940751868,229.34372880342465,63.292283073136886,-82.85905048095779,1.0424608527145554,-52.19603167563653,7.372765879646525,0.3086130419915178,-0.0020569720521643,0.1117813822061996,0.009,False,False
0.451,-101.01035116593084,-4.546023795652179,-89.62934771393319,-1.783335365194862,-78.46513913714374,6.329359160847154,10,198.0,0.001,-1921.342671713448,2644.498677138875,1.0057601606969804,125.5578692945391,231.1377394059247,-63.261901862175534,47.60189954062818,0.7911939689495301,142.31511080962937,5.598218050011801,-0.5701156920474232,-0.0051362019532497,-0.1638832390846056,0.00902,False,False,-1818.3374868265755,2695.795413939496,1.0004951380019913,123.31365151854656,229.9311215322537,-22.537753633099957,11.64326397593743,0.2532084290211244,152.37027663364856,1.793761320298317,-0.4968318115350719,-0.0046772966149044,0.179487393787968,0.00902,False,False,-1718.74568481676,2750.567633093884,0.9979972284325992,122.30215730949833,229.34372711391,85.79965549527569,-59.24516351656575,1.0428521531549575,-33.96301287480364,7.372777727292679,0.3086130419915178,0.0018392772499835,0.344659648320392,0.00902,False,False
0.452,-192.13300951148895,-6.326489695194212,-181.83344071432828,-2.2535476483280883,-171.8744228571191,8.580037343522367,10,216.0,0.001,-2644.4986771722824,1921.340754184456,1.0058002133124155,143.65958855986037,231.13765971013945,-74.87615667860506,25.7228610858556,0.7921744181967487,160.16033168050257,5.598260632286262,-0.5701156920474232,0.0046080700888753,-0.3190102969495273,0.00904,False,False,-2562.38787077131,2001.9567534302448,1.000527184251728,141.31252352536148,229.93110319050896,-25.032097045644488,4.109030869389022,0.2527426119327878,170.09356735283976,1.7937251980001778,-0.4968318115350719,-0.0092843828543388,-0.0966458031371851,0.00904,False,False,-2484.596220451949,2084.823712200008,0.9979830659718492,140.42963728661485,229.34371900747064,99.90825372424982,-29.83189195524468,1.0429984754247068,-16.49027463074085,7.372788122501036,0.3086130419915178,0.0032877989028341,-0.1826778892582767,0.00904,False,False
0.453,-264.44826866764595,-7.487628496092049,-256.23838840210925,-2.5032026077912506,-248.4594298498944,9.99083110388336,10,234.0,0.001,-3108.792134286497,1010.1094269908002,1.005740157361544,161.52523654515366,231.13750873340825,-79.16050026288954,1.3258110320427208,0.791841394044066,178.42689875693384,5.598277671196572,-0.5701156920474232,0.0012537319040007,-0.0525231286345455,0.00906,False,False,-3055.613718964517,1112.1528194195332,1.0005048887285286,159.98327578785813,229.9310667707496,-25.07651777542128,-3.827363800777475,0.253930427336282,-171.7629274666462,1.7937118740262066,-0.4968318115350719,0.0026126141252976,0.0469092401689965,0.00906,False,False,-3007.2370857384904,1215.0028171760198,0.997968115863521,158.34277854910707,229.34370206729676,104.2370180383112,2.501552768734814,1.0424761165369332,2.22126349840229,7.372792447836158,0.3086130419915178,-0.0019419069224948,0.528830203211187,0.00906,False,False
0.454,-310.877429519188,-7.915774903446293,-305.5609215544296,-2.5078660347637465,-300.7234886213459,10.423640938210037,10,252.0,0.001,-3268.7750455771666,0.0025099651508639,,,231.13730009016612,,,,,,-0.5701156920474232,-0.0013814648124468,0.1745704605889926,0.00908,True,False,-3249.7347190446767,113.48385945019665,1.0005531490912378,177.48457170790437,229.9310149862356,-22.666666661615835,-11.389174901239274,0.2540825401831427,-153.89399256017484,1.7937266827471587,-0.4968318115350719,0.0041127998998927,-0.0841036568190857,0.00908,False,False,-3235.508585161954,226.2490979538757,0.9979481213630256,176.49393481427796,229.34367725077632,98.36221854699708,34.59011040934834,1.0430743981502235,19.769245617568608,7.372788405894382,0.3086130419915178,0.0040466253792889,0.0767915685558511,0.00908,False,False
0.455,-326.8757104112767,-7.5690190313484145,-324.97301398415243,-2.2670813442942928,-323.5506323370365,9.836100375642747,10,270.0,0.001,-3108.787480533606,-1010.1036446941011,1.0057585968379277,-162.28890989824905,231.1370694214452,-64.82053549321665,-45.456375955875046,0.7912046800211942,-145.68021505817305,5.598206827489146,-0.5701156920474232,-0.0050132201928669,-0.1598362502343685,0.0091,False,False,-3125.7490337280856,-896.2934352665834,1.0005226557930904,-164.692046168306,229.93095641903065,-18.038397354599056,-17.836317762880483,0.2536474356479709,-135.73386731009916,1.7937642131295464,-0.4968318115350719,-0.0002913214275987,0.0766039360572634,0.0091,False,False,-3147.065952356397,-784.6513334980789,0.9979648319524332,-165.81859932841715,229.34364852379483,82.85893284781599,63.2926937187558,1.0424432096785257,37.6911602254582,7.372776895734438,0.3086130419915178,-0.0022489815133922,-0.0013452790531385,0.0091,False,False
0.456,-310.87711929243187,-6.481308828160929,-312.574482695604,-1.804414277721756,-314.7063849698013,8.28572310588264,10,288.0,0.001,-2644.490448227616,-1921.3328580901796,1.0057657010542769,-144.61080986435695,231.13686078105405,-47.600069150546375,-63.26186217743613,0.7908736989733527,-127.78523936219987,5.598137989230759,-0.5701156920474232,-0.0082256786726603,-0.2653746287321028,0.00912,False,False,-2695.7933253286706,-1818.3350373880469,1.000534903504676,-146.286121199262,229.930902241082,-11.644683163947072,-22.537801263536945,0.2531254480356483,-118.12896717624308,1.7938103742918312,-0.4968318115350719,-0.0055764792925823,-0.3170580405315688,0.00912,False,False,-2750.566607756788,-1718.7445030321232,0.9979690083383314,-147.4153838457621,229.34362134589463,59.24475231449354,85.79966344097338,1.0425830998374432,55.85807121690389,7.372761668259049,0.3086130419915178,-0.0008285450220002,0.1654553193823678,0.00912,False,False
0.457,-264.44774087836805,-4.7591265189945,-269.57899026574154,-1.1651465088821105,-275.056487005356,5.924273027876625,10,306.0,0.001,-1921.332858136644,-2644.487809097627,1.0057592713306245,-126.46151723409592,231.13670980851887,-25.719943440214948,-74.87437452426387,0.7913972390339676,-109.39474219479985,5.598074423838786,-0.5701156920474232,-0.0029003830270847,0.1242378825132542,0.00914,False,False,-2001.954726900762,-2562.385124559035,1.0005269577968932,-128.54410706014457,229.93086194682223,-4.1112841063546055,-25.033483828962503,0.2536599315571223,-99.64106826334496,1.7938477772906078,-0.4968318115350719,-0.000284539905986,0.1731329924049937,0.00914,False,False,-2084.8227061181283,-2484.59487842682,0.997979780266293,-129.77316660878267,229.34360058491387,29.83122754656945,99.90785835322669,1.0426687820969036,74.10806697547552,7.3727478926325745,0.3086130419915178,4.775925039210156e-05,0.4152760388841069,0.00914,False,False
0.458,-192.13243431946145,-2.5710644468560737,-200.19524231700245,-0.4118438823618099,-208.4821503466918,2.982908329217963,10,324.0,0.001,-1010.1026367165618,-3108.781275610776,1.005764456567855,-108.70808561591944,231.1366301161492,-1.3220916795595938,-79.1571500026461,0.7918321825834866,-91.80124134084132,5.598036407058539,-0.5701156920474232,0.0015028163143268,-0.283414023626399,0.00916,False,False,-1112.151053309205,-3055.6109448302263,1.0005081870670942,-110.29697157874338,229.9308397273302,3.8244969356068665,-25.079108204672544,0.2538028732864452,-81.72872654426601,1.7938623764828503,-0.4968318115350719,0.0011242310115735,0.0882935496554195,0.00916,False,False,-1215.0019288314247,-3007.2357148399724,0.9979364501586336,-111.76942588224318,229.34358865764224,-2.502405256047532,104.23625820731888,1.0424686666940426,91.69630149766807,7.372740181617805,0.3086130419915178,-0.0019424897565492,0.0032898661889482,0.00916,False,False
0.459,-101.0099479708108,-0.1313207934438527,-111.2150093771588,0.3817669752947216,-121.5001378954068,-0.2504461818507751,10,342.0,0.001,0.0025098764007225,-3268.7652592157065,1.005781102497166,-90.556081812362,231.136608089911,23.20509252625598,-75.69096139145685,0.7917867564635592,-73.2994195740575,5.598034456626323,-0.5701156920474232,0.0010513134427472,0.2171917795361519,0.00918,False,False,-113.48252656712238,-3249.732188517916,1.000503745152878,-92.62358234364068,229.93083287072983,11.385974939530309,-22.670207376129493,0.2534961727357604,-63.79550281988824,1.7938488339326817,-0.4968318115350719,-0.0019236224371552,0.0243341838161101,0.00918,False,False,-226.2484143033568,-3235.5073195830164,0.9979924464242614,-93.457700241696,229.34358460669944,-34.59106746578656,98.36116876758648,1.0431189105773988,109.67379922735805,7.372740830162224,0.3086130419915178,0.0045590318966982,-0.0194423277969303,0.00918,False,False
0.46,5.126348511638563e-12,2.3212691407047545,-11.34830048632679,1.1380143685263209,-22.62485710231757,-3.4592835092312475,10,0.0,0.001,1010.1064027543918,-3108.779724421852,1.0057726427551492,-72.7974884668827,231.13660808991105,45.460563737536056,-64.81515405921712,0.7909770916279648,-55.38304114276711,5.598065313594791,-0.5701156920474232,-0.0070889732564997,0.1325200953529439,0.0092,False,False,896.2942045527248,-3125.746994439153,1.000497200286684,-74.6806743134557,229.9308327993464,17.833097896302252,-18.04254192028968,0.2540802405975881,-45.85579846001266,1.7938125592219918,-0.4968318115350719,0.00396835636895,-0.0336744318011833,0.0092,False,False,784.6517455348866,-3147.064915980138,0.9979895436802528,-75.59475682972284,229.34358446623284,-63.29366163383872,82.85769597950684,1.042835257904415,127.50779515154082,7.372748939863358,0.3086130419915178,0.0017110363175287,-0.1856456109656282,0.0092,False,False
0.461,101.00984717567384,4.54661338456708,89.6292335532068,1.7828833593973532,78.46508975611324,-6.3294967439645,10,18.0,0.001,1921.3330844250363,-2644.485481553812,1.005765852904719,-54.055087311810624,231.1365860639021,63.26567078839413,-47.59442351691432,0.7915325796939661,-37.59811836317919,5.5981131866964216,-0.5701156920474232,-0.0016017953860848,-0.0832756959568208,0.00922,False,False,1818.3351678974896,-2695.791976776208,1.000525879098212,-56.46255269847124,229.9308283469593,22.534876690551584,-11.64902596947994,0.2537180835458046,-27.662965517506933,1.7937676459006378,-0.4968318115350719,0.0004103028793048,0.1605899808700362,0.00922,False,False,1718.7446031232191,-2750.565902029947,0.9979787557188528,-57.71868314298075,229.343582776748,-85.80054747894624,59.24344948639413,1.0427682526278208,145.89842549228356,7.37276076335515,0.3086130419915178,0.0010242626091416,0.2048444451074719,0.00922,False,False
0.462,192.13205087198213,6.326866677153837,181.8332091372002,2.253259707614496,171.8743146903526,-8.580126384768336,10,36.0,0.001,2644.4854815879867,-1921.3311670304763,1.0057809350810174,-36.34913102579804,231.13650637374812,74.8774311259681,-25.714586236282894,0.7921417100303786,-19.430187705895424,5.598155784420137,-0.5701156920474232,0.0044292656994345,0.0843069785310651,0.00924,False,False,2562.3846036489767,-2001.9542009352847,1.000517277495397,-38.611841002608905,229.93081002401303,25.0311408994636,-4.115400058661923,0.253635473983032,-10.083885885254334,1.793731491014798,-0.4968318115350719,-0.0003646620185212,-0.2597533958672235,0.00924,False,False,2484.5946567757155,-2084.8224001208764,0.9979667265772514,-39.61261006582008,229.34357467045163,-99.90857202543202,29.82998629494458,1.0433961963305998,163.4621567051864,7.372771136593593,0.3086130419915178,0.0072890296624376,-0.2315000036778103,0.00924,False,False
0.463,264.4469492230949,7.487755958159256,256.2380620987492,2.5031069499498813,248.4592734856872,-9.990862908109143,10,54.0,0.001,3108.776622124312,-1010.1043866675784,1.005756680324547,-18.50885103697057,231.1363554077088,79.15915535073735,-1.3175473287537227,0.7920795515035988,-1.552902866000578,5.598172829953392,-0.5701156920474232,0.0037835744073302,-0.0384880937991518,0.00926,False,False,3055.609823619436,-1112.1514012418456,1.0005258982868472,-20.361994210786488,229.93077364158768,25.0775763829623,3.8210108012986543,0.253413876160046,8.434209932455367,1.7937181506398232,-0.4968318115350719,-0.0025617741091644,0.2583924814862699,0.00926,False,False,3007.235193144531,-1215.0020525154328,0.9979744396895666,-21.630251081899974,229.34355773057743,-104.23673173369993,-2.503463472545267,1.042810144217602,-178.49075102747895,7.372775451579171,0.3086130419915178,0.0014224062213349,-0.1844377483528973,0.00926,False,False
0.464,310.87587843033566,7.915640355963043,305.5605324818847,2.50797205967476,300.7232993658711,-10.423612415637804,10,72.0,0.001,3268.758735298129,-0.0025097865954819,1.0057849431440848,-0.7716069834341174,231.13614677927512,75.69171913211012,23.20837914292111,0.7913683718139543,16.43916303488209,5.598153806218538,-0.5701156920474232,-0.003301318865278,-0.0464389522177203,0.00928,False,False,3249.7305768702936,-113.48371416397347,1.000511371131637,-2.5600092355660617,229.93072191016776,22.66963676739031,11.383460008142707,0.2536668829224047,26.078557403885533,1.7937329691489745,-0.4968318115350719,-5.266302219276807e-05,-0.0972079260376537,0.00928,False,False,3235.5065489114004,-226.2489555600655,0.9979849912813046,-3.523824615980453,229.34353291449685,-98.36135589950058,-34.59183915106422,1.041257305084706,-160.18637101278858,7.372771415906409,0.3086130419915178,-0.0141002778044722,0.1199215131062915,0.00928,False,False
0.465,326.87407951179034,7.568635631762029,324.9726002365528,2.267378710257802,323.5504287160257,-9.836014342019784,10,90.0,0.001,3108.7719687019617,1010.0986047822196,1.005760370695182,17.60530534843657,231.13591612696263,64.81458995515504,45.4622708342702,0.791299081225003,34.822603236819035,5.598101973197443,-0.5701156920474232,-0.0039209217933782,0.3368185881415397,0.0093,False,False,3125.7450501985327,896.2922937023466,1.0004967444567394,15.81774910958858,229.9306634030229,18.042988561589397,17.831800542254527,0.2527396973375984,44.48780886356205,1.7937705355094815,-0.4968318115350719,-0.0093776457267744,0.3126260702579446,0.0093,False,False,3147.0639717718154,784.6508396888506,0.997972259672066,14.30228595070404,229.3435041880259,-82.85757851674441,-63.29407137652514,1.0427875001209357,-142.32991770237567,7.372759927284735,0.3086130419915178,0.0012179199224092,-0.0236765750353658,0.0093,False,False
0.466,310.87556822614084,6.480714094353241,312.57408477436815,1.8048739101778912,314.7061869151133,-8.285588004531126,10,108.0,0.001,2644.477253227831,1921.3232714979004,1.0057752661371524,35.21216359732765,231.1357075014461,47.592592720572696,63.26563118002916,0.7914398003344384,52.33529700337465,5.598033123550532,-0.5701156920474232,-0.0024163625945987,-0.1510019201914502,0.00932,False,False,2695.7898903072078,1818.3327209702447,1.000537788023773,33.51763982043525,229.9306092806436,11.65044632666224,22.53492414176896,0.2546164325810678,62.25768531235533,1.7938167488427,-0.4968318115350719,0.0093243511853194,0.0839413101731956,0.00932,False,False,2750.564876711068,1718.7434213595243,0.997960096545088,32.044796717758246,229.34347701060972,-59.24303904723481,-85.80055532179851,1.0429885809178197,-124.34575174432268,7.372744729434621,0.3086130419915178,0.0032502208970002,-0.0396208377771899,0.00932,False,False
0.467,264.4464214721958,4.758378657936011,269.5786471149208,1.165723443135657,275.0563139039044,-5.924102101071619,10,126.0,0.001,1921.3232715453853,2644.4746142856666,1.0057559058073162,53.28899221206957,231.135556539698,25.711667897563263,74.87564860130895,0.7911636859280614,70.44058184312624,5.597969551337916,-0.5701156920474232,-0.0050876019730968,-0.0466020329551392,0.00934,False,False,2001.9521764843164,2562.381860252684,1.000513226997875,51.44595122250802,229.9305690277208,4.11765526954891,25.03252876051867,0.2542301180231601,80.26998760901785,1.7938542040325327,-0.4968318115350719,0.0054082359687997,0.0985375040711322,0.00934,False,False,2084.821394056909,2484.5933147744104,0.9979625739380868,50.864890322654006,229.3434562499995,-29.82932316711189,-99.90817736182794,1.0425342506710478,-106.13860152132696,7.37273098124788,0.3086130419915178,-0.0012736386985723,0.1673546485342635,0.00934,False,False
0.468,192.13147572177996,2.5702366578498226,200.1949875118923,0.4124816623685055,208.48201914274077,-2.9827183202181184,10,144.0,0.001,1010.0975968781944,3108.7657642216927,1.0057594438811153,71.3684230224578,231.13547685303516,1.313827064560534,79.15580431033479,0.7914028438799346,88.55586692848082,5.597931536546149,-0.5701156920474232,-0.002642261420277,0.0675299464517896,0.00936,False,False,1112.1496369432327,3055.6070523302083,1.0005141021681652,69.34304617400483,229.93054683102756,-3.8181413509620414,25.08016904091447,0.2531918402772529,97.97449591029756,1.7938688392644135,-0.4968318115350719,-0.0049952388336856,-0.1941328701643219,0.00936,False,False,1215.001164186685,3007.233822270396,0.997955824787216,68.30362992939953,229.34344432294125,2.5043142864021,-104.2359733512494,1.0433532974901285,-87.88996383300625,7.372723286048195,0.3086130419915178,0.0069277121479934,0.4157720397040622,0.00936,False,False
0.469,101.00944400987146,0.1304941035027731,111.21486783911544,-0.3811307724057019,121.50006143192358,0.250636668902841,10,162.0,0.001,-0.0025096958843846,3268.7489496346934,1.0057751619151043,89.77609506164359,231.13545482837773,-23.21253720193745,75.68712752506508,0.7906258764131012,106.49870777988323,5.597929597782913,-0.5701156920474232,-0.0104091942633484,0.0091545042464483,0.00938,False,False,113.48238264840948,3249.728048939164,1.0005234347746303,87.35758879089218,229.93053998146385,-11.38025710326306,22.67318064298705,0.2543225389910487,116.43095939142756,1.7938553066034788,-0.4968318115350719,0.0063308863769008,0.2651502790442001,0.00938,False,False,226.248271921764,3235.505283355016,0.9980025101127648,86.22389194648298,229.3434402720711,34.59279430520084,-98.3603081680522,1.042192601565915,-70.3900591456283,7.372723933783268,0.3086130419915178,-0.0046801631298635,-0.0845527747492096,0.00938,False,False
0.47,-1.6024311557877817e-12,-2.322013808082655,11.3482860453735,-1.1374420227927289,22.62484286388292,3.4594558308753265,10,180.0,0.001,-1010.1013626450062,3108.764213144334,1.005780173996155,107.47328010795512,231.13545482837773,-45.4664596839844,64.80920718440441,0.7912947634735075,124.72737570641476,5.597960473273473,-0.5701156920474232,-0.0037639881967821,0.2367720604368309,0.0094,False,False,-896.2930621991322,3125.7430130016546,,,229.93053991015373,-17.82857766266893,18.04713691101202,0.2531548589166847,134.50671650646527,1.793819015618117,-0.4968318115350719,-0.0052945911630485,0.343196907993502,0.0094,False,False,-784.6512517182849,3147.062935414055,0.997971237345209,104.36838993611352,229.34344013160705,63.295037346653686,-82.85634409541638,1.0439725236019466,-52.25542024593695,7.372732027400806,0.3086130419915178,0.013107611126759,0.049887283085275,0.0094,False,False
0.471,-101.00934322215502,-4.54720313089135,-89.62911950980362,-1.7824309112180572,-78.46504037599067,6.329634042109557,10,198.0,0.001,-1921.323497816912,2644.472286909252,1.0057825136594356,125.56162875146204,231.13543280395652,-63.26944078173626,47.58694565760494,0.7918423161121174,142.73951306343406,5.598008366309163,-0.5701156920474232,0.0016438072087025,0.2481906973342152,0.00942,False,False,-1818.332851345861,2695.788543138331,1.0005227432740416,123.68259418605312,229.9305354623376,-22.53199678082128,11.654793168039957,0.2537251565587722,152.02543981244355,1.7937740698325573,-0.4968318115350719,0.000471948197336,-0.1366465336000607,0.00942,False,False,-1718.743521448836,2750.5641709968413,0.9979586812635856,122.57262955791995,229.34343844215255,85.8014375625579,-59.24173882564472,1.0422067663708516,-34.26744089788296,7.372743826719949,0.3086130419915178,-0.0045666479413484,0.0377265966781898,0.00942,False,False
0.472,-192.1310923024825,-6.327243765272435,-181.8329777980836,-2.252971470631516,-171.87420652555167,8.580215235904022,10,216.0,0.001,-2644.472286944193,1921.321580559813,1.0057513311701698,143.1357798860485,231.13535311955965,-74.87870601967929,25.70630931162356,0.7918547666545501,160.6876013831582,5.598050979406323,-0.5701156920474232,0.0017080486130899,0.1959309808500176,0.00944,False,False,-2562.381339877542,2001.9516510583887,1.0005505625194258,141.41571036591205,229.93051715820624,-25.03018354083801,4.121775114761272,0.2534311061657769,170.14651858437182,1.7937378824464618,-0.4968318115350719,-0.0024173790404134,-0.0149898639087426,0.00944,False,False,-2484.59309312731,2084.821088065121,0.997957952102659,140.38159140003577,229.3434303360025,,,,,,0.3086130419915178,-0.0026744263538827,-0.0907407536907258,0.00944,True,False
0.473,-264.4456298751247,-7.487883464827843,-256.23773613083875,-2.5030111708826954,-248.4591171243448,9.99089463571054,10,234.0,0.001,-3108.761111071716,1010.0993467023096,1.0057816324267592,161.279349940066,231.13520216445056,-79.15781022139339,1.3092815141594007,0.7924351696185814,178.4376614503415,5.598068031530811,-0.5701156920474232,0.0074879629076857,-0.0540888681684926,0.00946,False,False,-3055.605932270828,1112.1499845184208,1.0005436122268887,159.7343136887974,229.93048081314708,-25.078635650711337,-3.8146518475880367,0.2533049557169291,-171.7433817355096,1.7937245256998586,-0.4968318115350719,-0.0036599942366965,0.0951600729306734,0.00946,False,False,-3007.23330058438,1215.0012878684397,0.9979480537016284,158.04247513303474,229.34341339643467,104.23644587210484,2.5053703334289694,1.043135025549614,1.7294309227206202,7.372758482601974,0.3086130419915178,0.0046952172991453,0.0344928882836965,0.00946,False,False
0.474,-310.8743274552622,-7.915505787250042,-305.5601438093901,-2.5080781501933744,-300.7231101138675,10.423583937443414,10,252.0,0.001,-3268.7424261896526,0.0025096040759109,1.0057664530473986,179.35753605758504,231.1349935511552,-75.68788552029544,-23.21582471873329,0.7909033843082081,-163.380840889524,5.598049004744553,-0.5701156920474232,-0.0078029822568726,0.1273920129653938,0.00948,False,False,-3249.7264389468373,113.48356902564244,1.0005475404427449,177.5200058143186,229.93042913486775,-22.672609340634025,-11.377739656125694,0.2539912773211955,-153.51322579611897,1.7937393539692166,-0.4968318115350719,0.0031822514663347,0.3253680574667092,0.00948,False,False,-3235.504512697348,226.24881316868883,0.9979562989082712,176.08962110492553,229.3433885808041,98.36049486092948,34.59356437485934,1.0428297577155206,19.51834125120606,7.372754453202843,0.3086130419915178,0.0016482373891119,-0.176617535867728,0.00948,False,False
0.475,-326.8724487321928,-7.568252147285776,-324.97218691445147,-2.267676322163566,-323.55022509875323,9.835928469449245,10,270.0,0.001,-3108.756457987261,-1010.093565237423,1.005758316651046,-162.6408951906282,231.13476291561545,-64.808643002075,-45.46816729378613,0.792067406828638,-145.48063867804288,5.597997161854464,-0.5701156920474232,0.0039105598657021,0.0274114684136766,0.0095,False,False,-3125.741070758252,-896.2911533112916,1.0005002938878889,-164.44773735187474,229.9303706878348,-18.04758380108737,-17.82727889202109,0.2536831858424223,-135.54949793330312,1.7937769562450792,-0.4968318115350719,4.815903010161123e-05,0.2896786486940814,0.0095,False,False,-3147.061991222852,-784.6503458886368,0.9979566892581064,-165.70575145393246,229.34335985485495,82.85622680316213,63.29544618580751,1.0427060691823982,37.568935995433286,7.372742986133959,0.3086130419915178,0.0004275689422257,-0.1260741332004087,0.0095,False,False
0.476,-310.87401727411304,-6.480119220388594,-312.57368726243016,-1.8053339447674617,-314.7059888640674,8.285453165156035,10,288.0,0.001,-2644.464059181546,-1921.3136856014085,1.0057641744014028,-144.64890804930755,231.1345543053029,-47.58511445828293,-63.26940124975536,0.7918378075362198,-127.76415429038856,5.5979283009477845,-0.5701156920474232,0.0017119509696633,-0.2566186184017148,0.00952,False,False,-2695.7864588130124,-1818.3304069320784,1.000509149040306,-146.5076200161134,229.93031662107305,-11.65621469164734,-22.532044052756,0.2537991183618994,-117.67442906942472,1.793823221687567,-0.4968318115350719,0.0011420550086375,0.1661872012452291,0.00952,False,False,-2750.563145696586,-1718.742339706554,0.997982175757813,-147.41645029903512,229.34333267793352,59.24132914992998,85.80144530251158,1.0431100364526624,55.80435684185312,7.372727817928121,0.3086130419915178,0.0044886927272796,0.1092366647740979,0.00952,False,False
0.477,-264.44510216343787,-4.757630615239909,-269.57830431713563,-1.1663008962957555,-275.0561408056499,5.923931511535512,10,306.0,0.001,-1921.3136856499127,-2644.461420431376,1.0057640010338893,-126.4138055976846,231.13440335458048,-25.70339028508521,-74.87692312787689,0.7925131667216359,-109.39076482228045,5.597864722037055,-0.5701156920474232,0.0085554569816595,0.1158856023466679,0.00954,False,False,-2001.9496286877345,-2562.3785992996754,1.0005366189467255,-128.3819670033567,229.93027640952292,-4.124032295192015,-25.03157247695393,0.2532584332371632,-99.81607501740372,1.7938607290433446,-0.4968318115350719,-0.0043178396499533,0.0268369220820589,0.00954,False,False,-2084.820082019464,-2484.5917511503635,0.997976496567326,-129.6808800753518,229.343311917702,29.827422580276725,99.9084956048309,1.041931286120558,73.64176437353805,7.372714097197489,0.3086130419915178,-0.0072794065504189,-0.0535302376173573,0.00954,False,False
0.478,-192.130517195014,-2.569408663547706,-200.19473296896547,-0.4131200272250069,-208.4818879412074,2.982528690772631,10,324.0,0.001,-1010.0925574085022,-3108.7502539593515,1.0057880023449095,-108.57223601310424,231.13432367375017,-1.3055603449823314,-79.15445840686058,0.7921567600469507,-91.50881223058845,5.597826709312201,-0.5701156920474232,0.0050451483458375,-0.0033152557291406,0.00956,False,False,-1112.14822203309,-3055.60316382913,1.0005324383909815,-110.67511492468772,229.9302542356481,3.811779817665056,-25.08123053233692,0.2541899648407392,-81.69119117698001,1.7938754003477893,-0.4968318115350719,0.0049767280280823,0.1545445670869391,0.00956,False,False,-1215.000399555889,-3007.231929735172,0.9979869467062066,-111.77440107740588,229.3432999908619,-2.506219472683372,104.23568893919736,1.0429821688070593,91.81274797538153,7.372706417820517,0.3086130419915178,0.0032402805936588,0.1172334650938374,0.00956,False,False
0.479,-101.00894008630698,-0.1296672047188485,-111.21472644674884,0.3804939759835802,-121.49998496986508,-0.2508267712648935,10,342.0,0.001,0.002509511405762,-3268.7326412396937,1.005740212193559,-90.73561322813278,231.13430165070827,23.21998381108504,-75.68329280842228,0.7923661615462292,-73.42959020369842,5.597824782231235,-0.5701156920474232,0.0071418886426624,0.0746901497469388,0.00958,False,False,-113.48223887877153,-3249.723913613584,1.0005077504399211,-92.287724650683,229.93024739312716,11.37453381431052,-22.676156370427016,0.2542716547391878,-63.756747737551656,1.793861877666381,-0.4968318115350719,0.0058127509720156,0.0918104273029324,0.00958,False,False,-226.24812954287464,-3235.5032471640147,0.9979689974183004,-93.29764731067104,229.34329594006587,-34.59451762539638,98.35944917884888,1.0420699370951954,109.83703515956056,7.372707064742372,0.3086130419915178,-0.0058829514106417,0.1412915695753397,0.00958,False,False
0.48,-1.9214510378921933e-12,2.3227586674225456,-11.348271619285358,1.1368691329300684,-22.62482862571254,-3.459627800352466,10,0.0,0.001,1010.096322898342,-3108.7487029960093,1.005757380795944,-72.71369761233247,231.13430165070827,45.47235720394927,-64.80325890431834,0.7909829208661356,-55.50042002467364,5.597855676195873,-0.5701156920474232,-0.0067342088220607,0.0028097054742376,0.0096,False,False,896.29192101803,-3125.73903565524,1.0005443721089733,-74.61101955574716,229.9302473218904,17.82405300570875,-18.051735926169837,0.2533200844184026,-45.79070629695029,1.7938255705314352,-0.4968318115350719,-0.0036516061931849,0.0601438672524316,0.0096,False,False,784.6507579105262,-3147.060954884003,0.9979839240467376,-75.54859822797968,229.34329579960445,-63.296410209658376,82.85499483048764,1.0438317280004838,127.9925127210623,7.372715142262542,0.3086130419915178,0.0117235343036684,0.2965706549576835,0.0096,False,False
0.481,101.00883930614371,4.547793033548242,89.62900558379825,1.781978021541039,78.46499099676862,-6.329771055089192,10,18.0,0.001,1921.3139119042005,-2644.4590932260426,1.0057830789119582,-54.390523105888526,231.13427962790945,63.2732118352813,-47.57946597622292,0.7911997350974634,-37.87539283763232,5.5979035890835664,-0.5701156920474232,-0.0046338255643705,-0.3728819755059407,0.00962,False,False,1818.330537173736,-2695.785113028927,1.00052750839156,-56.82578766507426,229.93024287864907,22.52911390955709,-11.660565560402535,0.2537934572566856,-27.76903921322174,1.7937805924056658,-0.4968318115350719,0.0011457308651184,0.0832459836946019,0.00962,False,False,1718.7424397940254,-2750.56243999526,0.9979650956437204,-57.81337847457251,229.34329411018095,-85.80232574483841,59.24003153662488,1.043290027350206,145.6559567082452,7.372726917390768,0.3086130419915178,0.0062898752548549,-0.0401251419526071,0.00962,False,False
0.482,192.13013380451136,6.327620958858161,181.83274669719165,2.25268293794382,171.87409836276677,-8.580303896802095,10,36.0,0.001,2644.459093261723,-1921.3119947876205,1.0057376754919267,-36.87530036980671,231.1341999493952,74.87998135733542,-25.698030326877195,0.7910712803219947,-19.423647319398995,5.597946217478334,-0.5701156920474232,-0.0059786589730822,0.0785154537517204,0.00964,False,False,2562.378079459892,-2001.949103801838,1.000520453744384,-38.561876739057695,229.93022459334856,25.029224971673973,-4.128156025275605,0.2538008107459563,-9.49371767316089,1.793744372606765,-0.4968318115350719,0.0012704882886572,0.3591463278955053,0.00964,False,False,2484.5915295073346,-2084.8197760332755,0.9979876962921184,-39.80224743613238,229.3432860041801,-99.90920632900934,29.826186352152213,1.0433470978368091,163.4050057900383,7.372737246642481,0.3086130419915178,0.0068459723530228,-0.2911514817280391,0.00964,False,False
0.483,264.4443106258024,7.488011015857264,256.23741049865055,2.502915270780288,248.4589607659112,-9.990926286637524,10,54.0,0.001,3108.745601153191,-1010.0943071029748,1.005766979807095,-18.600625271819208,231.13404900545436,79.15646487720703,-1.3010136032679105,0.7916335320490175,-1.6122146205410737,5.5979632761623215,-0.5701156920474232,-0.0003802663251039,-0.1101317674370414,0.00966,False,False,3055.602044922135,-1112.148569250539,1.0005328910513167,-20.42378629424013,229.93018828568765,25.079695576646127,3.808286952038732,0.2533709852085661,8.128321751709878,1.7937309995179205,-0.4968318115350719,-0.0030088546816298,-0.0187637932112036,0.00966,False,False,3007.231408058766,-1215.0005232353649,0.9979515678641948,-21.77176962895397,229.34326906492504,-104.23616045385288,-2.507273348771352,1.043458981744649,-178.26258809577496,7.372741540908247,0.3086130419915178,0.0079587384225334,0.0412246698115912,0.00966,False,False
0.484,310.87277659641114,7.915371197542241,305.5597555372848,2.5081843061173243,300.7229208654029,-10.42355550365955,10,72.0,0.001,3268.7261182774764,-0.0025094176202458,1.0057594746816332,-0.6217368104854821,231.1338404076265,75.68405105680895,23.223272221997817,0.7907068869654227,16.63764507061163,5.597944246358068,-0.5701156920474232,-0.0096198049537887,0.1397111249969203,0.00968,False,False,3249.7223052779677,-113.48342403536073,1.000523135401461,-2.294804651455287,229.9301366605945,22.675584375593964,11.372013856349843,0.254128059615595,26.320978989372414,1.7937458375194824,-0.4968318115350719,0.0045409052856119,0.1739454132910891,0.00968,False,False,3235.502476520584,-226.24867077983052,0.9979694732165936,-3.871050210252492,229.3432442497541,-98.35963543240248,-34.595286078348074,1.0432764225646332,-159.9331980041487,7.372737517787363,0.3086130419915178,0.0061388361744936,0.370594009399102,0.00968,False,False
0.485,326.8708180750593,7.567868578606794,324.9717740182161,2.2679741794360875,323.5500214853,-9.83584275804281,10,90.0,0.001,3108.740948413992,1010.0885260676388,1.005768166287664,17.61631800964619,231.1336097892237,64.80269464469865,45.47406532366187,0.7907869239735987,34.48808838333828,5.597892393693685,-0.5701156920474232,-0.0087461041308107,-0.0100284125137643,0.0097,False,False,3125.7370954107714,896.2900140943999,1.000505556417446,15.260954830583888,229.93007827372548,18.052183064171984,17.82275282101758,0.2538396036980521,44.19476408643269,1.793783475647866,-0.4968318115350719,0.0016031177585601,0.048313428530455,0.0097,False,False,3147.060010710284,784.6498520976002,0.997964528492652,14.211513629581615,229.3432155243381,-82.85487770887008,-63.2968181446797,1.0430637552527515,-142.1634696728894,7.372726072285769,0.3086130419915178,0.0040283494392634,0.1402710561437554,0.0097,False,False
0.486,310.8724664388032,6.47952420733964,312.57329016014785,1.8057943805978651,314.7057908167468,-8.285318587937502,10,108.0,0.001,2644.450866109601,1921.30410041581,1.005742450851584,35.618951668363,231.1334011944447,47.57763437719976,63.27317237969379,0.792190391345717,52.44174252953306,5.597823521655958,-0.5701156920474232,0.0053859693601918,-0.0568889395326365,0.00972,False,False,2695.783030849137,1818.3280952755708,1.000516257976797,33.544370405620974,229.9300242626292,11.661988247686288,22.529161002145948,0.2540273914040696,62.48985352042206,1.7938297931378366,-0.4968318115350719,0.0034154919962441,0.3448434447268991,0.00972,False,False,2750.561414714031,1718.7412580736063,0.9979498284879406,32.23854537869061,229.34318834792208,-59.23962262488543,-85.8023333818398,1.0427614891840675,-124.42850179356358,7.37271093374317,0.3086130419915178,0.0010270978846776,-0.1248709404924287,0.00972,False,False
0.487,264.443782954172,4.756882392258673,269.5779618726852,1.166878867240135,275.0559677106559,-5.923761259498615,10,126.0,0.001,1921.304100465383,2644.44822755556,1.005762610590368,53.726094047911175,231.13325025498648,25.695110617780685,74.87819810156435,0.7922596584920384,70.80004074716294,5.597759936169602,-0.5701156920474232,0.0061685642805811,0.3005237374099424,0.00974,False,False,2001.9470835132977,2562.375341702877,1.000523574950715,51.56288133851805,229.92998409248776,4.130415170870772,25.030614980173528,0.2534345980110087,80.17681831247653,1.793867352634312,-0.4968318115350719,-0.0025655590836765,0.0341056715598224,0.00974,False,False,2084.818770006329,2484.590187555269,0.9979299380151372,50.3631711698217,229.34316758807785,-29.825525788650715,-99.90881308173768,1.0434503807919238,-106.2644140258956,7.372697240485015,0.3086130419915178,0.0079353791546369,0.0390426959294231,0.00974,False,False
0.488,192.1295587406921,2.568580465450084,200.19447868846285,0.4137589756901171,208.4817567421577,-2.9823394411400943,10,144.0,0.001,1010.0875183154694,3108.734744848225,1.0057559432325207,71.4956472184001,231.13317058011452,1.2972915358337915,79.15311229457308,0.7909671791048195,88.24232497336068,5.597721925590017,-0.5701156920474232,-0.006702474514444,-0.258345827950134,0.00976,False,False,1112.1468085800598,3055.5992793304263,1.0005338544150302,69.63748258603329,229.9299619414511,-3.8054123481108793,25.08229267691581,0.2535133131488618,97.952663277448,1.793882060044109,-0.4968318115350719,-0.0017992071235481,-0.1872230850109008,0.00976,False,False,1214.9996349393657,3007.230037235028,0.9979863515241858,68.13645747538557,229.3431556614605,2.508120812277641,-104.23540497148852,1.0433726941565429,-88.02451894949353,7.372689576938391,0.3086130419915178,0.0071693506923963,0.2787182714992888,0.00976,False,False
0.489,101.00843620090428,0.1288400985926154,111.21458520017592,-0.3798565872685894,121.49990850925288,0.2510164886759312,10,162.0,0.001,-0.0025093229255617,3268.716334056455,1.0057420763025555,89.57100750764964,231.13314855872324,-23.227432340150187,75.67945724840118,0.7915335859075244,106.45268017088542,5.597720010204528,-0.5701156920474232,-0.0010356977232594,-0.0492075774647163,0.00978,False,False,113.48209525837576,3249.7197825448416,1.0005360043169798,87.00145467206126,229.9299551059792,-11.368805083836552,22.679134552693803,0.2538604085608917,116.57396844720478,1.793868547432417,-0.4968318115350719,0.0016908567154692,0.4369072526512695,0.00978,False,False,226.24798716678464,3235.5012110108078,0.9979794790415634,86.10833679252023,229.34315161074048,34.5962374239872,-98.35859180109443,1.0434309840500489,-69.89475246710656,7.372690223043151,0.3086130419915178,0.0077513358973455,0.4082560966120658,0.00978,False,False
0.49,-3.844906167540952e-12,-2.323503717369748,11.348257208065954,-1.1362957000550882,22.624814387802854,3.4597994174247857,10,180.0,0.001,-1010.091283522344,3108.733194001368,1.0057595200079408,107.45574729549068,231.13314855872324,-45.47825628666906,64.79730922968197,0.7917846849607347,124.93508729132762,5.597750922595155,-0.5701156920474232,0.0014315760867719,0.4321486686347038,0.0098,False,False,-896.2907810104184,3125.735062403438,1.0005376384804765,105.02480009563403,229.9299550348159,-17.81952393426127,18.05633895683919,0.2539556918086881,134.30684858622482,1.7938322242729094,-0.4968318115350719,0.0026950578982367,0.1720818724834018,0.0098,False,False,-784.6502641117909,3147.058974390758,0.9979597497234852,103.83156945166388,229.3431514702817,,,,,,0.3086130419915178,-0.0002557464087068,0.0334176101064653,0.0098,True,False
0.491,-101.008335428471,-4.548383091461998,-89.62889177532736,-1.7815246912508655,-78.46494161850244,6.329907782712837,10,198.0,0.001,-1921.3043267020437,2644.4459005250146,1.0057430483288583,125.28796671455916,231.1331265375817,-63.27698394210769,47.57198448629208,0.7913203406479482,142.82249294627317,5.597798855252736,-0.5701156920474232,-0.0032796540555248,0.3188353089837647,0.00982,False,False,-1818.3282253831724,2695.781686451038,1.0005308187860158,123.34322842189306,229.92995059615347,-22.52622808240936,11.666343135348594,0.2527566899253012,152.14947968126054,1.793787213930938,-0.4968318115350719,-0.0092313066995688,0.0161497785362079,0.00982,False,False,-1718.741358159216,2750.5607090258814,0.9979900501450288,122.5174438259556,229.34314978088997,85.80321202451694,-59.23832762164003,1.0424106294251505,-34.2733000739136,7.372710035371311,0.3086130419915178,-0.0024802292148273,0.0293708460986109,0.00982,False,False
0.492,-192.12917537958225,-6.327998257218884,-181.83251583472975,-2.2523941101168403,-171.87399020204074,8.580392367335707,10,216.0,0.001,-2644.445900561427,1921.3024097290256,1.0057410900579558,143.3232558346363,231.13304686507615,-74.88125713653308,25.68974929704453,0.7917951035708997,160.7080102299536,5.597841498869268,-0.5701156920474232,0.0014076679931415,0.2040044515658758,0.00984,False,False,-2562.374822398937,2001.946559167885,1.0005009298597063,141.55053892141063,229.92993232970036,-25.02826519387879,4.134542777788754,0.2540057827417672,170.31007737805982,1.7937509618066965,-0.4968318115350719,0.0033108897108587,0.1773271854742281,0.00984,False,False,-2484.5899659164224,2084.818464025847,0.9979900834372778,140.40759193217295,229.3431416750418,99.90952233041148,-29.824292074832737,1.0418292303154533,-16.55320802457618,7.372720342606221,0.3086130419915178,-0.0083087969431978,-0.2506124059663188,0.00984,False,False
0.493,-264.44299147723314,-7.488138611007431,-256.2370852024964,-2.5028192498335877,-248.45880441047177,9.990957860841023,10,234.0,0.001,-3108.7300923932507,1010.0892678775142,1.0057623147903856,161.23490018784065,231.13289593254223,-79.15511932052809,1.2927436110884654,0.7912451410476427,178.69231876376884,5.597858564081022,-0.5701156920474232,-0.0041160910933355,0.1882330616213779,0.00986,False,False,-3055.5981615768324,1112.1471554394388,1.0005244866904406,159.75349558362382,229.92989605947025,-25.08075615874417,-3.801916127048723,0.2536109112464655,-171.84870646359207,1.7937375724050282,-0.4968318115350719,-0.000618889768727,0.0185939953705856,0.00986,False,False,-3007.229515568461,1214.9997586164902,0.9979883580170692,158.16159418336434,229.3431247361064,104.23587547927173,2.5091725159606675,1.0434155870602062,1.7036547681419412,7.372724626501755,0.3086130419915178,0.0075487121611679,0.0062204488033163,0.00986,False,False
0.494,-310.8712258562345,-7.915236587074647,-305.5593676659165,-2.5082905272441383,-300.72273162055546,10.423527114318784,10,252.0,0.001,-3268.7098115873705,0.0025092272052376,1.005735501012911,179.6550169593302,231.13268735051128,-75.68021574852362,-23.23072163916622,0.7917906601460657,-163.37293004192648,5.5978395312921885,-0.5701156920474232,0.0013660163189944,0.1229674374706217,0.00988,False,False,-3249.718175867373,113.48327919323312,1.000523191769218,177.584398075366,229.92984448760905,-22.678561866515253,-11.366282619981297,0.2545204848779544,-153.80100266689675,1.7937524201107695,-0.4968318115350719,0.0084558487193317,0.0663496841955587,0.00988,False,False,-3235.500440381927,226.24852839352224,0.9979801395039054,176.38934796777997,229.3430999214046,98.35877761503824,34.59700425914774,1.042358316621928,19.471738023368022,7.37272060966372,0.3086130419915178,-0.0030183115547864,-0.2257170474074294,0.00988,False,False
0.495,-326.8691875429648,-7.567484926412454,-324.9713615482134,-2.2682722814995704,-323.5498178757474,9.835757207912057,10,270.0,0.001,-3108.725440006655,-1010.0834872808524,1.005778180554146,-162.62813715676634,231.13245674960945,-64.79674489374929,-45.4799649131359,0.7922357442933419,-145.24280926903785,5.597787668948198,-0.5701156920474232,0.005890202222004,0.2529052661685068,0.0099,False,False,-3125.733124159631,-896.2888760527117,1.000510824609791,-164.2321316020778,229.92978616095567,-18.05678634191924,-17.818222338085185,0.2530465900210613,-136.19469973363036,1.7937900940287843,-0.4968318115350719,-0.0063363788154033,-0.3267642766152372,0.0099,False,False,-3147.058030234899,-784.6493583159644,0.9979446315959164,-165.8387011931967,229.3430711965332,82.85353123566799,63.29818725122115,1.0433386452009938,37.71231974464796,7.372709185743889,0.3086130419915178,0.0068011300982311,0.0148134464535714,0.0099,False,False
0.496,-310.87091572265746,-6.47892905627864,-312.5728934678717,-1.806255216776611,-314.70559277322707,8.285184273055371,10,288.0,0.001,-2644.4376740328307,-1921.294515956271,1.0057349690337591,-145.04288801898903,231.13224817069352,-47.57015249084742,-63.27694456292341,0.7910276250913352,-127.51744444293357,5.597718785908131,-0.5701156920474232,-0.0060935744685829,-0.0222447788468745,0.00992,False,False,-2695.7796064186296,-1818.3257860028057,1.0005320866608804,-146.5379648371416,229.929732205573,-11.667766983559572,-22.52627499558954,0.2529649729345852,-117.9761571241202,1.793836463504359,-0.4968318115350719,-0.0072181260214027,-0.1067801953790447,0.00992,False,False,-2750.559683764086,-1718.7401764611388,0.9979768913164102,-147.91278589762237,229.3430440206336,59.2379194744066,85.80321955851286,1.041761645074108,55.92368031742007,7.372694076883512,0.3086130419915178,-0.0089475040153693,0.2260643158810573,0.00992,False,False
0.497,-264.442463846476,-4.756133990344576,-269.57761978186875,-1.1674573548462257,-275.05579461898606,5.923591345190797,10,306.0,0.001,-1921.2945160069085,-2644.435035679079,1.005759993839009,-126.9204489528736,231.1320972427373,-25.686828910650654,-74.87947351996822,0.7917002141264342,-109.164002387216,5.597655193968569,-0.5701156920474232,0.0007222484657941,0.3303114443733932,0.00994,False,False,-2001.944540963245,-2562.372087465209,1.0005333419872844,-128.42374596587226,229.9296920768754,-4.136803884167419,-25.029656272084225,0.2536618028827477,-100.02262660368451,1.7938740751161268,-0.4968318115350719,-0.0003030173912416,-0.1509504798224655,0.00994,False,False,-2084.8174580180007,-2484.588623989769,0.9979589653359162,-129.6224256309599,229.3430232611842,29.823632794817847,99.9091297920523,1.0432730501680745,73.66729460010838,7.372680411114158,0.3086130419915178,0.0061858732406535,-0.030495229624801,0.00994,False,False
0.498,-192.1286003603204,-2.5677520650573173,-200.1942246706028,-0.4143985065211922,-208.48162554563635,2.9821505715785457,10,324.0,0.001,-1010.0824796070316,-3108.719236912824,1.0057483315807416,-108.89301411703217,231.13201757394992,-1.2890206521248375,-79.15176597582256,0.7921753975671597,-91.4503520533978,5.597617185612546,-0.5701156920474232,0.0055278348056189,0.0428076468747134,0.00996,False,False,-1112.1453965853757,-3055.595398837565,1.0005294722269706,-110.54602368522288,229.92966994869693,3.799038954699406,-25.083355472627066,0.2541586151600622,-81.70093727876892,1.7938888186639292,-0.4968318115350719,0.004644254856643,0.1735675912050549,0.00996,False,False,-1214.9988703373947,-3007.228144770729,0.997992613226155,-111.79167182989907,229.34301133479465,-2.510018302574625,104.23512144844943,1.0421103330992605,91.29898181313727,7.372672763405503,0.3086130419915178,-0.0054304819541857,-0.3990271188467947,0.00996,False,False
0.499,-101.0079323544502,-0.1280127866252653,-111.21444409951351,0.3792186075012971,-121.49983205010868,-0.2512058208761316,10,342.0,0.001,0.0025091304960227,-3268.7000281107275,1.0057678349869406,-90.75967264106836,231.13199555424356,23.23488277558414,-75.67562085187521,0.7921954991350191,-73.68900134353284,5.597615281935651,-0.5701156920474232,0.0057315426898967,-0.1970589137441772,0.00998,False,False,-113.48195178729844,-3249.715655736608,1.0005179156575008,-92.69273716462772,229.9296631202797,11.36307092300985,-22.68211518403023,0.2528701945836742,-63.93563507224872,1.793875316212036,-0.4968318115350719,-0.0082208555566439,-0.0583022928482318,0.00998,False,False,-226.2478447934988,-3235.499174896202,0.9979734730995165,-93.91545403819867,229.34300728415184,-34.597953698593926,98.35773603590528,1.042674943296107,169.5491577496175,7.372673408689302,0.3086130419915178,0.0002147074451859,-0.1490794169290462,0.00998,False,True
